x t u
0 0 0
0.015625 0 0.0490677
0 0.015625 0
0.015625 0.015625 0.0494467
0.03125 0 0.0980171
0.03125 0.015625 0.0987743
0 0.03125 0
0.015625 0.03125 0.0498168
0.03125 0.03125 0.0995137
0.046875 0 0.14673
0.046875 0.015625 0.147864
0.0625 0 0.19509
0.0625 0.015625 0.196597
0.046875 0.03125 0.148971
0.0625 0.03125 0.198069
0 0.046875 0
0.015625 0.046875 0.0501782
0.03125 0.046875 0.100236
0 0.0625 0
0.015625 0.0625 0.0505309
0.03125 0.0625 0.10094
0.046875 0.046875 0.150051
0.0625 0.046875 0.199506
0.046875 0.0625 0.151106
0.0625 0.0625 0.200908
0.078125 0 0.24298
0.078125 0.015625 0.244857
0.09375 0 0.290285
0.09375 0.015625 0.292527
0.078125 0.03125 0.24669
0.09375 0.03125 0.294717
0.109375 0 0.33689
0.109375 0.015625 0.339492
0.125 0 0.382683
0.125 0.015625 0.38564
0.109375 0.03125 0.342034
0.125 0.03125 0.388526
0.078125 0.046875 0.24848
0.09375 0.046875 0.296855
0.078125 0.0625 0.250226
0.09375 0.0625 0.298941
0.109375 0.046875 0.344515
0.125 0.046875 0.391345
0.109375 0.0625 0.346936
0.125 0.0625 0.394095
0 0.078125 0
0.015625 0.078125 0.0508751
0.03125 0.078125 0.101628
0 0.09375 0
0.015625 0.09375 0.0512108
0.03125 0.09375 0.102298
0.046875 0.078125 0.152135
0.0625 0.078125 0.202277
0.046875 0.09375 0.153139
0.0625 0.09375 0.203611
0 0.109375 0
0.015625 0.109375 0.0515383
0.03125 0.109375 0.102952
0 0.125 0
0.015625 0.125 0.0518574
0.03125 0.125 0.10359
0.046875 0.109375 0.154118
0.0625 0.109375 0.204913
0.046875 0.125 0.155073
0.0625 0.125 0.206182
0.078125 0.078125 0.25193
0.09375 0.078125 0.300977
0.078125 0.09375 0.253593
0.09375 0.09375 0.302963
0.109375 0.078125 0.349299
0.125 0.078125 0.39678
0.109375 0.09375 0.351604
0.125 0.09375 0.399398
0.078125 0.109375 0.255214
0.09375 0.109375 0.304901
0.078125 0.125 0.256795
0.09375 0.125 0.306789
0.109375 0.109375 0.353852
0.125 0.109375 0.401952
0.109375 0.125 0.356044
0.125 0.125 0.404441
0.140625 0 0.427555
0.140625 0.015625 0.430858
0.15625 0 0.471397
0.15625 0.015625 0.475038
0.140625 0.03125 0.434083
0.15625 0.03125 0.478594
0.171875 0 0.514103
0.171875 0.015625 0.518074
0.1875 0 0.55557
0.1875 0.015625 0.559862
0.171875 0.03125 0.521952
0.1875 0.03125 0.564053
0.140625 0.046875 0.437232
0.15625 0.046875 0.482066
0.140625 0.0625 0.440305
0.15625 0.0625 0.485454
0.171875 0.046875 0.525739
0.1875 0.046875 0.568145
0.171875 0.0625 0.529434
0.1875 0.0625 0.572138
0.203125 0 0.595699
0.203125 0.015625 0.600301
0.21875 0 0.634393
0.21875 0.015625 0.639294
0.203125 0.03125 0.604795
0.21875 0.03125 0.644079
0.234375 0 0.671559
0.234375 0.015625 0.676747
0.25 0 0.707107
0.25 0.015625 0.712569
0.234375 0.03125 0.681812
0.25 0.03125 0.717903
0.203125 0.046875 0.609182
0.21875 0.046875 0.648752
0.203125 0.0625 0.613464
0.21875 0.0625 0.653311
0.234375 0.046875 0.686759
0.25 0.046875 0.723111
0.234375 0.0625 0.691585
0.25 0.0625 0.728193
0.140625 0.078125 0.443304
0.15625 0.078125 0.488761
0.140625 0.09375 0.446229
0.15625 0.09375 0.491986
0.171875 0.078125 0.53304
0.1875 0.078125 0.576035
0.171875 0.09375 0.536557
0.1875 0.09375 0.579836
0.140625 0.109375 0.449083
0.15625 0.109375 0.495132
0.140625 0.125 0.451864
0.15625 0.125 0.498198
0.171875 0.109375 0.539988
0.1875 0.109375 0.583543
0.171875 0.125 0.543332
0.1875 0.125 0.587157
0.203125 0.078125 0.617642
0.21875 0.078125 0.657761
0.203125 0.09375 0.621718
0.21875 0.09375 0.662102
0.234375 0.078125 0.696296
0.25 0.078125 0.733153
0.234375 0.09375 0.700891
0.25 0.09375 0.737991
0.203125 0.109375 0.625693
0.21875 0.109375 0.666335
0.203125 0.125 0.629568
0.21875 0.125 0.670462
0.234375 0.109375 0.705372
0.25 0.109375 0.74271
0.234375 0.125 0.709741
0.25 0.125 0.747309
0 0.140625 0
0.015625 0.140625 0.0521686
0.03125 0.140625 0.104211
0 0.15625 0
0.015625 0.15625 0.0524717
0.03125 0.15625 0.104817
0.046875 0.140625 0.156003
0.0625 0.140625 0.207419
0.046875 0.15625 0.15691
0.0625 0.15625 0.208624
0 0.171875 0
0.015625 0.171875 0.0527669
0.03125 0.171875 0.105407
0 0.1875 0
0.015625 0.1875 0.0530543
0.03125 0.1875 0.105981
0.046875 0.171875 0.157793
0.0625 0.171875 0.209798
0.046875 0.1875 0.158652
0.0625 0.1875 0.210941
0.078125 0.140625 0.258336
0.09375 0.140625 0.30863
0.078125 0.15625 0.259836
0.09375 0.15625 0.310423
0.109375 0.140625 0.35818
0.125 0.140625 0.406868
0.109375 0.15625 0.360261
0.125 0.15625 0.409231
0.078125 0.171875 0.261299
0.09375 0.171875 0.312169
0.078125 0.1875 0.262722
0.09375 0.1875 0.31387
0.109375 0.171875 0.362288
0.125 0.171875 0.411534
0.109375 0.1875 0.364262
0.125 0.1875 0.413776
0 0.203125 0
0.015625 0.203125 0.0533342
0.03125 0.203125 0.10654
0 0.21875 0
0.015625 0.21875 0.0536063
0.03125 0.21875 0.107084
0.046875 0.203125 0.159489
0.0625 0.203125 0.212054
0.046875 0.21875 0.160303
0.0625 0.21875 0.213136
0 0.234375 0
0.015625 0.234375 0.0538711
0.03125 0.234375 0.107612
0 0.25 0
0.015625 0.25 0.0541285
0.03125 0.25 0.108127
0.046875 0.234375 0.161095
0.0625 0.234375 0.214189
0.046875 0.25 0.161864
0.0625 0.25 0.215212
0.078125 0.203125 0.264108
0.09375 0.203125 0.315525
0.078125 0.21875 0.265455
0.09375 0.21875 0.317135
0.109375 0.203125 0.366183
0.125 0.203125 0.415958
0.109375 0.21875 0.368052
0.125 0.21875 0.418081
0.078125 0.234375 0.266767
0.09375 0.234375 0.318702
0.078125 0.25 0.268041
0.09375 0.25 0.320224
0.109375 0.234375 0.36987
0.125 0.234375 0.420146
0.109375 0.25 0.371636
0.125 0.25 0.422153
0.140625 0.140625 0.454575
0.15625 0.140625 0.501187
0.140625 0.15625 0.457216
0.15625 0.15625 0.504099
0.171875 0.140625 0.546592
0.1875 0.140625 0.59068
0.171875 0.15625 0.549768
0.1875 0.15625 0.594112
0.140625 0.171875 0.459789
0.15625 0.171875 0.506936
0.140625 0.1875 0.462293
0.15625 0.1875 0.509697
0.171875 0.171875 0.552861
0.1875 0.171875 0.597455
0.171875 0.1875 0.555873
0.1875 0.1875 0.600709
0.203125 0.140625 0.633345
0.21875 0.140625 0.674485
0.203125 0.15625 0.637025
0.21875 0.15625 0.678403
0.234375 0.140625 0.713999
0.25 0.140625 0.751793
0.234375 0.15625 0.718147
0.25 0.15625 0.756161
0.203125 0.171875 0.64061
0.21875 0.171875 0.682221
0.203125 0.1875 0.644099
0.21875 0.1875 0.685937
0.234375 0.171875 0.722188
0.25 0.171875 0.760416
0.234375 0.1875 0.726122
0.25 0.1875 0.764558
0.140625 0.203125 0.464732
0.15625 0.203125 0.512385
0.140625 0.21875 0.467103
0.15625 0.21875 0.515
0.171875 0.203125 0.558805
0.1875 0.203125 0.603878
0.171875 0.21875 0.561656
0.1875 0.21875 0.606959
0.140625 0.234375 0.46941
0.15625 0.234375 0.517544
0.140625 0.25 0.471653
0.15625 0.25 0.520016
0.171875 0.234375 0.564431
0.1875 0.234375 0.609958
0.171875 0.25 0.567127
0.1875 0.25 0.612871
0.203125 0.203125 0.647496
0.21875 0.203125 0.689555
0.203125 0.21875 0.6508
0.21875 0.21875 0.693073
0.234375 0.203125 0.729952
0.25 0.203125 0.768591
0.234375 0.21875 0.733677
0.25 0.21875 0.772513
0.203125 0.234375 0.654015
0.21875 0.234375 0.696497
0.203125 0.25 0.657139
0.21875 0.25 0.699824
0.234375 0.234375 0.737301
0.25 0.234375 0.776329
0.234375 0.25 0.740823
0.25 0.25 0.780037
0.265625 0 0.740951
0.265625 0.015625 0.746675
0.28125 0 0.77301
0.28125 0.015625 0.778982
0.265625 0.03125 0.752264
0.28125 0.03125 0.784813
0.296875 0 0.803208
0.296875 0.015625 0.809412
0.3125 0 0.83147
0.3125 0.015625 0.837893
0.296875 0.03125 0.815471
0.3125 0.03125 0.844165
0.265625 0.046875 0.757721
0.28125 0.046875 0.790506
0.265625 0.0625 0.763047
0.28125 0.0625 0.796062
0.296875 0.046875 0.821387
0.3125 0.046875 0.850288
0.296875 0.0625 0.82716
0.3125 0.0625 0.856265
0.328125 0 0.857729
0.328125 0.015625 0.864355
0.34375 0 0.881921
0.34375 0.015625 0.888734
0.328125 0.03125 0.870825
0.34375 0.03125 0.895387
0.359375 0 0.903989
0.359375 0.015625 0.910973
0.375 0 0.92388
0.375 0.015625 0.931017
0.359375 0.03125 0.917792
0.375 0.03125 0.937985
0.328125 0.046875 0.877142
0.34375 0.046875 0.901882
0.328125 0.0625 0.883307
0.34375 0.0625 0.908221
0.359375 0.046875 0.92445
0.375 0.046875 0.94479
0.359375 0.0625 0.930947
0.375 0.0625 0.95143
0.265625 0.078125 0.768244
0.28125 0.078125 0.801485
0.265625 0.09375 0.773314
0.28125 0.09375 0.806773
0.296875 0.078125 0.832794
0.3125 0.078125 0.862097
0.296875 0.09375 0.838289
0.3125 0.09375 0.867786
0.265625 0.109375 0.778258
0.28125 0.109375 0.811932
0.265625 0.125 0.783078
0.28125 0.125 0.81696
0.296875 0.109375 0.843649
0.3125 0.109375 0.873334
0.296875 0.125 0.848874
0.3125 0.125 0.878743
0.328125 0.078125 0.889323
0.34375 0.078125 0.914407
0.328125 0.09375 0.895192
0.34375 0.09375 0.920441
0.359375 0.078125 0.937288
0.375 0.078125 0.957911
0.359375 0.09375 0.943473
0.375 0.09375 0.964232
0.328125 0.109375 0.900916
0.34375 0.109375 0.926326
0.328125 0.125 0.906495
0.34375 0.125 0.932063
0.359375 0.109375 0.949505
0.375 0.109375 0.970397
0.359375 0.125 0.955386
0.375 0.125 0.976407
0.390625 0 0.941544
0.390625 0.015625 0.948818
0.40625 0 0.95694
0.40625 0.015625 0.964333
0.390625 0.03125 0.95592
0.40625 0.03125 0.971551
0.421875 0 0.970031
0.421875 0.015625 0.977525
0.4375 0 0.980785
0.4375 0.015625 0.988362
0.421875 0.03125 0.984842
0.4375 0.03125 0.99576
0.390625 0.046875 0.962854
0.40625 0.046875 0.978599
0.390625 0.0625 0.969622
0.40625 0.0625 0.985477
0.421875 0.046875 0.991986
0.4375 0.046875 1.00298
0.421875 0.0625 0.998958
0.4375 0.0625 1.01003
0.453125 0 0.989177
0.453125 0.015625 0.996818
0.46875 0 0.995185
0.46875 0.015625 1.00287
0.453125 0.03125 1.00428
0.46875 0.03125 1.01038
0.484375 0 0.998795
0.484375 0.015625 1.00651
0.5 0 1
0.5 0.015625 1.00773
0.484375 0.03125 1.01405
0.5 0.03125 1.01527
0.453125 0.046875 1.01156
0.46875 0.046875 1.01771
0.453125 0.0625 1.01867
0.46875 0.0625 1.02486
0.484375 0.046875 1.0214
0.5 0.046875 1.02263
0.484375 0.0625 1.02858
0.5 0.0625 1.02982
0.390625 0.078125 0.976226
0.40625 0.078125 0.99219
0.390625 0.09375 0.982668
0.40625 0.09375 0.998737
0.421875 0.078125 1.00576
0.4375 0.078125 1.01691
0.421875 0.09375 1.0124
0.4375 0.09375 1.02362
0.390625 0.109375 0.988951
0.40625 0.109375 1.00512
0.390625 0.125 0.995076
0.40625 0.125 1.01135
0.421875 0.109375 1.01887
0.4375 0.109375 1.03017
0.421875 0.125 1.02518
0.4375 0.125 1.03655
0.453125 0.078125 1.02561
0.46875 0.078125 1.03184
0.453125 0.09375 1.03238
0.46875 0.09375 1.03865
0.484375 0.078125 1.03559
0.5 0.078125 1.03684
0.484375 0.09375 1.04242
0.5 0.09375 1.04368
0.453125 0.109375 1.03898
0.46875 0.109375 1.04529
0.453125 0.125 1.04542
0.46875 0.125 1.05177
0.484375 0.109375 1.04909
0.5 0.109375 1.05035
0.484375 0.125 1.05558
0.5 0.125 1.05686
0.265625 0.140625 0.787776
0.28125 0.140625 0.821862
0.265625 0.15625 0.792353
0.28125 0.15625 0.826637
0.296875 0.140625 0.853967
0.3125 0.140625 0.884015
0.296875 0.15625 0.858929
0.3125 0.15625 0.889151
0.265625 0.171875 0.796812
0.28125 0.171875 0.831288
0.265625 0.1875 0.801152
0.28125 0.1875 0.835816
0.296875 0.171875 0.863762
0.3125 0.171875 0.894155
0.296875 0.1875 0.868467
0.3125 0.1875 0.899025
0.328125 0.140625 0.911934
0.34375 0.140625 0.937655
0.328125 0.15625 0.917232
0.34375 0.15625 0.943103
0.359375 0.140625 0.961118
0.375 0.140625 0.982265
0.359375 0.15625 0.966702
0.375 0.15625 0.987972
0.328125 0.171875 0.922393
0.34375 0.171875 0.94841
0.328125 0.1875 0.927418
0.34375 0.1875 0.953576
0.359375 0.171875 0.972142
0.375 0.171875 0.993532
0.359375 0.1875 0.977437
0.375 0.1875 0.998943
0.265625 0.203125 0.805378
0.28125 0.203125 0.840225
0.265625 0.21875 0.809488
0.28125 0.21875 0.844512
0.296875 0.203125 0.873047
0.3125 0.203125 0.903767
0.296875 0.21875 0.877503
0.3125 0.21875 0.908379
0.265625 0.234375 0.813486
0.28125 0.234375 0.848684
0.265625 0.25 0.817372
0.28125 0.25 0.852738
0.296875 0.234375 0.881837
0.3125 0.234375 0.912866
0.296875 0.25 0.886049
0.3125 0.25 0.917226
0.328125 0.203125 0.932309
0.34375 0.203125 0.958605
0.328125 0.21875 0.937067
0.34375 0.21875 0.963497
0.359375 0.203125 0.982592
0.375 0.203125 1.00421
0.359375 0.21875 0.987607
0.375 0.21875 1.00934
0.328125 0.234375 0.941696
0.34375 0.234375 0.968257
0.328125 0.25 0.946194
0.34375 0.25 0.972882
0.359375 0.234375 0.992485
0.375 0.234375 1.01432
0.359375 0.25 0.997226
0.375 0.25 1.01917
0.390625 0.140625 1.00105
0.40625 0.140625 1.01742
0.390625 0.15625 1.00686
0.40625 0.15625 1.02333
0.421875 0.140625 1.03133
0.4375 0.140625 1.04277
0.421875 0.15625 1.03733
0.4375 0.15625 1.04883
0.390625 0.171875 1.01253
0.40625 0.171875 1.02908
0.390625 0.1875 1.01804
0.40625 0.1875 1.03469
0.421875 0.171875 1.04316
0.4375 0.171875 1.05473
0.421875 0.1875 1.04884
0.4375 0.1875 1.06047
0.453125 0.140625 1.05169
0.46875 0.140625 1.05808
0.453125 0.15625 1.0578
0.46875 0.15625 1.06422
0.484375 0.140625 1.06192
0.5 0.140625 1.0632
0.484375 0.15625 1.06808
0.5 0.15625 1.06937
0.453125 0.171875 1.06375
0.46875 0.171875 1.07021
0.453125 0.1875 1.06955
0.46875 0.1875 1.07604
0.484375 0.171875 1.0741
0.5 0.171875 1.07539
0.484375 0.1875 1.07995
0.5 0.1875 1.08125
0.390625 0.203125 1.02341
0.40625 0.203125 1.04015
0.390625 0.21875 1.02864
0.40625 0.21875 1.04546
0.421875 0.203125 1.05438
0.4375 0.203125 1.06607
0.421875 0.21875 1.05976
0.4375 0.21875 1.07151
0.390625 0.234375 1.03372
0.40625 0.234375 1.05062
0.390625 0.25 1.03865
0.40625 0.25 1.05564
0.421875 0.234375 1.06499
0.4375 0.234375 1.0768
0.421875 0.25 1.07008
0.4375 0.25 1.08194
0.453125 0.203125 1.07519
0.46875 0.203125 1.08172
0.453125 0.21875 1.08067
0.46875 0.21875 1.08724
0.484375 0.203125 1.08564
0.5 0.203125 1.08695
0.484375 0.21875 1.09118
0.5 0.21875 1.0925
0.453125 0.234375 1.08601
0.46875 0.234375 1.09261
0.453125 0.25 1.0912
0.46875 0.25 1.09783
0.484375 0.234375 1.09657
0.5 0.234375 1.09789
0.484375 0.25 1.10181
0.5 0.25 1.10314
0 0.265625 0
0.015625 0.265625 0.0543786
0.03125 0.265625 0.108626
0 0.28125 0
0.015625 0.28125 0.0546215
0.03125 0.28125 0.109111
0.046875 0.265625 0.162612
0.0625 0.265625 0.216206
0.046875 0.28125 0.163338
0.0625 0.28125 0.217172
0 0.296875 0
0.015625 0.296875 0.0548574
0.03125 0.296875 0.109583
0 0.3125 0
0.015625 0.3125 0.0550862
0.03125 0.3125 0.11004
0.046875 0.296875 0.164044
0.0625 0.296875 0.21811
0.046875 0.3125 0.164728
0.0625 0.3125 0.21902
0.078125 0.265625 0.26928
0.09375 0.265625 0.321704
0.078125 0.28125 0.270482
0.09375 0.28125 0.323141
0.109375 0.265625 0.373354
0.125 0.265625 0.424104
0.109375 0.28125 0.375021
0.125 0.28125 0.425998
0.078125 0.296875 0.271651
0.09375 0.296875 0.324537
0.078125 0.3125 0.272784
0.09375 0.3125 0.32589
0.109375 0.296875 0.376641
0.125 0.296875 0.427838
0.109375 0.3125 0.378212
0.125 0.3125 0.429623
0 0.328125 0
0.015625 0.328125 0.0553083
0.03125 0.328125 0.110483
0 0.34375 0
0.015625 0.34375 0.0555234
0.03125 0.34375 0.110913
0.046875 0.328125 0.165392
0.0625 0.328125 0.219903
0.046875 0.34375 0.166035
0.0625 0.34375 0.220758
0 0.359375 0
0.015625 0.359375 0.055732
0.03125 0.359375 0.11133
0 0.375 0
0.015625 0.375 0.0559338
0.03125 0.375 0.111733
0.046875 0.359375 0.166659
0.0625 0.359375 0.221587
0.046875 0.375 0.167263
0.0625 0.375 0.22239
0.078125 0.328125 0.273883
0.09375 0.328125 0.327204
0.078125 0.34375 0.274948
0.09375 0.34375 0.328477
0.109375 0.328125 0.379737
0.125 0.328125 0.431354
0.109375 0.34375 0.381214
0.125 0.34375 0.433032
0.078125 0.359375 0.275981
0.09375 0.359375 0.329711
0.078125 0.375 0.276981
0.09375 0.375 0.330905
0.109375 0.359375 0.382646
0.125 0.359375 0.434659
0.109375 0.375 0.384031
0.125 0.375 0.436233
0.140625 0.265625 0.473832
0.15625 0.265625 0.522419
0.140625 0.28125 0.475949
0.15625 0.28125 0.524753
0.171875 0.265625 0.569748
0.1875 0.265625 0.615703
0.171875 0.28125 0.572292
0.1875 0.28125 0.618453
0.140625 0.296875 0.478004
0.15625 0.296875 0.527019
0.140625 0.3125 0.479998
0.15625 0.3125 0.529217
0.171875 0.296875 0.574764
0.1875 0.296875 0.621125
0.171875 0.3125 0.577161
0.1875 0.3125 0.623715
0.203125 0.265625 0.660176
0.21875 0.265625 0.703058
0.203125 0.28125 0.663125
0.21875 0.28125 0.706198
0.234375 0.265625 0.744246
0.25 0.265625 0.783642
0.234375 0.28125 0.747571
0.25 0.28125 0.787142
0.203125 0.296875 0.665989
0.21875 0.296875 0.709248
0.203125 0.3125 0.668766
0.21875 0.3125 0.712207
0.234375 0.296875 0.750799
0.25 0.296875 0.790542
0.234375 0.3125 0.753931
0.25 0.3125 0.793839
0.140625 0.328125 0.481933
0.15625 0.328125 0.531351
0.140625 0.34375 0.483807
0.15625 0.34375 0.533417
0.171875 0.328125 0.579488
0.1875 0.328125 0.626229
0.171875 0.34375 0.581742
0.1875 0.34375 0.628665
0.140625 0.359375 0.485625
0.15625 0.359375 0.535421
0.140625 0.375 0.487383
0.15625 0.375 0.53736
0.171875 0.359375 0.583927
0.1875 0.359375 0.631027
0.171875 0.375 0.586042
0.1875 0.375 0.633312
0.203125 0.328125 0.671462
0.21875 0.328125 0.715078
0.203125 0.34375 0.674074
0.21875 0.34375 0.717859
0.234375 0.328125 0.75697
0.25 0.328125 0.797039
0.234375 0.34375 0.759914
0.25 0.34375 0.800139
0.203125 0.359375 0.676606
0.21875 0.359375 0.720555
0.203125 0.375 0.679056
0.21875 0.375 0.723165
0.234375 0.359375 0.762769
0.25 0.359375 0.803145
0.234375 0.375 0.765531
0.25 0.375 0.806053
0 0.390625 0
0.015625 0.390625 0.0561292
0.03125 0.390625 0.112123
0 0.40625 0
0.015625 0.40625 0.0563181
0.03125 0.40625 0.1125
0.046875 0.390625 0.167847
0.0625 0.390625 0.223167
0.046875 0.40625 0.168412
0.0625 0.40625 0.223918
0 0.421875 0
0.015625 0.421875 0.0565008
0.03125 0.421875 0.112865
0 0.4375 0
0.015625 0.4375 0.056677
0.03125 0.4375 0.113218
0.046875 0.421875 0.168958
0.0625 0.421875 0.224644
0.046875 0.4375 0.169485
0.0625 0.4375 0.225345
0.078125 0.390625 0.277949
0.09375 0.390625 0.332061
0.078125 0.40625 0.278884
0.09375 0.40625 0.333178
0.109375 0.390625 0.385373
0.125 0.390625 0.437757
0.109375 0.40625 0.38667
0.125 0.40625 0.43923
0.078125 0.421875 0.279788
0.09375 0.421875 0.334259
0.078125 0.4375 0.280661
0.09375 0.4375 0.335302
0.109375 0.421875 0.387924
0.125 0.421875 0.440655
0.109375 0.4375 0.389134
0.125 0.4375 0.442029
0 0.453125 0
0.015625 0.453125 0.0568473
0.03125 0.453125 0.113558
0 0.46875 0
0.015625 0.46875 0.0570113
0.03125 0.46875 0.113885
0.046875 0.453125 0.169994
0.0625 0.453125 0.226022
0.046875 0.46875 0.170485
0.0625 0.46875 0.226674
0 0.484375 0
0.015625 0.484375 0.0571695
0.03125 0.484375 0.114201
0 0.5 0
0.015625 0.5 0.0573216
0.03125 0.5 0.114505
0.046875 0.484375 0.170958
0.0625 0.484375 0.227303
0.046875 0.5 0.171413
0.0625 0.5 0.227907
0.078125 0.453125 0.281504
0.09375 0.453125 0.336309
0.078125 0.46875 0.282317
0.09375 0.46875 0.337279
0.109375 0.453125 0.390303
0.125 0.453125 0.443357
0.109375 0.46875 0.391429
0.125 0.46875 0.444636
0.078125 0.484375 0.2831
0.09375 0.484375 0.338215
0.078125 0.5 0.283853
0.09375 0.5 0.339115
0.109375 0.484375 0.392516
0.125 0.484375 0.44587
0.109375 0.5 0.39356
0.125 0.5 0.447056
0.140625 0.390625 0.489086
0.15625 0.390625 0.539238
0.140625 0.40625 0.490732
0.15625 0.40625 0.541052
0.171875 0.390625 0.58809
0.1875 0.390625 0.635525
0.171875 0.40625 0.590068
0.1875 0.40625 0.637663
0.140625 0.421875 0.492324
0.15625 0.421875 0.542807
0.140625 0.4375 0.49386
0.15625 0.4375 0.5445
0.171875 0.421875 0.591982
0.1875 0.421875 0.639732
0.171875 0.4375 0.593829
0.1875 0.4375 0.641727
0.203125 0.390625 0.681429
0.21875 0.390625 0.725692
0.203125 0.40625 0.683722
0.21875 0.40625 0.728133
0.234375 0.390625 0.768206
0.25 0.390625 0.80887
0.234375 0.40625 0.770791
0.25 0.40625 0.811591
0.203125 0.421875 0.68594
0.21875 0.421875 0.730495
0.203125 0.4375 0.68808
0.21875 0.4375 0.732774
0.234375 0.421875 0.773291
0.25 0.421875 0.814224
0.234375 0.4375 0.775703
0.25 0.4375 0.816764
0.140625 0.453125 0.495343
0.15625 0.453125 0.546136
0.140625 0.46875 0.496772
0.15625 0.46875 0.547712
0.171875 0.453125 0.595613
0.1875 0.453125 0.643655
0.171875 0.46875 0.597331
0.1875 0.46875 0.645512
0.140625 0.484375 0.498151
0.15625 0.484375 0.549232
0.140625 0.5 0.499476
0.15625 0.5 0.550693
0.171875 0.484375 0.598989
0.1875 0.484375 0.647303
0.171875 0.5 0.600582
0.1875 0.5 0.649025
0.203125 0.453125 0.690147
0.21875 0.453125 0.734976
0.203125 0.46875 0.692138
0.21875 0.46875 0.737096
0.234375 0.453125 0.778034
0.25 0.453125 0.819218
0.234375 0.46875 0.780278
0.25 0.46875 0.821581
0.203125 0.484375 0.694058
0.21875 0.484375 0.739141
0.203125 0.5 0.695905
0.21875 0.5 0.741108
0.234375 0.484375 0.782444
0.25 0.484375 0.823861
0.234375 0.5 0.784525
0.25 0.5 0.826053
0.265625 0.265625 0.821149
0.28125 0.265625 0.856679
0.265625 0.28125 0.824817
0.28125 0.28125 0.860505
0.296875 0.265625 0.890144
0.3125 0.265625 0.921465
0.296875 0.28125 0.89412
0.3125 0.28125 0.925581
0.265625 0.296875 0.828379
0.28125 0.296875 0.864222
0.265625 0.3125 0.831835
0.28125 0.3125 0.867826
0.296875 0.296875 0.897982
0.3125 0.296875 0.929579
0.296875 0.3125 0.901727
0.3125 0.3125 0.933456
0.328125 0.265625 0.950567
0.34375 0.265625 0.977378
0.328125 0.28125 0.954812
0.34375 0.28125 0.981743
0.359375 0.265625 1.00183
0.375 0.265625 1.02388
0.359375 0.28125 1.00631
0.375 0.28125 1.02845
0.328125 0.296875 0.958936
0.34375 0.296875 0.985983
0.328125 0.3125 0.962936
0.34375 0.3125 0.990096
0.359375 0.296875 1.01066
0.375 0.296875 1.03289
0.359375 0.3125 1.01487
0.375 0.3125 1.0372
0.265625 0.328125 0.835188
0.28125 0.328125 0.871324
0.265625 0.34375 0.838436
0.28125 0.34375 0.874714
0.296875 0.328125 0.905362
0.3125 0.328125 0.937219
0.296875 0.34375 0.908884
0.3125 0.34375 0.940864
0.265625 0.359375 0.841586
0.28125 0.359375 0.877999
0.265625 0.375 0.844633
0.28125 0.375 0.881179
0.296875 0.359375 0.912298
0.3125 0.359375 0.944398
0.296875 0.375 0.915601
0.3125 0.375 0.947818
0.328125 0.328125 0.966817
0.34375 0.328125 0.994087
0.328125 0.34375 0.970578
0.34375 0.34375 0.997954
0.359375 0.328125 1.01896
0.375 0.328125 1.04138
0.359375 0.34375 1.02292
0.375 0.34375 1.04543
0.328125 0.359375 0.974224
0.34375 0.359375 1.0017
0.328125 0.375 0.977752
0.34375 0.375 1.00533
0.359375 0.359375 1.02677
0.375 0.359375 1.04936
0.359375 0.375 1.03049
0.375 0.375 1.05316
0.390625 0.265625 1.04345
0.40625 0.265625 1.06052
0.390625 0.28125 1.04811
0.40625 0.28125 1.06525
0.421875 0.265625 1.07502
0.4375 0.265625 1.08694
0.421875 0.28125 1.07983
0.4375 0.28125 1.0918
0.390625 0.296875 1.05264
0.40625 0.296875 1.06985
0.390625 0.3125 1.05703
0.40625 0.3125 1.07432
0.421875 0.296875 1.08449
0.4375 0.296875 1.09651
0.421875 0.3125 1.08901
0.4375 0.3125 1.10109
0.453125 0.265625 1.09624
0.46875 0.265625 1.1029
0.453125 0.28125 1.10114
0.46875 0.28125 1.10783
0.484375 0.265625 1.1069
0.5 0.265625 1.10824
0.484375 0.28125 1.11185
0.5 0.28125 1.11319
0.453125 0.296875 1.10589
0.46875 0.296875 1.11261
0.453125 0.3125 1.11051
0.46875 0.3125 1.11725
0.484375 0.296875 1.11665
0.5 0.296875 1.11799
0.484375 0.3125 1.12131
0.5 0.3125 1.12266
0.390625 0.328125 1.06129
0.40625 0.328125 1.07865
0.390625 0.34375 1.06542
0.40625 0.34375 1.08284
0.421875 0.328125 1.0934
0.4375 0.328125 1.10552
0.421875 0.34375 1.09766
0.4375 0.34375 1.10982
0.390625 0.359375 1.06942
0.40625 0.359375 1.08691
0.390625 0.375 1.0733
0.40625 0.375 1.09085
0.421875 0.359375 1.10178
0.4375 0.359375 1.11399
0.421875 0.375 1.10577
0.4375 0.375 1.11803
0.453125 0.328125 1.11498
0.46875 0.328125 1.12176
0.453125 0.34375 1.11932
0.46875 0.34375 1.12612
0.484375 0.328125 1.12583
0.5 0.328125 1.12718
0.484375 0.34375 1.1302
0.5 0.34375 1.13157
0.453125 0.359375 1.12352
0.46875 0.359375 1.13035
0.453125 0.375 1.12759
0.46875 0.375 1.13444
0.484375 0.359375 1.13445
0.5 0.359375 1.13582
0.484375 0.375 1.13856
0.5 0.375 1.13993
0.265625 0.390625 0.847585
0.28125 0.390625 0.884258
0.265625 0.40625 0.850437
0.28125 0.40625 0.887233
0.296875 0.390625 0.918801
0.3125 0.390625 0.95113
0.296875 0.40625 0.921892
0.3125 0.40625 0.95433
0.265625 0.421875 0.853195
0.28125 0.421875 0.890111
0.265625 0.4375 0.855857
0.28125 0.4375 0.892888
0.296875 0.421875 0.924883
0.3125 0.421875 0.957426
0.296875 0.4375 0.927768
0.3125 0.4375 0.960413
0.328125 0.390625 0.981168
0.34375 0.390625 1.00884
0.328125 0.40625 0.984469
0.34375 0.40625 1.01224
0.359375 0.390625 1.03409
0.375 0.390625 1.05684
0.359375 0.40625 1.03757
0.375 0.40625 1.0604
0.328125 0.421875 0.987663
0.34375 0.421875 1.01552
0.328125 0.4375 0.990744
0.34375 0.4375 1.01869
0.359375 0.421875 1.04093
0.375 0.421875 1.06383
0.359375 0.4375 1.04418
0.375 0.4375 1.06715
0.265625 0.453125 0.858428
0.28125 0.453125 0.89557
0.265625 0.46875 0.860905
0.28125 0.46875 0.898154
0.296875 0.453125 0.930555
0.3125 0.453125 0.963298
0.296875 0.46875 0.93324
0.3125 0.46875 0.966077
0.265625 0.484375 0.863294
0.28125 0.484375 0.900646
0.265625 0.5 0.86559
0.28125 0.5 0.903042
0.296875 0.484375 0.93583
0.3125 0.484375 0.968758
0.296875 0.5 0.938319
0.3125 0.5 0.971335
0.328125 0.453125 0.993721
0.34375 0.453125 1.02175
0.328125 0.46875 0.996587
0.34375 0.46875 1.0247
0.359375 0.453125 1.04732
0.375 0.453125 1.07036
0.359375 0.46875 1.05034
0.375 0.46875 1.07345
0.328125 0.484375 0.999353
0.34375 0.484375 1.02754
0.328125 0.5 1.00201
0.34375 0.5 1.03027
0.359375 0.484375 1.05325
0.375 0.484375 1.07643
0.359375 0.5 1.05605
0.375 0.5 1.07929
0.390625 0.390625 1.07705
0.40625 0.390625 1.09466
0.390625 0.40625 1.08067
0.40625 0.40625 1.09834
0.421875 0.390625 1.10963
0.4375 0.390625 1.12193
0.421875 0.40625 1.11337
0.4375 0.40625 1.12571
0.390625 0.421875 1.08418
0.40625 0.421875 1.1019
0.390625 0.4375 1.08756
0.40625 0.4375 1.10534
0.421875 0.421875 1.11698
0.4375 0.421875 1.12936
0.421875 0.4375 1.12046
0.4375 0.4375 1.13288
0.453125 0.390625 1.13153
0.46875 0.390625 1.13841
0.453125 0.40625 1.13534
0.46875 0.40625 1.14224
0.484375 0.390625 1.14254
0.5 0.390625 1.14391
0.484375 0.40625 1.14638
0.5 0.40625 1.14776
0.453125 0.421875 1.13902
0.46875 0.421875 1.14594
0.453125 0.4375 1.14258
0.46875 0.4375 1.14952
0.484375 0.421875 1.1501
0.5 0.421875 1.15149
0.484375 0.4375 1.15369
0.5 0.4375 1.15508
0.390625 0.453125 1.09082
0.40625 0.453125 1.10866
0.390625 0.46875 1.09397
0.40625 0.46875 1.11186
0.421875 0.453125 1.12383
0.4375 0.453125 1.13629
0.421875 0.46875 1.12707
0.4375 0.46875 1.13957
0.390625 0.484375 1.09701
0.40625 0.484375 1.11495
0.390625 0.5 1.09993
0.40625 0.5 1.11791
0.421875 0.484375 1.1302
0.4375 0.484375 1.14273
0.421875 0.5 1.1332
0.4375 0.5 1.14577
0.453125 0.453125 1.14601
0.46875 0.453125 1.15297
0.453125 0.46875 1.14932
0.46875 0.46875 1.1563
0.484375 0.453125 1.15715
0.5 0.453125 1.15855
0.484375 0.46875 1.16049
0.5 0.46875 1.16189
0.453125 0.484375 1.1525
0.46875 0.484375 1.15951
0.453125 0.5 1.15557
0.46875 0.5 1.16259
0.484375 0.484375 1.16371
0.5 0.484375 1.16512
0.484375 0.5 1.16681
0.5 0.5 1.16821
0.515625 0 0.998795
0.515625 0.015625 1.00651
0.53125 0 0.995185
0.53125 0.015625 1.00287
0.515625 0.03125 1.01405
0.53125 0.03125 1.01038
0.546875 0 0.989177
0.546875 0.015625 0.996818
0.5625 0 0.980785
0.5625 0.015625 0.988362
0.546875 0.03125 1.00428
0.5625 0.03125 0.99576
0.515625 0.046875 1.0214
0.53125 0.046875 1.01771
0.515625 0.0625 1.02858
0.53125 0.0625 1.02486
0.546875 0.046875 1.01156
0.5625 0.046875 1.00298
0.546875 0.0625 1.01867
0.5625 0.0625 1.01003
0.578125 0 0.970031
0.578125 0.015625 0.977525
0.59375 0 0.95694
0.59375 0.015625 0.964333
0.578125 0.03125 0.984842
0.59375 0.03125 0.971551
0.609375 0 0.941544
0.609375 0.015625 0.948818
0.625 0 0.92388
0.625 0.015625 0.931017
0.609375 0.03125 0.95592
0.625 0.03125 0.937985
0.578125 0.046875 0.991986
0.59375 0.046875 0.978599
0.578125 0.0625 0.998958
0.59375 0.0625 0.985477
0.609375 0.046875 0.962854
0.625 0.046875 0.94479
0.609375 0.0625 0.969622
0.625 0.0625 0.95143
0.515625 0.078125 1.03559
0.53125 0.078125 1.03184
0.515625 0.09375 1.04242
0.53125 0.09375 1.03865
0.546875 0.078125 1.02561
0.5625 0.078125 1.01691
0.546875 0.09375 1.03238
0.5625 0.09375 1.02362
0.515625 0.109375 1.04909
0.53125 0.109375 1.04529
0.515625 0.125 1.05558
0.53125 0.125 1.05177
0.546875 0.109375 1.03898
0.5625 0.109375 1.03017
0.546875 0.125 1.04542
0.5625 0.125 1.03655
0.578125 0.078125 1.00576
0.59375 0.078125 0.99219
0.578125 0.09375 1.0124
0.59375 0.09375 0.998737
0.609375 0.078125 0.976226
0.625 0.078125 0.957911
0.609375 0.09375 0.982668
0.625 0.09375 0.964232
0.578125 0.109375 1.01887
0.59375 0.109375 1.00512
0.578125 0.125 1.02518
0.59375 0.125 1.01135
0.609375 0.109375 0.988951
0.625 0.109375 0.970397
0.609375 0.125 0.995076
0.625 0.125 0.976407
0.640625 0 0.903989
0.640625 0.015625 0.910973
0.65625 0 0.881921
0.65625 0.015625 0.888734
0.640625 0.03125 0.917792
0.65625 0.03125 0.895387
0.671875 0 0.857729
0.671875 0.015625 0.864355
0.6875 0 0.83147
0.6875 0.015625 0.837893
0.671875 0.03125 0.870825
0.6875 0.03125 0.844165
0.640625 0.046875 0.92445
0.65625 0.046875 0.901882
0.640625 0.0625 0.930947
0.65625 0.0625 0.908221
0.671875 0.046875 0.877142
0.6875 0.046875 0.850288
0.671875 0.0625 0.883307
0.6875 0.0625 0.856265
0.703125 0 0.803208
0.703125 0.015625 0.809412
0.71875 0 0.77301
0.71875 0.015625 0.778982
0.703125 0.03125 0.815471
0.71875 0.03125 0.784813
0.734375 0 0.740951
0.734375 0.015625 0.746675
0.75 0 0.707107
0.75 0.015625 0.712569
0.734375 0.03125 0.752264
0.75 0.03125 0.717903
0.703125 0.046875 0.821387
0.71875 0.046875 0.790506
0.703125 0.0625 0.82716
0.71875 0.0625 0.796062
0.734375 0.046875 0.757721
0.75 0.046875 0.723111
0.734375 0.0625 0.763047
0.75 0.0625 0.728193
0.640625 0.078125 0.937288
0.65625 0.078125 0.914407
0.640625 0.09375 0.943473
0.65625 0.09375 0.920441
0.671875 0.078125 0.889323
0.6875 0.078125 0.862097
0.671875 0.09375 0.895192
0.6875 0.09375 0.867786
0.640625 0.109375 0.949505
0.65625 0.109375 0.926326
0.640625 0.125 0.955386
0.65625 0.125 0.932063
0.671875 0.109375 0.900916
0.6875 0.109375 0.873334
0.671875 0.125 0.906495
0.6875 0.125 0.878743
0.703125 0.078125 0.832794
0.71875 0.078125 0.801485
0.703125 0.09375 0.838289
0.71875 0.09375 0.806773
0.734375 0.078125 0.768244
0.75 0.078125 0.733153
0.734375 0.09375 0.773314
0.75 0.09375 0.737991
0.703125 0.109375 0.843649
0.71875 0.109375 0.811932
0.703125 0.125 0.848874
0.71875 0.125 0.81696
0.734375 0.109375 0.778258
0.75 0.109375 0.74271
0.734375 0.125 0.783078
0.75 0.125 0.747309
0.515625 0.140625 1.06192
0.53125 0.140625 1.05808
0.515625 0.15625 1.06808
0.53125 0.15625 1.06422
0.546875 0.140625 1.05169
0.5625 0.140625 1.04277
0.546875 0.15625 1.0578
0.5625 0.15625 1.04883
0.515625 0.171875 1.0741
0.53125 0.171875 1.07021
0.515625 0.1875 1.07995
0.53125 0.1875 1.07604
0.546875 0.171875 1.06375
0.5625 0.171875 1.05473
0.546875 0.1875 1.06955
0.5625 0.1875 1.06047
0.578125 0.140625 1.03133
0.59375 0.140625 1.01742
0.578125 0.15625 1.03733
0.59375 0.15625 1.02333
0.609375 0.140625 1.00105
0.625 0.140625 0.982265
0.609375 0.15625 1.00686
0.625 0.15625 0.987972
0.578125 0.171875 1.04316
0.59375 0.171875 1.02908
0.578125 0.1875 1.04884
0.59375 0.1875 1.03469
0.609375 0.171875 1.01253
0.625 0.171875 0.993532
0.609375 0.1875 1.01804
0.625 0.1875 0.998943
0.515625 0.203125 1.08564
0.53125 0.203125 1.08172
0.515625 0.21875 1.09118
0.53125 0.21875 1.08724
0.546875 0.203125 1.07519
0.5625 0.203125 1.06607
0.546875 0.21875 1.08067
0.5625 0.21875 1.07151
0.515625 0.234375 1.09657
0.53125 0.234375 1.09261
0.515625 0.25 1.10181
0.53125 0.25 1.09783
0.546875 0.234375 1.08601
0.5625 0.234375 1.0768
0.546875 0.25 1.0912
0.5625 0.25 1.08194
0.578125 0.203125 1.05438
0.59375 0.203125 1.04015
0.578125 0.21875 1.05976
0.59375 0.21875 1.04546
0.609375 0.203125 1.02341
0.625 0.203125 1.00421
0.609375 0.21875 1.02864
0.625 0.21875 1.00934
0.578125 0.234375 1.06499
0.59375 0.234375 1.05062
0.578125 0.25 1.07008
0.59375 0.25 1.05564
0.609375 0.234375 1.03372
0.625 0.234375 1.01432
0.609375 0.25 1.03865
0.625 0.25 1.01917
0.640625 0.140625 0.961118
0.65625 0.140625 0.937655
0.640625 0.15625 0.966702
0.65625 0.15625 0.943103
0.671875 0.140625 0.911934
0.6875 0.140625 0.884015
0.671875 0.15625 0.917232
0.6875 0.15625 0.889151
0.640625 0.171875 0.972142
0.65625 0.171875 0.94841
0.640625 0.1875 0.977437
0.65625 0.1875 0.953576
0.671875 0.171875 0.922393
0.6875 0.171875 0.894155
0.671875 0.1875 0.927418
0.6875 0.1875 0.899025
0.703125 0.140625 0.853967
0.71875 0.140625 0.821862
0.703125 0.15625 0.858929
0.71875 0.15625 0.826637
0.734375 0.140625 0.787776
0.75 0.140625 0.751793
0.734375 0.15625 0.792353
0.75 0.15625 0.756161
0.703125 0.171875 0.863762
0.71875 0.171875 0.831288
0.703125 0.1875 0.868467
0.71875 0.1875 0.835816
0.734375 0.171875 0.796812
0.75 0.171875 0.760416
0.734375 0.1875 0.801152
0.75 0.1875 0.764558
0.640625 0.203125 0.982592
0.65625 0.203125 0.958605
0.640625 0.21875 0.987607
0.65625 0.21875 0.963497
0.671875 0.203125 0.932309
0.6875 0.203125 0.903767
0.671875 0.21875 0.937067
0.6875 0.21875 0.908379
0.640625 0.234375 0.992485
0.65625 0.234375 0.968257
0.640625 0.25 0.997226
0.65625 0.25 0.972882
0.671875 0.234375 0.941696
0.6875 0.234375 0.912866
0.671875 0.25 0.946194
0.6875 0.25 0.917226
0.703125 0.203125 0.873047
0.71875 0.203125 0.840225
0.703125 0.21875 0.877503
0.71875 0.21875 0.844512
0.734375 0.203125 0.805378
0.75 0.203125 0.768591
0.734375 0.21875 0.809488
0.75 0.21875 0.772513
0.703125 0.234375 0.881837
0.71875 0.234375 0.848684
0.703125 0.25 0.886049
0.71875 0.25 0.852738
0.734375 0.234375 0.813486
0.75 0.234375 0.776329
0.734375 0.25 0.817372
0.75 0.25 0.780037
0.765625 0 0.671559
0.765625 0.015625 0.676747
0.78125 0 0.634393
0.78125 0.015625 0.639294
0.765625 0.03125 0.681812
0.78125 0.03125 0.644079
0.796875 0 0.595699
0.796875 0.015625 0.600301
0.8125 0 0.55557
0.8125 0.015625 0.559862
0.796875 0.03125 0.604795
0.8125 0.03125 0.564053
0.765625 0.046875 0.686759
0.78125 0.046875 0.648752
0.765625 0.0625 0.691585
0.78125 0.0625 0.653311
0.796875 0.046875 0.609182
0.8125 0.046875 0.568145
0.796875 0.0625 0.613464
0.8125 0.0625 0.572138
0.828125 0 0.514103
0.828125 0.015625 0.518074
0.84375 0 0.471397
0.84375 0.015625 0.475038
0.828125 0.03125 0.521952
0.84375 0.03125 0.478594
0.859375 0 0.427555
0.859375 0.015625 0.430858
0.875 0 0.382683
0.875 0.015625 0.38564
0.859375 0.03125 0.434083
0.875 0.03125 0.388526
0.828125 0.046875 0.525739
0.84375 0.046875 0.482066
0.828125 0.0625 0.529434
0.84375 0.0625 0.485454
0.859375 0.046875 0.437232
0.875 0.046875 0.391345
0.859375 0.0625 0.440305
0.875 0.0625 0.394095
0.765625 0.078125 0.696296
0.78125 0.078125 0.657761
0.765625 0.09375 0.700891
0.78125 0.09375 0.662102
0.796875 0.078125 0.617642
0.8125 0.078125 0.576035
0.796875 0.09375 0.621718
0.8125 0.09375 0.579836
0.765625 0.109375 0.705372
0.78125 0.109375 0.666335
0.765625 0.125 0.709741
0.78125 0.125 0.670462
0.796875 0.109375 0.625693
0.8125 0.109375 0.583543
0.796875 0.125 0.629568
0.8125 0.125 0.587157
0.828125 0.078125 0.53304
0.84375 0.078125 0.488761
0.828125 0.09375 0.536557
0.84375 0.09375 0.491986
0.859375 0.078125 0.443304
0.875 0.078125 0.39678
0.859375 0.09375 0.446229
0.875 0.09375 0.399398
0.828125 0.109375 0.539988
0.84375 0.109375 0.495132
0.828125 0.125 0.543332
0.84375 0.125 0.498198
0.859375 0.109375 0.449083
0.875 0.109375 0.401952
0.859375 0.125 0.451864
0.875 0.125 0.404441
0.890625 0 0.33689
0.890625 0.015625 0.339492
0.90625 0 0.290285
0.90625 0.015625 0.292527
0.890625 0.03125 0.342034
0.90625 0.03125 0.294717
0.921875 0 0.24298
0.921875 0.015625 0.244857
0.9375 0 0.19509
0.9375 0.015625 0.196597
0.921875 0.03125 0.24669
0.9375 0.03125 0.198069
0.890625 0.046875 0.344515
0.90625 0.046875 0.296855
0.890625 0.0625 0.346936
0.90625 0.0625 0.298941
0.921875 0.046875 0.24848
0.9375 0.046875 0.199506
0.921875 0.0625 0.250226
0.9375 0.0625 0.200908
0.953125 0 0.14673
0.953125 0.015625 0.147864
0.96875 0 0.0980171
0.96875 0.015625 0.0987743
0.953125 0.03125 0.148971
0.96875 0.03125 0.0995137
0.984375 0 0.0490677
0.984375 0.015625 0.0494467
1 0 1.22465e-16
1 0.015625 1.2341e-16
0.984375 0.03125 0.0498168
1 0.03125 1.24334e-16
0.953125 0.046875 0.150051
0.96875 0.046875 0.100236
0.953125 0.0625 0.151106
0.96875 0.0625 0.10094
0.984375 0.046875 0.0501782
1 0.046875 1.25235e-16
0.984375 0.0625 0.0505309
1 0.0625 1.26115e-16
0.890625 0.078125 0.349299
0.90625 0.078125 0.300977
0.890625 0.09375 0.351604
0.90625 0.09375 0.302963
0.921875 0.078125 0.25193
0.9375 0.078125 0.202277
0.921875 0.09375 0.253593
0.9375 0.09375 0.203611
0.890625 0.109375 0.353852
0.90625 0.109375 0.304901
0.890625 0.125 0.356044
0.90625 0.125 0.306789
0.921875 0.109375 0.255214
0.9375 0.109375 0.204913
0.921875 0.125 0.256795
0.9375 0.125 0.206182
0.953125 0.078125 0.152135
0.96875 0.078125 0.101628
0.953125 0.09375 0.153139
0.96875 0.09375 0.102298
0.984375 0.078125 0.0508751
1 0.078125 1.26974e-16
0.984375 0.09375 0.0512108
1 0.09375 1.27812e-16
0.953125 0.109375 0.154118
0.96875 0.109375 0.102952
0.953125 0.125 0.155073
0.96875 0.125 0.10359
0.984375 0.109375 0.0515383
1 0.109375 1.28629e-16
0.984375 0.125 0.0518574
1 0.125 1.29426e-16
0.765625 0.140625 0.713999
0.78125 0.140625 0.674485
0.765625 0.15625 0.718147
0.78125 0.15625 0.678403
0.796875 0.140625 0.633345
0.8125 0.140625 0.59068
0.796875 0.15625 0.637025
0.8125 0.15625 0.594112
0.765625 0.171875 0.722188
0.78125 0.171875 0.682221
0.765625 0.1875 0.726122
0.78125 0.1875 0.685937
0.796875 0.171875 0.64061
0.8125 0.171875 0.597455
0.796875 0.1875 0.644099
0.8125 0.1875 0.600709
0.828125 0.140625 0.546592
0.84375 0.140625 0.501187
0.828125 0.15625 0.549768
0.84375 0.15625 0.504099
0.859375 0.140625 0.454575
0.875 0.140625 0.406868
0.859375 0.15625 0.457216
0.875 0.15625 0.409231
0.828125 0.171875 0.552861
0.84375 0.171875 0.506936
0.828125 0.1875 0.555873
0.84375 0.1875 0.509697
0.859375 0.171875 0.459789
0.875 0.171875 0.411534
0.859375 0.1875 0.462293
0.875 0.1875 0.413776
0.765625 0.203125 0.729952
0.78125 0.203125 0.689555
0.765625 0.21875 0.733677
0.78125 0.21875 0.693073
0.796875 0.203125 0.647496
0.8125 0.203125 0.603878
0.796875 0.21875 0.6508
0.8125 0.21875 0.606959
0.765625 0.234375 0.737301
0.78125 0.234375 0.696497
0.765625 0.25 0.740823
0.78125 0.25 0.699824
0.796875 0.234375 0.654015
0.8125 0.234375 0.609958
0.796875 0.25 0.657139
0.8125 0.25 0.612871
0.828125 0.203125 0.558805
0.84375 0.203125 0.512385
0.828125 0.21875 0.561656
0.84375 0.21875 0.515
0.859375 0.203125 0.464732
0.875 0.203125 0.415958
0.859375 0.21875 0.467103
0.875 0.21875 0.418081
0.828125 0.234375 0.564431
0.84375 0.234375 0.517544
0.828125 0.25 0.567127
0.84375 0.25 0.520016
0.859375 0.234375 0.46941
0.875 0.234375 0.420146
0.859375 0.25 0.471653
0.875 0.25 0.422153
0.890625 0.140625 0.35818
0.90625 0.140625 0.30863
0.890625 0.15625 0.360261
0.90625 0.15625 0.310423
0.921875 0.140625 0.258336
0.9375 0.140625 0.207419
0.921875 0.15625 0.259836
0.9375 0.15625 0.208624
0.890625 0.171875 0.362288
0.90625 0.171875 0.312169
0.890625 0.1875 0.364262
0.90625 0.1875 0.31387
0.921875 0.171875 0.261299
0.9375 0.171875 0.209798
0.921875 0.1875 0.262722
0.9375 0.1875 0.210941
0.953125 0.140625 0.156003
0.96875 0.140625 0.104211
0.953125 0.15625 0.15691
0.96875 0.15625 0.104817
0.984375 0.140625 0.0521686
1 0.140625 1.30202e-16
0.984375 0.15625 0.0524717
1 0.15625 1.30958e-16
0.953125 0.171875 0.157793
0.96875 0.171875 0.105407
0.953125 0.1875 0.158652
0.96875 0.1875 0.105981
0.984375 0.171875 0.0527669
1 0.171875 1.31695e-16
0.984375 0.1875 0.0530543
1 0.1875 1.32413e-16
0.890625 0.203125 0.366183
0.90625 0.203125 0.315525
0.890625 0.21875 0.368052
0.90625 0.21875 0.317135
0.921875 0.203125 0.264108
0.9375 0.203125 0.212054
0.921875 0.21875 0.265455
0.9375 0.21875 0.213136
0.890625 0.234375 0.36987
0.90625 0.234375 0.318702
0.890625 0.25 0.371636
0.90625 0.25 0.320224
0.921875 0.234375 0.266767
0.9375 0.234375 0.214189
0.921875 0.25 0.268041
0.9375 0.25 0.215212
0.953125 0.203125 0.159489
0.96875 0.203125 0.10654
0.953125 0.21875 0.160303
0.96875 0.21875 0.107084
0.984375 0.203125 0.0533342
1 0.203125 1.33111e-16
0.984375 0.21875 0.0536063
1 0.21875 1.3379e-16
0.953125 0.234375 0.161095
0.96875 0.234375 0.107612
0.953125 0.25 0.161864
0.96875 0.25 0.108127
0.984375 0.234375 0.0538711
1 0.234375 1.34451e-16
0.984375 0.25 0.0541285
1 0.25 1.35093e-16
0.515625 0.265625 1.1069
0.53125 0.265625 1.1029
0.515625 0.28125 1.11185
0.53125 0.28125 1.10783
0.546875 0.265625 1.09624
0.5625 0.265625 1.08694
0.546875 0.28125 1.10114
0.5625 0.28125 1.0918
0.515625 0.296875 1.11665
0.53125 0.296875 1.11261
0.515625 0.3125 1.12131
0.53125 0.3125 1.11725
0.546875 0.296875 1.10589
0.5625 0.296875 1.09651
0.546875 0.3125 1.11051
0.5625 0.3125 1.10109
0.578125 0.265625 1.07502
0.59375 0.265625 1.06052
0.578125 0.28125 1.07983
0.59375 0.28125 1.06525
0.609375 0.265625 1.04345
0.625 0.265625 1.02388
0.609375 0.28125 1.04811
0.625 0.28125 1.02845
0.578125 0.296875 1.08449
0.59375 0.296875 1.06985
0.578125 0.3125 1.08901
0.59375 0.3125 1.07432
0.609375 0.296875 1.05264
0.625 0.296875 1.03289
0.609375 0.3125 1.05703
0.625 0.3125 1.0372
0.515625 0.328125 1.12583
0.53125 0.328125 1.12176
0.515625 0.34375 1.1302
0.53125 0.34375 1.12612
0.546875 0.328125 1.11498
0.5625 0.328125 1.10552
0.546875 0.34375 1.11932
0.5625 0.34375 1.10982
0.515625 0.359375 1.13445
0.53125 0.359375 1.13035
0.515625 0.375 1.13856
0.53125 0.375 1.13444
0.546875 0.359375 1.12352
0.5625 0.359375 1.11399
0.546875 0.375 1.12759
0.5625 0.375 1.11803
0.578125 0.328125 1.0934
0.59375 0.328125 1.07865
0.578125 0.34375 1.09766
0.59375 0.34375 1.08284
0.609375 0.328125 1.06129
0.625 0.328125 1.04138
0.609375 0.34375 1.06542
0.625 0.34375 1.04543
0.578125 0.359375 1.10178
0.59375 0.359375 1.08691
0.578125 0.375 1.10577
0.59375 0.375 1.09085
0.609375 0.359375 1.06942
0.625 0.359375 1.04936
0.609375 0.375 1.0733
0.625 0.375 1.05316
0.640625 0.265625 1.00183
0.65625 0.265625 0.977378
0.640625 0.28125 1.00631
0.65625 0.28125 0.981743
0.671875 0.265625 0.950567
0.6875 0.265625 0.921465
0.671875 0.28125 0.954812
0.6875 0.28125 0.925581
0.640625 0.296875 1.01066
0.65625 0.296875 0.985983
0.640625 0.3125 1.01487
0.65625 0.3125 0.990096
0.671875 0.296875 0.958936
0.6875 0.296875 0.929579
0.671875 0.3125 0.962936
0.6875 0.3125 0.933456
0.703125 0.265625 0.890144
0.71875 0.265625 0.856679
0.703125 0.28125 0.89412
0.71875 0.28125 0.860505
0.734375 0.265625 0.821149
0.75 0.265625 0.783642
0.734375 0.28125 0.824817
0.75 0.28125 0.787142
0.703125 0.296875 0.897982
0.71875 0.296875 0.864222
0.703125 0.3125 0.901727
0.71875 0.3125 0.867826
0.734375 0.296875 0.828379
0.75 0.296875 0.790542
0.734375 0.3125 0.831835
0.75 0.3125 0.793839
0.640625 0.328125 1.01896
0.65625 0.328125 0.994087
0.640625 0.34375 1.02292
0.65625 0.34375 0.997954
0.671875 0.328125 0.966817
0.6875 0.328125 0.937219
0.671875 0.34375 0.970578
0.6875 0.34375 0.940864
0.640625 0.359375 1.02677
0.65625 0.359375 1.0017
0.640625 0.375 1.03049
0.65625 0.375 1.00533
0.671875 0.359375 0.974224
0.6875 0.359375 0.944398
0.671875 0.375 0.977752
0.6875 0.375 0.947818
0.703125 0.328125 0.905362
0.71875 0.328125 0.871324
0.703125 0.34375 0.908884
0.71875 0.34375 0.874714
0.734375 0.328125 0.835188
0.75 0.328125 0.797039
0.734375 0.34375 0.838436
0.75 0.34375 0.800139
0.703125 0.359375 0.912298
0.71875 0.359375 0.877999
0.703125 0.375 0.915601
0.71875 0.375 0.881179
0.734375 0.359375 0.841586
0.75 0.359375 0.803145
0.734375 0.375 0.844633
0.75 0.375 0.806053
0.515625 0.390625 1.14254
0.53125 0.390625 1.13841
0.515625 0.40625 1.14638
0.53125 0.40625 1.14224
0.546875 0.390625 1.13153
0.5625 0.390625 1.12193
0.546875 0.40625 1.13534
0.5625 0.40625 1.12571
0.515625 0.421875 1.1501
0.53125 0.421875 1.14594
0.515625 0.4375 1.15369
0.53125 0.4375 1.14952
0.546875 0.421875 1.13902
0.5625 0.421875 1.12936
0.546875 0.4375 1.14258
0.5625 0.4375 1.13288
0.578125 0.390625 1.10963
0.59375 0.390625 1.09466
0.578125 0.40625 1.11337
0.59375 0.40625 1.09834
0.609375 0.390625 1.07705
0.625 0.390625 1.05684
0.609375 0.40625 1.08067
0.625 0.40625 1.0604
0.578125 0.421875 1.11698
0.59375 0.421875 1.1019
0.578125 0.4375 1.12046
0.59375 0.4375 1.10534
0.609375 0.421875 1.08418
0.625 0.421875 1.06383
0.609375 0.4375 1.08756
0.625 0.4375 1.06715
0.515625 0.453125 1.15715
0.53125 0.453125 1.15297
0.515625 0.46875 1.16049
0.53125 0.46875 1.1563
0.546875 0.453125 1.14601
0.5625 0.453125 1.13629
0.546875 0.46875 1.14932
0.5625 0.46875 1.13957
0.515625 0.484375 1.16371
0.53125 0.484375 1.15951
0.515625 0.5 1.16681
0.53125 0.5 1.16259
0.546875 0.484375 1.1525
0.5625 0.484375 1.14273
0.546875 0.5 1.15557
0.5625 0.5 1.14577
0.578125 0.453125 1.12383
0.59375 0.453125 1.10866
0.578125 0.46875 1.12707
0.59375 0.46875 1.11186
0.609375 0.453125 1.09082
0.625 0.453125 1.07036
0.609375 0.46875 1.09397
0.625 0.46875 1.07345
0.578125 0.484375 1.1302
0.59375 0.484375 1.11495
0.578125 0.5 1.1332
0.59375 0.5 1.11791
0.609375 0.484375 1.09701
0.625 0.484375 1.07643
0.609375 0.5 1.09993
0.625 0.5 1.07929
0.640625 0.390625 1.03409
0.65625 0.390625 1.00884
0.640625 0.40625 1.03757
0.65625 0.40625 1.01224
0.671875 0.390625 0.981168
0.6875 0.390625 0.95113
0.671875 0.40625 0.984469
0.6875 0.40625 0.95433
0.640625 0.421875 1.04093
0.65625 0.421875 1.01552
0.640625 0.4375 1.04418
0.65625 0.4375 1.01869
0.671875 0.421875 0.987663
0.6875 0.421875 0.957426
0.671875 0.4375 0.990744
0.6875 0.4375 0.960413
0.703125 0.390625 0.918801
0.71875 0.390625 0.884258
0.703125 0.40625 0.921892
0.71875 0.40625 0.887233
0.734375 0.390625 0.847585
0.75 0.390625 0.80887
0.734375 0.40625 0.850437
0.75 0.40625 0.811591
0.703125 0.421875 0.924883
0.71875 0.421875 0.890111
0.703125 0.4375 0.927768
0.71875 0.4375 0.892888
0.734375 0.421875 0.853195
0.75 0.421875 0.814224
0.734375 0.4375 0.855857
0.75 0.4375 0.816764
0.640625 0.453125 1.04732
0.65625 0.453125 1.02175
0.640625 0.46875 1.05034
0.65625 0.46875 1.0247
0.671875 0.453125 0.993721
0.6875 0.453125 0.963298
0.671875 0.46875 0.996587
0.6875 0.46875 0.966077
0.640625 0.484375 1.05325
0.65625 0.484375 1.02754
0.640625 0.5 1.05605
0.65625 0.5 1.03027
0.671875 0.484375 0.999353
0.6875 0.484375 0.968758
0.671875 0.5 1.00201
0.6875 0.5 0.971335
0.703125 0.453125 0.930555
0.71875 0.453125 0.89557
0.703125 0.46875 0.93324
0.71875 0.46875 0.898154
0.734375 0.453125 0.858428
0.75 0.453125 0.819218
0.734375 0.46875 0.860905
0.75 0.46875 0.821581
0.703125 0.484375 0.93583
0.71875 0.484375 0.900646
0.703125 0.5 0.938319
0.71875 0.5 0.903042
0.734375 0.484375 0.863294
0.75 0.484375 0.823861
0.734375 0.5 0.86559
0.75 0.5 0.826053
0.765625 0.265625 0.744246
0.78125 0.265625 0.703058
0.765625 0.28125 0.747571
0.78125 0.28125 0.706198
0.796875 0.265625 0.660176
0.8125 0.265625 0.615703
0.796875 0.28125 0.663125
0.8125 0.28125 0.618453
0.765625 0.296875 0.750799
0.78125 0.296875 0.709248
0.765625 0.3125 0.753931
0.78125 0.3125 0.712207
0.796875 0.296875 0.665989
0.8125 0.296875 0.621125
0.796875 0.3125 0.668766
0.8125 0.3125 0.623715
0.828125 0.265625 0.569748
0.84375 0.265625 0.522419
0.828125 0.28125 0.572292
0.84375 0.28125 0.524753
0.859375 0.265625 0.473832
0.875 0.265625 0.424104
0.859375 0.28125 0.475949
0.875 0.28125 0.425998
0.828125 0.296875 0.574764
0.84375 0.296875 0.527019
0.828125 0.3125 0.577161
0.84375 0.3125 0.529217
0.859375 0.296875 0.478004
0.875 0.296875 0.427838
0.859375 0.3125 0.479998
0.875 0.3125 0.429623
0.765625 0.328125 0.75697
0.78125 0.328125 0.715078
0.765625 0.34375 0.759914
0.78125 0.34375 0.717859
0.796875 0.328125 0.671462
0.8125 0.328125 0.626229
0.796875 0.34375 0.674074
0.8125 0.34375 0.628665
0.765625 0.359375 0.762769
0.78125 0.359375 0.720555
0.765625 0.375 0.765531
0.78125 0.375 0.723165
0.796875 0.359375 0.676606
0.8125 0.359375 0.631027
0.796875 0.375 0.679056
0.8125 0.375 0.633312
0.828125 0.328125 0.579488
0.84375 0.328125 0.531351
0.828125 0.34375 0.581742
0.84375 0.34375 0.533417
0.859375 0.328125 0.481933
0.875 0.328125 0.431354
0.859375 0.34375 0.483807
0.875 0.34375 0.433032
0.828125 0.359375 0.583927
0.84375 0.359375 0.535421
0.828125 0.375 0.586042
0.84375 0.375 0.53736
0.859375 0.359375 0.485625
0.875 0.359375 0.434659
0.859375 0.375 0.487383
0.875 0.375 0.436233
0.890625 0.265625 0.373354
0.90625 0.265625 0.321704
0.890625 0.28125 0.375021
0.90625 0.28125 0.323141
0.921875 0.265625 0.26928
0.9375 0.265625 0.216206
0.921875 0.28125 0.270482
0.9375 0.28125 0.217172
0.890625 0.296875 0.376641
0.90625 0.296875 0.324537
0.890625 0.3125 0.378212
0.90625 0.3125 0.32589
0.921875 0.296875 0.271651
0.9375 0.296875 0.21811
0.921875 0.3125 0.272784
0.9375 0.3125 0.21902
0.953125 0.265625 0.162612
0.96875 0.265625 0.108626
0.953125 0.28125 0.163338
0.96875 0.28125 0.109111
0.984375 0.265625 0.0543786
1 0.265625 1.35718e-16
0.984375 0.28125 0.0546215
1 0.28125 1.36324e-16
0.953125 0.296875 0.164044
0.96875 0.296875 0.109583
0.953125 0.3125 0.164728
0.96875 0.3125 0.11004
0.984375 0.296875 0.0548574
1 0.296875 1.36913e-16
0.984375 0.3125 0.0550862
1 0.3125 1.37484e-16
0.890625 0.328125 0.379737
0.90625 0.328125 0.327204
0.890625 0.34375 0.381214
0.90625 0.34375 0.328477
0.921875 0.328125 0.273883
0.9375 0.328125 0.219903
0.921875 0.34375 0.274948
0.9375 0.34375 0.220758
0.890625 0.359375 0.382646
0.90625 0.359375 0.329711
0.890625 0.375 0.384031
0.90625 0.375 0.330905
0.921875 0.359375 0.275981
0.9375 0.359375 0.221587
0.921875 0.375 0.276981
0.9375 0.375 0.22239
0.953125 0.328125 0.165392
0.96875 0.328125 0.110483
0.953125 0.34375 0.166035
0.96875 0.34375 0.110913
0.984375 0.328125 0.0553083
1 0.328125 1.38038e-16
0.984375 0.34375 0.0555234
1 0.34375 1.38575e-16
0.953125 0.359375 0.166659
0.96875 0.359375 0.11133
0.953125 0.375 0.167263
0.96875 0.375 0.111733
0.984375 0.359375 0.055732
1 0.359375 1.39095e-16
0.984375 0.375 0.0559338
1 0.375 1.39599e-16
0.765625 0.390625 0.768206
0.78125 0.390625 0.725692
0.765625 0.40625 0.770791
0.78125 0.40625 0.728133
0.796875 0.390625 0.681429
0.8125 0.390625 0.635525
0.796875 0.40625 0.683722
0.8125 0.40625 0.637663
0.765625 0.421875 0.773291
0.78125 0.421875 0.730495
0.765625 0.4375 0.775703
0.78125 0.4375 0.732774
0.796875 0.421875 0.68594
0.8125 0.421875 0.639732
0.796875 0.4375 0.68808
0.8125 0.4375 0.641727
0.828125 0.390625 0.58809
0.84375 0.390625 0.539238
0.828125 0.40625 0.590068
0.84375 0.40625 0.541052
0.859375 0.390625 0.489086
0.875 0.390625 0.437757
0.859375 0.40625 0.490732
0.875 0.40625 0.43923
0.828125 0.421875 0.591982
0.84375 0.421875 0.542807
0.828125 0.4375 0.593829
0.84375 0.4375 0.5445
0.859375 0.421875 0.492324
0.875 0.421875 0.440655
0.859375 0.4375 0.49386
0.875 0.4375 0.442029
0.765625 0.453125 0.778034
0.78125 0.453125 0.734976
0.765625 0.46875 0.780278
0.78125 0.46875 0.737096
0.796875 0.453125 0.690147
0.8125 0.453125 0.643655
0.796875 0.46875 0.692138
0.8125 0.46875 0.645512
0.765625 0.484375 0.782444
0.78125 0.484375 0.739141
0.765625 0.5 0.784525
0.78125 0.5 0.741108
0.796875 0.484375 0.694058
0.8125 0.484375 0.647303
0.796875 0.5 0.695905
0.8125 0.5 0.649025
0.828125 0.453125 0.595613
0.84375 0.453125 0.546136
0.828125 0.46875 0.597331
0.84375 0.46875 0.547712
0.859375 0.453125 0.495343
0.875 0.453125 0.443357
0.859375 0.46875 0.496772
0.875 0.46875 0.444636
0.828125 0.484375 0.598989
0.84375 0.484375 0.549232
0.828125 0.5 0.600582
0.84375 0.5 0.550693
0.859375 0.484375 0.498151
0.875 0.484375 0.44587
0.859375 0.5 0.499476
0.875 0.5 0.447056
0.890625 0.390625 0.385373
0.90625 0.390625 0.332061
0.890625 0.40625 0.38667
0.90625 0.40625 0.333178
0.921875 0.390625 0.277949
0.9375 0.390625 0.223167
0.921875 0.40625 0.278884
0.9375 0.40625 0.223918
0.890625 0.421875 0.387924
0.90625 0.421875 0.334259
0.890625 0.4375 0.389134
0.90625 0.4375 0.335302
0.921875 0.421875 0.279788
0.9375 0.421875 0.224644
0.921875 0.4375 0.280661
0.9375 0.4375 0.225345
0.953125 0.390625 0.167847
0.96875 0.390625 0.112123
0.953125 0.40625 0.168412
0.96875 0.40625 0.1125
0.984375 0.390625 0.0561292
1 0.390625 1.40087e-16
0.984375 0.40625 0.0563181
1 0.40625 1.40559e-16
0.953125 0.421875 0.168958
0.96875 0.421875 0.112865
0.953125 0.4375 0.169485
0.96875 0.4375 0.113218
0.984375 0.421875 0.0565008
1 0.421875 1.41014e-16
0.984375 0.4375 0.056677
1 0.4375 1.41455e-16
0.890625 0.453125 0.390303
0.90625 0.453125 0.336309
0.890625 0.46875 0.391429
0.90625 0.46875 0.337279
0.921875 0.453125 0.281504
0.9375 0.453125 0.226022
0.921875 0.46875 0.282317
0.9375 0.46875 0.226674
0.890625 0.484375 0.392516
0.90625 0.484375 0.338215
0.890625 0.5 0.39356
0.90625 0.5 0.339115
0.921875 0.484375 0.2831
0.9375 0.484375 0.227303
0.921875 0.5 0.283853
0.9375 0.5 0.227907
0.953125 0.453125 0.169994
0.96875 0.453125 0.113558
0.953125 0.46875 0.170485
0.96875 0.46875 0.113885
0.984375 0.453125 0.0568473
1 0.453125 1.41879e-16
0.984375 0.46875 0.0570113
1 0.46875 1.42289e-16
0.953125 0.484375 0.170958
0.96875 0.484375 0.114201
0.953125 0.5 0.171413
0.96875 0.5 0.114505
0.984375 0.484375 0.0571695
1 0.484375 1.42684e-16
0.984375 0.5 0.0573216
1 0.5 1.43063e-16
0 0.515625 0
0.015625 0.515625 0.0574681
0.03125 0.515625 0.114798
0 0.53125 0
0.015625 0.53125 0.0576085
0.03125 0.53125 0.115078
0.046875 0.515625 0.171851
0.0625 0.515625 0.22849
0.046875 0.53125 0.172271
0.0625 0.53125 0.229048
0 0.546875 0
0.015625 0.546875 0.0577436
0.03125 0.546875 0.115348
0 0.5625 0
0.015625 0.5625 0.0578728
0.03125 0.5625 0.115606
0.046875 0.546875 0.172675
0.0625 0.546875 0.229585
0.046875 0.5625 0.173061
0.0625 0.5625 0.230099
0.078125 0.515625 0.284578
0.09375 0.515625 0.339981
0.078125 0.53125 0.285274
0.09375 0.53125 0.340812
0.109375 0.515625 0.394565
0.125 0.515625 0.448199
0.109375 0.53125 0.39553
0.125 0.53125 0.449294
0.078125 0.546875 0.285943
0.09375 0.546875 0.341612
0.078125 0.5625 0.286583
0.09375 0.5625 0.342376
0.109375 0.546875 0.396457
0.125 0.546875 0.450348
0.109375 0.5625 0.397344
0.125 0.5625 0.451356
0 0.578125 0
0.015625 0.578125 0.0579968
0.03125 0.578125 0.115854
0 0.59375 0
0.015625 0.59375 0.0581151
0.03125 0.59375 0.11609
0.046875 0.578125 0.173432
0.0625 0.578125 0.230592
0.046875 0.59375 0.173786
0.0625 0.59375 0.231062
0 0.609375 0
0.015625 0.609375 0.0582283
0.03125 0.609375 0.116316
0 0.625 0
0.015625 0.625 0.0583359
0.03125 0.625 0.116531
0.046875 0.609375 0.174124
0.0625 0.609375 0.231512
0.046875 0.625 0.174446
0.0625 0.625 0.23194
0.078125 0.578125 0.287197
0.09375 0.578125 0.34311
0.078125 0.59375 0.287782
0.09375 0.59375 0.343809
0.109375 0.578125 0.398196
0.125 0.578125 0.452323
0.109375 0.59375 0.399008
0.125 0.59375 0.453245
0.078125 0.609375 0.288343
0.09375 0.609375 0.344479
0.078125 0.625 0.288876
0.09375 0.625 0.345115
0.109375 0.609375 0.399785
0.125 0.609375 0.454128
0.109375 0.625 0.400524
0.125 0.625 0.454967
0.140625 0.515625 0.500753
0.15625 0.515625 0.5521
0.140625 0.53125 0.501977
0.15625 0.53125 0.553449
0.171875 0.515625 0.602117
0.1875 0.515625 0.650684
0.171875 0.53125 0.603589
0.1875 0.53125 0.652274
0.140625 0.546875 0.503154
0.15625 0.546875 0.554747
0.140625 0.5625 0.504279
0.15625 0.5625 0.555988
0.171875 0.546875 0.605004
0.1875 0.546875 0.653804
0.171875 0.5625 0.606358
0.1875 0.5625 0.655267
0.203125 0.515625 0.697683
0.21875 0.515625 0.743001
0.203125 0.53125 0.699389
0.21875 0.53125 0.744818
0.234375 0.515625 0.78653
0.25 0.515625 0.828163
0.234375 0.53125 0.788453
0.25 0.53125 0.830188
0.203125 0.546875 0.701028
0.21875 0.546875 0.746564
0.203125 0.5625 0.702597
0.21875 0.5625 0.748235
0.234375 0.546875 0.790301
0.25 0.546875 0.832134
0.234375 0.5625 0.79207
0.25 0.5625 0.833996
0.140625 0.578125 0.50536
0.15625 0.578125 0.55718
0.140625 0.59375 0.50639
0.15625 0.59375 0.558316
0.171875 0.578125 0.607657
0.1875 0.578125 0.656671
0.171875 0.59375 0.608896
0.1875 0.59375 0.65801
0.140625 0.609375 0.507377
0.15625 0.609375 0.559403
0.140625 0.625 0.508314
0.15625 0.625 0.560437
0.171875 0.609375 0.610082
0.1875 0.609375 0.659291
0.171875 0.625 0.61121
0.1875 0.625 0.66051
0.203125 0.578125 0.704102
0.21875 0.578125 0.749838
0.203125 0.59375 0.705538
0.21875 0.59375 0.751366
0.234375 0.578125 0.793767
0.25 0.578125 0.835783
0.234375 0.59375 0.795385
0.25 0.59375 0.837487
0.203125 0.609375 0.706912
0.21875 0.609375 0.75283
0.203125 0.625 0.708219
0.21875 0.625 0.754221
0.234375 0.609375 0.796934
0.25 0.609375 0.839119
0.234375 0.625 0.798407
0.25 0.625 0.840669
0 0.640625 0
0.015625 0.640625 0.0584386
0.03125 0.640625 0.116736
0 0.65625 0
0.015625 0.65625 0.0585359
0.03125 0.65625 0.116931
0.046875 0.640625 0.174753
0.0625 0.640625 0.232349
0.046875 0.65625 0.175044
0.0625 0.65625 0.232735
0 0.671875 0
0.015625 0.671875 0.0586285
0.03125 0.671875 0.117116
0 0.6875 0
0.015625 0.6875 0.0587157
0.03125 0.6875 0.11729
0.046875 0.671875 0.175321
0.0625 0.671875 0.233103
0.046875 0.6875 0.175581
0.0625 0.6875 0.23345
0.078125 0.640625 0.289385
0.09375 0.640625 0.345723
0.078125 0.65625 0.289866
0.09375 0.65625 0.346299
0.109375 0.640625 0.401229
0.125 0.640625 0.455768
0.109375 0.65625 0.401897
0.125 0.65625 0.456527
0.078125 0.671875 0.290325
0.09375 0.671875 0.346846
0.078125 0.6875 0.290756
0.09375 0.6875 0.347362
0.109375 0.671875 0.402533
0.125 0.671875 0.457249
0.109375 0.6875 0.403131
0.125 0.6875 0.457929
0 0.703125 0
0.015625 0.703125 0.0587984
0.03125 0.703125 0.117455
0 0.71875 0
0.015625 0.71875 0.0588758
0.03125 0.71875 0.11761
0.046875 0.703125 0.175829
0.0625 0.703125 0.233779
0.046875 0.71875 0.17606
0.0625 0.71875 0.234087
0 0.734375 0
0.015625 0.734375 0.0589489
0.03125 0.734375 0.117756
0 0.75 0
0.015625 0.75 0.0590168
0.03125 0.75 0.117891
0.046875 0.734375 0.176279
0.0625 0.734375 0.234378
0.046875 0.75 0.176482
0.0625 0.75 0.234648
0.078125 0.703125 0.291166
0.09375 0.703125 0.347852
0.078125 0.71875 0.291549
0.09375 0.71875 0.34831
0.109375 0.703125 0.403699
0.125 0.703125 0.458574
0.109375 0.71875 0.404231
0.125 0.71875 0.459178
0.078125 0.734375 0.291911
0.09375 0.734375 0.348742
0.078125 0.75 0.292248
0.09375 0.75 0.349144
0.109375 0.734375 0.404733
0.125 0.734375 0.459748
0.109375 0.75 0.405199
0.125 0.75 0.460278
0.140625 0.640625 0.50921
0.15625 0.640625 0.561424
0.140625 0.65625 0.510057
0.15625 0.65625 0.562358
0.171875 0.640625 0.612286
0.1875 0.640625 0.661673
0.171875 0.65625 0.613305
0.1875 0.65625 0.662774
0.140625 0.671875 0.510864
0.15625 0.671875 0.563248
0.140625 0.6875 0.511624
0.15625 0.6875 0.564086
0.171875 0.671875 0.614275
0.1875 0.671875 0.663823
0.171875 0.6875 0.615189
0.1875 0.6875 0.66481
0.203125 0.640625 0.709466
0.21875 0.640625 0.75555
0.203125 0.65625 0.710647
0.21875 0.65625 0.756807
0.234375 0.640625 0.799813
0.25 0.640625 0.84215
0.234375 0.65625 0.801144
0.25 0.65625 0.843552
0.203125 0.671875 0.711771
0.21875 0.671875 0.758004
0.203125 0.6875 0.712829
0.21875 0.6875 0.759131
0.234375 0.671875 0.802412
0.25 0.671875 0.844886
0.234375 0.6875 0.803605
0.25 0.6875 0.846142
0.140625 0.703125 0.512344
0.15625 0.703125 0.56488
0.140625 0.71875 0.513019
0.15625 0.71875 0.565624
0.171875 0.703125 0.616055
0.1875 0.703125 0.665746
0.171875 0.71875 0.616866
0.1875 0.71875 0.666623
0.140625 0.734375 0.513656
0.15625 0.734375 0.566326
0.140625 0.75 0.514248
0.15625 0.75 0.566979
0.171875 0.734375 0.617633
0.1875 0.734375 0.667451
0.171875 0.75 0.618344
0.1875 0.75 0.66822
0.203125 0.703125 0.713833
0.21875 0.703125 0.760201
0.203125 0.71875 0.714773
0.21875 0.71875 0.761202
0.234375 0.703125 0.804737
0.25 0.703125 0.847334
0.234375 0.71875 0.805796
0.25 0.71875 0.84845
0.203125 0.734375 0.715661
0.21875 0.734375 0.762147
0.203125 0.75 0.716486
0.21875 0.75 0.763025
0.234375 0.734375 0.806797
0.25 0.734375 0.849504
0.234375 0.75 0.807727
0.25 0.75 0.850483
0.265625 0.515625 0.867802
0.28125 0.515625 0.90535
0.265625 0.53125 0.869923
0.28125 0.53125 0.907563
0.296875 0.515625 0.940717
0.3125 0.515625 0.973817
0.296875 0.53125 0.943016
0.3125 0.53125 0.976198
0.265625 0.546875 0.871963
0.28125 0.546875 0.909691
0.265625 0.5625 0.873914
0.28125 0.5625 0.911726
0.296875 0.546875 0.945227
0.3125 0.546875 0.978487
0.296875 0.5625 0.947342
0.3125 0.5625 0.980676
0.328125 0.515625 1.00457
0.34375 0.515625 1.03291
0.328125 0.53125 1.00703
0.34375 0.53125 1.03543
0.359375 0.515625 1.05875
0.375 0.515625 1.08205
0.359375 0.53125 1.06134
0.375 0.53125 1.08469
0.328125 0.546875 1.00939
0.34375 0.546875 1.03786
0.328125 0.5625 1.01165
0.34375 0.5625 1.04018
0.359375 0.546875 1.06383
0.375 0.546875 1.08724
0.359375 0.5625 1.06621
0.375 0.5625 1.08967
0.265625 0.578125 0.875786
0.28125 0.578125 0.91368
0.265625 0.59375 0.877572
0.28125 0.59375 0.915543
0.296875 0.578125 0.949372
0.3125 0.578125 0.982777
0.296875 0.59375 0.951308
0.3125 0.59375 0.984781
0.265625 0.609375 0.879282
0.28125 0.609375 0.917326
0.265625 0.625 0.880907
0.28125 0.625 0.919021
0.296875 0.609375 0.953161
0.3125 0.609375 0.986699
0.296875 0.625 0.954922
0.3125 0.625 0.988523
0.328125 0.578125 1.01381
0.34375 0.578125 1.04241
0.328125 0.59375 1.01588
0.34375 0.59375 1.04454
0.359375 0.578125 1.06849
0.375 0.578125 1.092
0.359375 0.59375 1.07067
0.375 0.59375 1.09423
0.328125 0.609375 1.01786
0.34375 0.609375 1.04657
0.328125 0.625 1.01974
0.34375 0.625 1.0485
0.359375 0.609375 1.07276
0.375 0.609375 1.09636
0.359375 0.625 1.07474
0.375 0.625 1.09839
0.390625 0.515625 1.10274
0.40625 0.515625 1.12077
0.390625 0.53125 1.10543
0.40625 0.53125 1.12351
0.421875 0.515625 1.1361
0.4375 0.515625 1.1487
0.421875 0.53125 1.13888
0.4375 0.53125 1.1515
0.390625 0.546875 1.10802
0.40625 0.546875 1.12614
0.390625 0.5625 1.1105
0.40625 0.5625 1.12866
0.421875 0.546875 1.14155
0.4375 0.546875 1.1542
0.421875 0.5625 1.1441
0.4375 0.5625 1.15679
0.453125 0.515625 1.15852
0.46875 0.515625 1.16556
0.453125 0.53125 1.16136
0.46875 0.53125 1.16841
0.484375 0.515625 1.16979
0.5 0.515625 1.1712
0.484375 0.53125 1.17265
0.5 0.53125 1.17406
0.453125 0.546875 1.16408
0.46875 0.546875 1.17115
0.453125 0.5625 1.16668
0.46875 0.5625 1.17377
0.484375 0.546875 1.1754
0.5 0.546875 1.17682
0.484375 0.5625 1.17803
0.5 0.5625 1.17945
0.390625 0.578125 1.11288
0.40625 0.578125 1.13108
0.390625 0.59375 1.11515
0.40625 0.59375 1.13339
0.421875 0.578125 1.14655
0.4375 0.578125 1.15926
0.421875 0.59375 1.14889
0.4375 0.59375 1.16163
0.390625 0.609375 1.11732
0.40625 0.609375 1.13559
0.390625 0.625 1.11939
0.40625 0.625 1.13769
0.421875 0.609375 1.15113
0.4375 0.609375 1.16389
0.421875 0.625 1.15326
0.4375 0.625 1.16604
0.453125 0.578125 1.16918
0.46875 0.578125 1.17628
0.453125 0.59375 1.17157
0.46875 0.59375 1.17868
0.484375 0.578125 1.18055
0.5 0.578125 1.18198
0.484375 0.59375 1.18296
0.5 0.59375 1.18439
0.453125 0.609375 1.17385
0.46875 0.609375 1.18098
0.453125 0.625 1.17602
0.46875 0.625 1.18316
0.484375 0.609375 1.18526
0.5 0.609375 1.18669
0.484375 0.625 1.18745
0.5 0.625 1.18889
0.265625 0.640625 0.882458
0.28125 0.640625 0.92064
0.265625 0.65625 0.883927
0.28125 0.65625 0.922172
0.296875 0.640625 0.956604
0.3125 0.640625 0.990264
0.296875 0.65625 0.958196
0.3125 0.65625 0.991912
0.265625 0.671875 0.885325
0.28125 0.671875 0.923631
0.265625 0.6875 0.886641
0.28125 0.6875 0.925004
0.296875 0.671875 0.959712
0.3125 0.671875 0.993481
0.296875 0.6875 0.961139
0.3125 0.6875 0.994958
0.328125 0.640625 1.02154
0.34375 0.640625 1.05035
0.328125 0.65625 1.02324
0.34375 0.65625 1.0521
0.359375 0.640625 1.07663
0.375 0.640625 1.10032
0.359375 0.65625 1.07843
0.375 0.65625 1.10215
0.328125 0.671875 1.02486
0.34375 0.671875 1.05376
0.328125 0.6875 1.02638
0.34375 0.6875 1.05533
0.359375 0.671875 1.08013
0.375 0.671875 1.1039
0.359375 0.6875 1.08174
0.375 0.6875 1.10554
0.265625 0.703125 0.88789
0.28125 0.703125 0.926307
0.265625 0.71875 0.889059
0.28125 0.71875 0.927527
0.296875 0.703125 0.962493
0.3125 0.703125 0.99636
0.296875 0.71875 0.96376
0.3125 0.71875 0.997672
0.265625 0.734375 0.890164
0.28125 0.734375 0.928679
0.265625 0.75 0.891189
0.28125 0.75 0.929749
0.296875 0.734375 0.964957
0.3125 0.734375 0.998911
0.296875 0.75 0.966069
0.3125 0.75 1.00006
0.328125 0.703125 1.02783
0.34375 0.703125 1.05682
0.328125 0.71875 1.02918
0.34375 0.71875 1.05821
0.359375 0.703125 1.08326
0.375 0.703125 1.1071
0.359375 0.71875 1.08469
0.375 0.71875 1.10855
0.328125 0.734375 1.03046
0.34375 0.734375 1.05952
0.328125 0.75 1.03165
0.34375 0.75 1.06074
0.359375 0.734375 1.08603
0.375 0.734375 1.10993
0.359375 0.75 1.08729
0.375 0.75 1.11121
0.390625 0.640625 1.12136
0.40625 0.640625 1.1397
0.390625 0.65625 1.12323
0.40625 0.65625 1.14159
0.421875 0.640625 1.15529
0.4375 0.640625 1.1681
0.421875 0.65625 1.15721
0.4375 0.65625 1.17004
0.390625 0.671875 1.125
0.40625 0.671875 1.1434
0.390625 0.6875 1.12668
0.40625 0.6875 1.1451
0.421875 0.671875 1.15904
0.4375 0.671875 1.17189
0.421875 0.6875 1.16076
0.4375 0.6875 1.17363
0.453125 0.640625 1.17809
0.46875 0.640625 1.18525
0.453125 0.65625 1.18005
0.46875 0.65625 1.18722
0.484375 0.640625 1.18955
0.5 0.640625 1.19098
0.484375 0.65625 1.19153
0.5 0.65625 1.19296
0.453125 0.671875 1.18192
0.46875 0.671875 1.1891
0.453125 0.6875 1.18367
0.46875 0.6875 1.19086
0.484375 0.671875 1.19341
0.5 0.671875 1.19485
0.484375 0.6875 1.19518
0.5 0.6875 1.19663
0.390625 0.703125 1.12826
0.40625 0.703125 1.14671
0.390625 0.71875 1.12975
0.40625 0.71875 1.14822
0.421875 0.703125 1.1624
0.4375 0.703125 1.17529
0.421875 0.71875 1.16393
0.4375 0.71875 1.17683
0.390625 0.734375 1.13115
0.40625 0.734375 1.14965
0.390625 0.75 1.13246
0.40625 0.75 1.15097
0.421875 0.734375 1.16538
0.4375 0.734375 1.1783
0.421875 0.75 1.16672
0.4375 0.75 1.17965
0.453125 0.703125 1.18534
0.46875 0.703125 1.19254
0.453125 0.71875 1.1869
0.46875 0.71875 1.19411
0.484375 0.703125 1.19687
0.5 0.703125 1.19831
0.484375 0.71875 1.19844
0.5 0.71875 1.19989
0.453125 0.734375 1.18838
0.46875 0.734375 1.19559
0.453125 0.75 1.18975
0.46875 0.75 1.19697
0.484375 0.734375 1.19993
0.5 0.734375 1.20138
0.484375 0.75 1.20132
0.5 0.75 1.20276
0 0.765625 0
0.015625 0.765625 0.0590807
0.03125 0.765625 0.118019
0 0.78125 0
0.015625 0.78125 0.0591394
0.03125 0.78125 0.118136
0.046875 0.765625 0.176673
0.0625 0.765625 0.234901
0.046875 0.78125 0.176849
0.0625 0.78125 0.235135
0 0.796875 0
0.015625 0.796875 0.0591941
0.03125 0.796875 0.118246
0 0.8125 0
0.015625 0.8125 0.0592439
0.03125 0.8125 0.118345
0.046875 0.796875 0.177012
0.0625 0.796875 0.235353
0.046875 0.8125 0.177161
0.0625 0.8125 0.23555
0.078125 0.765625 0.292564
0.09375 0.765625 0.349522
0.078125 0.78125 0.292855
0.09375 0.78125 0.349869
0.109375 0.765625 0.405637
0.125 0.765625 0.460776
0.109375 0.78125 0.40604
0.125 0.78125 0.461233
0.078125 0.796875 0.293126
0.09375 0.796875 0.350193
0.078125 0.8125 0.293372
0.09375 0.8125 0.350487
0.109375 0.796875 0.406416
0.125 0.796875 0.461661
0.109375 0.8125 0.406758
0.125 0.8125 0.462049
0 0.828125 0
0.015625 0.828125 0.0592899
0.03125 0.828125 0.118437
0 0.84375 0
0.015625 0.84375 0.059331
0.03125 0.84375 0.118519
0.046875 0.828125 0.177299
0.0625 0.828125 0.235733
0.046875 0.84375 0.177422
0.0625 0.84375 0.235897
0 0.859375 0
0.015625 0.859375 0.0593685
0.03125 0.859375 0.118594
0 0.875 0
0.015625 0.875 0.0594011
0.03125 0.875 0.118659
0.046875 0.859375 0.177534
0.0625 0.859375 0.236046
0.046875 0.875 0.177631
0.0625 0.875 0.236175
0.078125 0.828125 0.2936
0.09375 0.828125 0.35076
0.078125 0.84375 0.293803
0.09375 0.84375 0.351002
0.109375 0.828125 0.407074
0.125 0.828125 0.462408
0.109375 0.84375 0.407356
0.125 0.84375 0.462728
0.078125 0.859375 0.293989
0.09375 0.859375 0.351224
0.078125 0.875 0.294151
0.09375 0.875 0.351417
0.109375 0.859375 0.407614
0.125 0.859375 0.463021
0.109375 0.875 0.407837
0.125 0.875 0.463275
0.140625 0.765625 0.514804
0.15625 0.765625 0.567592
0.140625 0.78125 0.515315
0.15625 0.78125 0.568156
0.171875 0.765625 0.619013
0.1875 0.765625 0.668943
0.171875 0.78125 0.619628
0.1875 0.78125 0.669607
0.140625 0.796875 0.515793
0.15625 0.796875 0.568683
0.140625 0.8125 0.516226
0.15625 0.8125 0.56916
0.171875 0.796875 0.620202
0.1875 0.796875 0.670228
0.171875 0.8125 0.620723
0.1875 0.8125 0.670791
0.203125 0.765625 0.717261
0.21875 0.765625 0.763851
0.203125 0.78125 0.717973
0.21875 0.78125 0.76461
0.234375 0.765625 0.8086
0.25 0.765625 0.851402
0.234375 0.78125 0.809404
0.25 0.78125 0.852248
0.203125 0.796875 0.718638
0.21875 0.796875 0.765318
0.203125 0.8125 0.719242
0.21875 0.8125 0.765961
0.234375 0.796875 0.810154
0.25 0.796875 0.853038
0.234375 0.8125 0.810835
0.25 0.8125 0.853755
0.140625 0.828125 0.516627
0.15625 0.828125 0.569603
0.140625 0.84375 0.516985
0.15625 0.84375 0.569997
0.171875 0.828125 0.621206
0.1875 0.828125 0.671312
0.171875 0.84375 0.621636
0.1875 0.84375 0.671777
0.140625 0.859375 0.517312
0.15625 0.859375 0.570358
0.140625 0.875 0.517596
0.15625 0.875 0.570671
0.171875 0.859375 0.622029
0.1875 0.859375 0.672202
0.171875 0.875 0.62237
0.1875 0.875 0.672571
0.203125 0.828125 0.719801
0.21875 0.828125 0.766556
0.203125 0.84375 0.720299
0.21875 0.84375 0.767087
0.234375 0.828125 0.811465
0.25 0.828125 0.854418
0.234375 0.84375 0.812026
0.25 0.84375 0.85501
0.203125 0.859375 0.720755
0.21875 0.859375 0.767572
0.203125 0.875 0.721151
0.21875 0.875 0.767994
0.234375 0.859375 0.81254
0.25 0.859375 0.85555
0.234375 0.875 0.812986
0.25 0.875 0.85602
0 0.890625 0
0.015625 0.890625 0.0594304
0.03125 0.890625 0.118718
0 0.90625 0
0.015625 0.90625 0.0594548
0.03125 0.90625 0.118766
0.046875 0.890625 0.177719
0.0625 0.890625 0.236292
0.046875 0.90625 0.177792
0.0625 0.90625 0.236389
0 0.921875 0
0.015625 0.921875 0.0594761
0.03125 0.921875 0.118809
0 0.9375 0
0.015625 0.9375 0.0594926
0.03125 0.9375 0.118842
0.046875 0.921875 0.177856
0.0625 0.921875 0.236474
0.046875 0.9375 0.177905
0.0625 0.9375 0.236539
0.078125 0.890625 0.294296
0.09375 0.890625 0.351591
0.078125 0.90625 0.294417
0.09375 0.90625 0.351735
0.109375 0.890625 0.408038
0.125 0.890625 0.463503
0.109375 0.90625 0.408206
0.125 0.90625 0.463694
0.078125 0.921875 0.294522
0.09375 0.921875 0.351861
0.078125 0.9375 0.294604
0.09375 0.9375 0.351958
0.109375 0.921875 0.408352
0.125 0.921875 0.46386
0.109375 0.9375 0.408465
0.125 0.9375 0.463988
0 0.953125 0
0.015625 0.953125 0.0595061
0.03125 0.953125 0.118869
0 0.96875 0
0.015625 0.96875 0.0595148
0.03125 0.96875 0.118886
0.046875 0.953125 0.177945
0.0625 0.953125 0.236593
0.046875 0.96875 0.177971
0.0625 0.96875 0.236628
0 0.984375 0
0.015625 0.984375 0.0595209
0.03125 0.984375 0.118898
0 1 0
0.015625 1 0.0595221
0.03125 1 0.118901
0.046875 0.984375 0.177989
0.0625 0.984375 0.236652
0.046875 1 0.177993
0.0625 1 0.236657
0.078125 0.953125 0.294671
0.09375 0.953125 0.352039
0.078125 0.96875 0.294714
0.09375 0.96875 0.35209
0.109375 0.953125 0.408558
0.125 0.953125 0.464094
0.109375 0.96875 0.408618
0.125 0.96875 0.464162
0.078125 0.984375 0.294744
0.09375 0.984375 0.352126
0.078125 1 0.29475
0.09375 1 0.352133
0.109375 0.984375 0.40866
0.125 0.984375 0.464209
0.109375 1 0.408668
0.125 1 0.464219
0.140625 0.890625 0.517852
0.15625 0.890625 0.570952
0.140625 0.90625 0.518064
0.15625 0.90625 0.571187
0.171875 0.890625 0.622677
0.1875 0.890625 0.672902
0.171875 0.90625 0.622933
0.1875 0.90625 0.673179
0.140625 0.921875 0.51825
0.15625 0.921875 0.571391
0.140625 0.9375 0.518393
0.15625 0.9375 0.571549
0.171875 0.921875 0.623156
0.1875 0.921875 0.67342
0.171875 0.9375 0.623329
0.1875 0.9375 0.673606
0.203125 0.890625 0.721507
0.21875 0.890625 0.768372
0.203125 0.90625 0.721803
0.21875 0.90625 0.768688
0.234375 0.890625 0.813387
0.25 0.890625 0.856442
0.234375 0.90625 0.813721
0.25 0.90625 0.856794
0.203125 0.921875 0.722061
0.21875 0.921875 0.768963
0.203125 0.9375 0.722261
0.21875 0.9375 0.769176
0.234375 0.921875 0.814013
0.25 0.921875 0.857101
0.234375 0.9375 0.814238
0.25 0.9375 0.857338
0.140625 0.953125 0.518511
0.15625 0.953125 0.57168
0.140625 0.96875 0.518587
0.15625 0.96875 0.571763
0.171875 0.953125 0.623471
0.1875 0.953125 0.67376
0.171875 0.96875 0.623562
0.1875 0.96875 0.673859
0.140625 0.984375 0.51864
0.15625 0.984375 0.571822
0.140625 1 0.518651
0.15625 1 0.571833
0.171875 0.984375 0.623626
0.1875 0.984375 0.673927
0.171875 1 0.623639
0.1875 1 0.673941
0.203125 0.953125 0.722426
0.21875 0.953125 0.769351
0.203125 0.96875 0.722532
0.21875 0.96875 0.769464
0.234375 0.953125 0.814423
0.25 0.953125 0.857534
0.234375 0.96875 0.814543
0.25 0.96875 0.857659
0.203125 0.984375 0.722605
0.21875 0.984375 0.769543
0.203125 1 0.72262
0.21875 1 0.769558
0.234375 0.984375 0.814626
0.25 0.984375 0.857747
0.234375 1 0.814643
0.25 1 0.857764
0.265625 0.765625 0.892153
0.28125 0.765625 0.930755
0.265625 0.78125 0.89304
0.28125 0.78125 0.931679
0.296875 0.765625 0.967114
0.3125 0.765625 1.00114
0.296875 0.78125 0.968075
0.3125 0.78125 1.00214
0.265625 0.796875 0.893867
0.28125 0.796875 0.932543
0.265625 0.8125 0.894618
0.28125 0.8125 0.933326
0.296875 0.796875 0.968972
0.3125 0.796875 1.00307
0.296875 0.8125 0.969786
0.3125 0.8125 1.00391
0.328125 0.765625 1.03276
0.34375 0.765625 1.06189
0.328125 0.78125 1.03379
0.34375 0.78125 1.06295
0.359375 0.765625 1.08846
0.375 0.765625 1.11241
0.359375 0.78125 1.08954
0.375 0.78125 1.11352
0.328125 0.796875 1.03474
0.34375 0.796875 1.06393
0.328125 0.8125 1.03561
0.34375 0.8125 1.06482
0.359375 0.796875 1.09055
0.375 0.796875 1.11455
0.359375 0.8125 1.09147
0.375 0.8125 1.11548
0.265625 0.828125 0.895313
0.28125 0.828125 0.934051
0.265625 0.84375 0.895933
0.28125 0.84375 0.934698
0.296875 0.828125 0.970539
0.3125 0.828125 1.00469
0.296875 0.84375 0.971211
0.3125 0.84375 1.00538
0.265625 0.859375 0.8965
0.28125 0.859375 0.935289
0.265625 0.875 0.896992
0.28125 0.875 0.935803
0.296875 0.859375 0.971826
0.3125 0.859375 1.00602
0.296875 0.875 0.972359
0.3125 0.875 1.00657
0.328125 0.828125 1.03642
0.34375 0.828125 1.06565
0.328125 0.84375 1.03714
0.34375 0.84375 1.06639
0.359375 0.828125 1.09232
0.375 0.828125 1.11635
0.359375 0.84375 1.09307
0.375 0.84375 1.11712
0.328125 0.859375 1.03779
0.34375 0.859375 1.06706
0.328125 0.875 1.03836
0.34375 0.875 1.06765
0.359375 0.859375 1.09376
0.375 0.859375 1.11783
0.359375 0.875 1.09437
0.375 0.875 1.11844
0.390625 0.765625 1.13368
0.40625 0.765625 1.15222
0.390625 0.78125 1.13481
0.40625 0.78125 1.15336
0.421875 0.765625 1.16798
0.4375 0.765625 1.18093
0.421875 0.78125 1.16914
0.4375 0.78125 1.1821
0.390625 0.796875 1.13586
0.40625 0.796875 1.15443
0.390625 0.8125 1.13681
0.40625 0.8125 1.1554
0.421875 0.796875 1.17022
0.4375 0.796875 1.1832
0.421875 0.8125 1.17121
0.4375 0.8125 1.18419
0.453125 0.765625 1.19103
0.46875 0.765625 1.19827
0.453125 0.78125 1.19222
0.46875 0.78125 1.19946
0.484375 0.765625 1.20261
0.5 0.765625 1.20406
0.484375 0.78125 1.20381
0.5 0.78125 1.20526
0.453125 0.796875 1.19332
0.46875 0.796875 1.20057
0.453125 0.8125 1.19432
0.46875 0.8125 1.20158
0.484375 0.796875 1.20492
0.5 0.796875 1.20638
0.484375 0.8125 1.20594
0.5 0.8125 1.20739
0.390625 0.828125 1.1377
0.40625 0.828125 1.1563
0.390625 0.84375 1.13848
0.40625 0.84375 1.1571
0.421875 0.828125 1.17212
0.4375 0.828125 1.18511
0.421875 0.84375 1.17293
0.4375 0.84375 1.18593
0.390625 0.859375 1.1392
0.40625 0.859375 1.15783
0.390625 0.875 1.13983
0.40625 0.875 1.15847
0.421875 0.859375 1.17367
0.4375 0.859375 1.18668
0.421875 0.875 1.17432
0.4375 0.875 1.18733
0.453125 0.828125 1.19525
0.46875 0.828125 1.20251
0.453125 0.84375 1.19608
0.46875 0.84375 1.20334
0.484375 0.828125 1.20687
0.5 0.828125 1.20833
0.484375 0.84375 1.20771
0.5 0.84375 1.20917
0.453125 0.859375 1.19684
0.46875 0.859375 1.2041
0.453125 0.875 1.19749
0.46875 0.875 1.20477
0.484375 0.859375 1.20847
0.5 0.859375 1.20993
0.484375 0.875 1.20914
0.5 0.875 1.2106
0.265625 0.890625 0.897434
0.28125 0.890625 0.936264
0.265625 0.90625 0.897803
0.28125 0.90625 0.936649
0.296875 0.890625 0.972839
0.3125 0.890625 1.00707
0.296875 0.90625 0.973238
0.3125 0.90625 1.00748
0.265625 0.921875 0.898125
0.28125 0.921875 0.936985
0.265625 0.9375 0.898373
0.28125 0.9375 0.937244
0.296875 0.921875 0.973587
0.3125 0.921875 1.00784
0.296875 0.9375 0.973856
0.3125 0.9375 1.00812
0.328125 0.890625 1.03887
0.34375 0.890625 1.06818
0.328125 0.90625 1.0393
0.34375 0.90625 1.06862
0.359375 0.890625 1.09491
0.375 0.890625 1.119
0.359375 0.90625 1.09535
0.375 0.90625 1.11946
0.328125 0.921875 1.03967
0.34375 0.921875 1.069
0.328125 0.9375 1.03996
0.34375 0.9375 1.06929
0.359375 0.921875 1.09575
0.375 0.921875 1.11986
0.359375 0.9375 1.09605
0.375 0.9375 1.12017
0.265625 0.953125 0.898578
0.28125 0.953125 0.937457
0.265625 0.96875 0.89871
0.28125 0.96875 0.937595
0.296875 0.953125 0.974078
0.3125 0.953125 1.00835
0.296875 0.96875 0.974221
0.3125 0.96875 1.0085
0.265625 0.984375 0.898801
0.28125 0.984375 0.93769
0.265625 1 0.89882
0.28125 1 0.93771
0.296875 0.984375 0.97432
0.3125 0.984375 1.0086
0.296875 1 0.974341
0.3125 1 1.00862
0.328125 0.953125 1.0402
0.34375 0.953125 1.06954
0.328125 0.96875 1.04035
0.34375 0.96875 1.06969
0.359375 0.953125 1.0963
0.375 0.953125 1.12042
0.359375 0.96875 1.09646
0.375 0.96875 1.12059
0.328125 0.984375 1.04046
0.34375 0.984375 1.0698
0.328125 1 1.04048
0.34375 1 1.06983
0.359375 0.984375 1.09657
0.375 0.984375 1.1207
0.359375 1 1.0966
0.375 1 1.12072
0.390625 0.890625 1.14039
0.40625 0.890625 1.15904
0.390625 0.90625 1.14086
0.40625 0.90625 1.15951
0.421875 0.890625 1.17489
0.4375 0.890625 1.18792
0.421875 0.90625 1.17538
0.4375 0.90625 1.18841
0.390625 0.921875 1.14127
0.40625 0.921875 1.15993
0.390625 0.9375 1.14158
0.40625 0.9375 1.16025
0.421875 0.921875 1.1758
0.4375 0.921875 1.18883
0.421875 0.9375 1.17612
0.4375 0.9375 1.18916
0.453125 0.890625 1.19808
0.46875 0.890625 1.20536
0.453125 0.90625 1.19858
0.46875 0.90625 1.20586
0.484375 0.890625 1.20973
0.5 0.890625 1.21119
0.484375 0.90625 1.21023
0.5 0.90625 1.21169
0.453125 0.921875 1.199
0.46875 0.921875 1.20629
0.453125 0.9375 1.19934
0.46875 0.9375 1.20662
0.484375 0.921875 1.21066
0.5 0.921875 1.21212
0.484375 0.9375 1.211
0.5 0.9375 1.21246
0.390625 0.953125 1.14184
0.40625 0.953125 1.16052
0.390625 0.96875 1.14201
0.40625 0.96875 1.16069
0.421875 0.953125 1.17639
0.4375 0.953125 1.18943
0.421875 0.96875 1.17656
0.4375 0.96875 1.18961
0.390625 0.984375 1.14213
0.40625 0.984375 1.1608
0.390625 1 1.14215
0.40625 1 1.16083
0.421875 0.984375 1.17668
0.4375 0.984375 1.18973
0.421875 1 1.17671
0.4375 1 1.18975
0.453125 0.953125 1.19961
0.46875 0.953125 1.2069
0.453125 0.96875 1.19979
0.46875 0.96875 1.20707
0.484375 0.953125 1.21127
0.5 0.953125 1.21274
0.484375 0.96875 1.21145
0.5 0.96875 1.21291
0.453125 0.984375 1.19991
0.46875 0.984375 1.2072
0.453125 1 1.19993
0.46875 1 1.20722
0.484375 0.984375 1.21158
0.5 0.984375 1.21304
0.484375 1 1.2116
0.5 1 1.21306
0.515625 0.515625 1.16979
0.53125 0.515625 1.16556
0.515625 0.53125 1.17265
0.53125 0.53125 1.16841
0.546875 0.515625 1.15852
0.5625 0.515625 1.1487
0.546875 0.53125 1.16136
0.5625 0.53125 1.1515
0.515625 0.546875 1.1754
0.53125 0.546875 1.17115
0.515625 0.5625 1.17803
0.53125 0.5625 1.17377
0.546875 0.546875 1.16408
0.5625 0.546875 1.1542
0.546875 0.5625 1.16668
0.5625 0.5625 1.15679
0.578125 0.515625 1.1361
0.59375 0.515625 1.12077
0.578125 0.53125 1.13888
0.59375 0.53125 1.12351
0.609375 0.515625 1.10274
0.625 0.515625 1.08205
0.609375 0.53125 1.10543
0.625 0.53125 1.08469
0.578125 0.546875 1.14155
0.59375 0.546875 1.12614
0.578125 0.5625 1.1441
0.59375 0.5625 1.12866
0.609375 0.546875 1.10802
0.625 0.546875 1.08724
0.609375 0.5625 1.1105
0.625 0.5625 1.08967
0.515625 0.578125 1.18055
0.53125 0.578125 1.17628
0.515625 0.59375 1.18296
0.53125 0.59375 1.17868
0.546875 0.578125 1.16918
0.5625 0.578125 1.15926
0.546875 0.59375 1.17157
0.5625 0.59375 1.16163
0.515625 0.609375 1.18526
0.53125 0.609375 1.18098
0.515625 0.625 1.18745
0.53125 0.625 1.18316
0.546875 0.609375 1.17385
0.5625 0.609375 1.16389
0.546875 0.625 1.17602
0.5625 0.625 1.16604
0.578125 0.578125 1.14655
0.59375 0.578125 1.13108
0.578125 0.59375 1.14889
0.59375 0.59375 1.13339
0.609375 0.578125 1.11288
0.625 0.578125 1.092
0.609375 0.59375 1.11515
0.625 0.59375 1.09423
0.578125 0.609375 1.15113
0.59375 0.609375 1.13559
0.578125 0.625 1.15326
0.59375 0.625 1.13769
0.609375 0.609375 1.11732
0.625 0.609375 1.09636
0.609375 0.625 1.11939
0.625 0.625 1.09839
0.640625 0.515625 1.05875
0.65625 0.515625 1.03291
0.640625 0.53125 1.06134
0.65625 0.53125 1.03543
0.671875 0.515625 1.00457
0.6875 0.515625 0.973817
0.671875 0.53125 1.00703
0.6875 0.53125 0.976198
0.640625 0.546875 1.06383
0.65625 0.546875 1.03786
0.640625 0.5625 1.06621
0.65625 0.5625 1.04018
0.671875 0.546875 1.00939
0.6875 0.546875 0.978487
0.671875 0.5625 1.01165
0.6875 0.5625 0.980676
0.703125 0.515625 0.940717
0.71875 0.515625 0.90535
0.703125 0.53125 0.943016
0.71875 0.53125 0.907563
0.734375 0.515625 0.867802
0.75 0.515625 0.828163
0.734375 0.53125 0.869923
0.75 0.53125 0.830188
0.703125 0.546875 0.945227
0.71875 0.546875 0.909691
0.703125 0.5625 0.947342
0.71875 0.5625 0.911726
0.734375 0.546875 0.871963
0.75 0.546875 0.832134
0.734375 0.5625 0.873914
0.75 0.5625 0.833996
0.640625 0.578125 1.06849
0.65625 0.578125 1.04241
0.640625 0.59375 1.07067
0.65625 0.59375 1.04454
0.671875 0.578125 1.01381
0.6875 0.578125 0.982777
0.671875 0.59375 1.01588
0.6875 0.59375 0.984781
0.640625 0.609375 1.07276
0.65625 0.609375 1.04657
0.640625 0.625 1.07474
0.65625 0.625 1.0485
0.671875 0.609375 1.01786
0.6875 0.609375 0.986699
0.671875 0.625 1.01974
0.6875 0.625 0.988523
0.703125 0.578125 0.949372
0.71875 0.578125 0.91368
0.703125 0.59375 0.951308
0.71875 0.59375 0.915543
0.734375 0.578125 0.875786
0.75 0.578125 0.835783
0.734375 0.59375 0.877572
0.75 0.59375 0.837487
0.703125 0.609375 0.953161
0.71875 0.609375 0.917326
0.703125 0.625 0.954922
0.71875 0.625 0.919021
0.734375 0.609375 0.879282
0.75 0.609375 0.839119
0.734375 0.625 0.880907
0.75 0.625 0.840669
0.515625 0.640625 1.18955
0.53125 0.640625 1.18525
0.515625 0.65625 1.19153
0.53125 0.65625 1.18722
0.546875 0.640625 1.17809
0.5625 0.640625 1.1681
0.546875 0.65625 1.18005
0.5625 0.65625 1.17004
0.515625 0.671875 1.19341
0.53125 0.671875 1.1891
0.515625 0.6875 1.19518
0.53125 0.6875 1.19086
0.546875 0.671875 1.18192
0.5625 0.671875 1.17189
0.546875 0.6875 1.18367
0.5625 0.6875 1.17363
0.578125 0.640625 1.15529
0.59375 0.640625 1.1397
0.578125 0.65625 1.15721
0.59375 0.65625 1.14159
0.609375 0.640625 1.12136
0.625 0.640625 1.10032
0.609375 0.65625 1.12323
0.625 0.65625 1.10215
0.578125 0.671875 1.15904
0.59375 0.671875 1.1434
0.578125 0.6875 1.16076
0.59375 0.6875 1.1451
0.609375 0.671875 1.125
0.625 0.671875 1.1039
0.609375 0.6875 1.12668
0.625 0.6875 1.10554
0.515625 0.703125 1.19687
0.53125 0.703125 1.19254
0.515625 0.71875 1.19844
0.53125 0.71875 1.19411
0.546875 0.703125 1.18534
0.5625 0.703125 1.17529
0.546875 0.71875 1.1869
0.5625 0.71875 1.17683
0.515625 0.734375 1.19993
0.53125 0.734375 1.19559
0.515625 0.75 1.20132
0.53125 0.75 1.19697
0.546875 0.734375 1.18838
0.5625 0.734375 1.1783
0.546875 0.75 1.18975
0.5625 0.75 1.17965
0.578125 0.703125 1.1624
0.59375 0.703125 1.14671
0.578125 0.71875 1.16393
0.59375 0.71875 1.14822
0.609375 0.703125 1.12826
0.625 0.703125 1.1071
0.609375 0.71875 1.12975
0.625 0.71875 1.10855
0.578125 0.734375 1.16538
0.59375 0.734375 1.14965
0.578125 0.75 1.16672
0.59375 0.75 1.15097
0.609375 0.734375 1.13115
0.625 0.734375 1.10993
0.609375 0.75 1.13246
0.625 0.75 1.11121
0.640625 0.640625 1.07663
0.65625 0.640625 1.05035
0.640625 0.65625 1.07843
0.65625 0.65625 1.0521
0.671875 0.640625 1.02154
0.6875 0.640625 0.990264
0.671875 0.65625 1.02324
0.6875 0.65625 0.991912
0.640625 0.671875 1.08013
0.65625 0.671875 1.05376
0.640625 0.6875 1.08174
0.65625 0.6875 1.05533
0.671875 0.671875 1.02486
0.6875 0.671875 0.993481
0.671875 0.6875 1.02638
0.6875 0.6875 0.994958
0.703125 0.640625 0.956604
0.71875 0.640625 0.92064
0.703125 0.65625 0.958196
0.71875 0.65625 0.922172
0.734375 0.640625 0.882458
0.75 0.640625 0.84215
0.734375 0.65625 0.883927
0.75 0.65625 0.843552
0.703125 0.671875 0.959712
0.71875 0.671875 0.923631
0.703125 0.6875 0.961139
0.71875 0.6875 0.925004
0.734375 0.671875 0.885325
0.75 0.671875 0.844886
0.734375 0.6875 0.886641
0.75 0.6875 0.846142
0.640625 0.703125 1.08326
0.65625 0.703125 1.05682
0.640625 0.71875 1.08469
0.65625 0.71875 1.05821
0.671875 0.703125 1.02783
0.6875 0.703125 0.99636
0.671875 0.71875 1.02918
0.6875 0.71875 0.997672
0.640625 0.734375 1.08603
0.65625 0.734375 1.05952
0.640625 0.75 1.08729
0.65625 0.75 1.06074
0.671875 0.734375 1.03046
0.6875 0.734375 0.998911
0.671875 0.75 1.03165
0.6875 0.75 1.00006
0.703125 0.703125 0.962493
0.71875 0.703125 0.926307
0.703125 0.71875 0.96376
0.71875 0.71875 0.927527
0.734375 0.703125 0.88789
0.75 0.703125 0.847334
0.734375 0.71875 0.889059
0.75 0.71875 0.84845
0.703125 0.734375 0.964957
0.71875 0.734375 0.928679
0.703125 0.75 0.966069
0.71875 0.75 0.929749
0.734375 0.734375 0.890164
0.75 0.734375 0.849504
0.734375 0.75 0.891189
0.75 0.75 0.850483
0.765625 0.515625 0.78653
0.78125 0.515625 0.743001
0.765625 0.53125 0.788453
0.78125 0.53125 0.744818
0.796875 0.515625 0.697683
0.8125 0.515625 0.650684
0.796875 0.53125 0.699389
0.8125 0.53125 0.652274
0.765625 0.546875 0.790301
0.78125 0.546875 0.746564
0.765625 0.5625 0.79207
0.78125 0.5625 0.748235
0.796875 0.546875 0.701028
0.8125 0.546875 0.653804
0.796875 0.5625 0.702597
0.8125 0.5625 0.655267
0.828125 0.515625 0.602117
0.84375 0.515625 0.5521
0.828125 0.53125 0.603589
0.84375 0.53125 0.553449
0.859375 0.515625 0.500753
0.875 0.515625 0.448199
0.859375 0.53125 0.501977
0.875 0.53125 0.449294
0.828125 0.546875 0.605004
0.84375 0.546875 0.554747
0.828125 0.5625 0.606358
0.84375 0.5625 0.555988
0.859375 0.546875 0.503154
0.875 0.546875 0.450348
0.859375 0.5625 0.504279
0.875 0.5625 0.451356
0.765625 0.578125 0.793767
0.78125 0.578125 0.749838
0.765625 0.59375 0.795385
0.78125 0.59375 0.751366
0.796875 0.578125 0.704102
0.8125 0.578125 0.656671
0.796875 0.59375 0.705538
0.8125 0.59375 0.65801
0.765625 0.609375 0.796934
0.78125 0.609375 0.75283
0.765625 0.625 0.798407
0.78125 0.625 0.754221
0.796875 0.609375 0.706912
0.8125 0.609375 0.659291
0.796875 0.625 0.708219
0.8125 0.625 0.66051
0.828125 0.578125 0.607657
0.84375 0.578125 0.55718
0.828125 0.59375 0.608896
0.84375 0.59375 0.558316
0.859375 0.578125 0.50536
0.875 0.578125 0.452323
0.859375 0.59375 0.50639
0.875 0.59375 0.453245
0.828125 0.609375 0.610082
0.84375 0.609375 0.559403
0.828125 0.625 0.61121
0.84375 0.625 0.560437
0.859375 0.609375 0.507377
0.875 0.609375 0.454128
0.859375 0.625 0.508314
0.875 0.625 0.454967
0.890625 0.515625 0.394565
0.90625 0.515625 0.339981
0.890625 0.53125 0.39553
0.90625 0.53125 0.340812
0.921875 0.515625 0.284578
0.9375 0.515625 0.22849
0.921875 0.53125 0.285274
0.9375 0.53125 0.229048
0.890625 0.546875 0.396457
0.90625 0.546875 0.341612
0.890625 0.5625 0.397344
0.90625 0.5625 0.342376
0.921875 0.546875 0.285943
0.9375 0.546875 0.229585
0.921875 0.5625 0.286583
0.9375 0.5625 0.230099
0.953125 0.515625 0.171851
0.96875 0.515625 0.114798
0.953125 0.53125 0.172271
0.96875 0.53125 0.115078
0.984375 0.515625 0.0574681
1 0.515625 1.43429e-16
0.984375 0.53125 0.0576085
1 0.53125 1.4378e-16
0.953125 0.546875 0.172675
0.96875 0.546875 0.115348
0.953125 0.5625 0.173061
0.96875 0.5625 0.115606
0.984375 0.546875 0.0577436
1 0.546875 1.44116e-16
0.984375 0.5625 0.0578728
1 0.5625 1.44439e-16
0.890625 0.578125 0.398196
0.90625 0.578125 0.34311
0.890625 0.59375 0.399008
0.90625 0.59375 0.343809
0.921875 0.578125 0.287197
0.9375 0.578125 0.230592
0.921875 0.59375 0.287782
0.9375 0.59375 0.231062
0.890625 0.609375 0.399785
0.90625 0.609375 0.344479
0.890625 0.625 0.400524
0.90625 0.625 0.345115
0.921875 0.609375 0.288343
0.9375 0.609375 0.231512
0.921875 0.625 0.288876
0.9375 0.625 0.23194
0.953125 0.578125 0.173432
0.96875 0.578125 0.115854
0.953125 0.59375 0.173786
0.96875 0.59375 0.11609
0.984375 0.578125 0.0579968
1 0.578125 1.44748e-16
0.984375 0.59375 0.0581151
1 0.59375 1.45044e-16
0.953125 0.609375 0.174124
0.96875 0.609375 0.116316
0.953125 0.625 0.174446
0.96875 0.625 0.116531
0.984375 0.609375 0.0582283
1 0.609375 1.45326e-16
0.984375 0.625 0.0583359
1 0.625 1.45595e-16
0.765625 0.640625 0.799813
0.78125 0.640625 0.75555
0.765625 0.65625 0.801144
0.78125 0.65625 0.756807
0.796875 0.640625 0.709466
0.8125 0.640625 0.661673
0.796875 0.65625 0.710647
0.8125 0.65625 0.662774
0.765625 0.671875 0.802412
0.78125 0.671875 0.758004
0.765625 0.6875 0.803605
0.78125 0.6875 0.759131
0.796875 0.671875 0.711771
0.8125 0.671875 0.663823
0.796875 0.6875 0.712829
0.8125 0.6875 0.66481
0.828125 0.640625 0.612286
0.84375 0.640625 0.561424
0.828125 0.65625 0.613305
0.84375 0.65625 0.562358
0.859375 0.640625 0.50921
0.875 0.640625 0.455768
0.859375 0.65625 0.510057
0.875 0.65625 0.456527
0.828125 0.671875 0.614275
0.84375 0.671875 0.563248
0.828125 0.6875 0.615189
0.84375 0.6875 0.564086
0.859375 0.671875 0.510864
0.875 0.671875 0.457249
0.859375 0.6875 0.511624
0.875 0.6875 0.457929
0.765625 0.703125 0.804737
0.78125 0.703125 0.760201
0.765625 0.71875 0.805796
0.78125 0.71875 0.761202
0.796875 0.703125 0.713833
0.8125 0.703125 0.665746
0.796875 0.71875 0.714773
0.8125 0.71875 0.666623
0.765625 0.734375 0.806797
0.78125 0.734375 0.762147
0.765625 0.75 0.807727
0.78125 0.75 0.763025
0.796875 0.734375 0.715661
0.8125 0.734375 0.667451
0.796875 0.75 0.716486
0.8125 0.75 0.66822
0.828125 0.703125 0.616055
0.84375 0.703125 0.56488
0.828125 0.71875 0.616866
0.84375 0.71875 0.565624
0.859375 0.703125 0.512344
0.875 0.703125 0.458574
0.859375 0.71875 0.513019
0.875 0.71875 0.459178
0.828125 0.734375 0.617633
0.84375 0.734375 0.566326
0.828125 0.75 0.618344
0.84375 0.75 0.566979
0.859375 0.734375 0.513656
0.875 0.734375 0.459748
0.859375 0.75 0.514248
0.875 0.75 0.460278
0.890625 0.640625 0.401229
0.90625 0.640625 0.345723
0.890625 0.65625 0.401897
0.90625 0.65625 0.346299
0.921875 0.640625 0.289385
0.9375 0.640625 0.232349
0.921875 0.65625 0.289866
0.9375 0.65625 0.232735
0.890625 0.671875 0.402533
0.90625 0.671875 0.346846
0.890625 0.6875 0.403131
0.90625 0.6875 0.347362
0.921875 0.671875 0.290325
0.9375 0.671875 0.233103
0.921875 0.6875 0.290756
0.9375 0.6875 0.23345
0.953125 0.640625 0.174753
0.96875 0.640625 0.116736
0.953125 0.65625 0.175044
0.96875 0.65625 0.116931
0.984375 0.640625 0.0584386
1 0.640625 1.45851e-16
0.984375 0.65625 0.0585359
1 0.65625 1.46094e-16
0.953125 0.671875 0.175321
0.96875 0.671875 0.117116
0.953125 0.6875 0.175581
0.96875 0.6875 0.11729
0.984375 0.671875 0.0586285
1 0.671875 1.46325e-16
0.984375 0.6875 0.0587157
1 0.6875 1.46543e-16
0.890625 0.703125 0.403699
0.90625 0.703125 0.347852
0.890625 0.71875 0.404231
0.90625 0.71875 0.34831
0.921875 0.703125 0.291166
0.9375 0.703125 0.233779
0.921875 0.71875 0.291549
0.9375 0.71875 0.234087
0.890625 0.734375 0.404733
0.90625 0.734375 0.348742
0.890625 0.75 0.405199
0.90625 0.75 0.349144
0.921875 0.734375 0.291911
0.9375 0.734375 0.234378
0.921875 0.75 0.292248
0.9375 0.75 0.234648
0.953125 0.703125 0.175829
0.96875 0.703125 0.117455
0.953125 0.71875 0.17606
0.96875 0.71875 0.11761
0.984375 0.703125 0.0587984
1 0.703125 1.46749e-16
0.984375 0.71875 0.0588758
1 0.71875 1.46943e-16
0.953125 0.734375 0.176279
0.96875 0.734375 0.117756
0.953125 0.75 0.176482
0.96875 0.75 0.117891
0.984375 0.734375 0.0589489
1 0.734375 1.47125e-16
0.984375 0.75 0.0590168
1 0.75 1.47295e-16
0.515625 0.765625 1.20261
0.53125 0.765625 1.19827
0.515625 0.78125 1.20381
0.53125 0.78125 1.19946
0.546875 0.765625 1.19103
0.5625 0.765625 1.18093
0.546875 0.78125 1.19222
0.5625 0.78125 1.1821
0.515625 0.796875 1.20492
0.53125 0.796875 1.20057
0.515625 0.8125 1.20594
0.53125 0.8125 1.20158
0.546875 0.796875 1.19332
0.5625 0.796875 1.1832
0.546875 0.8125 1.19432
0.5625 0.8125 1.18419
0.578125 0.765625 1.16798
0.59375 0.765625 1.15222
0.578125 0.78125 1.16914
0.59375 0.78125 1.15336
0.609375 0.765625 1.13368
0.625 0.765625 1.11241
0.609375 0.78125 1.13481
0.625 0.78125 1.11352
0.578125 0.796875 1.17022
0.59375 0.796875 1.15443
0.578125 0.8125 1.17121
0.59375 0.8125 1.1554
0.609375 0.796875 1.13586
0.625 0.796875 1.11455
0.609375 0.8125 1.13681
0.625 0.8125 1.11548
0.515625 0.828125 1.20687
0.53125 0.828125 1.20251
0.515625 0.84375 1.20771
0.53125 0.84375 1.20334
0.546875 0.828125 1.19525
0.5625 0.828125 1.18511
0.546875 0.84375 1.19608
0.5625 0.84375 1.18593
0.515625 0.859375 1.20847
0.53125 0.859375 1.2041
0.515625 0.875 1.20914
0.53125 0.875 1.20477
0.546875 0.859375 1.19684
0.5625 0.859375 1.18668
0.546875 0.875 1.19749
0.5625 0.875 1.18733
0.578125 0.828125 1.17212
0.59375 0.828125 1.1563
0.578125 0.84375 1.17293
0.59375 0.84375 1.1571
0.609375 0.828125 1.1377
0.625 0.828125 1.11635
0.609375 0.84375 1.13848
0.625 0.84375 1.11712
0.578125 0.859375 1.17367
0.59375 0.859375 1.15783
0.578125 0.875 1.17432
0.59375 0.875 1.15847
0.609375 0.859375 1.1392
0.625 0.859375 1.11783
0.609375 0.875 1.13983
0.625 0.875 1.11844
0.640625 0.765625 1.08846
0.65625 0.765625 1.06189
0.640625 0.78125 1.08954
0.65625 0.78125 1.06295
0.671875 0.765625 1.03276
0.6875 0.765625 1.00114
0.671875 0.78125 1.03379
0.6875 0.78125 1.00214
0.640625 0.796875 1.09055
0.65625 0.796875 1.06393
0.640625 0.8125 1.09147
0.65625 0.8125 1.06482
0.671875 0.796875 1.03474
0.6875 0.796875 1.00307
0.671875 0.8125 1.03561
0.6875 0.8125 1.00391
0.703125 0.765625 0.967114
0.71875 0.765625 0.930755
0.703125 0.78125 0.968075
0.71875 0.78125 0.931679
0.734375 0.765625 0.892153
0.75 0.765625 0.851402
0.734375 0.78125 0.89304
0.75 0.78125 0.852248
0.703125 0.796875 0.968972
0.71875 0.796875 0.932543
0.703125 0.8125 0.969786
0.71875 0.8125 0.933326
0.734375 0.796875 0.893867
0.75 0.796875 0.853038
0.734375 0.8125 0.894618
0.75 0.8125 0.853755
0.640625 0.828125 1.09232
0.65625 0.828125 1.06565
0.640625 0.84375 1.09307
0.65625 0.84375 1.06639
0.671875 0.828125 1.03642
0.6875 0.828125 1.00469
0.671875 0.84375 1.03714
0.6875 0.84375 1.00538
0.640625 0.859375 1.09376
0.65625 0.859375 1.06706
0.640625 0.875 1.09437
0.65625 0.875 1.06765
0.671875 0.859375 1.03779
0.6875 0.859375 1.00602
0.671875 0.875 1.03836
0.6875 0.875 1.00657
0.703125 0.828125 0.970539
0.71875 0.828125 0.934051
0.703125 0.84375 0.971211
0.71875 0.84375 0.934698
0.734375 0.828125 0.895313
0.75 0.828125 0.854418
0.734375 0.84375 0.895933
0.75 0.84375 0.85501
0.703125 0.859375 0.971826
0.71875 0.859375 0.935289
0.703125 0.875 0.972359
0.71875 0.875 0.935803
0.734375 0.859375 0.8965
0.75 0.859375 0.85555
0.734375 0.875 0.896992
0.75 0.875 0.85602
0.515625 0.890625 1.20973
0.53125 0.890625 1.20536
0.515625 0.90625 1.21023
0.53125 0.90625 1.20586
0.546875 0.890625 1.19808
0.5625 0.890625 1.18792
0.546875 0.90625 1.19858
0.5625 0.90625 1.18841
0.515625 0.921875 1.21066
0.53125 0.921875 1.20629
0.515625 0.9375 1.211
0.53125 0.9375 1.20662
0.546875 0.921875 1.199
0.5625 0.921875 1.18883
0.546875 0.9375 1.19934
0.5625 0.9375 1.18916
0.578125 0.890625 1.17489
0.59375 0.890625 1.15904
0.578125 0.90625 1.17538
0.59375 0.90625 1.15951
0.609375 0.890625 1.14039
0.625 0.890625 1.119
0.609375 0.90625 1.14086
0.625 0.90625 1.11946
0.578125 0.921875 1.1758
0.59375 0.921875 1.15993
0.578125 0.9375 1.17612
0.59375 0.9375 1.16025
0.609375 0.921875 1.14127
0.625 0.921875 1.11986
0.609375 0.9375 1.14158
0.625 0.9375 1.12017
0.515625 0.953125 1.21127
0.53125 0.953125 1.2069
0.515625 0.96875 1.21145
0.53125 0.96875 1.20707
0.546875 0.953125 1.19961
0.5625 0.953125 1.18943
0.546875 0.96875 1.19979
0.5625 0.96875 1.18961
0.515625 0.984375 1.21158
0.53125 0.984375 1.2072
0.515625 1 1.2116
0.53125 1 1.20722
0.546875 0.984375 1.19991
0.5625 0.984375 1.18973
0.546875 1 1.19993
0.5625 1 1.18975
0.578125 0.953125 1.17639
0.59375 0.953125 1.16052
0.578125 0.96875 1.17656
0.59375 0.96875 1.16069
0.609375 0.953125 1.14184
0.625 0.953125 1.12042
0.609375 0.96875 1.14201
0.625 0.96875 1.12059
0.578125 0.984375 1.17668
0.59375 0.984375 1.1608
0.578125 1 1.17671
0.59375 1 1.16083
0.609375 0.984375 1.14213
0.625 0.984375 1.1207
0.609375 1 1.14215
0.625 1 1.12072
0.640625 0.890625 1.09491
0.65625 0.890625 1.06818
0.640625 0.90625 1.09535
0.65625 0.90625 1.06862
0.671875 0.890625 1.03887
0.6875 0.890625 1.00707
0.671875 0.90625 1.0393
0.6875 0.90625 1.00748
0.640625 0.921875 1.09575
0.65625 0.921875 1.069
0.640625 0.9375 1.09605
0.65625 0.9375 1.06929
0.671875 0.921875 1.03967
0.6875 0.921875 1.00784
0.671875 0.9375 1.03996
0.6875 0.9375 1.00812
0.703125 0.890625 0.972839
0.71875 0.890625 0.936264
0.703125 0.90625 0.973238
0.71875 0.90625 0.936649
0.734375 0.890625 0.897434
0.75 0.890625 0.856442
0.734375 0.90625 0.897803
0.75 0.90625 0.856794
0.703125 0.921875 0.973587
0.71875 0.921875 0.936985
0.703125 0.9375 0.973856
0.71875 0.9375 0.937244
0.734375 0.921875 0.898125
0.75 0.921875 0.857101
0.734375 0.9375 0.898373
0.75 0.9375 0.857338
0.640625 0.953125 1.0963
0.65625 0.953125 1.06954
0.640625 0.96875 1.09646
0.65625 0.96875 1.06969
0.671875 0.953125 1.0402
0.6875 0.953125 1.00835
0.671875 0.96875 1.04035
0.6875 0.96875 1.0085
0.640625 0.984375 1.09657
0.65625 0.984375 1.0698
0.640625 1 1.0966
0.65625 1 1.06983
0.671875 0.984375 1.04046
0.6875 0.984375 1.0086
0.671875 1 1.04048
0.6875 1 1.00862
0.703125 0.953125 0.974078
0.71875 0.953125 0.937457
0.703125 0.96875 0.974221
0.71875 0.96875 0.937595
0.734375 0.953125 0.898578
0.75 0.953125 0.857534
0.734375 0.96875 0.89871
0.75 0.96875 0.857659
0.703125 0.984375 0.97432
0.71875 0.984375 0.93769
0.703125 1 0.974341
0.71875 1 0.93771
0.734375 0.984375 0.898801
0.75 0.984375 0.857747
0.734375 1 0.89882
0.75 1 0.857764
0.765625 0.765625 0.8086
0.78125 0.765625 0.763851
0.765625 0.78125 0.809404
0.78125 0.78125 0.76461
0.796875 0.765625 0.717261
0.8125 0.765625 0.668943
0.796875 0.78125 0.717973
0.8125 0.78125 0.669607
0.765625 0.796875 0.810154
0.78125 0.796875 0.765318
0.765625 0.8125 0.810835
0.78125 0.8125 0.765961
0.796875 0.796875 0.718638
0.8125 0.796875 0.670228
0.796875 0.8125 0.719242
0.8125 0.8125 0.670791
0.828125 0.765625 0.619013
0.84375 0.765625 0.567592
0.828125 0.78125 0.619628
0.84375 0.78125 0.568156
0.859375 0.765625 0.514804
0.875 0.765625 0.460776
0.859375 0.78125 0.515315
0.875 0.78125 0.461233
0.828125 0.796875 0.620202
0.84375 0.796875 0.568683
0.828125 0.8125 0.620723
0.84375 0.8125 0.56916
0.859375 0.796875 0.515793
0.875 0.796875 0.461661
0.859375 0.8125 0.516226
0.875 0.8125 0.462049
0.765625 0.828125 0.811465
0.78125 0.828125 0.766556
0.765625 0.84375 0.812026
0.78125 0.84375 0.767087
0.796875 0.828125 0.719801
0.8125 0.828125 0.671312
0.796875 0.84375 0.720299
0.8125 0.84375 0.671777
0.765625 0.859375 0.81254
0.78125 0.859375 0.767572
0.765625 0.875 0.812986
0.78125 0.875 0.767994
0.796875 0.859375 0.720755
0.8125 0.859375 0.672202
0.796875 0.875 0.721151
0.8125 0.875 0.672571
0.828125 0.828125 0.621206
0.84375 0.828125 0.569603
0.828125 0.84375 0.621636
0.84375 0.84375 0.569997
0.859375 0.828125 0.516627
0.875 0.828125 0.462408
0.859375 0.84375 0.516985
0.875 0.84375 0.462728
0.828125 0.859375 0.622029
0.84375 0.859375 0.570358
0.828125 0.875 0.62237
0.84375 0.875 0.570671
0.859375 0.859375 0.517312
0.875 0.859375 0.463021
0.859375 0.875 0.517596
0.875 0.875 0.463275
0.890625 0.765625 0.405637
0.90625 0.765625 0.349522
0.890625 0.78125 0.40604
0.90625 0.78125 0.349869
0.921875 0.765625 0.292564
0.9375 0.765625 0.234901
0.921875 0.78125 0.292855
0.9375 0.78125 0.235135
0.890625 0.796875 0.406416
0.90625 0.796875 0.350193
0.890625 0.8125 0.406758
0.90625 0.8125 0.350487
0.921875 0.796875 0.293126
0.9375 0.796875 0.235353
0.921875 0.8125 0.293372
0.9375 0.8125 0.23555
0.953125 0.765625 0.176673
0.96875 0.765625 0.118019
0.953125 0.78125 0.176849
0.96875 0.78125 0.118136
0.984375 0.765625 0.0590807
1 0.765625 1.47454e-16
0.984375 0.78125 0.0591394
1 0.78125 1.47601e-16
0.953125 0.796875 0.177012
0.96875 0.796875 0.118246
0.953125 0.8125 0.177161
0.96875 0.8125 0.118345
0.984375 0.796875 0.0591941
1 0.796875 1.47737e-16
0.984375 0.8125 0.0592439
1 0.8125 1.47862e-16
0.890625 0.828125 0.407074
0.90625 0.828125 0.35076
0.890625 0.84375 0.407356
0.90625 0.84375 0.351002
0.921875 0.828125 0.2936
0.9375 0.828125 0.235733
0.921875 0.84375 0.293803
0.9375 0.84375 0.235897
0.890625 0.859375 0.407614
0.90625 0.859375 0.351224
0.890625 0.875 0.407837
0.90625 0.875 0.351417
0.921875 0.859375 0.293989
0.9375 0.859375 0.236046
0.921875 0.875 0.294151
0.9375 0.875 0.236175
0.953125 0.828125 0.177299
0.96875 0.828125 0.118437
0.953125 0.84375 0.177422
0.96875 0.84375 0.118519
0.984375 0.828125 0.0592899
1 0.828125 1.47976e-16
0.984375 0.84375 0.059331
1 0.84375 1.48079e-16
0.953125 0.859375 0.177534
0.96875 0.859375 0.118594
0.953125 0.875 0.177631
0.96875 0.875 0.118659
0.984375 0.859375 0.0593685
1 0.859375 1.48172e-16
0.984375 0.875 0.0594011
1 0.875 1.48255e-16
0.765625 0.890625 0.813387
0.78125 0.890625 0.768372
0.765625 0.90625 0.813721
0.78125 0.90625 0.768688
0.796875 0.890625 0.721507
0.8125 0.890625 0.672902
0.796875 0.90625 0.721803
0.8125 0.90625 0.673179
0.765625 0.921875 0.814013
0.78125 0.921875 0.768963
0.765625 0.9375 0.814238
0.78125 0.9375 0.769176
0.796875 0.921875 0.722061
0.8125 0.921875 0.67342
0.796875 0.9375 0.722261
0.8125 0.9375 0.673606
0.828125 0.890625 0.622677
0.84375 0.890625 0.570952
0.828125 0.90625 0.622933
0.84375 0.90625 0.571187
0.859375 0.890625 0.517852
0.875 0.890625 0.463503
0.859375 0.90625 0.518064
0.875 0.90625 0.463694
0.828125 0.921875 0.623156
0.84375 0.921875 0.571391
0.828125 0.9375 0.623329
0.84375 0.9375 0.571549
0.859375 0.921875 0.51825
0.875 0.921875 0.46386
0.859375 0.9375 0.518393
0.875 0.9375 0.463988
0.765625 0.953125 0.814423
0.78125 0.953125 0.769351
0.765625 0.96875 0.814543
0.78125 0.96875 0.769464
0.796875 0.953125 0.722426
0.8125 0.953125 0.67376
0.796875 0.96875 0.722532
0.8125 0.96875 0.673859
0.765625 0.984375 0.814626
0.78125 0.984375 0.769543
0.765625 1 0.814643
0.78125 1 0.769558
0.796875 0.984375 0.722605
0.8125 0.984375 0.673927
0.796875 1 0.72262
0.8125 1 0.673941
0.828125 0.953125 0.623471
0.84375 0.953125 0.57168
0.828125 0.96875 0.623562
0.84375 0.96875 0.571763
0.859375 0.953125 0.518511
0.875 0.953125 0.464094
0.859375 0.96875 0.518587
0.875 0.96875 0.464162
0.828125 0.984375 0.623626
0.84375 0.984375 0.571822
0.828125 1 0.623639
0.84375 1 0.571833
0.859375 0.984375 0.51864
0.875 0.984375 0.464209
0.859375 1 0.518651
0.875 1 0.464219
0.890625 0.890625 0.408038
0.90625 0.890625 0.351591
0.890625 0.90625 0.408206
0.90625 0.90625 0.351735
0.921875 0.890625 0.294296
0.9375 0.890625 0.236292
0.921875 0.90625 0.294417
0.9375 0.90625 0.236389
0.890625 0.921875 0.408352
0.90625 0.921875 0.351861
0.890625 0.9375 0.408465
0.90625 0.9375 0.351958
0.921875 0.921875 0.294522
0.9375 0.921875 0.236474
0.921875 0.9375 0.294604
0.9375 0.9375 0.236539
0.953125 0.890625 0.177719
0.96875 0.890625 0.118718
0.953125 0.90625 0.177792
0.96875 0.90625 0.118766
0.984375 0.890625 0.0594304
1 0.890625 1.48327e-16
0.984375 0.90625 0.0594548
1 0.90625 1.48389e-16
0.953125 0.921875 0.177856
0.96875 0.921875 0.118809
0.953125 0.9375 0.177905
0.96875 0.9375 0.118842
0.984375 0.921875 0.0594761
1 0.921875 1.48441e-16
0.984375 0.9375 0.0594926
1 0.9375 1.48483e-16
0.890625 0.953125 0.408558
0.90625 0.953125 0.352039
0.890625 0.96875 0.408618
0.90625 0.96875 0.35209
0.921875 0.953125 0.294671
0.9375 0.953125 0.236593
0.921875 0.96875 0.294714
0.9375 0.96875 0.236628
0.890625 0.984375 0.40866
0.90625 0.984375 0.352126
0.890625 1 0.408668
0.90625 1 0.352133
0.921875 0.984375 0.294744
0.9375 0.984375 0.236652
0.921875 1 0.29475
0.9375 1 0.236657
0.953125 0.953125 0.177945
0.96875 0.953125 0.118869
0.953125 0.96875 0.177971
0.96875 0.96875 0.118886
0.984375 0.953125 0.0595061
1 0.953125 1.48516e-16
0.984375 0.96875 0.0595148
1 0.96875 1.48539e-16
0.953125 0.984375 0.177989
0.96875 0.984375 0.118898
0.953125 1 0.177993
0.96875 1 0.118901
0.984375 0.984375 0.0595209
1 0.984375 1.48553e-16
0.984375 1 0.0595221
1 1 1.48557e-16
