x t u
0 0 0
0.0078125 0 0.0245412
0 0.0078125 0
0.0078125 0.0078125 0.0246365
0.015625 0 0.0490677
0.015625 0.0078125 0.0492583
0 0.015625 0
0.0078125 0.015625 0.0247307
0.015625 0.015625 0.0494466
0.0234375 0 0.0735646
0.0234375 0.0078125 0.0738503
0.03125 0 0.0980171
0.03125 0.0078125 0.0983978
0.0234375 0.015625 0.0741326
0.03125 0.015625 0.098774
0 0.0234375 0
0.0078125 0.0234375 0.0248238
0.015625 0.0234375 0.0496327
0 0.03125 0
0.0078125 0.03125 0.0249158
0.015625 0.03125 0.0498166
0.0234375 0.0234375 0.0744117
0.03125 0.0234375 0.0991458
0.0234375 0.03125 0.0746874
0.03125 0.03125 0.0995132
0.0390625 0 0.122411
0.0390625 0.0078125 0.122886
0.046875 0 0.14673
0.046875 0.0078125 0.1473
0.0390625 0.015625 0.123356
0.046875 0.015625 0.147864
0.0546875 0 0.170962
0.0546875 0.0078125 0.171626
0.0625 0 0.19509
0.0625 0.0078125 0.195848
0.0546875 0.015625 0.172282
0.0625 0.015625 0.196597
0.0390625 0.0234375 0.12382
0.046875 0.0234375 0.14842
0.0390625 0.03125 0.124279
0.046875 0.03125 0.14897
0.0546875 0.0234375 0.172931
0.0625 0.0234375 0.197337
0.0546875 0.03125 0.173571
0.0625 0.03125 0.198068
0 0.0390625 0
0.0078125 0.0390625 0.0250067
0.015625 0.0390625 0.0499984
0 0.046875 0
0.0078125 0.046875 0.0250965
0.015625 0.046875 0.0501779
0.0234375 0.0390625 0.0749599
0.03125 0.0390625 0.0998763
0.0234375 0.046875 0.0752291
0.03125 0.046875 0.100235
0 0.0546875 0
0.0078125 0.0546875 0.0251852
0.015625 0.0546875 0.0503553
0 0.0625 0
0.0078125 0.0625 0.0252729
0.015625 0.0625 0.0505305
0.0234375 0.0546875 0.075495
0.03125 0.0546875 0.100589
0.0234375 0.0625 0.0757577
0.03125 0.0625 0.100939
0.0390625 0.0390625 0.124732
0.046875 0.0390625 0.149514
0.0390625 0.046875 0.12518
0.046875 0.046875 0.15005
0.0546875 0.0390625 0.174205
0.0625 0.0390625 0.198791
0.0546875 0.046875 0.17483
0.0625 0.046875 0.199504
0.0390625 0.0546875 0.125623
0.046875 0.0546875 0.150581
0.0390625 0.0625 0.12606
0.046875 0.0625 0.151105
0.0546875 0.0546875 0.175448
0.0625 0.0546875 0.20021
0.0546875 0.0625 0.176059
0.0625 0.0625 0.200907
0.0703125 0 0.219101
0.0703125 0.0078125 0.219952
0.078125 0 0.24298
0.078125 0.0078125 0.243924
0.0703125 0.015625 0.220793
0.078125 0.015625 0.244857
0.0859375 0 0.266713
0.0859375 0.0078125 0.267749
0.09375 0 0.290285
0.09375 0.0078125 0.291412
0.0859375 0.015625 0.268772
0.09375 0.015625 0.292526
0.0703125 0.0234375 0.221624
0.078125 0.0234375 0.245778
0.0703125 0.03125 0.222445
0.078125 0.03125 0.246689
0.0859375 0.0234375 0.269784
0.09375 0.0234375 0.293627
0.0859375 0.03125 0.270784
0.09375 0.03125 0.294715
0.101562 0 0.313682
0.101562 0.0078125 0.3149
0.109375 0 0.33689
0.109375 0.0078125 0.338198
0.101562 0.015625 0.316104
0.109375 0.015625 0.339491
0.117188 0 0.359895
0.117188 0.0078125 0.361293
0.125 0 0.382683
0.125 0.0078125 0.38417
0.117188 0.015625 0.362674
0.125 0.015625 0.385639
0.101562 0.0234375 0.317294
0.109375 0.0234375 0.340769
0.101562 0.03125 0.31847
0.109375 0.03125 0.342032
0.117188 0.0234375 0.364039
0.125 0.0234375 0.38709
0.117188 0.03125 0.365388
0.125 0.03125 0.388525
0.0703125 0.0390625 0.223257
0.078125 0.0390625 0.247589
0.0703125 0.046875 0.224059
0.078125 0.046875 0.248478
0.0859375 0.0390625 0.271772
0.09375 0.0390625 0.295791
0.0859375 0.046875 0.272747
0.09375 0.046875 0.296853
0.0703125 0.0546875 0.224851
0.078125 0.0546875 0.249356
0.0703125 0.0625 0.225633
0.078125 0.0625 0.250224
0.0859375 0.0546875 0.273712
0.09375 0.0546875 0.297902
0.0859375 0.0625 0.274664
0.09375 0.0625 0.298939
0.101562 0.0390625 0.319631
0.109375 0.0390625 0.34328
0.101562 0.046875 0.320779
0.109375 0.046875 0.344512
0.117188 0.0390625 0.366721
0.125 0.0390625 0.389942
0.117188 0.046875 0.368038
0.125 0.046875 0.391342
0.101562 0.0546875 0.321913
0.109375 0.0546875 0.34573
0.101562 0.0625 0.323034
0.109375 0.0625 0.346934
0.117188 0.0546875 0.369339
0.125 0.0546875 0.392726
0.117188 0.0625 0.370625
0.125 0.0625 0.394092
0 0.0703125 0
0.0078125 0.0703125 0.0253595
0.015625 0.0703125 0.0507036
0 0.078125 0
0.0078125 0.078125 0.025445
0.015625 0.078125 0.0508746
0.0234375 0.0703125 0.0760173
0.03125 0.0703125 0.101285
0.0234375 0.078125 0.0762736
0.03125 0.078125 0.101627
0 0.0859375 0
0.0078125 0.0859375 0.0255294
0.015625 0.0859375 0.0510435
0 0.09375 0
0.0078125 0.09375 0.0256129
0.015625 0.09375 0.0512103
0.0234375 0.0859375 0.0765268
0.03125 0.0859375 0.101964
0.0234375 0.09375 0.0767769
0.03125 0.09375 0.102297
0.0390625 0.0703125 0.126492
0.046875 0.0703125 0.151623
0.0390625 0.078125 0.126919
0.046875 0.078125 0.152134
0.0546875 0.0703125 0.176662
0.0625 0.0703125 0.201595
0.0546875 0.078125 0.177258
0.0625 0.078125 0.202275
0.0390625 0.0859375 0.12734
0.046875 0.0859375 0.152639
0.0390625 0.09375 0.127756
0.046875 0.09375 0.153138
0.0546875 0.0859375 0.177846
0.0625 0.0859375 0.202946
0.0546875 0.09375 0.178427
0.0625 0.09375 0.203609
0 0.101562 0
0.0078125 0.101562 0.0256953
0.015625 0.101562 0.051375
0 0.109375 0
0.0078125 0.109375 0.0257766
0.015625 0.109375 0.0515377
0.0234375 0.101562 0.0770239
0.03125 0.101562 0.102626
0.0234375 0.109375 0.0772677
0.03125 0.109375 0.102951
0 0.117188 0
0.0078125 0.117188 0.0258569
0.015625 0.117188 0.0516983
0 0.125 0
0.0078125 0.125 0.0259362
0.015625 0.125 0.0518569
0.0234375 0.117188 0.0775085
0.03125 0.117188 0.103272
0.0234375 0.125 0.0777462
0.03125 0.125 0.103589
0.0390625 0.101562 0.128167
0.046875 0.101562 0.15363
0.0390625 0.109375 0.128573
0.046875 0.109375 0.154117
0.0546875 0.101562 0.179001
0.0625 0.101562 0.204264
0.0546875 0.109375 0.179568
0.0625 0.109375 0.204911
0.0390625 0.117188 0.128973
0.046875 0.117188 0.154597
0.0390625 0.125 0.129369
0.046875 0.125 0.155071
0.0546875 0.117188 0.180128
0.0625 0.117188 0.20555
0.0546875 0.125 0.18068
0.0625 0.125 0.20618
0.0703125 0.0703125 0.226406
0.078125 0.0703125 0.251081
0.0703125 0.078125 0.22717
0.078125 0.078125 0.251928
0.0859375 0.0703125 0.275605
0.09375 0.0703125 0.299963
0.0859375 0.078125 0.276535
0.09375 0.078125 0.300975
0.0703125 0.0859375 0.227924
0.078125 0.0859375 0.252764
0.0703125 0.09375 0.228669
0.078125 0.09375 0.25359
0.0859375 0.0859375 0.277453
0.09375 0.0859375 0.301974
0.0859375 0.09375 0.278359
0.09375 0.09375 0.302961
0.101562 0.0703125 0.32414
0.109375 0.0703125 0.348122
0.101562 0.078125 0.325233
0.109375 0.078125 0.349296
0.117188 0.0703125 0.371894
0.125 0.0703125 0.395443
0.117188 0.078125 0.373148
0.125 0.078125 0.396776
0.101562 0.0859375 0.326313
0.109375 0.0859375 0.350456
0.101562 0.09375 0.327379
0.109375 0.09375 0.351601
0.117188 0.0859375 0.374387
0.125 0.0859375 0.398093
0.117188 0.09375 0.375611
0.125 0.09375 0.399394
0.0703125 0.101562 0.229404
0.078125 0.101562 0.254406
0.0703125 0.109375 0.230131
0.078125 0.109375 0.255212
0.0859375 0.101562 0.279255
0.09375 0.101562 0.303935
0.0859375 0.109375 0.280139
0.09375 0.109375 0.304897
0.0703125 0.117188 0.230848
0.078125 0.117188 0.256007
0.0703125 0.125 0.231556
0.078125 0.125 0.256792
0.0859375 0.117188 0.281012
0.09375 0.117188 0.305847
0.0859375 0.125 0.281874
0.09375 0.125 0.306785
0.101562 0.101562 0.328432
0.109375 0.101562 0.352732
0.101562 0.109375 0.329472
0.109375 0.109375 0.353848
0.117188 0.101562 0.376819
0.125 0.101562 0.400679
0.117188 0.109375 0.378012
0.125 0.109375 0.401947
0.101562 0.117188 0.330499
0.109375 0.117188 0.354951
0.101562 0.125 0.331513
0.109375 0.125 0.35604
0.117188 0.117188 0.37919
0.125 0.117188 0.4032
0.117188 0.125 0.380353
0.125 0.125 0.404437
0.132812 0 0.405241
0.132812 0.0078125 0.406815
0.140625 0 0.427555
0.140625 0.0078125 0.429216
0.132812 0.015625 0.408371
0.140625 0.015625 0.430857
0.148438 0 0.449611
0.148438 0.0078125 0.451358
0.15625 0 0.471397
0.15625 0.0078125 0.473228
0.148438 0.015625 0.453083
0.15625 0.015625 0.475037
0.132812 0.0234375 0.409908
0.140625 0.0234375 0.432479
0.132812 0.03125 0.411427
0.140625 0.03125 0.434081
0.148438 0.0234375 0.454789
0.15625 0.0234375 0.476825
0.148438 0.03125 0.456474
0.15625 0.03125 0.478592
0.164062 0 0.492898
0.164062 0.0078125 0.494813
0.171875 0 0.514103
0.171875 0.0078125 0.5161
0.164062 0.015625 0.496704
0.171875 0.015625 0.518073
0.179688 0 0.534998
0.179688 0.0078125 0.537076
0.1875 0 0.55557
0.1875 0.0078125 0.557728
0.179688 0.015625 0.539129
0.1875 0.015625 0.55986
0.164062 0.0234375 0.498574
0.171875 0.0234375 0.520023
0.164062 0.03125 0.500422
0.171875 0.03125 0.52195
0.179688 0.0234375 0.541158
0.1875 0.0234375 0.561968
0.179688 0.03125 0.543164
0.1875 0.03125 0.56405
0.132812 0.0390625 0.412928
0.140625 0.0390625 0.435665
0.132812 0.046875 0.41441
0.140625 0.046875 0.437229
0.148438 0.0390625 0.458139
0.15625 0.0390625 0.480338
0.148438 0.046875 0.459784
0.15625 0.046875 0.482063
0.132812 0.0546875 0.415876
0.140625 0.0546875 0.438775
0.132812 0.0625 0.417323
0.140625 0.0625 0.440302
0.148438 0.0546875 0.46141
0.15625 0.0546875 0.483767
0.148438 0.0625 0.463016
0.15625 0.0625 0.48545
0.164062 0.0390625 0.502247
0.171875 0.0390625 0.523854
0.164062 0.046875 0.504051
0.171875 0.046875 0.525735
0.179688 0.0390625 0.545145
0.1875 0.0390625 0.566108
0.179688 0.046875 0.547103
0.1875 0.046875 0.568141
0.164062 0.0546875 0.505833
0.171875 0.0546875 0.527594
0.164062 0.0625 0.507593
0.171875 0.0625 0.52943
0.179688 0.0546875 0.549037
0.1875 0.0546875 0.570149
0.179688 0.0625 0.550947
0.1875 0.0625 0.572133
0.195312 0 0.575808
0.195312 0.0078125 0.578045
0.203125 0 0.595699
0.203125 0.0078125 0.598013
0.195312 0.015625 0.580255
0.203125 0.015625 0.600299
0.210938 0 0.615232
0.210938 0.0078125 0.617621
0.21875 0 0.634393
0.21875 0.0078125 0.636857
0.210938 0.015625 0.619983
0.21875 0.015625 0.639292
0.195312 0.0234375 0.582439
0.203125 0.0234375 0.602559
0.195312 0.03125 0.584597
0.203125 0.03125 0.604792
0.210938 0.0234375 0.622316
0.21875 0.0234375 0.641699
0.210938 0.03125 0.624622
0.21875 0.03125 0.644076
0.226562 0 0.653173
0.226562 0.0078125 0.65571
0.234375 0 0.671559
0.234375 0.0078125 0.674167
0.226562 0.015625 0.658217
0.234375 0.015625 0.676745
0.242188 0 0.689541
0.242188 0.0078125 0.692219
0.25 0 0.707107
0.25 0.0078125 0.709853
0.242188 0.015625 0.694865
0.25 0.015625 0.712567
0.226562 0.0234375 0.660694
0.234375 0.0234375 0.679292
0.226562 0.03125 0.663143
0.234375 0.03125 0.681809
0.242188 0.0234375 0.697481
0.25 0.0234375 0.715249
0.242188 0.03125 0.700065
0.25 0.03125 0.7179
0.195312 0.0390625 0.58673
0.203125 0.0390625 0.606998
0.195312 0.046875 0.588837
0.203125 0.046875 0.609178
0.210938 0.0390625 0.626901
0.21875 0.0390625 0.646426
0.210938 0.046875 0.629152
0.21875 0.046875 0.648747
0.195312 0.0546875 0.590918
0.203125 0.0546875 0.611331
0.195312 0.0625 0.592975
0.203125 0.0625 0.613459
0.210938 0.0546875 0.631376
0.21875 0.0546875 0.651041
0.210938 0.0625 0.633573
0.21875 0.0625 0.653306
0.226562 0.0390625 0.665562
0.234375 0.0390625 0.684297
0.226562 0.046875 0.667952
0.234375 0.046875 0.686754
0.242188 0.0390625 0.702619
0.25 0.0390625 0.720519
0.242188 0.046875 0.705142
0.25 0.046875 0.723106
0.226562 0.0546875 0.670313
0.234375 0.0546875 0.689182
0.226562 0.0625 0.672646
0.234375 0.0625 0.69158
0.242188 0.0546875 0.707635
0.25 0.0546875 0.725662
0.242188 0.0625 0.710098
0.25 0.0625 0.728188
0.132812 0.0703125 0.418752
0.140625 0.0703125 0.44181
0.132812 0.078125 0.420165
0.140625 0.078125 0.4433
0.148438 0.0703125 0.464602
0.15625 0.0703125 0.487114
0.148438 0.078125 0.466169
0.15625 0.078125 0.488756
0.132812 0.0859375 0.421559
0.140625 0.0859375 0.444772
0.132812 0.09375 0.422937
0.140625 0.09375 0.446225
0.148438 0.0859375 0.467716
0.15625 0.0859375 0.490379
0.148438 0.09375 0.469244
0.15625 0.09375 0.491981
0.164062 0.0703125 0.509332
0.171875 0.0703125 0.531243
0.164062 0.078125 0.51105
0.171875 0.078125 0.533035
0.179688 0.0703125 0.552835
0.1875 0.0703125 0.574094
0.179688 0.078125 0.554699
0.1875 0.078125 0.57603
0.164062 0.0859375 0.512746
0.171875 0.0859375 0.534805
0.164062 0.09375 0.514422
0.171875 0.09375 0.536552
0.179688 0.0859375 0.556541
0.1875 0.0859375 0.577942
0.179688 0.09375 0.558359
0.1875 0.09375 0.57983
0.132812 0.101562 0.424297
0.140625 0.101562 0.44766
0.132812 0.109375 0.425641
0.140625 0.109375 0.449078
0.148438 0.101562 0.470754
0.15625 0.101562 0.493564
0.148438 0.109375 0.472244
0.15625 0.109375 0.495126
0.132812 0.117188 0.426967
0.140625 0.117188 0.450477
0.132812 0.125 0.428277
0.140625 0.125 0.451859
0.148438 0.117188 0.473716
0.15625 0.117188 0.496669
0.148438 0.125 0.475169
0.15625 0.125 0.498193
0.164062 0.101562 0.516076
0.171875 0.101562 0.538278
0.164062 0.109375 0.51771
0.171875 0.109375 0.539982
0.179688 0.101562 0.560155
0.1875 0.101562 0.581695
0.179688 0.109375 0.561929
0.1875 0.109375 0.583537
0.164062 0.117188 0.519323
0.171875 0.117188 0.541665
0.164062 0.125 0.520916
0.171875 0.125 0.543326
0.179688 0.117188 0.56368
0.1875 0.117188 0.585356
0.179688 0.125 0.565409
0.1875 0.125 0.587151
0.195312 0.0703125 0.595006
0.203125 0.0703125 0.615561
0.195312 0.078125 0.597013
0.203125 0.078125 0.617636
0.210938 0.0703125 0.635744
0.21875 0.0703125 0.655545
0.210938 0.078125 0.637888
0.21875 0.078125 0.657755
0.195312 0.0859375 0.598995
0.203125 0.0859375 0.619687
0.195312 0.09375 0.600952
0.203125 0.09375 0.621712
0.210938 0.0859375 0.640006
0.21875 0.0859375 0.659939
0.210938 0.09375 0.642097
0.21875 0.09375 0.662095
0.226562 0.0703125 0.67495
0.234375 0.0703125 0.693949
0.226562 0.078125 0.677226
0.234375 0.078125 0.69629
0.242188 0.0703125 0.712531
0.25 0.0703125 0.730682
0.242188 0.078125 0.714933
0.25 0.078125 0.733146
0.226562 0.0859375 0.679475
0.234375 0.0859375 0.698601
0.226562 0.09375 0.681695
0.234375 0.09375 0.700884
0.242188 0.0859375 0.717307
0.25 0.0859375 0.73558
0.242188 0.09375 0.719651
0.25 0.09375 0.737984
0.195312 0.101562 0.602885
0.203125 0.101562 0.623711
0.195312 0.109375 0.604794
0.203125 0.109375 0.625686
0.210938 0.101562 0.644162
0.21875 0.101562 0.664225
0.210938 0.109375 0.646202
0.21875 0.109375 0.666328
0.195312 0.117188 0.606678
0.203125 0.117188 0.627636
0.195312 0.125 0.608539
0.203125 0.125 0.629561
0.210938 0.117188 0.648215
0.21875 0.117188 0.668404
0.210938 0.125 0.650204
0.21875 0.125 0.670454
0.226562 0.101562 0.683888
0.234375 0.101562 0.703138
0.226562 0.109375 0.686053
0.234375 0.109375 0.705364
0.242188 0.101562 0.721966
0.25 0.101562 0.740358
0.242188 0.109375 0.724251
0.25 0.109375 0.742702
0.226562 0.117188 0.688191
0.234375 0.117188 0.707563
0.226562 0.125 0.690302
0.234375 0.125 0.709733
0.242188 0.117188 0.726508
0.25 0.117188 0.745016
0.242188 0.125 0.728736
0.25 0.125 0.747301
0 0.132812 0
0.0078125 0.132812 0.0260145
0.015625 0.132812 0.0520134
0 0.140625 0
0.0078125 0.140625 0.0260918
0.015625 0.140625 0.0521679
0.0234375 0.132812 0.0779809
0.03125 0.132812 0.103902
0.0234375 0.140625 0.0782126
0.03125 0.140625 0.10421
0 0.148438 0
0.0078125 0.148438 0.0261681
0.015625 0.148438 0.0523205
0 0.15625 0
0.0078125 0.15625 0.0262434
0.015625 0.15625 0.052471
0.0234375 0.148438 0.0784413
0.03125 0.148438 0.104515
0.0234375 0.15625 0.078667
0.03125 0.15625 0.104816
0.0390625 0.132812 0.129759
0.046875 0.132812 0.155539
0.0390625 0.140625 0.130145
0.046875 0.140625 0.156001
0.0546875 0.132812 0.181225
0.0625 0.132812 0.206802
0.0546875 0.140625 0.181764
0.0625 0.140625 0.207417
0.0390625 0.148438 0.130526
0.046875 0.148438 0.156458
0.0390625 0.15625 0.130901
0.046875 0.15625 0.156908
0.0546875 0.148438 0.182295
0.0625 0.148438 0.208023
0.0546875 0.15625 0.18282
0.0625 0.15625 0.208622
0 0.164062 0
0.0078125 0.164062 0.0263177
0.015625 0.164062 0.0526196
0 0.171875 0
0.0078125 0.171875 0.0263911
0.015625 0.171875 0.0527663
0.0234375 0.164062 0.0788898
0.03125 0.164062 0.105113
0.0234375 0.171875 0.0791097
0.03125 0.171875 0.105405
0 0.179688 0
0.0078125 0.179688 0.0264634
0.015625 0.179688 0.052911
0 0.1875 0
0.0078125 0.1875 0.0265348
0.015625 0.1875 0.0530537
0.0234375 0.179688 0.0793266
0.03125 0.179688 0.105694
0.0234375 0.1875 0.0795406
0.03125 0.1875 0.10598
0.0390625 0.164062 0.131272
0.046875 0.164062 0.157352
0.0390625 0.171875 0.131638
0.046875 0.171875 0.157791
0.0546875 0.164062 0.183338
0.0625 0.164062 0.209213
0.0546875 0.171875 0.183849
0.0625 0.171875 0.209796
0.0390625 0.179688 0.131999
0.046875 0.179688 0.158223
0.0390625 0.1875 0.132355
0.046875 0.1875 0.15865
0.0546875 0.179688 0.184353
0.0625 0.179688 0.210371
0.0546875 0.1875 0.18485
0.0625 0.1875 0.210939
0.0703125 0.132812 0.232255
0.078125 0.132812 0.257567
0.0703125 0.140625 0.232945
0.078125 0.140625 0.258333
0.0859375 0.132812 0.282725
0.09375 0.132812 0.307712
0.0859375 0.140625 0.283565
0.09375 0.140625 0.308626
0.0703125 0.148438 0.233626
0.078125 0.148438 0.259088
0.0703125 0.15625 0.234298
0.078125 0.15625 0.259833
0.0859375 0.148438 0.284394
0.09375 0.148438 0.309528
0.0859375 0.15625 0.285212
0.09375 0.15625 0.310419
0.101562 0.132812 0.332513
0.109375 0.132812 0.357115
0.101562 0.140625 0.333501
0.109375 0.140625 0.358176
0.117188 0.132812 0.381501
0.125 0.132812 0.405658
0.117188 0.140625 0.382634
0.125 0.140625 0.406863
0.101562 0.148438 0.334476
0.109375 0.148438 0.359223
0.101562 0.15625 0.335439
0.109375 0.15625 0.360257
0.117188 0.148438 0.383753
0.125 0.148438 0.408052
0.117188 0.15625 0.384858
0.125 0.15625 0.409227
0.0703125 0.164062 0.234962
0.078125 0.164062 0.260569
0.0703125 0.171875 0.235616
0.078125 0.171875 0.261295
0.0859375 0.164062 0.28602
0.09375 0.164062 0.311298
0.0859375 0.171875 0.286817
0.09375 0.171875 0.312166
0.0703125 0.179688 0.236263
0.078125 0.179688 0.262012
0.0703125 0.1875 0.2369
0.078125 0.1875 0.262719
0.0859375 0.179688 0.287603
0.09375 0.179688 0.313022
0.0859375 0.1875 0.288379
0.09375 0.1875 0.313866
0.101562 0.164062 0.336389
0.109375 0.164062 0.361277
0.101562 0.171875 0.337326
0.109375 0.171875 0.362284
0.117188 0.164062 0.385947
0.125 0.164062 0.410386
0.117188 0.171875 0.387023
0.125 0.171875 0.411529
0.101562 0.179688 0.338251
0.109375 0.179688 0.363277
0.101562 0.1875 0.339164
0.109375 0.1875 0.364257
0.117188 0.179688 0.388084
0.125 0.179688 0.412658
0.117188 0.1875 0.389131
0.125 0.1875 0.413771
0 0.195312 0
0.0078125 0.195312 0.0266053
0.015625 0.195312 0.0531946
0 0.203125 0
0.0078125 0.203125 0.0266748
0.015625 0.203125 0.0533335
0.0234375 0.195312 0.0797518
0.03125 0.195312 0.106261
0.0234375 0.203125 0.0799601
0.03125 0.203125 0.106538
0 0.210938 0
0.0078125 0.210938 0.0267433
0.015625 0.210938 0.0534705
0 0.21875 0
0.0078125 0.21875 0.0268109
0.015625 0.21875 0.0536057
0.0234375 0.210938 0.0801655
0.03125 0.210938 0.106812
0.0234375 0.21875 0.0803682
0.03125 0.21875 0.107082
0.0390625 0.195312 0.132706
0.046875 0.195312 0.159071
0.0390625 0.203125 0.133053
0.046875 0.203125 0.159487
0.0546875 0.195312 0.185341
0.0625 0.195312 0.211499
0.0546875 0.203125 0.185825
0.0625 0.203125 0.212051
0.0390625 0.210938 0.133395
0.046875 0.210938 0.159897
0.0390625 0.21875 0.133732
0.046875 0.21875 0.160301
0.0546875 0.210938 0.186302
0.0625 0.210938 0.212596
0.0546875 0.21875 0.186773
0.0625 0.21875 0.213133
0 0.226562 0
0.0078125 0.226562 0.0268776
0.015625 0.226562 0.053739
0 0.234375 0
0.0078125 0.234375 0.0269433
0.015625 0.234375 0.0538704
0.0234375 0.226562 0.080568
0.03125 0.226562 0.107349
0.0234375 0.234375 0.0807651
0.03125 0.234375 0.107611
0 0.242188 0
0.0078125 0.242188 0.0270082
0.015625 0.242188 0.054
0 0.25 0
0.0078125 0.25 0.0270721
0.015625 0.25 0.0541278
0.0234375 0.242188 0.0809594
0.03125 0.242188 0.10787
0.0234375 0.25 0.0811509
0.03125 0.25 0.108125
0.0390625 0.226562 0.134064
0.046875 0.226562 0.160699
0.0390625 0.234375 0.134392
0.046875 0.234375 0.161092
0.0546875 0.226562 0.187238
0.0625 0.226562 0.213663
0.0546875 0.234375 0.187696
0.0625 0.234375 0.214186
0.0390625 0.242188 0.134716
0.046875 0.242188 0.16148
0.0390625 0.25 0.135034
0.046875 0.25 0.161862
0.0546875 0.242188 0.188147
0.0625 0.242188 0.214701
0.0546875 0.25 0.188592
0.0625 0.25 0.215209
0.0703125 0.195312 0.237529
0.078125 0.195312 0.263416
0.0703125 0.203125 0.238149
0.078125 0.203125 0.264104
0.0859375 0.195312 0.289145
0.09375 0.195312 0.314699
0.0859375 0.203125 0.2899
0.09375 0.203125 0.315521
0.0703125 0.210938 0.238761
0.078125 0.210938 0.264783
0.0703125 0.21875 0.239365
0.078125 0.21875 0.265452
0.0859375 0.210938 0.290645
0.09375 0.210938 0.316332
0.0859375 0.21875 0.29138
0.09375 0.21875 0.317132
0.101562 0.195312 0.340064
0.109375 0.195312 0.365224
0.101562 0.203125 0.340952
0.109375 0.203125 0.366178
0.117188 0.195312 0.390164
0.125 0.195312 0.414869
0.117188 0.203125 0.391183
0.125 0.203125 0.415953
0.101562 0.210938 0.341829
0.109375 0.210938 0.367119
0.101562 0.21875 0.342693
0.109375 0.21875 0.368047
0.117188 0.210938 0.392189
0.125 0.210938 0.417022
0.117188 0.21875 0.39318
0.125 0.21875 0.418076
0.0703125 0.226562 0.23996
0.078125 0.226562 0.266112
0.0703125 0.234375 0.240547
0.078125 0.234375 0.266763
0.0859375 0.226562 0.292104
0.09375 0.226562 0.31792
0.0859375 0.234375 0.292819
0.09375 0.234375 0.318698
0.0703125 0.242188 0.241126
0.078125 0.242188 0.267405
0.0703125 0.25 0.241696
0.078125 0.25 0.268038
0.0859375 0.242188 0.293523
0.09375 0.242188 0.319465
0.0859375 0.25 0.294218
0.09375 0.25 0.32022
0.101562 0.226562 0.343545
0.109375 0.226562 0.368962
0.101562 0.234375 0.344385
0.109375 0.234375 0.369865
0.117188 0.226562 0.394158
0.125 0.226562 0.419116
0.117188 0.234375 0.395122
0.125 0.234375 0.420141
0.101562 0.242188 0.345214
0.109375 0.242188 0.370755
0.101562 0.25 0.34603
0.109375 0.25 0.371632
0.117188 0.242188 0.396072
0.125 0.242188 0.421151
0.117188 0.25 0.397009
0.125 0.25 0.422148
0.132812 0.132812 0.42957
0.140625 0.132812 0.453223
0.132812 0.140625 0.430846
0.140625 0.140625 0.454569
0.148438 0.132812 0.476603
0.15625 0.132812 0.499697
0.148438 0.140625 0.478019
0.15625 0.140625 0.501181
0.132812 0.148438 0.432106
0.140625 0.148438 0.455899
0.132812 0.15625 0.433349
0.140625 0.15625 0.457211
0.148438 0.148438 0.479417
0.15625 0.148438 0.502647
0.148438 0.15625 0.480797
0.15625 0.15625 0.504093
0.164062 0.132812 0.522489
0.171875 0.132812 0.544966
0.164062 0.140625 0.524041
0.171875 0.140625 0.546586
0.179688 0.132812 0.567116
0.1875 0.132812 0.588923
0.179688 0.140625 0.568801
0.1875 0.140625 0.590673
0.164062 0.148438 0.525574
0.171875 0.148438 0.548184
0.164062 0.15625 0.527086
0.171875 0.15625 0.549761
0.179688 0.148438 0.570464
0.1875 0.148438 0.5924
0.179688 0.15625 0.572105
0.1875 0.15625 0.594105
0.132812 0.164062 0.434576
0.140625 0.164062 0.458505
0.132812 0.171875 0.435787
0.140625 0.171875 0.459783
0.148438 0.164062 0.482158
0.15625 0.164062 0.505521
0.148438 0.171875 0.483502
0.15625 0.171875 0.506929
0.132812 0.179688 0.436982
0.140625 0.179688 0.461044
0.132812 0.1875 0.438161
0.140625 0.1875 0.462288
0.148438 0.179688 0.484828
0.15625 0.179688 0.508319
0.148438 0.1875 0.486136
0.15625 0.1875 0.509691
0.164062 0.164062 0.528579
0.171875 0.164062 0.551318
0.164062 0.171875 0.530051
0.171875 0.171875 0.552854
0.179688 0.164062 0.573726
0.1875 0.164062 0.595787
0.179688 0.171875 0.575324
0.1875 0.171875 0.597448
0.164062 0.179688 0.531505
0.171875 0.179688 0.55437
0.164062 0.1875 0.532939
0.171875 0.1875 0.555866
0.179688 0.179688 0.576902
0.1875 0.179688 0.599086
0.179688 0.1875 0.578458
0.1875 0.1875 0.600702
0.195312 0.132812 0.610376
0.203125 0.132812 0.631462
0.195312 0.140625 0.61219
0.203125 0.140625 0.633338
0.210938 0.132812 0.652166
0.21875 0.132812 0.672479
0.210938 0.140625 0.654104
0.21875 0.140625 0.674476
0.195312 0.148438 0.61398
0.203125 0.148438 0.63519
0.195312 0.15625 0.615747
0.203125 0.15625 0.637017
0.210938 0.148438 0.656017
0.21875 0.148438 0.676449
0.210938 0.15625 0.657904
0.21875 0.15625 0.678395
0.226562 0.132812 0.692386
0.234375 0.132812 0.711875
0.226562 0.140625 0.694443
0.234375 0.140625 0.71399
0.242188 0.132812 0.730937
0.25 0.132812 0.749557
0.242188 0.140625 0.733108
0.25 0.140625 0.751784
0.226562 0.148438 0.696473
0.234375 0.148438 0.716078
0.226562 0.15625 0.698477
0.234375 0.15625 0.718139
0.242188 0.148438 0.735252
0.25 0.148438 0.753983
0.242188 0.15625 0.737367
0.25 0.15625 0.756152
0.195312 0.164062 0.61749
0.203125 0.164062 0.638821
0.195312 0.171875 0.619211
0.203125 0.171875 0.640601
0.210938 0.164062 0.659768
0.21875 0.164062 0.680316
0.210938 0.171875 0.661606
0.21875 0.171875 0.682212
0.195312 0.179688 0.620909
0.203125 0.179688 0.642358
0.195312 0.1875 0.622584
0.203125 0.1875 0.644091
0.210938 0.179688 0.66342
0.21875 0.179688 0.684083
0.210938 0.1875 0.66521
0.21875 0.1875 0.685928
0.226562 0.164062 0.700455
0.234375 0.164062 0.720172
0.226562 0.171875 0.702407
0.234375 0.171875 0.722179
0.242188 0.164062 0.739456
0.25 0.164062 0.758294
0.242188 0.171875 0.741516
0.25 0.171875 0.760407
0.226562 0.179688 0.704333
0.234375 0.179688 0.72416
0.226562 0.1875 0.706234
0.234375 0.1875 0.726113
0.242188 0.179688 0.74355
0.25 0.179688 0.762492
0.242188 0.1875 0.745556
0.25 0.1875 0.764549
0.132812 0.195312 0.439325
0.140625 0.195312 0.463515
0.132812 0.203125 0.440472
0.140625 0.203125 0.464726
0.148438 0.195312 0.487426
0.15625 0.195312 0.511044
0.148438 0.203125 0.488699
0.15625 0.203125 0.512379
0.132812 0.210938 0.441604
0.140625 0.210938 0.46592
0.132812 0.21875 0.44272
0.140625 0.21875 0.467097
0.148438 0.210938 0.489955
0.15625 0.210938 0.513695
0.148438 0.21875 0.491194
0.15625 0.21875 0.514994
0.164062 0.195312 0.534354
0.171875 0.195312 0.557342
0.164062 0.203125 0.535749
0.171875 0.203125 0.558797
0.179688 0.195312 0.579994
0.1875 0.195312 0.602297
0.179688 0.203125 0.581509
0.1875 0.203125 0.60387
0.164062 0.210938 0.537126
0.171875 0.210938 0.560233
0.164062 0.21875 0.538484
0.171875 0.21875 0.561649
0.179688 0.210938 0.583003
0.1875 0.210938 0.605422
0.179688 0.21875 0.584477
0.1875 0.21875 0.606952
0.132812 0.226562 0.443821
0.140625 0.226562 0.468259
0.132812 0.234375 0.444906
0.140625 0.234375 0.469404
0.148438 0.226562 0.492415
0.15625 0.226562 0.516275
0.148438 0.234375 0.493619
0.15625 0.234375 0.517537
0.132812 0.242188 0.445977
0.140625 0.242188 0.470534
0.132812 0.25 0.447032
0.140625 0.25 0.471647
0.148438 0.242188 0.494807
0.15625 0.242188 0.518782
0.148438 0.25 0.495978
0.15625 0.25 0.52001
0.164062 0.226562 0.539823
0.171875 0.226562 0.563046
0.164062 0.234375 0.541143
0.171875 0.234375 0.564423
0.179688 0.226562 0.58593
0.1875 0.226562 0.608461
0.179688 0.234375 0.587363
0.1875 0.234375 0.60995
0.164062 0.242188 0.542445
0.171875 0.242188 0.565781
0.164062 0.25 0.543729
0.171875 0.25 0.56712
0.179688 0.242188 0.588777
0.1875 0.242188 0.611417
0.179688 0.25 0.59017
0.1875 0.25 0.612864
0.195312 0.195312 0.624237
0.203125 0.195312 0.645801
0.195312 0.203125 0.625867
0.203125 0.203125 0.647488
0.210938 0.195312 0.666976
0.21875 0.195312 0.68775
0.210938 0.203125 0.668718
0.21875 0.203125 0.689546
0.195312 0.210938 0.627476
0.203125 0.210938 0.649152
0.195312 0.21875 0.629062
0.203125 0.21875 0.650792
0.210938 0.210938 0.670437
0.21875 0.210938 0.691318
0.210938 0.21875 0.672131
0.21875 0.21875 0.693065
0.226562 0.195312 0.708109
0.234375 0.195312 0.728041
0.226562 0.203125 0.709958
0.234375 0.203125 0.729942
0.242188 0.195312 0.747535
0.25 0.195312 0.766579
0.242188 0.203125 0.749487
0.25 0.203125 0.768581
0.226562 0.210938 0.711782
0.234375 0.210938 0.731818
0.226562 0.21875 0.713581
0.234375 0.21875 0.733668
0.242188 0.210938 0.751413
0.25 0.210938 0.770556
0.242188 0.21875 0.753313
0.25 0.21875 0.772503
0.195312 0.226562 0.630626
0.203125 0.226562 0.652411
0.195312 0.234375 0.632168
0.203125 0.234375 0.654007
0.210938 0.226562 0.673803
0.21875 0.226562 0.694789
0.210938 0.234375 0.675451
0.21875 0.234375 0.696488
0.195312 0.242188 0.633689
0.203125 0.242188 0.65558
0.195312 0.25 0.635189
0.203125 0.25 0.657131
0.210938 0.242188 0.677076
0.21875 0.242188 0.698164
0.210938 0.25 0.678678
0.21875 0.25 0.699815
0.226562 0.226562 0.715356
0.234375 0.226562 0.735493
0.226562 0.234375 0.717106
0.234375 0.234375 0.737291
0.242188 0.226562 0.755186
0.25 0.226562 0.774425
0.242188 0.234375 0.757033
0.25 0.234375 0.776319
0.226562 0.242188 0.718831
0.234375 0.242188 0.739065
0.226562 0.25 0.720532
0.234375 0.25 0.740814
0.242188 0.242188 0.758854
0.25 0.242188 0.778186
0.242188 0.25 0.76065
0.25 0.25 0.780028
0.257812 0 0.724247
0.257812 0.0078125 0.72706
0.265625 0 0.740951
0.265625 0.0078125 0.743829
0.257812 0.015625 0.72984
0.265625 0.015625 0.746673
0.273438 0 0.757209
0.273438 0.0078125 0.76015
0.28125 0 0.77301
0.28125 0.0078125 0.776013
0.273438 0.015625 0.763056
0.28125 0.015625 0.77898
0.257812 0.0234375 0.732587
0.265625 0.0234375 0.749483
0.257812 0.03125 0.735302
0.265625 0.03125 0.752261
0.273438 0.0234375 0.765928
0.28125 0.0234375 0.781912
0.273438 0.03125 0.768767
0.28125 0.03125 0.784809
0.289062 0 0.788346
0.289062 0.0078125 0.791408
0.296875 0 0.803208
0.296875 0.0078125 0.806327
0.289062 0.015625 0.794434
0.296875 0.015625 0.80941
0.304688 0 0.817585
0.304688 0.0078125 0.82076
0.3125 0 0.83147
0.3125 0.0078125 0.834699
0.304688 0.015625 0.823898
0.3125 0.015625 0.83789
0.289062 0.0234375 0.797425
0.296875 0.0234375 0.812457
0.289062 0.03125 0.800379
0.296875 0.03125 0.815467
0.304688 0.0234375 0.827
0.3125 0.0234375 0.841044
0.304688 0.03125 0.830064
0.3125 0.03125 0.844161
0.257812 0.0390625 0.737984
0.265625 0.0390625 0.755005
0.257812 0.046875 0.740634
0.265625 0.046875 0.757716
0.273438 0.0390625 0.771571
0.28125 0.0390625 0.787672
0.273438 0.046875 0.774342
0.28125 0.046875 0.790501
0.257812 0.0546875 0.743253
0.265625 0.0546875 0.760395
0.257812 0.0625 0.745839
0.265625 0.0625 0.763041
0.273438 0.0546875 0.777079
0.28125 0.0546875 0.793296
0.273438 0.0625 0.779783
0.28125 0.0625 0.796056
0.289062 0.0390625 0.803299
0.296875 0.0390625 0.818442
0.289062 0.046875 0.806184
0.296875 0.046875 0.821381
0.304688 0.0390625 0.833092
0.3125 0.0390625 0.84724
0.304688 0.046875 0.836084
0.3125 0.046875 0.850283
0.289062 0.0546875 0.809034
0.296875 0.0546875 0.824285
0.289062 0.0625 0.811849
0.296875 0.0625 0.827154
0.304688 0.0546875 0.83904
0.3125 0.0546875 0.853289
0.304688 0.0625 0.841959
0.3125 0.0625 0.856258
0.320312 0 0.844854
0.320312 0.0078125 0.848135
0.328125 0 0.857729
0.328125 0.0078125 0.86106
0.320312 0.015625 0.851378
0.328125 0.015625 0.864352
0.335938 0 0.870087
0.335938 0.0078125 0.873466
0.34375 0 0.881921
0.34375 0.0078125 0.885347
0.335938 0.015625 0.876806
0.34375 0.015625 0.888732
0.320312 0.0234375 0.854582
0.328125 0.0234375 0.867606
0.320312 0.03125 0.857749
0.328125 0.03125 0.870821
0.335938 0.0234375 0.880106
0.34375 0.0234375 0.892077
0.335938 0.03125 0.883368
0.34375 0.03125 0.895382
0.351562 0 0.893224
0.351562 0.0078125 0.896694
0.359375 0 0.903989
0.359375 0.0078125 0.9075
0.351562 0.015625 0.900122
0.359375 0.015625 0.91097
0.367188 0 0.91421
0.367188 0.0078125 0.917761
0.375 0 0.92388
0.375 0.0078125 0.927468
0.367188 0.015625 0.921269
0.375 0.015625 0.931014
0.351562 0.0234375 0.90351
0.359375 0.0234375 0.914399
0.351562 0.03125 0.906858
0.359375 0.03125 0.917787
0.367188 0.0234375 0.924737
0.375 0.0234375 0.934518
0.367188 0.03125 0.928164
0.375 0.03125 0.937981
0.320312 0.0390625 0.860878
0.328125 0.0390625 0.873997
0.320312 0.046875 0.863969
0.328125 0.046875 0.877136
0.335938 0.0390625 0.88659
0.34375 0.0390625 0.898649
0.335938 0.046875 0.889774
0.34375 0.046875 0.901876
0.320312 0.0546875 0.867024
0.328125 0.0546875 0.880237
0.320312 0.0625 0.870041
0.328125 0.0625 0.8833
0.335938 0.0546875 0.89292
0.34375 0.0546875 0.905064
0.335938 0.0625 0.896027
0.34375 0.0625 0.908214
0.351562 0.0390625 0.910166
0.359375 0.0390625 0.921135
0.351562 0.046875 0.913435
0.359375 0.046875 0.924443
0.367188 0.0390625 0.93155
0.375 0.0390625 0.941403
0.367188 0.046875 0.934895
0.375 0.046875 0.944784
0.351562 0.0546875 0.916664
0.359375 0.0546875 0.927711
0.351562 0.0625 0.919854
0.359375 0.0625 0.93094
0.367188 0.0546875 0.9382
0.375 0.0546875 0.948124
0.367188 0.0625 0.941465
0.375 0.0625 0.951423
0.257812 0.0703125 0.748394
0.265625 0.0703125 0.765655
0.257812 0.078125 0.750918
0.265625 0.078125 0.768237
0.273438 0.0703125 0.782455
0.28125 0.0703125 0.798783
0.273438 0.078125 0.785094
0.28125 0.078125 0.801477
0.257812 0.0859375 0.753411
0.265625 0.0859375 0.770788
0.257812 0.09375 0.755873
0.265625 0.09375 0.773306
0.273438 0.0859375 0.7877
0.28125 0.0859375 0.804138
0.273438 0.09375 0.790274
0.28125 0.09375 0.806765
0.289062 0.0703125 0.814631
0.296875 0.0703125 0.829987
0.289062 0.078125 0.817378
0.296875 0.078125 0.832786
0.304688 0.0703125 0.844844
0.3125 0.0703125 0.859192
0.304688 0.078125 0.847693
0.3125 0.078125 0.862089
0.289062 0.0859375 0.820091
0.296875 0.0859375 0.835551
0.289062 0.09375 0.822771
0.296875 0.09375 0.838281
0.304688 0.0859375 0.850507
0.3125 0.0859375 0.864951
0.304688 0.09375 0.853286
0.3125 0.09375 0.867777
0.257812 0.101562 0.758304
0.265625 0.101562 0.775794
0.257812 0.109375 0.760705
0.265625 0.109375 0.77825
0.273438 0.101562 0.792816
0.28125 0.101562 0.809361
0.273438 0.109375 0.795326
0.28125 0.109375 0.811923
0.257812 0.117188 0.763075
0.265625 0.117188 0.780675
0.257812 0.125 0.765416
0.265625 0.125 0.783069
0.273438 0.117188 0.797804
0.28125 0.117188 0.814453
0.273438 0.125 0.800251
0.28125 0.125 0.816951
0.289062 0.101562 0.825418
0.296875 0.101562 0.840978
0.289062 0.109375 0.828031
0.296875 0.109375 0.84364
0.304688 0.101562 0.856031
0.3125 0.101562 0.870569
0.304688 0.109375 0.858741
0.3125 0.109375 0.873325
0.289062 0.117188 0.830611
0.296875 0.117188 0.846269
0.289062 0.125 0.833159
0.296875 0.125 0.848865
0.304688 0.117188 0.861417
0.3125 0.117188 0.876046
0.304688 0.125 0.864059
0.3125 0.125 0.878733
0.320312 0.0703125 0.873022
0.328125 0.0703125 0.886326
0.320312 0.078125 0.875966
0.328125 0.078125 0.889315
0.335938 0.0703125 0.899097
0.34375 0.0703125 0.911325
0.335938 0.078125 0.902129
0.34375 0.078125 0.914399
0.320312 0.0859375 0.878874
0.328125 0.0859375 0.892267
0.320312 0.09375 0.881746
0.328125 0.09375 0.895183
0.335938 0.0859375 0.905123
0.34375 0.0859375 0.917434
0.335938 0.09375 0.908081
0.34375 0.09375 0.920432
0.351562 0.0703125 0.923005
0.359375 0.0703125 0.934129
0.351562 0.078125 0.926118
0.359375 0.078125 0.937279
0.367188 0.0703125 0.94469
0.375 0.0703125 0.954683
0.367188 0.078125 0.947876
0.375 0.078125 0.957902
0.351562 0.0859375 0.929192
0.359375 0.0859375 0.940391
0.351562 0.09375 0.932229
0.359375 0.09375 0.943464
0.367188 0.0859375 0.951023
0.375 0.0859375 0.961082
0.367188 0.09375 0.95413
0.375 0.09375 0.964223
0.320312 0.101562 0.884582
0.328125 0.101562 0.898062
0.320312 0.109375 0.887382
0.328125 0.109375 0.900906
0.335938 0.101562 0.911002
0.34375 0.101562 0.923393
0.335938 0.109375 0.913886
0.34375 0.109375 0.926316
0.320312 0.117188 0.890148
0.328125 0.117188 0.903713
0.320312 0.125 0.892878
0.328125 0.125 0.906485
0.335938 0.117188 0.916734
0.34375 0.117188 0.929203
0.335938 0.125 0.919546
0.34375 0.125 0.932053
0.351562 0.101562 0.935227
0.359375 0.101562 0.946499
0.351562 0.109375 0.938188
0.359375 0.109375 0.949495
0.367188 0.101562 0.9572
0.375 0.101562 0.967324
0.367188 0.109375 0.96023
0.375 0.109375 0.970387
0.351562 0.117188 0.941112
0.359375 0.117188 0.952454
0.351562 0.125 0.943998
0.359375 0.125 0.955375
0.367188 0.117188 0.963222
0.375 0.117188 0.973411
0.367188 0.125 0.966177
0.375 0.125 0.976396
0.382812 0 0.932993
0.382812 0.0078125 0.936617
0.390625 0 0.941544
0.390625 0.0078125 0.945201
0.382812 0.015625 0.940198
0.390625 0.015625 0.948815
0.398438 0 0.949528
0.398438 0.0078125 0.953216
0.40625 0 0.95694
0.40625 0.0078125 0.960657
0.398438 0.015625 0.956861
0.40625 0.015625 0.96433
0.382812 0.0234375 0.943737
0.390625 0.0234375 0.952386
0.382812 0.03125 0.947234
0.390625 0.03125 0.955915
0.398438 0.0234375 0.960462
0.40625 0.0234375 0.96796
0.398438 0.03125 0.964021
0.40625 0.03125 0.971547
0.414062 0 0.963776
0.414062 0.0078125 0.967519
0.421875 0 0.970031
0.421875 0.0078125 0.973799
0.414062 0.015625 0.971219
0.421875 0.015625 0.977522
0.429688 0 0.975702
0.429688 0.0078125 0.979492
0.4375 0 0.980785
0.4375 0.0078125 0.984595
0.429688 0.015625 0.983237
0.4375 0.015625 0.988359
0.414062 0.0234375 0.974874
0.421875 0.0234375 0.981202
0.414062 0.03125 0.978487
0.421875 0.03125 0.984837
0.429688 0.0234375 0.986938
0.4375 0.0234375 0.992079
0.429688 0.03125 0.990595
0.4375 0.03125 0.995755
0.382812 0.0390625 0.950689
0.390625 0.0390625 0.959403
0.382812 0.046875 0.954103
0.390625 0.046875 0.962848
0.398438 0.0390625 0.967538
0.40625 0.0390625 0.975091
0.398438 0.046875 0.971013
0.40625 0.046875 0.978592
0.382812 0.0546875 0.957476
0.390625 0.0546875 0.966252
0.382812 0.0625 0.960808
0.390625 0.0625 0.969614
0.398438 0.0546875 0.974445
0.40625 0.0546875 0.982052
0.398438 0.0625 0.977836
0.40625 0.0625 0.98547
0.414062 0.0390625 0.982056
0.421875 0.0390625 0.98843
0.414062 0.046875 0.985583
0.421875 0.046875 0.991979
0.429688 0.0390625 0.994208
0.4375 0.0390625 0.999388
0.429688 0.046875 0.997779
0.4375 0.046875 1.00298
0.414062 0.0546875 0.989067
0.421875 0.0546875 0.995486
0.414062 0.0625 0.992509
0.421875 0.0625 0.998951
0.429688 0.0546875 1.00131
0.4375 0.0546875 1.00652
0.429688 0.0625 1.00479
0.4375 0.0625 1.01003
0.445312 0 0.985278
0.445312 0.0078125 0.989104
0.453125 0 0.989177
0.453125 0.0078125 0.993018
0.445312 0.015625 0.992886
0.453125 0.015625 0.996815
0.460938 0 0.99248
0.460938 0.0078125 0.996334
0.46875 0 0.995185
0.46875 0.0078125 0.99905
0.460938 0.015625 1.00014
0.46875 0.015625 1.00287
0.445312 0.0234375 0.996624
0.453125 0.0234375 1.00057
0.445312 0.03125 1.00032
0.453125 0.03125 1.00427
0.460938 0.0234375 1.00391
0.46875 0.0234375 1.00664
0.460938 0.03125 1.00763
0.46875 0.03125 1.01037
0.476562 0 0.99729
0.476562 0.0078125 1.00116
0.484375 0 0.998795
0.484375 0.0078125 1.00267
0.476562 0.015625 1.00499
0.484375 0.015625 1.00651
0.492188 0 0.999699
0.492188 0.0078125 1.00358
0.5 0 1
0.5 0.0078125 1.00388
0.492188 0.015625 1.00742
0.5 0.015625 1.00772
0.476562 0.0234375 1.00877
0.484375 0.0234375 1.0103
0.476562 0.03125 1.01251
0.484375 0.03125 1.01404
0.492188 0.0234375 1.01121
0.5 0.0234375 1.01152
0.492188 0.03125 1.01496
0.5 0.03125 1.01526
0.445312 0.0390625 1.00397
0.453125 0.0390625 1.00794
0.445312 0.046875 1.00757
0.453125 0.046875 1.01156
0.460938 0.0390625 1.0113
0.46875 0.0390625 1.01406
0.460938 0.046875 1.01494
0.46875 0.046875 1.0177
0.445312 0.0546875 1.01113
0.453125 0.0546875 1.01513
0.445312 0.0625 1.01465
0.453125 0.0625 1.01867
0.460938 0.0546875 1.01852
0.46875 0.0546875 1.0213
0.460938 0.0625 1.02207
0.46875 0.0625 1.02485
0.476562 0.0390625 1.01621
0.484375 0.0390625 1.01774
0.476562 0.046875 1.01986
0.484375 0.046875 1.02139
0.492188 0.0390625 1.01866
0.5 0.0390625 1.01897
0.492188 0.046875 1.02232
0.5 0.046875 1.02263
0.476562 0.0546875 1.02346
0.484375 0.0546875 1.02501
0.476562 0.0625 1.02702
0.484375 0.0625 1.02857
0.492188 0.0546875 1.02593
0.5 0.0546875 1.02624
0.492188 0.0625 1.0295
0.5 0.0625 1.02981
0.382812 0.0703125 0.9641
0.390625 0.0703125 0.972936
0.382812 0.078125 0.967351
0.390625 0.078125 0.976217
0.398438 0.0703125 0.981186
0.40625 0.0703125 0.988846
0.398438 0.078125 0.984495
0.40625 0.078125 0.99218
0.382812 0.0859375 0.970562
0.390625 0.0859375 0.979458
0.382812 0.09375 0.973734
0.390625 0.09375 0.982658
0.398438 0.0859375 0.987764
0.40625 0.0859375 0.995474
0.398438 0.09375 0.990991
0.40625 0.09375 0.998727
0.414062 0.0703125 0.995909
0.421875 0.0703125 1.00237
0.414062 0.078125 0.999268
0.421875 0.078125 1.00575
0.429688 0.0703125 1.00823
0.4375 0.0703125 1.01349
0.429688 0.078125 1.01163
0.4375 0.078125 1.0169
0.414062 0.0859375 1.00259
0.421875 0.0859375 1.00909
0.414062 0.09375 1.00586
0.421875 0.09375 1.01239
0.429688 0.0859375 1.01499
0.4375 0.0859375 1.02028
0.429688 0.09375 1.01831
0.4375 0.09375 1.02361
0.382812 0.101562 0.976866
0.390625 0.101562 0.985819
0.382812 0.109375 0.979959
0.390625 0.109375 0.98894
0.398438 0.101562 0.994179
0.40625 0.101562 1.00194
0.398438 0.109375 0.997326
0.40625 0.109375 1.00511
0.382812 0.117188 0.983012
0.390625 0.117188 0.992022
0.382812 0.125 0.986027
0.390625 0.125 0.995065
0.398438 0.117188 1.00043
0.40625 0.117188 1.00824
0.398438 0.125 1.0035
0.40625 0.125 1.01134
0.414062 0.101562 1.0091
0.421875 0.101562 1.01565
0.414062 0.109375 1.01229
0.421875 0.109375 1.01886
0.429688 0.101562 1.02158
0.4375 0.101562 1.02691
0.429688 0.109375 1.02482
0.4375 0.109375 1.03016
0.414062 0.117188 1.01545
0.421875 0.117188 1.02204
0.414062 0.125 1.01856
0.421875 0.125 1.02517
0.429688 0.117188 1.02801
0.4375 0.117188 1.03337
0.429688 0.125 1.03116
0.4375 0.125 1.03654
0.445312 0.0703125 1.01813
0.453125 0.0703125 1.02216
0.445312 0.078125 1.02156
0.453125 0.078125 1.0256
0.460938 0.0703125 1.02557
0.46875 0.0703125 1.02837
0.460938 0.078125 1.02903
0.46875 0.078125 1.03183
0.445312 0.0859375 1.02495
0.453125 0.0859375 1.02901
0.445312 0.09375 1.0283
0.453125 0.09375 1.03237
0.460938 0.0859375 1.03244
0.46875 0.0859375 1.03526
0.460938 0.09375 1.03582
0.46875 0.09375 1.03864
0.476562 0.0703125 1.03054
0.484375 0.0703125 1.0321
0.476562 0.078125 1.03402
0.484375 0.078125 1.03558
0.492188 0.0703125 1.03303
0.5 0.0703125 1.03334
0.492188 0.078125 1.03651
0.5 0.078125 1.03683
0.476562 0.0859375 1.03745
0.484375 0.0859375 1.03901
0.476562 0.09375 1.04084
0.484375 0.09375 1.04241
0.492188 0.0859375 1.03995
0.5 0.0859375 1.04027
0.492188 0.09375 1.04335
0.5 0.09375 1.04367
0.445312 0.101562 1.03161
0.453125 0.101562 1.03569
0.445312 0.109375 1.03488
0.453125 0.109375 1.03897
0.460938 0.101562 1.03915
0.46875 0.101562 1.04198
0.460938 0.109375 1.04244
0.46875 0.109375 1.04528
0.445312 0.117188 1.0381
0.453125 0.117188 1.04221
0.445312 0.125 1.04128
0.453125 0.125 1.0454
0.460938 0.117188 1.04569
0.46875 0.117188 1.04854
0.460938 0.125 1.0489
0.46875 0.125 1.05175
0.476562 0.101562 1.04419
0.484375 0.101562 1.04576
0.476562 0.109375 1.04749
0.484375 0.109375 1.04907
0.492188 0.101562 1.04671
0.5 0.101562 1.04702
0.492188 0.109375 1.05002
0.5 0.109375 1.05034
0.476562 0.117188 1.05076
0.484375 0.117188 1.05234
0.476562 0.125 1.05398
0.484375 0.125 1.05557
0.492188 0.117188 1.05329
0.5 0.117188 1.05361
0.492188 0.125 1.05653
0.5 0.125 1.05684
0.257812 0.132812 0.767727
0.265625 0.132812 0.785433
0.257812 0.140625 0.770008
0.265625 0.140625 0.787767
0.273438 0.132812 0.802667
0.28125 0.132812 0.819417
0.273438 0.140625 0.805052
0.28125 0.140625 0.821852
0.257812 0.148438 0.772259
0.265625 0.148438 0.790071
0.257812 0.15625 0.774481
0.265625 0.15625 0.792344
0.273438 0.148438 0.807406
0.28125 0.148438 0.824255
0.273438 0.15625 0.809729
0.28125 0.15625 0.826627
0.289062 0.132812 0.835674
0.296875 0.132812 0.851427
0.289062 0.140625 0.838157
0.296875 0.140625 0.853957
0.304688 0.132812 0.866668
0.3125 0.132812 0.881386
0.304688 0.140625 0.869243
0.3125 0.140625 0.884005
0.289062 0.148438 0.840608
0.296875 0.148438 0.856454
0.289062 0.15625 0.843027
0.296875 0.15625 0.858918
0.304688 0.148438 0.871784
0.3125 0.148438 0.88659
0.304688 0.15625 0.874293
0.3125 0.15625 0.889141
0.257812 0.164062 0.776675
0.265625 0.164062 0.794588
0.257812 0.171875 0.778839
0.265625 0.171875 0.796802
0.273438 0.164062 0.812022
0.28125 0.164062 0.828968
0.273438 0.171875 0.814285
0.28125 0.171875 0.831278
0.257812 0.179688 0.780975
0.265625 0.179688 0.798987
0.257812 0.1875 0.783082
0.265625 0.1875 0.801143
0.273438 0.179688 0.816518
0.28125 0.179688 0.833557
0.273438 0.1875 0.818721
0.28125 0.1875 0.835806
0.289062 0.164062 0.845414
0.296875 0.164062 0.861351
0.289062 0.171875 0.84777
0.296875 0.171875 0.863751
0.304688 0.164062 0.876769
0.3125 0.164062 0.891659
0.304688 0.171875 0.879212
0.3125 0.171875 0.894143
0.289062 0.179688 0.850095
0.296875 0.179688 0.86612
0.289062 0.1875 0.852388
0.296875 0.1875 0.868456
0.304688 0.179688 0.881623
0.3125 0.179688 0.896595
0.304688 0.1875 0.884002
0.3125 0.1875 0.899014
0.320312 0.132812 0.895574
0.328125 0.132812 0.909222
0.320312 0.140625 0.898234
0.328125 0.140625 0.911923
0.335938 0.132812 0.922322
0.34375 0.132812 0.934867
0.335938 0.140625 0.925062
0.34375 0.140625 0.937644
0.320312 0.148438 0.900861
0.328125 0.148438 0.91459
0.320312 0.15625 0.903453
0.328125 0.15625 0.917221
0.335938 0.148438 0.927767
0.34375 0.148438 0.940386
0.335938 0.15625 0.930437
0.34375 0.15625 0.943092
0.351562 0.132812 0.946848
0.359375 0.132812 0.95826
0.351562 0.140625 0.949661
0.359375 0.140625 0.961106
0.367188 0.132812 0.969094
0.375 0.132812 0.979344
0.367188 0.140625 0.971973
0.375 0.140625 0.982253
0.351562 0.148438 0.952438
0.359375 0.148438 0.963917
0.351562 0.15625 0.955179
0.359375 0.15625 0.966691
0.367188 0.148438 0.974815
0.375 0.148438 0.985126
0.367188 0.15625 0.97762
0.375 0.15625 0.98796
0.320312 0.164062 0.906012
0.328125 0.164062 0.919819
0.320312 0.171875 0.908536
0.328125 0.171875 0.922382
0.335938 0.164062 0.933072
0.34375 0.164062 0.945763
0.335938 0.171875 0.935672
0.34375 0.171875 0.948398
0.320312 0.179688 0.911028
0.328125 0.179688 0.924911
0.320312 0.1875 0.913486
0.328125 0.1875 0.927407
0.335938 0.179688 0.938238
0.34375 0.179688 0.950999
0.335938 0.1875 0.940769
0.34375 0.1875 0.953564
0.351562 0.164062 0.957884
0.359375 0.164062 0.969428
0.351562 0.171875 0.960553
0.359375 0.171875 0.972129
0.367188 0.164062 0.980389
0.375 0.164062 0.990758
0.367188 0.171875 0.98312
0.375 0.171875 0.993519
0.351562 0.179688 0.963187
0.359375 0.179688 0.974795
0.351562 0.1875 0.965786
0.359375 0.1875 0.977425
0.367188 0.179688 0.985816
0.375 0.179688 0.996243
0.367188 0.1875 0.988476
0.375 0.1875 0.998931
0.257812 0.195312 0.785161
0.265625 0.195312 0.80327
0.257812 0.203125 0.787211
0.265625 0.203125 0.805367
0.273438 0.195312 0.820895
0.28125 0.195312 0.838025
0.273438 0.203125 0.823038
0.28125 0.203125 0.840214
0.257812 0.210938 0.789234
0.265625 0.210938 0.807437
0.257812 0.21875 0.791229
0.265625 0.21875 0.809478
0.273438 0.210938 0.825154
0.28125 0.210938 0.842373
0.273438 0.21875 0.827239
0.28125 0.21875 0.844502
0.289062 0.195312 0.854651
0.296875 0.195312 0.870762
0.289062 0.203125 0.856883
0.296875 0.203125 0.873036
0.304688 0.195312 0.886349
0.3125 0.195312 0.901401
0.304688 0.203125 0.888663
0.3125 0.203125 0.903755
0.289062 0.210938 0.859085
0.296875 0.210938 0.87528
0.289062 0.21875 0.861257
0.296875 0.21875 0.877492
0.304688 0.210938 0.890947
0.3125 0.210938 0.906078
0.304688 0.21875 0.893199
0.3125 0.21875 0.908368
0.257812 0.226562 0.793197
0.265625 0.226562 0.811491
0.257812 0.234375 0.795137
0.265625 0.234375 0.813476
0.273438 0.226562 0.829296
0.28125 0.226562 0.846602
0.273438 0.234375 0.831325
0.28125 0.234375 0.848673
0.257812 0.242188 0.79705
0.265625 0.242188 0.815433
0.257812 0.25 0.798935
0.265625 0.25 0.817362
0.273438 0.242188 0.833325
0.28125 0.242188 0.850715
0.273438 0.25 0.835296
0.28125 0.25 0.852728
0.289062 0.226562 0.863398
0.296875 0.226562 0.879674
0.289062 0.234375 0.86551
0.296875 0.234375 0.881826
0.304688 0.226562 0.89542
0.3125 0.226562 0.910627
0.304688 0.234375 0.89761
0.3125 0.234375 0.912854
0.289062 0.242188 0.867592
0.296875 0.242188 0.883947
0.289062 0.25 0.869645
0.296875 0.25 0.886039
0.304688 0.242188 0.89977
0.3125 0.242188 0.91505
0.304688 0.25 0.901899
0.3125 0.25 0.917215
0.320312 0.195312 0.915911
0.328125 0.195312 0.929869
0.320312 0.203125 0.918303
0.328125 0.203125 0.932297
0.335938 0.195312 0.943266
0.34375 0.195312 0.956096
0.335938 0.203125 0.94573
0.34375 0.203125 0.958593
0.320312 0.210938 0.920663
0.328125 0.210938 0.934693
0.320312 0.21875 0.92299
0.328125 0.21875 0.937056
0.335938 0.210938 0.94816
0.34375 0.210938 0.961056
0.335938 0.21875 0.950557
0.34375 0.21875 0.963486
0.351562 0.195312 0.96835
0.359375 0.195312 0.98002
0.351562 0.203125 0.970879
0.359375 0.203125 0.98258
0.367188 0.195312 0.9911
0.375 0.195312 1.00158
0.367188 0.203125 0.993689
0.375 0.203125 1.0042
0.351562 0.210938 0.973374
0.359375 0.210938 0.985105
0.351562 0.21875 0.975834
0.359375 0.21875 0.987595
0.367188 0.210938 0.996242
0.375 0.210938 1.00678
0.367188 0.21875 0.99876
0.375 0.21875 1.00932
0.320312 0.226562 0.925285
0.328125 0.226562 0.939386
0.320312 0.234375 0.927548
0.328125 0.234375 0.941683
0.335938 0.226562 0.952921
0.34375 0.226562 0.965882
0.335938 0.234375 0.955251
0.34375 0.234375 0.968244
0.320312 0.242188 0.92978
0.328125 0.242188 0.943949
0.320312 0.25 0.93198
0.328125 0.25 0.946182
0.335938 0.242188 0.95755
0.34375 0.242188 0.970574
0.335938 0.25 0.959815
0.34375 0.25 0.97287
0.351562 0.226562 0.978261
0.359375 0.226562 0.990051
0.351562 0.234375 0.980653
0.359375 0.234375 0.992472
0.367188 0.226562 1.00124
0.375 0.226562 1.01183
0.367188 0.234375 1.00369
0.375 0.234375 1.01431
0.351562 0.242188 0.983013
0.359375 0.242188 0.99486
0.351562 0.25 0.985339
0.359375 0.25 0.997214
0.367188 0.242188 1.00611
0.375 0.242188 1.01675
0.367188 0.25 1.00849
0.375 0.25 1.01916
0.382812 0.132812 0.989004
0.390625 0.132812 0.998069
0.382812 0.140625 0.991942
0.390625 0.140625 1.00103
0.398438 0.132812 1.00653
0.40625 0.132812 1.01439
0.398438 0.140625 1.00952
0.40625 0.140625 1.0174
0.382812 0.148438 0.994843
0.390625 0.148438 1.00396
0.382812 0.15625 0.997706
0.390625 0.15625 1.00685
0.398438 0.148438 1.01247
0.40625 0.148438 1.02038
0.398438 0.15625 1.01539
0.40625 0.15625 1.02331
0.414062 0.132812 1.02164
0.421875 0.132812 1.02827
0.414062 0.140625 1.02467
0.421875 0.140625 1.03132
0.429688 0.132812 1.03428
0.4375 0.132812 1.03967
0.429688 0.140625 1.03735
0.4375 0.140625 1.04275
0.414062 0.148438 1.02767
0.421875 0.148438 1.03434
0.414062 0.15625 1.03062
0.421875 0.15625 1.03731
0.429688 0.148438 1.04038
0.4375 0.148438 1.0458
0.429688 0.15625 1.04338
0.4375 0.15625 1.04881
0.382812 0.164062 1.00053
0.390625 0.164062 1.0097
0.382812 0.171875 1.00332
0.390625 0.171875 1.01252
0.398438 0.164062 1.01826
0.40625 0.164062 1.02621
0.398438 0.171875 1.0211
0.40625 0.171875 1.02907
0.382812 0.179688 1.00607
0.390625 0.179688 1.01529
0.382812 0.1875 1.00878
0.390625 0.1875 1.01803
0.398438 0.179688 1.0239
0.40625 0.179688 1.03189
0.398438 0.1875 1.02666
0.40625 0.1875 1.03468
0.414062 0.164062 1.03354
0.421875 0.164062 1.04025
0.414062 0.171875 1.03642
0.421875 0.171875 1.04315
0.429688 0.164062 1.04633
0.4375 0.164062 1.05178
0.429688 0.171875 1.04925
0.4375 0.171875 1.05471
0.414062 0.179688 1.03926
0.421875 0.179688 1.04601
0.414062 0.1875 1.04207
0.421875 0.1875 1.04883
0.429688 0.179688 1.05213
0.4375 0.179688 1.05761
0.429688 0.1875 1.05496
0.4375 0.1875 1.06046
0.445312 0.132812 1.04443
0.453125 0.132812 1.04856
0.445312 0.140625 1.04753
0.453125 0.140625 1.05168
0.460938 0.132812 1.05206
0.46875 0.132812 1.05493
0.460938 0.140625 1.05519
0.46875 0.140625 1.05806
0.445312 0.148438 1.05059
0.453125 0.148438 1.05475
0.445312 0.15625 1.05362
0.453125 0.15625 1.05779
0.460938 0.148438 1.05827
0.46875 0.148438 1.06116
0.460938 0.15625 1.06132
0.46875 0.15625 1.06421
0.476562 0.132812 1.05716
0.484375 0.132812 1.05876
0.476562 0.140625 1.0603
0.484375 0.140625 1.0619
0.492188 0.132812 1.05971
0.5 0.132812 1.06003
0.492188 0.140625 1.06286
0.5 0.140625 1.06318
0.476562 0.148438 1.0634
0.484375 0.148438 1.06501
0.476562 0.15625 1.06646
0.484375 0.15625 1.06807
0.492188 0.148438 1.06597
0.5 0.148438 1.06629
0.492188 0.15625 1.06904
0.5 0.15625 1.06936
0.445312 0.164062 1.0566
0.453125 0.164062 1.06078
0.445312 0.171875 1.05955
0.453125 0.171875 1.06374
0.460938 0.164062 1.06432
0.46875 0.164062 1.06723
0.460938 0.171875 1.06729
0.46875 0.171875 1.0702
0.445312 0.179688 1.06245
0.453125 0.179688 1.06665
0.445312 0.1875 1.06532
0.453125 0.1875 1.06953
0.460938 0.179688 1.07022
0.46875 0.179688 1.07313
0.460938 0.1875 1.0731
0.46875 0.1875 1.07603
0.476562 0.164062 1.06948
0.484375 0.164062 1.0711
0.476562 0.171875 1.07246
0.484375 0.171875 1.07408
0.492188 0.164062 1.07207
0.5 0.164062 1.07239
0.492188 0.171875 1.07505
0.5 0.171875 1.07538
0.476562 0.179688 1.0754
0.484375 0.179688 1.07703
0.476562 0.1875 1.07831
0.484375 0.1875 1.07993
0.492188 0.179688 1.078
0.5 0.179688 1.07833
0.492188 0.1875 1.08091
0.5 0.1875 1.08124
0.382812 0.195312 1.01146
0.390625 0.195312 1.02073
0.382812 0.203125 1.0141
0.390625 0.203125 1.0234
0.398438 0.195312 1.02939
0.40625 0.195312 1.03742
0.398438 0.203125 1.03208
0.40625 0.203125 1.04013
0.382812 0.210938 1.01671
0.390625 0.210938 1.02603
0.382812 0.21875 1.01928
0.390625 0.21875 1.02862
0.398438 0.210938 1.03473
0.40625 0.210938 1.04281
0.398438 0.21875 1.03735
0.40625 0.21875 1.04544
0.414062 0.195312 1.04484
0.421875 0.195312 1.05162
0.414062 0.203125 1.04756
0.421875 0.203125 1.05436
0.429688 0.195312 1.05776
0.4375 0.195312 1.06328
0.429688 0.203125 1.06053
0.4375 0.203125 1.06605
0.414062 0.210938 1.05026
0.421875 0.210938 1.05707
0.414062 0.21875 1.05291
0.421875 0.21875 1.05974
0.429688 0.210938 1.06325
0.4375 0.210938 1.06879
0.429688 0.21875 1.06594
0.4375 0.21875 1.07149
0.382812 0.226562 1.02182
0.390625 0.226562 1.03118
0.382812 0.234375 1.02431
0.390625 0.234375 1.0337
0.398438 0.226562 1.03992
0.40625 0.226562 1.04804
0.398438 0.234375 1.04247
0.40625 0.234375 1.05061
0.382812 0.242188 1.02678
0.390625 0.242188 1.03619
0.382812 0.25 1.02921
0.390625 0.25 1.03864
0.398438 0.242188 1.04498
0.40625 0.242188 1.05313
0.398438 0.25 1.04745
0.40625 0.25 1.05563
0.414062 0.226562 1.05553
0.421875 0.226562 1.06238
0.414062 0.234375 1.05811
0.421875 0.234375 1.06498
0.429688 0.226562 1.06859
0.4375 0.226562 1.07416
0.429688 0.234375 1.0712
0.4375 0.234375 1.07678
0.414062 0.242188 1.06066
0.421875 0.242188 1.06754
0.414062 0.25 1.06317
0.421875 0.25 1.07007
0.429688 0.242188 1.07378
0.4375 0.242188 1.07938
0.429688 0.25 1.07632
0.4375 0.25 1.08193
0.445312 0.195312 1.06815
0.453125 0.195312 1.07237
0.445312 0.203125 1.07093
0.453125 0.203125 1.07517
0.460938 0.195312 1.07595
0.46875 0.195312 1.07889
0.460938 0.203125 1.07876
0.46875 0.203125 1.0817
0.445312 0.210938 1.07369
0.453125 0.210938 1.07794
0.445312 0.21875 1.0764
0.453125 0.21875 1.08066
0.460938 0.210938 1.08154
0.46875 0.210938 1.08448
0.460938 0.21875 1.08427
0.46875 0.21875 1.08722
0.476562 0.195312 1.08117
0.484375 0.195312 1.0828
0.476562 0.203125 1.08399
0.484375 0.203125 1.08563
0.492188 0.195312 1.08378
0.5 0.195312 1.08411
0.492188 0.203125 1.08661
0.5 0.203125 1.08694
0.476562 0.210938 1.08678
0.484375 0.210938 1.08842
0.476562 0.21875 1.08952
0.484375 0.21875 1.09117
0.492188 0.210938 1.0894
0.5 0.210938 1.08973
0.492188 0.21875 1.09216
0.5 0.21875 1.09248
0.445312 0.226562 1.07908
0.453125 0.226562 1.08335
0.445312 0.234375 1.08172
0.453125 0.234375 1.086
0.460938 0.226562 1.08697
0.46875 0.226562 1.08993
0.460938 0.234375 1.08962
0.46875 0.234375 1.09259
0.445312 0.242188 1.08432
0.453125 0.242188 1.08861
0.445312 0.25 1.08688
0.453125 0.25 1.09119
0.460938 0.242188 1.09225
0.46875 0.242188 1.09522
0.460938 0.25 1.09483
0.46875 0.25 1.09781
0.476562 0.226562 1.09223
0.484375 0.226562 1.09388
0.476562 0.234375 1.09491
0.484375 0.234375 1.09656
0.492188 0.226562 1.09487
0.5 0.226562 1.0952
0.492188 0.234375 1.09755
0.5 0.234375 1.09788
0.476562 0.242188 1.09754
0.484375 0.242188 1.0992
0.476562 0.25 1.10014
0.484375 0.25 1.1018
0.492188 0.242188 1.10019
0.5 0.242188 1.10052
0.492188 0.25 1.10279
0.5 0.25 1.10313
0 0.257812 0
0.0078125 0.257812 0.0271351
0.015625 0.257812 0.0542538
0 0.265625 0
0.0078125 0.265625 0.0271971
0.015625 0.265625 0.0543779
0.0234375 0.257812 0.0813398
0.03125 0.257812 0.108377
0.0234375 0.265625 0.0815259
0.03125 0.265625 0.108625
0 0.273438 0
0.0078125 0.273438 0.0272583
0.015625 0.273438 0.0545003
0 0.28125 0
0.0078125 0.28125 0.0273186
0.015625 0.28125 0.0546208
0.0234375 0.273438 0.0817094
0.03125 0.273438 0.108869
0.0234375 0.28125 0.0818901
0.03125 0.28125 0.10911
0.0390625 0.257812 0.135349
0.046875 0.257812 0.162239
0.0390625 0.265625 0.135658
0.046875 0.265625 0.16261
0.0546875 0.257812 0.189031
0.0625 0.257812 0.21571
0.0546875 0.265625 0.189464
0.0625 0.265625 0.216204
0.0390625 0.273438 0.135964
0.046875 0.273438 0.162976
0.0390625 0.28125 0.136264
0.046875 0.28125 0.163336
0.0546875 0.273438 0.18989
0.0625 0.273438 0.21669
0.0546875 0.28125 0.19031
0.0625 0.28125 0.217169
0 0.289062 0
0.0078125 0.289062 0.0273781
0.015625 0.289062 0.0547397
0 0.296875 0
0.0078125 0.296875 0.0274366
0.015625 0.296875 0.0548567
0.0234375 0.289062 0.0820683
0.03125 0.289062 0.109347
0.0234375 0.296875 0.0822437
0.03125 0.296875 0.109581
0 0.304688 0
0.0078125 0.304688 0.0274943
0.015625 0.304688 0.054972
0 0.3125 0
0.0078125 0.3125 0.0275511
0.015625 0.3125 0.0550856
0.0234375 0.304688 0.0824166
0.03125 0.304688 0.109812
0.0234375 0.3125 0.0825869
0.03125 0.3125 0.110038
0.0390625 0.289062 0.136561
0.046875 0.289062 0.163692
0.0390625 0.296875 0.136853
0.046875 0.296875 0.164042
0.0546875 0.289062 0.190724
0.0625 0.289062 0.217642
0.0546875 0.296875 0.191132
0.0625 0.296875 0.218107
0.0390625 0.304688 0.13714
0.046875 0.304688 0.164387
0.0390625 0.3125 0.137424
0.046875 0.3125 0.164726
0.0546875 0.304688 0.191534
0.0625 0.304688 0.218566
0.0546875 0.3125 0.19193
0.0625 0.3125 0.219017
0.0703125 0.257812 0.242259
0.078125 0.257812 0.268661
0.0703125 0.265625 0.242813
0.078125 0.265625 0.269276
0.0859375 0.257812 0.294902
0.09375 0.257812 0.320966
0.0859375 0.265625 0.295577
0.09375 0.265625 0.3217
0.0703125 0.273438 0.243359
0.078125 0.273438 0.269882
0.0703125 0.28125 0.243898
0.078125 0.28125 0.270479
0.0859375 0.273438 0.296242
0.09375 0.273438 0.322424
0.0859375 0.28125 0.296898
0.09375 0.28125 0.323137
0.101562 0.257812 0.346836
0.109375 0.257812 0.372497
0.101562 0.265625 0.347629
0.109375 0.265625 0.373349
0.117188 0.257812 0.397933
0.125 0.257812 0.42313
0.117188 0.265625 0.398844
0.125 0.265625 0.424098
0.101562 0.273438 0.348412
0.109375 0.273438 0.374189
0.101562 0.28125 0.349182
0.109375 0.28125 0.375017
0.117188 0.273438 0.399741
0.125 0.273438 0.425053
0.117188 0.28125 0.400626
0.125 0.28125 0.425993
0.0703125 0.289062 0.244428
0.078125 0.289062 0.271068
0.0703125 0.296875 0.244951
0.078125 0.296875 0.271647
0.0859375 0.289062 0.297543
0.09375 0.289062 0.32384
0.0859375 0.296875 0.29818
0.09375 0.296875 0.324533
0.0703125 0.304688 0.245466
0.078125 0.304688 0.272218
0.0703125 0.3125 0.245973
0.078125 0.3125 0.27278
0.0859375 0.304688 0.298806
0.09375 0.304688 0.325215
0.0859375 0.3125 0.299424
0.09375 0.3125 0.325887
0.101562 0.289062 0.349942
0.109375 0.289062 0.375833
0.101562 0.296875 0.35069
0.109375 0.296875 0.376636
0.117188 0.289062 0.401497
0.125 0.289062 0.42692
0.117188 0.296875 0.402356
0.125 0.296875 0.427833
0.101562 0.304688 0.351427
0.109375 0.304688 0.377428
0.101562 0.3125 0.352153
0.109375 0.3125 0.378208
0.117188 0.304688 0.403201
0.125 0.304688 0.428732
0.117188 0.3125 0.404034
0.125 0.3125 0.429618
0 0.320312 0
0.0078125 0.320312 0.027607
0.015625 0.320312 0.0551974
0 0.328125 0
0.0078125 0.328125 0.0276621
0.015625 0.328125 0.0553076
0.0234375 0.320312 0.0827546
0.03125 0.320312 0.110262
0.0234375 0.328125 0.0829197
0.03125 0.328125 0.110482
0 0.335938 0
0.0078125 0.335938 0.0277164
0.015625 0.335938 0.055416
0 0.34375 0
0.0078125 0.34375 0.0277698
0.015625 0.34375 0.0555228
0.0234375 0.335938 0.0830823
0.03125 0.335938 0.110699
0.0234375 0.34375 0.0832424
0.03125 0.34375 0.110912
0.0390625 0.320312 0.137703
0.046875 0.320312 0.165061
0.0390625 0.328125 0.137978
0.046875 0.328125 0.16539
0.0546875 0.320312 0.192319
0.0625 0.320312 0.219462
0.0546875 0.328125 0.192703
0.0625 0.328125 0.2199
0.0390625 0.335938 0.138248
0.046875 0.335938 0.165714
0.0390625 0.34375 0.138514
0.046875 0.34375 0.166034
0.0546875 0.335938 0.193081
0.0625 0.335938 0.220331
0.0546875 0.34375 0.193453
0.0625 0.34375 0.220755
0 0.351562 0
0.0078125 0.351562 0.0278223
0.015625 0.351562 0.0556279
0 0.359375 0
0.0078125 0.359375 0.027874
0.015625 0.359375 0.0557313
0.0234375 0.351562 0.0833999
0.03125 0.351562 0.111122
0.0234375 0.359375 0.083555
0.03125 0.359375 0.111328
0 0.367188 0
0.0078125 0.367188 0.0279249
0.015625 0.367188 0.0558331
0 0.375 0
0.0078125 0.375 0.027975
0.015625 0.375 0.0559332
0.0234375 0.367188 0.0837076
0.03125 0.367188 0.111532
0.0234375 0.375 0.0838576
0.03125 0.375 0.111732
0.0390625 0.351562 0.138777
0.046875 0.351562 0.166348
0.0390625 0.359375 0.139035
0.046875 0.359375 0.166657
0.0546875 0.351562 0.193819
0.0625 0.351562 0.221173
0.0546875 0.359375 0.194179
0.0625 0.359375 0.221584
0.0390625 0.367188 0.139289
0.046875 0.367188 0.166962
0.0390625 0.375 0.139538
0.046875 0.375 0.167261
0.0546875 0.367188 0.194534
0.0625 0.367188 0.221989
0.0546875 0.375 0.194883
0.0625 0.375 0.222387
0.0703125 0.320312 0.246472
0.078125 0.320312 0.273334
0.0703125 0.328125 0.246964
0.078125 0.328125 0.27388
0.0859375 0.320312 0.300032
0.09375 0.320312 0.326548
0.0859375 0.328125 0.30063
0.09375 0.328125 0.3272
0.0703125 0.335938 0.247448
0.078125 0.335938 0.274417
0.0703125 0.34375 0.247925
0.078125 0.34375 0.274945
0.0859375 0.335938 0.30122
0.09375 0.335938 0.327842
0.0859375 0.34375 0.3018
0.09375 0.34375 0.328473
0.101562 0.320312 0.352868
0.109375 0.320312 0.378976
0.101562 0.328125 0.353572
0.109375 0.328125 0.379732
0.117188 0.320312 0.404855
0.125 0.320312 0.43049
0.117188 0.328125 0.405663
0.125 0.328125 0.431349
0.101562 0.335938 0.354266
0.109375 0.335938 0.380477
0.101562 0.34375 0.354948
0.109375 0.34375 0.381209
0.117188 0.335938 0.406458
0.125 0.335938 0.432195
0.117188 0.34375 0.407241
0.125 0.34375 0.433027
0.0703125 0.351562 0.248394
0.078125 0.351562 0.275466
0.0703125 0.359375 0.248856
0.078125 0.359375 0.275978
0.0859375 0.351562 0.302371
0.09375 0.351562 0.329095
0.0859375 0.359375 0.302934
0.09375 0.359375 0.329707
0.0703125 0.367188 0.249311
0.078125 0.367188 0.276482
0.0703125 0.375 0.249758
0.078125 0.375 0.276978
0.0859375 0.367188 0.303487
0.09375 0.367188 0.330309
0.0859375 0.375 0.304031
0.09375 0.375 0.330901
0.101562 0.351562 0.35562
0.109375 0.351562 0.381931
0.101562 0.359375 0.356281
0.109375 0.359375 0.382641
0.117188 0.351562 0.408012
0.125 0.351562 0.433847
0.117188 0.359375 0.40877
0.125 0.359375 0.434654
0.101562 0.367188 0.356932
0.109375 0.367188 0.38334
0.101562 0.375 0.357572
0.109375 0.375 0.384027
0.117188 0.367188 0.409517
0.125 0.367188 0.435447
0.117188 0.375 0.410251
0.125 0.375 0.436228
0.132812 0.257812 0.448072
0.140625 0.257812 0.472745
0.132812 0.265625 0.449098
0.140625 0.265625 0.473826
0.148438 0.257812 0.497132
0.15625 0.257812 0.52122
0.148438 0.265625 0.498269
0.15625 0.265625 0.522413
0.132812 0.273438 0.450108
0.140625 0.273438 0.474893
0.132812 0.28125 0.451104
0.140625 0.28125 0.475943
0.148438 0.273438 0.499391
0.15625 0.273438 0.523588
0.148438 0.28125 0.500495
0.15625 0.28125 0.524746
0.164062 0.257812 0.544994
0.171875 0.257812 0.56844
0.164062 0.265625 0.546241
0.171875 0.265625 0.56974
0.179688 0.257812 0.591543
0.1875 0.257812 0.61429
0.179688 0.265625 0.592896
0.1875 0.265625 0.615696
0.164062 0.273438 0.54747
0.171875 0.273438 0.571022
0.164062 0.28125 0.548681
0.171875 0.28125 0.572286
0.179688 0.273438 0.594231
0.1875 0.273438 0.617081
0.179688 0.28125 0.595545
0.1875 0.28125 0.618446
0.132812 0.289062 0.452085
0.140625 0.289062 0.476978
0.132812 0.296875 0.453052
0.140625 0.296875 0.477998
0.148438 0.289062 0.501584
0.15625 0.289062 0.525888
0.148438 0.296875 0.502657
0.15625 0.296875 0.527012
0.132812 0.304688 0.454004
0.140625 0.304688 0.479003
0.132812 0.3125 0.454942
0.140625 0.3125 0.479993
0.148438 0.304688 0.503713
0.15625 0.304688 0.52812
0.148438 0.3125 0.504754
0.15625 0.3125 0.529211
0.164062 0.289062 0.549875
0.171875 0.289062 0.573531
0.164062 0.296875 0.551051
0.171875 0.296875 0.574757
0.179688 0.289062 0.596841
0.1875 0.289062 0.619792
0.179688 0.296875 0.598117
0.1875 0.296875 0.621117
0.164062 0.304688 0.552209
0.171875 0.304688 0.575965
0.164062 0.3125 0.55335
0.171875 0.3125 0.577155
0.179688 0.304688 0.599374
0.1875 0.304688 0.622422
0.179688 0.3125 0.600612
0.1875 0.3125 0.623708
0.195312 0.257812 0.636667
0.203125 0.257812 0.65866
0.195312 0.265625 0.638124
0.203125 0.265625 0.660167
0.210938 0.257812 0.680257
0.21875 0.257812 0.701444
0.210938 0.265625 0.681814
0.21875 0.265625 0.703049
0.195312 0.273438 0.63956
0.203125 0.273438 0.661653
0.195312 0.28125 0.640975
0.203125 0.28125 0.663117
0.210938 0.273438 0.683348
0.21875 0.273438 0.704631
0.210938 0.28125 0.68486
0.21875 0.28125 0.70619
0.226562 0.257812 0.722208
0.234375 0.257812 0.742538
0.226562 0.265625 0.723861
0.234375 0.265625 0.744237
0.242188 0.257812 0.76242
0.25 0.257812 0.781843
0.242188 0.265625 0.764164
0.25 0.265625 0.783632
0.226562 0.273438 0.72549
0.234375 0.273438 0.745912
0.226562 0.28125 0.727095
0.234375 0.28125 0.747562
0.242188 0.273438 0.765884
0.25 0.273438 0.785395
0.242188 0.28125 0.767578
0.25 0.28125 0.787133
0.195312 0.289062 0.642369
0.203125 0.289062 0.664559
0.195312 0.296875 0.643742
0.203125 0.296875 0.66598
0.210938 0.289062 0.686349
0.21875 0.289062 0.707726
0.210938 0.296875 0.687817
0.21875 0.296875 0.709239
0.195312 0.304688 0.645096
0.203125 0.304688 0.66738
0.195312 0.3125 0.646428
0.203125 0.3125 0.668759
0.210938 0.304688 0.689263
0.21875 0.304688 0.71073
0.210938 0.3125 0.690687
0.21875 0.3125 0.712198
0.226562 0.289062 0.728677
0.234375 0.289062 0.749188
0.226562 0.296875 0.730234
0.234375 0.296875 0.75079
0.242188 0.289062 0.769248
0.25 0.289062 0.788845
0.242188 0.296875 0.770893
0.25 0.296875 0.790532
0.226562 0.304688 0.73177
0.234375 0.304688 0.752368
0.226562 0.3125 0.733281
0.234375 0.3125 0.753922
0.242188 0.304688 0.772513
0.25 0.304688 0.792193
0.242188 0.3125 0.774109
0.25 0.3125 0.79383
0.132812 0.320312 0.455866
0.140625 0.320312 0.480967
0.132812 0.328125 0.456776
0.140625 0.328125 0.481927
0.148438 0.320312 0.505779
0.15625 0.320312 0.530286
0.148438 0.328125 0.506788
0.15625 0.328125 0.531344
0.132812 0.335938 0.457671
0.140625 0.335938 0.482872
0.132812 0.34375 0.458553
0.140625 0.34375 0.483802
0.148438 0.335938 0.507782
0.15625 0.335938 0.532386
0.148438 0.34375 0.50876
0.15625 0.34375 0.533411
0.164062 0.320312 0.554473
0.171875 0.320312 0.578327
0.164062 0.328125 0.55558
0.171875 0.328125 0.579481
0.179688 0.320312 0.601832
0.1875 0.320312 0.624975
0.179688 0.328125 0.603033
0.1875 0.328125 0.626222
0.164062 0.335938 0.556669
0.171875 0.335938 0.580617
0.164062 0.34375 0.557741
0.171875 0.34375 0.581736
0.179688 0.335938 0.604215
0.1875 0.335938 0.62745
0.179688 0.34375 0.605379
0.1875 0.34375 0.628658
0.132812 0.351562 0.459421
0.140625 0.351562 0.484718
0.132812 0.359375 0.460275
0.140625 0.359375 0.485619
0.148438 0.351562 0.509723
0.15625 0.351562 0.534421
0.148438 0.359375 0.510671
0.15625 0.359375 0.535414
0.132812 0.367188 0.461116
0.140625 0.367188 0.486506
0.132812 0.375 0.461942
0.140625 0.375 0.487378
0.148438 0.367188 0.511603
0.15625 0.367188 0.536392
0.148438 0.375 0.512521
0.15625 0.375 0.537354
0.164062 0.351562 0.558797
0.171875 0.351562 0.582837
0.164062 0.359375 0.559836
0.171875 0.359375 0.58392
0.179688 0.351562 0.606525
0.1875 0.351562 0.629848
0.179688 0.359375 0.607653
0.1875 0.359375 0.631019
0.164062 0.367188 0.560858
0.171875 0.367188 0.584987
0.164062 0.375 0.561864
0.171875 0.375 0.586036
0.179688 0.367188 0.608762
0.1875 0.367188 0.632172
0.179688 0.375 0.609854
0.1875 0.375 0.633305
0.195312 0.320312 0.647741
0.203125 0.320312 0.670117
0.195312 0.328125 0.649033
0.203125 0.328125 0.671454
0.210938 0.320312 0.692089
0.21875 0.320312 0.713645
0.210938 0.328125 0.69347
0.21875 0.328125 0.715069
0.195312 0.335938 0.650306
0.203125 0.335938 0.672771
0.195312 0.34375 0.651559
0.203125 0.34375 0.674067
0.210938 0.335938 0.69483
0.21875 0.335938 0.716471
0.210938 0.34375 0.696168
0.21875 0.34375 0.717851
0.226562 0.320312 0.73477
0.234375 0.320312 0.755453
0.226562 0.328125 0.736236
0.234375 0.328125 0.756961
0.242188 0.320312 0.775681
0.25 0.320312 0.795442
0.242188 0.328125 0.777229
0.25 0.328125 0.797029
0.226562 0.335938 0.73768
0.234375 0.335938 0.758445
0.226562 0.34375 0.739101
0.234375 0.34375 0.759906
0.242188 0.335938 0.778753
0.25 0.335938 0.798592
0.242188 0.34375 0.780253
0.25 0.34375 0.80013
0.195312 0.351562 0.652792
0.203125 0.351562 0.675343
0.195312 0.359375 0.654005
0.203125 0.359375 0.676598
0.210938 0.351562 0.697486
0.21875 0.351562 0.71921
0.210938 0.359375 0.698783
0.21875 0.359375 0.720547
0.195312 0.367188 0.6552
0.203125 0.367188 0.677834
0.195312 0.375 0.656375
0.203125 0.375 0.679049
0.210938 0.367188 0.700059
0.21875 0.367188 0.721863
0.210938 0.375 0.701314
0.21875 0.375 0.723157
0.226562 0.351562 0.7405
0.234375 0.351562 0.761344
0.226562 0.359375 0.741877
0.234375 0.359375 0.76276
0.242188 0.351562 0.78173
0.25 0.351562 0.801645
0.242188 0.359375 0.783183
0.25 0.359375 0.803135
0.226562 0.367188 0.743232
0.234375 0.367188 0.764153
0.226562 0.375 0.744564
0.234375 0.375 0.765523
0.242188 0.367188 0.784614
0.25 0.367188 0.804602
0.242188 0.375 0.78602
0.25 0.375 0.806045
0 0.382812 0
0.0078125 0.382812 0.0280243
0.015625 0.382812 0.0560317
0 0.390625 0
0.0078125 0.390625 0.0280727
0.015625 0.390625 0.0561286
0.0234375 0.382812 0.0840054
0.03125 0.382812 0.111928
0.0234375 0.390625 0.0841506
0.03125 0.390625 0.112122
0 0.398438 0
0.0078125 0.398438 0.0281204
0.015625 0.398438 0.0562238
0 0.40625 0
0.0078125 0.40625 0.0281672
0.015625 0.40625 0.0563175
0.0234375 0.398438 0.0842934
0.03125 0.398438 0.112312
0.0234375 0.40625 0.0844339
0.03125 0.40625 0.112499
0.0390625 0.382812 0.139784
0.046875 0.382812 0.167555
0.0390625 0.390625 0.140026
0.046875 0.390625 0.167845
0.0546875 0.382812 0.195226
0.0625 0.382812 0.222779
0.0546875 0.390625 0.195563
0.0625 0.390625 0.223164
0.0390625 0.398438 0.140263
0.046875 0.398438 0.16813
0.0390625 0.40625 0.140497
0.046875 0.40625 0.16841
0.0546875 0.398438 0.195895
0.0625 0.398438 0.223543
0.0546875 0.40625 0.196222
0.0625 0.40625 0.223915
0 0.414062 0
0.0078125 0.414062 0.0282133
0.015625 0.414062 0.0564096
0 0.421875 0
0.0078125 0.421875 0.0282586
0.015625 0.421875 0.0565001
0.0234375 0.414062 0.084572
0.03125 0.414062 0.112683
0.0234375 0.421875 0.0847076
0.03125 0.421875 0.112864
0 0.429688 0
0.0078125 0.429688 0.0283031
0.015625 0.429688 0.0565891
0 0.4375 0
0.0078125 0.4375 0.0283468
0.015625 0.4375 0.0566765
0.0234375 0.429688 0.084841
0.03125 0.429688 0.113042
0.0234375 0.4375 0.084972
0.03125 0.4375 0.113216
0.0390625 0.414062 0.140727
0.046875 0.414062 0.168686
0.0390625 0.421875 0.140953
0.046875 0.421875 0.168956
0.0546875 0.414062 0.196543
0.0625 0.414062 0.224281
0.0546875 0.421875 0.196858
0.0625 0.421875 0.224641
0.0390625 0.429688 0.141175
0.046875 0.429688 0.169222
0.0390625 0.4375 0.141393
0.046875 0.4375 0.169484
0.0546875 0.429688 0.197168
0.0625 0.429688 0.224995
0.0546875 0.4375 0.197473
0.0625 0.4375 0.225342
0.0703125 0.382812 0.250198
0.078125 0.382812 0.277466
0.0703125 0.390625 0.25063
0.078125 0.390625 0.277945
0.0859375 0.382812 0.304566
0.09375 0.382812 0.331484
0.0859375 0.390625 0.305093
0.09375 0.390625 0.332057
0.0703125 0.398438 0.251056
0.078125 0.398438 0.278417
0.0703125 0.40625 0.251474
0.078125 0.40625 0.278881
0.0859375 0.398438 0.305611
0.09375 0.398438 0.332621
0.0859375 0.40625 0.30612
0.09375 0.40625 0.333175
0.101562 0.382812 0.358202
0.109375 0.382812 0.384704
0.101562 0.390625 0.358821
0.109375 0.390625 0.385369
0.117188 0.382812 0.410974
0.125 0.382812 0.436996
0.117188 0.390625 0.411684
0.125 0.390625 0.437752
0.101562 0.398438 0.35943
0.109375 0.398438 0.386023
0.101562 0.40625 0.360029
0.109375 0.40625 0.386666
0.117188 0.398438 0.412383
0.125 0.398438 0.438495
0.117188 0.40625 0.41307
0.125 0.40625 0.439226
0.0703125 0.414062 0.251885
0.078125 0.414062 0.279337
0.0703125 0.421875 0.252289
0.078125 0.421875 0.279785
0.0859375 0.414062 0.306621
0.09375 0.414062 0.33372
0.0859375 0.421875 0.307113
0.09375 0.421875 0.334255
0.0703125 0.429688 0.252687
0.078125 0.429688 0.280226
0.0703125 0.4375 0.253077
0.078125 0.4375 0.280658
0.0859375 0.429688 0.307596
0.09375 0.429688 0.334781
0.0859375 0.4375 0.308071
0.09375 0.4375 0.335298
0.101562 0.414062 0.360618
0.109375 0.414062 0.387298
0.101562 0.421875 0.361196
0.109375 0.421875 0.38792
0.117188 0.414062 0.413746
0.125 0.414062 0.439944
0.117188 0.421875 0.41441
0.125 0.421875 0.44065
0.101562 0.429688 0.361765
0.109375 0.429688 0.388531
0.101562 0.4375 0.362324
0.109375 0.4375 0.38913
0.117188 0.429688 0.415062
0.125 0.429688 0.441344
0.117188 0.4375 0.415703
0.125 0.4375 0.442025
0 0.445312 0
0.0078125 0.445312 0.0283897
0.015625 0.445312 0.0567624
0 0.453125 0
0.0078125 0.453125 0.0284319
0.015625 0.453125 0.0568467
0.0234375 0.445312 0.0851008
0.03125 0.445312 0.113388
0.0234375 0.453125 0.0852272
0.03125 0.453125 0.113556
0 0.460938 0
0.0078125 0.460938 0.0284733
0.015625 0.460938 0.0569295
0 0.46875 0
0.0078125 0.46875 0.028514
0.015625 0.46875 0.0570108
0.0234375 0.460938 0.0853514
0.03125 0.460938 0.113722
0.0234375 0.46875 0.0854732
0.03125 0.46875 0.113884
0.0390625 0.445312 0.141607
0.046875 0.445312 0.16974
0.0390625 0.453125 0.141817
0.046875 0.453125 0.169993
0.0546875 0.445312 0.197772
0.0625 0.445312 0.225684
0.0546875 0.453125 0.198065
0.0625 0.453125 0.226019
0.0390625 0.460938 0.142024
0.046875 0.460938 0.17024
0.0390625 0.46875 0.142227
0.046875 0.46875 0.170483
0.0546875 0.460938 0.198354
0.0625 0.460938 0.226348
0.0546875 0.46875 0.198637
0.0625 0.46875 0.226672
0 0.476562 0
0.0078125 0.476562 0.0285539
0.015625 0.476562 0.0570906
0 0.484375 0
0.0078125 0.484375 0.0285931
0.015625 0.484375 0.0571689
0.0234375 0.476562 0.0855929
0.03125 0.476562 0.114044
0.0234375 0.484375 0.0857103
0.03125 0.484375 0.1142
0 0.492188 0
0.0078125 0.492188 0.0286315
0.015625 0.492188 0.0572457
0 0.5 0
0.0078125 0.5 0.0286692
0.015625 0.5 0.0573211
0.0234375 0.492188 0.0858255
0.03125 0.492188 0.114354
0.0234375 0.5 0.0859385
0.03125 0.5 0.114504
0.0390625 0.476562 0.142426
0.046875 0.476562 0.170722
0.0390625 0.484375 0.142621
0.046875 0.484375 0.170956
0.0546875 0.476562 0.198915
0.0625 0.476562 0.226989
0.0546875 0.484375 0.199188
0.0625 0.484375 0.2273
0.0390625 0.492188 0.142813
0.046875 0.492188 0.171186
0.0390625 0.5 0.143001
0.046875 0.5 0.171411
0.0546875 0.492188 0.199456
0.0625 0.492188 0.227606
0.0546875 0.5 0.199718
0.0625 0.5 0.227905
0.0703125 0.445312 0.25346
0.078125 0.445312 0.281084
0.0703125 0.453125 0.253837
0.078125 0.453125 0.281501
0.0859375 0.445312 0.308538
0.09375 0.445312 0.335806
0.0859375 0.453125 0.308996
0.09375 0.453125 0.336305
0.0703125 0.460938 0.254207
0.078125 0.460938 0.281911
0.0703125 0.46875 0.254569
0.078125 0.46875 0.282314
0.0859375 0.460938 0.309447
0.09375 0.460938 0.336795
0.0859375 0.46875 0.309888
0.09375 0.46875 0.337276
0.101562 0.445312 0.362873
0.109375 0.445312 0.38972
0.101562 0.453125 0.363412
0.109375 0.453125 0.390299
0.117188 0.445312 0.416333
0.125 0.445312 0.442695
0.117188 0.453125 0.416951
0.125 0.453125 0.443352
0.101562 0.460938 0.363941
0.109375 0.460938 0.390868
0.101562 0.46875 0.364461
0.109375 0.46875 0.391426
0.117188 0.460938 0.417559
0.125 0.460938 0.443999
0.117188 0.46875 0.418155
0.125 0.46875 0.444632
0.0703125 0.476562 0.254926
0.078125 0.476562 0.282709
0.0703125 0.484375 0.255275
0.078125 0.484375 0.283097
0.0859375 0.476562 0.310322
0.09375 0.476562 0.337748
0.0859375 0.484375 0.310748
0.09375 0.484375 0.338211
0.0703125 0.492188 0.255619
0.078125 0.492188 0.283477
0.0703125 0.5 0.255955
0.078125 0.5 0.283851
0.0859375 0.492188 0.311166
0.09375 0.492188 0.338666
0.0859375 0.5 0.311575
0.09375 0.5 0.339112
0.101562 0.476562 0.364971
0.109375 0.476562 0.391974
0.101562 0.484375 0.365471
0.109375 0.484375 0.392511
0.117188 0.476562 0.418741
0.125 0.476562 0.445255
0.117188 0.484375 0.419315
0.125 0.484375 0.445866
0.101562 0.492188 0.365963
0.109375 0.492188 0.393039
0.101562 0.5 0.366444
0.109375 0.5 0.393556
0.117188 0.492188 0.419878
0.125 0.492188 0.446465
0.117188 0.5 0.420431
0.125 0.5 0.447053
0.132812 0.382812 0.462756
0.140625 0.382812 0.488237
0.132812 0.390625 0.463556
0.140625 0.390625 0.489081
0.148438 0.382812 0.513423
0.15625 0.382812 0.538301
0.148438 0.390625 0.514311
0.15625 0.390625 0.539231
0.132812 0.398438 0.464343
0.140625 0.398438 0.489911
0.132812 0.40625 0.465116
0.140625 0.40625 0.490727
0.148438 0.398438 0.515184
0.15625 0.398438 0.540147
0.148438 0.40625 0.516042
0.15625 0.40625 0.541046
0.164062 0.382812 0.562854
0.171875 0.382812 0.587068
0.164062 0.390625 0.563827
0.171875 0.390625 0.588083
0.179688 0.382812 0.610928
0.1875 0.382812 0.634421
0.179688 0.390625 0.611984
0.1875 0.390625 0.635517
0.164062 0.398438 0.564784
0.171875 0.398438 0.589081
0.164062 0.40625 0.565725
0.171875 0.40625 0.590062
0.179688 0.398438 0.613023
0.1875 0.398438 0.636596
0.179688 0.40625 0.614044
0.1875 0.40625 0.637657
0.132812 0.414062 0.465877
0.140625 0.414062 0.49153
0.132812 0.421875 0.466625
0.140625 0.421875 0.492318
0.148438 0.414062 0.516886
0.15625 0.414062 0.541931
0.148438 0.421875 0.517715
0.15625 0.421875 0.542801
0.132812 0.429688 0.467359
0.140625 0.429688 0.493094
0.132812 0.4375 0.468081
0.140625 0.4375 0.493855
0.148438 0.429688 0.518531
0.15625 0.429688 0.543656
0.148438 0.4375 0.519331
0.15625 0.4375 0.544495
0.164062 0.414062 0.56665
0.171875 0.414062 0.591027
0.164062 0.421875 0.567559
0.171875 0.421875 0.591976
0.179688 0.414062 0.615049
0.1875 0.414062 0.6387
0.179688 0.421875 0.616035
0.1875 0.421875 0.639724
0.164062 0.429688 0.568453
0.171875 0.429688 0.592908
0.164062 0.4375 0.569331
0.171875 0.4375 0.593823
0.179688 0.429688 0.617006
0.1875 0.429688 0.640732
0.179688 0.4375 0.617958
0.1875 0.4375 0.641721
0.195312 0.382812 0.657531
0.203125 0.382812 0.680245
0.195312 0.390625 0.658667
0.203125 0.390625 0.681421
0.210938 0.382812 0.702549
0.21875 0.382812 0.724431
0.210938 0.390625 0.703764
0.21875 0.390625 0.725683
0.195312 0.398438 0.659786
0.203125 0.398438 0.682578
0.195312 0.40625 0.660885
0.203125 0.40625 0.683715
0.210938 0.398438 0.704959
0.21875 0.398438 0.726915
0.210938 0.40625 0.706133
0.21875 0.40625 0.728126
0.226562 0.382812 0.745876
0.234375 0.382812 0.766871
0.226562 0.390625 0.747165
0.234375 0.390625 0.768197
0.242188 0.382812 0.787405
0.25 0.382812 0.807464
0.242188 0.390625 0.788766
0.25 0.390625 0.80886
0.226562 0.398438 0.748434
0.234375 0.398438 0.769501
0.226562 0.40625 0.74968
0.234375 0.40625 0.770783
0.242188 0.398438 0.790105
0.25 0.398438 0.810233
0.242188 0.40625 0.791421
0.25 0.40625 0.811583
0.195312 0.414062 0.661966
0.203125 0.414062 0.684833
0.195312 0.421875 0.663028
0.203125 0.421875 0.685932
0.210938 0.414062 0.707288
0.21875 0.414062 0.729317
0.210938 0.421875 0.708423
0.21875 0.421875 0.730487
0.195312 0.429688 0.664072
0.203125 0.429688 0.687012
0.195312 0.4375 0.665097
0.203125 0.4375 0.688073
0.210938 0.429688 0.709538
0.21875 0.429688 0.731637
0.210938 0.4375 0.710634
0.21875 0.4375 0.732767
0.226562 0.414062 0.750906
0.234375 0.414062 0.772044
0.226562 0.421875 0.752111
0.234375 0.421875 0.773282
0.242188 0.414062 0.792716
0.25 0.414062 0.81291
0.242188 0.421875 0.793988
0.25 0.421875 0.814215
0.226562 0.429688 0.753296
0.234375 0.429688 0.7745
0.226562 0.4375 0.754459
0.234375 0.4375 0.775696
0.242188 0.429688 0.795238
0.25 0.429688 0.815497
0.242188 0.4375 0.796466
0.25 0.4375 0.816756
0.132812 0.445312 0.46879
0.140625 0.445312 0.494603
0.132812 0.453125 0.469487
0.140625 0.453125 0.495338
0.148438 0.445312 0.520118
0.15625 0.445312 0.54532
0.148438 0.453125 0.520891
0.15625 0.453125 0.54613
0.132812 0.460938 0.470171
0.140625 0.460938 0.49606
0.132812 0.46875 0.470842
0.140625 0.46875 0.496768
0.148438 0.460938 0.52165
0.15625 0.460938 0.546926
0.148438 0.46875 0.522395
0.15625 0.46875 0.547707
0.164062 0.445312 0.570193
0.171875 0.445312 0.594723
0.164062 0.453125 0.57104
0.171875 0.453125 0.595606
0.179688 0.445312 0.618895
0.1875 0.445312 0.642694
0.179688 0.453125 0.619814
0.1875 0.453125 0.643648
0.164062 0.460938 0.571872
0.171875 0.460938 0.596474
0.164062 0.46875 0.572689
0.171875 0.46875 0.597326
0.179688 0.460938 0.620717
0.1875 0.460938 0.644586
0.179688 0.46875 0.621603
0.1875 0.46875 0.645506
0.132812 0.476562 0.471501
0.140625 0.476562 0.497463
0.132812 0.484375 0.472148
0.140625 0.484375 0.498146
0.148438 0.476562 0.523126
0.15625 0.476562 0.548474
0.148438 0.484375 0.523843
0.15625 0.484375 0.549226
0.132812 0.492188 0.472783
0.140625 0.492188 0.498815
0.132812 0.5 0.473405
0.140625 0.5 0.499472
0.148438 0.492188 0.524548
0.15625 0.492188 0.549964
0.148438 0.5 0.525238
0.15625 0.5 0.550688
0.164062 0.476562 0.573491
0.171875 0.476562 0.598162
0.164062 0.484375 0.574277
0.171875 0.484375 0.598983
0.179688 0.476562 0.622474
0.1875 0.476562 0.64641
0.179688 0.484375 0.623327
0.1875 0.484375 0.647296
0.164062 0.492188 0.575049
0.171875 0.492188 0.599788
0.164062 0.5 0.575806
0.171875 0.5 0.600577
0.179688 0.492188 0.624165
0.1875 0.492188 0.648167
0.179688 0.5 0.624987
0.1875 0.5 0.64902
0.195312 0.445312 0.666105
0.203125 0.445312 0.689116
0.195312 0.453125 0.667094
0.203125 0.453125 0.690139
0.210938 0.445312 0.711711
0.21875 0.445312 0.733877
0.210938 0.453125 0.712768
0.21875 0.453125 0.734967
0.195312 0.460938 0.668067
0.203125 0.460938 0.691145
0.195312 0.46875 0.66902
0.203125 0.46875 0.692131
0.210938 0.460938 0.713807
0.21875 0.460938 0.736038
0.210938 0.46875 0.714826
0.21875 0.46875 0.737089
0.226562 0.445312 0.755602
0.234375 0.445312 0.776871
0.226562 0.453125 0.756724
0.234375 0.453125 0.778025
0.242188 0.445312 0.797673
0.25 0.445312 0.817994
0.242188 0.453125 0.798857
0.25 0.453125 0.819209
0.226562 0.460938 0.757827
0.234375 0.460938 0.779159
0.226562 0.46875 0.758909
0.234375 0.46875 0.780271
0.242188 0.460938 0.800022
0.25 0.460938 0.820402
0.242188 0.46875 0.801164
0.25 0.46875 0.821574
0.195312 0.476562 0.669957
0.203125 0.476562 0.693101
0.195312 0.484375 0.670876
0.203125 0.484375 0.694051
0.210938 0.476562 0.715826
0.21875 0.476562 0.738121
0.210938 0.484375 0.716808
0.21875 0.484375 0.739133
0.195312 0.492188 0.671778
0.203125 0.492188 0.694984
0.195312 0.5 0.672662
0.203125 0.5 0.695899
0.210938 0.492188 0.717772
0.21875 0.492188 0.740127
0.210938 0.5 0.718716
0.21875 0.5 0.741101
0.226562 0.476562 0.759971
0.234375 0.476562 0.781364
0.226562 0.484375 0.761013
0.234375 0.484375 0.782435
0.242188 0.476562 0.802285
0.25 0.476562 0.822724
0.242188 0.484375 0.803386
0.25 0.484375 0.823852
0.226562 0.492188 0.762037
0.234375 0.492188 0.783487
0.226562 0.5 0.76304
0.234375 0.5 0.784518
0.242188 0.492188 0.804466
0.25 0.492188 0.82496
0.242188 0.5 0.805524
0.25 0.5 0.826045
0.257812 0.257812 0.800795
0.265625 0.257812 0.819264
0.257812 0.265625 0.802627
0.265625 0.265625 0.821139
0.273438 0.257812 0.83724
0.28125 0.257812 0.854712
0.273438 0.265625 0.839156
0.28125 0.265625 0.856668
0.257812 0.273438 0.804433
0.265625 0.273438 0.822987
0.257812 0.28125 0.806213
0.265625 0.28125 0.824807
0.273438 0.273438 0.841044
0.28125 0.273438 0.858596
0.273438 0.28125 0.842905
0.28125 0.28125 0.860495
0.289062 0.257812 0.871669
0.296875 0.257812 0.888101
0.289062 0.265625 0.873663
0.296875 0.265625 0.890133
0.304688 0.257812 0.903998
0.3125 0.257812 0.91935
0.304688 0.265625 0.906066
0.3125 0.265625 0.921453
0.289062 0.273438 0.875629
0.296875 0.273438 0.892136
0.289062 0.28125 0.877566
0.296875 0.28125 0.894109
0.304688 0.273438 0.908105
0.3125 0.273438 0.923527
0.304688 0.28125 0.910114
0.3125 0.28125 0.92557
0.257812 0.289062 0.807967
0.265625 0.289062 0.826602
0.257812 0.296875 0.809694
0.265625 0.296875 0.828369
0.273438 0.289062 0.844739
0.28125 0.289062 0.862367
0.273438 0.296875 0.846545
0.28125 0.296875 0.864211
0.257812 0.304688 0.811396
0.265625 0.304688 0.83011
0.257812 0.3125 0.813072
0.265625 0.3125 0.831825
0.273438 0.304688 0.848324
0.28125 0.304688 0.866027
0.273438 0.3125 0.850077
0.28125 0.3125 0.867816
0.289062 0.289062 0.879476
0.296875 0.289062 0.896055
0.289062 0.296875 0.881356
0.296875 0.296875 0.89797
0.304688 0.289062 0.912094
0.3125 0.289062 0.927584
0.304688 0.296875 0.914044
0.3125 0.296875 0.929567
0.289062 0.304688 0.883209
0.296875 0.304688 0.899858
0.289062 0.3125 0.885033
0.296875 0.3125 0.901717
0.304688 0.304688 0.915965
0.3125 0.304688 0.931521
0.304688 0.3125 0.917858
0.3125 0.3125 0.933445
0.320312 0.257812 0.934148
0.328125 0.257812 0.948384
0.320312 0.265625 0.936286
0.328125 0.265625 0.950554
0.335938 0.257812 0.962049
0.34375 0.257812 0.975134
0.335938 0.265625 0.96425
0.34375 0.265625 0.977365
0.320312 0.273438 0.938393
0.328125 0.273438 0.952693
0.320312 0.28125 0.940469
0.328125 0.28125 0.954801
0.335938 0.273438 0.96642
0.34375 0.273438 0.979565
0.335938 0.28125 0.968558
0.34375 0.28125 0.981732
0.351562 0.257812 0.987632
0.359375 0.257812 0.999534
0.351562 0.265625 0.989891
0.359375 0.265625 1.00182
0.367188 0.257812 1.01084
0.375 0.257812 1.02153
0.367188 0.265625 1.01315
0.375 0.265625 1.02386
0.351562 0.273438 0.992119
0.359375 0.273438 1.00408
0.351562 0.28125 0.994314
0.359375 0.28125 1.0063
0.367188 0.273438 1.01543
0.375 0.273438 1.02617
0.367188 0.28125 1.01767
0.375 0.28125 1.02844
0.320312 0.289062 0.942515
0.328125 0.289062 0.956878
0.320312 0.296875 0.94453
0.328125 0.296875 0.958924
0.335938 0.289062 0.970665
0.34375 0.289062 0.983867
0.335938 0.296875 0.97274
0.34375 0.296875 0.985971
0.320312 0.304688 0.946515
0.328125 0.304688 0.96094
0.320312 0.3125 0.948471
0.328125 0.3125 0.962925
0.335938 0.304688 0.974785
0.34375 0.304688 0.988043
0.335938 0.3125 0.976799
0.34375 0.3125 0.990085
0.351562 0.289062 0.996477
0.359375 0.289062 1.00849
0.351562 0.296875 0.998607
0.359375 0.296875 1.01064
0.367188 0.289062 1.01989
0.375 0.289062 1.03068
0.367188 0.296875 1.02207
0.375 0.296875 1.03288
0.351562 0.304688 1.00071
0.359375 0.304688 1.01277
0.351562 0.3125 1.00277
0.359375 0.3125 1.01486
0.367188 0.304688 1.02422
0.375 0.304688 1.03505
0.367188 0.3125 1.02633
0.375 0.3125 1.03719
0.257812 0.320312 0.814724
0.265625 0.320312 0.833514
0.257812 0.328125 0.816349
0.265625 0.328125 0.835177
0.273438 0.320312 0.851803
0.28125 0.320312 0.869579
0.273438 0.328125 0.853503
0.28125 0.328125 0.871314
0.257812 0.335938 0.81795
0.265625 0.335938 0.836815
0.257812 0.34375 0.819525
0.265625 0.34375 0.838427
0.273438 0.335938 0.855176
0.28125 0.335938 0.873022
0.273438 0.34375 0.856824
0.28125 0.34375 0.874704
0.289062 0.320312 0.886831
0.296875 0.320312 0.903548
0.289062 0.328125 0.8886
0.296875 0.328125 0.905351
0.304688 0.320312 0.919722
0.3125 0.320312 0.935341
0.304688 0.328125 0.921556
0.3125 0.328125 0.937207
0.289062 0.335938 0.890342
0.296875 0.335938 0.907126
0.289062 0.34375 0.892057
0.296875 0.34375 0.908874
0.304688 0.335938 0.923364
0.3125 0.335938 0.939045
0.304688 0.34375 0.925142
0.3125 0.34375 0.940854
0.257812 0.351562 0.821077
0.265625 0.351562 0.840014
0.257812 0.359375 0.822603
0.265625 0.359375 0.841576
0.273438 0.351562 0.858445
0.28125 0.351562 0.87636
0.273438 0.359375 0.860041
0.28125 0.359375 0.877989
0.257812 0.367188 0.824105
0.265625 0.367188 0.843113
0.257812 0.375 0.825583
0.265625 0.375 0.844624
0.273438 0.367188 0.861612
0.28125 0.367188 0.879592
0.273438 0.375 0.863157
0.28125 0.375 0.881169
0.289062 0.351562 0.893746
0.296875 0.351562 0.910594
0.289062 0.359375 0.895407
0.296875 0.359375 0.912287
0.304688 0.351562 0.926894
0.3125 0.351562 0.942635
0.304688 0.359375 0.928616
0.3125 0.359375 0.944387
0.289062 0.367188 0.897043
0.296875 0.367188 0.913953
0.289062 0.375 0.898651
0.296875 0.375 0.915592
0.304688 0.367188 0.930312
0.3125 0.367188 0.946112
0.304688 0.375 0.931981
0.3125 0.375 0.947808
0.320312 0.320312 0.950397
0.328125 0.320312 0.96488
0.320312 0.328125 0.952293
0.328125 0.328125 0.966805
0.335938 0.320312 0.978783
0.34375 0.320312 0.992095
0.335938 0.328125 0.980735
0.34375 0.328125 0.994075
0.320312 0.335938 0.95416
0.328125 0.335938 0.968701
0.320312 0.34375 0.955998
0.328125 0.34375 0.970567
0.335938 0.335938 0.982659
0.34375 0.335938 0.996024
0.335938 0.34375 0.984551
0.34375 0.34375 0.997943
0.351562 0.320312 1.00481
0.359375 0.320312 1.01692
0.351562 0.328125 1.00681
0.359375 0.328125 1.01895
0.367188 0.320312 1.02842
0.375 0.320312 1.0393
0.367188 0.328125 1.03047
0.375 0.328125 1.04137
0.351562 0.335938 1.00879
0.359375 0.335938 1.02095
0.351562 0.34375 1.01073
0.359375 0.34375 1.02291
0.367188 0.335938 1.03249
0.375 0.335938 1.04341
0.367188 0.34375 1.03448
0.375 0.34375 1.04542
0.320312 0.351562 0.957808
0.328125 0.351562 0.972404
0.320312 0.359375 0.959588
0.328125 0.359375 0.974212
0.335938 0.351562 0.986415
0.34375 0.351562 0.999832
0.335938 0.359375 0.988249
0.34375 0.359375 1.00169
0.320312 0.367188 0.961341
0.328125 0.367188 0.975991
0.320312 0.375 0.963065
0.328125 0.375 0.977741
0.335938 0.367188 0.990054
0.34375 0.367188 1.00352
0.335938 0.375 0.991829
0.34375 0.375 1.00532
0.351562 0.351562 1.01265
0.359375 0.351562 1.02485
0.351562 0.359375 1.01453
0.359375 0.359375 1.02676
0.367188 0.351562 1.03644
0.375 0.351562 1.0474
0.367188 0.359375 1.03836
0.375 0.359375 1.04935
0.351562 0.367188 1.01638
0.359375 0.367188 1.02863
0.351562 0.375 1.0182
0.359375 0.375 1.03047
0.367188 0.367188 1.04026
0.375 0.367188 1.05126
0.367188 0.375 1.04213
0.375 0.375 1.05315
0.382812 0.257812 1.0316
0.390625 0.257812 1.04106
0.382812 0.265625 1.03396
0.390625 0.265625 1.04344
0.398438 0.257812 1.04989
0.40625 0.257812 1.05808
0.398438 0.265625 1.05229
0.40625 0.265625 1.0605
0.382812 0.273438 1.03629
0.390625 0.273438 1.04579
0.382812 0.28125 1.03858
0.390625 0.28125 1.0481
0.398438 0.273438 1.05466
0.40625 0.273438 1.06289
0.398438 0.28125 1.05699
0.40625 0.28125 1.06524
0.414062 0.257812 1.06564
0.421875 0.257812 1.07256
0.414062 0.265625 1.06808
0.421875 0.265625 1.07501
0.429688 0.257812 1.07883
0.4375 0.257812 1.08445
0.429688 0.265625 1.0813
0.4375 0.265625 1.08693
0.414062 0.273438 1.07048
0.421875 0.273438 1.07743
0.414062 0.28125 1.07285
0.421875 0.28125 1.07981
0.429688 0.273438 1.08373
0.4375 0.273438 1.08937
0.429688 0.28125 1.08613
0.4375 0.28125 1.09178
0.382812 0.289062 1.04084
0.390625 0.289062 1.05038
0.382812 0.296875 1.04307
0.390625 0.296875 1.05263
0.398438 0.289062 1.05929
0.40625 0.289062 1.06756
0.398438 0.296875 1.06155
0.40625 0.296875 1.06984
0.382812 0.304688 1.04526
0.390625 0.304688 1.05484
0.382812 0.3125 1.04742
0.390625 0.3125 1.05702
0.398438 0.304688 1.06379
0.40625 0.304688 1.07209
0.398438 0.3125 1.06598
0.40625 0.3125 1.0743
0.414062 0.289062 1.07518
0.421875 0.289062 1.08216
0.414062 0.296875 1.07748
0.421875 0.296875 1.08448
0.429688 0.289062 1.08849
0.4375 0.289062 1.09416
0.429688 0.296875 1.09082
0.4375 0.296875 1.0965
0.414062 0.304688 1.07975
0.421875 0.304688 1.08676
0.414062 0.3125 1.08198
0.421875 0.3125 1.089
0.429688 0.304688 1.09311
0.4375 0.304688 1.0988
0.429688 0.3125 1.09537
0.4375 0.3125 1.10107
0.445312 0.257812 1.08941
0.453125 0.257812 1.09373
0.445312 0.265625 1.09191
0.453125 0.265625 1.09623
0.460938 0.257812 1.09738
0.46875 0.257812 1.10037
0.460938 0.265625 1.09989
0.46875 0.265625 1.10289
0.445312 0.273438 1.09436
0.453125 0.273438 1.09869
0.445312 0.28125 1.09679
0.453125 0.28125 1.10113
0.460938 0.273438 1.10236
0.46875 0.273438 1.10537
0.460938 0.28125 1.1048
0.46875 0.28125 1.10781
0.476562 0.257812 1.1027
0.484375 0.257812 1.10436
0.476562 0.265625 1.10522
0.484375 0.265625 1.10689
0.492188 0.257812 1.10536
0.5 0.257812 1.10569
0.492188 0.265625 1.10789
0.5 0.265625 1.10822
0.476562 0.273438 1.10771
0.484375 0.273438 1.10938
0.476562 0.28125 1.11016
0.484375 0.28125 1.11183
0.492188 0.273438 1.11038
0.5 0.273438 1.11072
0.492188 0.28125 1.11284
0.5 0.28125 1.11317
0.445312 0.289062 1.09917
0.453125 0.289062 1.10352
0.445312 0.296875 1.10152
0.453125 0.296875 1.10588
0.460938 0.289062 1.10721
0.46875 0.289062 1.11022
0.460938 0.296875 1.10957
0.46875 0.296875 1.1126
0.445312 0.304688 1.10384
0.453125 0.304688 1.1082
0.445312 0.3125 1.10612
0.453125 0.3125 1.11049
0.460938 0.304688 1.11191
0.46875 0.304688 1.11494
0.460938 0.3125 1.1142
0.46875 0.3125 1.11724
0.476562 0.289062 1.11257
0.484375 0.289062 1.11425
0.476562 0.296875 1.11495
0.484375 0.296875 1.11663
0.492188 0.289062 1.11526
0.5 0.289062 1.1156
0.492188 0.296875 1.11764
0.5 0.296875 1.11798
0.476562 0.304688 1.1173
0.484375 0.304688 1.11898
0.476562 0.3125 1.1196
0.484375 0.3125 1.12129
0.492188 0.304688 1.11999
0.5 0.304688 1.12033
0.492188 0.3125 1.12231
0.5 0.3125 1.12265
0.382812 0.320312 1.04955
0.390625 0.320312 1.05917
0.382812 0.328125 1.05164
0.390625 0.328125 1.06128
0.398438 0.320312 1.06815
0.40625 0.320312 1.07649
0.398438 0.328125 1.07028
0.40625 0.328125 1.07863
0.382812 0.335938 1.0537
0.390625 0.335938 1.06336
0.382812 0.34375 1.05573
0.390625 0.34375 1.06541
0.398438 0.335938 1.07238
0.40625 0.335938 1.08075
0.398438 0.34375 1.07444
0.40625 0.34375 1.08283
0.414062 0.320312 1.08418
0.421875 0.320312 1.09121
0.414062 0.328125 1.08634
0.421875 0.328125 1.09339
0.429688 0.320312 1.09759
0.4375 0.320312 1.10331
0.429688 0.328125 1.09978
0.4375 0.328125 1.10551
0.414062 0.335938 1.08847
0.421875 0.335938 1.09553
0.414062 0.34375 1.09057
0.421875 0.34375 1.09764
0.429688 0.335938 1.10194
0.4375 0.335938 1.10768
0.429688 0.34375 1.10406
0.4375 0.34375 1.10981
0.382812 0.351562 1.05773
0.390625 0.351562 1.06743
0.382812 0.359375 1.0597
0.390625 0.359375 1.06941
0.398438 0.351562 1.07648
0.40625 0.351562 1.08488
0.398438 0.359375 1.07848
0.40625 0.359375 1.0869
0.382812 0.367188 1.06163
0.390625 0.367188 1.07136
0.382812 0.375 1.06354
0.390625 0.375 1.07328
0.398438 0.367188 1.08045
0.40625 0.367188 1.08888
0.398438 0.375 1.08239
0.40625 0.375 1.09083
0.414062 0.351562 1.09263
0.421875 0.351562 1.09972
0.414062 0.359375 1.09466
0.421875 0.359375 1.10177
0.429688 0.351562 1.10615
0.4375 0.351562 1.11191
0.429688 0.359375 1.10821
0.4375 0.359375 1.11398
0.414062 0.367188 1.09666
0.421875 0.367188 1.10378
0.414062 0.375 1.09863
0.421875 0.375 1.10576
0.429688 0.367188 1.11023
0.4375 0.367188 1.11601
0.429688 0.375 1.11222
0.4375 0.375 1.11802
0.445312 0.320312 1.10836
0.453125 0.320312 1.11275
0.445312 0.328125 1.11057
0.453125 0.328125 1.11497
0.460938 0.320312 1.11646
0.46875 0.320312 1.11951
0.460938 0.328125 1.11869
0.46875 0.328125 1.12174
0.445312 0.335938 1.11275
0.453125 0.335938 1.11716
0.445312 0.34375 1.1149
0.453125 0.34375 1.11931
0.460938 0.335938 1.12089
0.46875 0.335938 1.12394
0.460938 0.34375 1.12305
0.46875 0.34375 1.12611
0.476562 0.320312 1.12188
0.484375 0.320312 1.12357
0.476562 0.328125 1.12412
0.484375 0.328125 1.12581
0.492188 0.320312 1.12459
0.5 0.320312 1.12492
0.492188 0.328125 1.12683
0.5 0.328125 1.12717
0.476562 0.335938 1.12632
0.484375 0.335938 1.12802
0.476562 0.34375 1.12849
0.484375 0.34375 1.13019
0.492188 0.335938 1.12904
0.5 0.335938 1.12938
0.492188 0.34375 1.13121
0.5 0.34375 1.13156
0.445312 0.351562 1.11701
0.453125 0.351562 1.12143
0.445312 0.359375 1.11908
0.453125 0.359375 1.12351
0.460938 0.351562 1.12517
0.46875 0.351562 1.12824
0.460938 0.359375 1.12726
0.46875 0.359375 1.13034
0.445312 0.367188 1.12113
0.453125 0.367188 1.12556
0.445312 0.375 1.12314
0.453125 0.375 1.12758
0.460938 0.367188 1.12932
0.46875 0.367188 1.1324
0.460938 0.375 1.13135
0.46875 0.375 1.13443
0.476562 0.351562 1.13063
0.484375 0.351562 1.13233
0.476562 0.359375 1.13273
0.484375 0.359375 1.13444
0.492188 0.351562 1.13336
0.5 0.351562 1.1337
0.492188 0.359375 1.13546
0.5 0.359375 1.1358
0.476562 0.367188 1.1348
0.484375 0.367188 1.13651
0.476562 0.375 1.13683
0.484375 0.375 1.13855
0.492188 0.367188 1.13754
0.5 0.367188 1.13788
0.492188 0.375 1.13958
0.5 0.375 1.13992
0.257812 0.382812 0.827037
0.265625 0.382812 0.846112
0.257812 0.390625 0.828467
0.265625 0.390625 0.847575
0.273438 0.382812 0.864677
0.28125 0.382812 0.882721
0.273438 0.390625 0.866172
0.28125 0.390625 0.884247
0.257812 0.398438 0.829873
0.265625 0.398438 0.849014
0.257812 0.40625 0.831256
0.265625 0.40625 0.850428
0.273438 0.398438 0.867642
0.28125 0.398438 0.885749
0.273438 0.40625 0.869088
0.28125 0.40625 0.887224
0.289062 0.382812 0.900234
0.296875 0.382812 0.917204
0.289062 0.390625 0.90179
0.296875 0.390625 0.91879
0.304688 0.382812 0.933622
0.3125 0.382812 0.949477
0.304688 0.390625 0.935236
0.3125 0.390625 0.951119
0.289062 0.398438 0.903321
0.296875 0.398438 0.92035
0.289062 0.40625 0.904826
0.296875 0.40625 0.921883
0.304688 0.398438 0.936824
0.3125 0.398438 0.952734
0.304688 0.40625 0.938384
0.3125 0.40625 0.954321
0.257812 0.414062 0.832615
0.265625 0.414062 0.851819
0.257812 0.421875 0.833951
0.265625 0.421875 0.853185
0.273438 0.414062 0.870509
0.28125 0.414062 0.888675
0.273438 0.421875 0.871906
0.28125 0.421875 0.890101
0.257812 0.429688 0.835264
0.265625 0.429688 0.854529
0.257812 0.4375 0.836554
0.265625 0.4375 0.855849
0.273438 0.429688 0.873279
0.28125 0.429688 0.891503
0.273438 0.4375 0.874627
0.28125 0.4375 0.892879
0.289062 0.414062 0.906306
0.296875 0.414062 0.923391
0.289062 0.421875 0.90776
0.296875 0.421875 0.924872
0.304688 0.414062 0.939919
0.3125 0.414062 0.955882
0.304688 0.421875 0.941427
0.3125 0.421875 0.957415
0.289062 0.429688 0.909189
0.296875 0.429688 0.926329
0.289062 0.4375 0.910593
0.296875 0.4375 0.927759
0.304688 0.429688 0.94291
0.3125 0.429688 0.958923
0.304688 0.4375 0.944366
0.3125 0.4375 0.960403
0.320312 0.382812 0.964761
0.328125 0.382812 0.979463
0.320312 0.390625 0.966429
0.328125 0.390625 0.981157
0.335938 0.382812 0.993576
0.34375 0.382812 1.00709
0.335938 0.390625 0.995293
0.34375 0.390625 1.00883
0.320312 0.398438 0.96807
0.328125 0.398438 0.982822
0.320312 0.40625 0.969682
0.328125 0.40625 0.984459
0.335938 0.398438 0.996983
0.34375 0.398438 1.01054
0.335938 0.40625 0.998644
0.34375 0.40625 1.01223
0.351562 0.382812 1.02
0.359375 0.382812 1.03229
0.351562 0.390625 1.02176
0.359375 0.390625 1.03407
0.367188 0.382812 1.04396
0.375 0.382812 1.055
0.367188 0.390625 1.04577
0.375 0.390625 1.05683
0.351562 0.398438 1.02349
0.359375 0.398438 1.03583
0.351562 0.40625 1.0252
0.359375 0.40625 1.03756
0.367188 0.398438 1.04754
0.375 0.398438 1.05862
0.367188 0.40625 1.04929
0.375 0.40625 1.06038
0.320312 0.414062 0.971268
0.328125 0.414062 0.98607
0.320312 0.421875 0.972826
0.328125 0.421875 0.987652
0.335938 0.414062 1.00028
0.34375 0.414062 1.01388
0.335938 0.421875 1.00188
0.34375 0.421875 1.01551
0.320312 0.429688 0.974358
0.328125 0.429688 0.989207
0.320312 0.4375 0.975863
0.328125 0.4375 0.990734
0.335938 0.429688 1.00346
0.34375 0.429688 1.01711
0.335938 0.4375 1.00501
0.34375 0.4375 1.01868
0.351562 0.414062 1.02688
0.359375 0.414062 1.03925
0.351562 0.421875 1.02852
0.359375 0.421875 1.04092
0.367188 0.414062 1.051
0.375 0.414062 1.06212
0.367188 0.421875 1.05269
0.375 0.421875 1.06382
0.351562 0.429688 1.03014
0.359375 0.429688 1.04256
0.351562 0.4375 1.03173
0.359375 0.4375 1.04417
0.367188 0.429688 1.05435
0.375 0.429688 1.0655
0.367188 0.4375 1.05597
0.375 0.4375 1.06714
0.257812 0.445312 0.837822
0.265625 0.445312 0.857145
0.257812 0.453125 0.839066
0.265625 0.453125 0.858418
0.273438 0.445312 0.875953
0.28125 0.445312 0.894232
0.273438 0.453125 0.877254
0.28125 0.453125 0.89556
0.257812 0.460938 0.840289
0.265625 0.460938 0.859669
0.257812 0.46875 0.841489
0.265625 0.46875 0.860897
0.273438 0.460938 0.878532
0.28125 0.460938 0.896865
0.273438 0.46875 0.879786
0.28125 0.46875 0.898146
0.289062 0.445312 0.911973
0.296875 0.445312 0.929165
0.289062 0.453125 0.913328
0.296875 0.453125 0.930545
0.304688 0.445312 0.945797
0.3125 0.445312 0.961859
0.304688 0.453125 0.947201
0.3125 0.453125 0.963287
0.289062 0.460938 0.914659
0.296875 0.460938 0.931901
0.289062 0.46875 0.915964
0.296875 0.46875 0.933231
0.304688 0.460938 0.948582
0.3125 0.460938 0.964691
0.304688 0.46875 0.949936
0.3125 0.46875 0.966068
0.257812 0.476562 0.842667
0.265625 0.476562 0.862102
0.257812 0.484375 0.843822
0.265625 0.484375 0.863284
0.273438 0.476562 0.881018
0.28125 0.476562 0.899403
0.273438 0.484375 0.882226
0.28125 0.484375 0.900637
0.257812 0.492188 0.844957
0.265625 0.492188 0.864445
0.257812 0.5 0.846069
0.265625 0.5 0.865582
0.273438 0.492188 0.883412
0.28125 0.492188 0.901847
0.273438 0.5 0.884575
0.28125 0.5 0.903034
0.289062 0.476562 0.917247
0.296875 0.476562 0.934538
0.289062 0.484375 0.918505
0.296875 0.484375 0.935819
0.304688 0.476562 0.951266
0.3125 0.476562 0.967421
0.304688 0.484375 0.95257
0.3125 0.484375 0.968748
0.289062 0.492188 0.91974
0.296875 0.492188 0.937077
0.289062 0.5 0.92095
0.296875 0.5 0.938311
0.304688 0.492188 0.953851
0.3125 0.492188 0.97005
0.304688 0.5 0.955106
0.3125 0.5 0.971327
0.320312 0.445312 0.977342
0.328125 0.445312 0.992236
0.320312 0.453125 0.978793
0.328125 0.453125 0.993709
0.335938 0.445312 1.00653
0.34375 0.445312 1.02022
0.335938 0.453125 1.00803
0.34375 0.453125 1.02174
0.320312 0.460938 0.980219
0.328125 0.460938 0.995157
0.320312 0.46875 0.981619
0.328125 0.46875 0.996578
0.335938 0.460938 1.0095
0.34375 0.460938 1.02323
0.335938 0.46875 1.01094
0.34375 0.46875 1.02469
0.351562 0.445312 1.0333
0.359375 0.445312 1.04575
0.351562 0.453125 1.03483
0.359375 0.453125 1.0473
0.367188 0.445312 1.05757
0.375 0.445312 1.06876
0.367188 0.453125 1.05914
0.375 0.453125 1.07035
0.351562 0.460938 1.03634
0.359375 0.460938 1.04883
0.351562 0.46875 1.03782
0.359375 0.46875 1.05033
0.367188 0.460938 1.06069
0.375 0.460938 1.07191
0.367188 0.46875 1.0622
0.375 0.46875 1.07344
0.320312 0.476562 0.982993
0.328125 0.476562 0.997974
0.320312 0.484375 0.984341
0.328125 0.484375 0.999342
0.335938 0.476562 1.01235
0.34375 0.476562 1.02612
0.335938 0.484375 1.01374
0.34375 0.484375 1.02753
0.320312 0.492188 0.985665
0.328125 0.492188 1.00069
0.320312 0.5 0.986962
0.328125 0.5 1.002
0.335938 0.492188 1.0151
0.34375 0.492188 1.02891
0.335938 0.5 1.01644
0.34375 0.5 1.03026
0.351562 0.476562 1.03927
0.359375 0.476562 1.0518
0.351562 0.484375 1.0407
0.359375 0.484375 1.05324
0.367188 0.476562 1.06369
0.375 0.476562 1.07494
0.367188 0.484375 1.06515
0.375 0.484375 1.07641
0.351562 0.492188 1.0421
0.359375 0.492188 1.05466
0.351562 0.5 1.04347
0.359375 0.5 1.05604
0.367188 0.492188 1.06658
0.375 0.492188 1.07786
0.367188 0.5 1.06798
0.375 0.5 1.07928
0.382812 0.382812 1.06541
0.390625 0.382812 1.07517
0.382812 0.390625 1.06725
0.390625 0.390625 1.07703
0.398438 0.382812 1.08429
0.40625 0.382812 1.09276
0.398438 0.390625 1.08617
0.40625 0.390625 1.09464
0.382812 0.398438 1.06906
0.390625 0.398438 1.07886
0.382812 0.40625 1.07084
0.390625 0.40625 1.08066
0.398438 0.398438 1.08801
0.40625 0.398438 1.0965
0.398438 0.40625 1.08982
0.40625 0.40625 1.09833
0.414062 0.382812 1.10056
0.421875 0.382812 1.1077
0.414062 0.390625 1.10246
0.421875 0.390625 1.10962
0.429688 0.382812 1.11418
0.4375 0.382812 1.11999
0.429688 0.390625 1.11611
0.4375 0.390625 1.12192
0.414062 0.398438 1.10434
0.421875 0.398438 1.1115
0.414062 0.40625 1.10618
0.421875 0.40625 1.11336
0.429688 0.398438 1.118
0.4375 0.398438 1.12383
0.429688 0.40625 1.11986
0.4375 0.40625 1.1257
0.382812 0.414062 1.0726
0.390625 0.414062 1.08243
0.382812 0.421875 1.07432
0.390625 0.421875 1.08416
0.398438 0.414062 1.09161
0.40625 0.414062 1.10013
0.398438 0.421875 1.09336
0.40625 0.421875 1.10189
0.382812 0.429688 1.07601
0.390625 0.429688 1.08587
0.382812 0.4375 1.07767
0.390625 0.4375 1.08755
0.398438 0.429688 1.09508
0.40625 0.429688 1.10363
0.398438 0.4375 1.09677
0.40625 0.4375 1.10533
0.414062 0.414062 1.10798
0.421875 0.414062 1.11518
0.414062 0.421875 1.10976
0.421875 0.421875 1.11697
0.429688 0.414062 1.1217
0.4375 0.414062 1.12754
0.429688 0.421875 1.12349
0.4375 0.421875 1.12935
0.414062 0.429688 1.11151
0.421875 0.429688 1.11872
0.414062 0.4375 1.11323
0.421875 0.4375 1.12045
0.429688 0.429688 1.12526
0.4375 0.429688 1.13113
0.429688 0.4375 1.127
0.4375 0.4375 1.13287
0.445312 0.382812 1.12512
0.453125 0.382812 1.12957
0.445312 0.390625 1.12706
0.453125 0.390625 1.13152
0.460938 0.382812 1.13334
0.46875 0.382812 1.13643
0.460938 0.390625 1.1353
0.46875 0.390625 1.13839
0.445312 0.398438 1.12897
0.453125 0.398438 1.13344
0.445312 0.40625 1.13085
0.453125 0.40625 1.13533
0.460938 0.398438 1.13723
0.46875 0.398438 1.14033
0.460938 0.40625 1.13912
0.46875 0.40625 1.14222
0.476562 0.382812 1.13883
0.484375 0.382812 1.14055
0.476562 0.390625 1.1408
0.484375 0.390625 1.14252
0.492188 0.382812 1.14158
0.5 0.382812 1.14193
0.492188 0.390625 1.14356
0.5 0.390625 1.1439
0.476562 0.398438 1.14274
0.484375 0.398438 1.14446
0.476562 0.40625 1.14464
0.484375 0.40625 1.14637
0.492188 0.398438 1.1455
0.5 0.398438 1.14584
0.492188 0.40625 1.14741
0.5 0.40625 1.14775
0.445312 0.414062 1.1327
0.453125 0.414062 1.13719
0.445312 0.421875 1.13452
0.453125 0.421875 1.13901
0.460938 0.414062 1.14098
0.46875 0.414062 1.14409
0.460938 0.421875 1.14281
0.46875 0.421875 1.14593
0.445312 0.429688 1.13631
0.453125 0.429688 1.1408
0.445312 0.4375 1.13806
0.453125 0.4375 1.14257
0.460938 0.429688 1.14461
0.46875 0.429688 1.14773
0.460938 0.4375 1.14638
0.46875 0.4375 1.14951
0.476562 0.414062 1.14651
0.484375 0.414062 1.14824
0.476562 0.421875 1.14835
0.484375 0.421875 1.15009
0.492188 0.414062 1.14928
0.5 0.414062 1.14963
0.492188 0.421875 1.15113
0.5 0.421875 1.15147
0.476562 0.429688 1.15016
0.484375 0.429688 1.1519
0.476562 0.4375 1.15194
0.484375 0.4375 1.15368
0.492188 0.429688 1.15294
0.5 0.429688 1.15329
0.492188 0.4375 1.15472
0.5 0.4375 1.15507
0.382812 0.445312 1.0793
0.390625 0.445312 1.08919
0.382812 0.453125 1.08091
0.390625 0.453125 1.09081
0.398438 0.445312 1.09843
0.40625 0.445312 1.10701
0.398438 0.453125 1.10006
0.40625 0.453125 1.10865
0.382812 0.460938 1.08248
0.390625 0.460938 1.0924
0.382812 0.46875 1.08403
0.390625 0.46875 1.09396
0.398438 0.460938 1.10167
0.40625 0.460938 1.11027
0.398438 0.46875 1.10324
0.40625 0.46875 1.11185
0.414062 0.445312 1.11491
0.421875 0.445312 1.12215
0.414062 0.453125 1.11657
0.421875 0.453125 1.12382
0.429688 0.445312 1.12871
0.4375 0.445312 1.13459
0.429688 0.453125 1.13039
0.4375 0.453125 1.13627
0.414062 0.460938 1.1182
0.421875 0.460938 1.12545
0.414062 0.46875 1.11979
0.421875 0.46875 1.12706
0.429688 0.460938 1.13203
0.4375 0.460938 1.13793
0.429688 0.46875 1.13365
0.4375 0.46875 1.13956
0.382812 0.476562 1.08554
0.390625 0.476562 1.09549
0.382812 0.484375 1.08703
0.390625 0.484375 1.097
0.398438 0.476562 1.10478
0.40625 0.476562 1.11341
0.398438 0.484375 1.1063
0.40625 0.484375 1.11493
0.382812 0.492188 1.08849
0.390625 0.492188 1.09847
0.382812 0.5 1.08993
0.390625 0.5 1.09992
0.398438 0.492188 1.10779
0.40625 0.492188 1.11643
0.398438 0.5 1.10924
0.40625 0.5 1.1179
0.414062 0.476562 1.12136
0.421875 0.476562 1.12864
0.414062 0.484375 1.1229
0.421875 0.484375 1.13019
0.429688 0.476562 1.13524
0.4375 0.476562 1.14115
0.429688 0.484375 1.13679
0.4375 0.484375 1.14272
0.414062 0.492188 1.12441
0.421875 0.492188 1.13171
0.414062 0.5 1.12589
0.421875 0.5 1.13319
0.429688 0.492188 1.13832
0.4375 0.492188 1.14425
0.429688 0.5 1.13982
0.4375 0.5 1.14576
0.445312 0.445312 1.13979
0.453125 0.445312 1.1443
0.445312 0.453125 1.14148
0.453125 0.453125 1.146
0.460938 0.445312 1.14812
0.46875 0.445312 1.15125
0.460938 0.453125 1.14982
0.46875 0.453125 1.15296
0.445312 0.460938 1.14314
0.453125 0.460938 1.14767
0.445312 0.46875 1.14477
0.453125 0.46875 1.1493
0.460938 0.460938 1.1515
0.46875 0.460938 1.15464
0.460938 0.46875 1.15314
0.46875 0.46875 1.15629
0.476562 0.445312 1.15368
0.484375 0.445312 1.15542
0.476562 0.453125 1.1554
0.484375 0.453125 1.15714
0.492188 0.445312 1.15647
0.5 0.445312 1.15682
0.492188 0.453125 1.15819
0.5 0.453125 1.15854
0.476562 0.460938 1.15708
0.484375 0.460938 1.15883
0.476562 0.46875 1.15873
0.484375 0.46875 1.16048
0.492188 0.460938 1.15987
0.5 0.460938 1.16022
0.492188 0.46875 1.16153
0.5 0.46875 1.16188
0.445312 0.476562 1.14638
0.453125 0.476562 1.15091
0.445312 0.484375 1.14795
0.453125 0.484375 1.15249
0.460938 0.476562 1.15476
0.46875 0.476562 1.1579
0.460938 0.484375 1.15634
0.46875 0.484375 1.15949
0.445312 0.492188 1.14949
0.453125 0.492188 1.15404
0.445312 0.5 1.15101
0.453125 0.5 1.15556
0.460938 0.492188 1.1579
0.46875 0.492188 1.16105
0.460938 0.5 1.15942
0.46875 0.5 1.16258
0.476562 0.476562 1.16035
0.484375 0.476562 1.16211
0.476562 0.484375 1.16195
0.484375 0.484375 1.1637
0.492188 0.476562 1.16316
0.5 0.476562 1.16351
0.492188 0.484375 1.16475
0.5 0.484375 1.1651
0.476562 0.492188 1.16351
0.484375 0.492188 1.16526
0.476562 0.5 1.16504
0.484375 0.5 1.1668
0.492188 0.492188 1.16632
0.5 0.492188 1.16667
0.492188 0.5 1.16785
0.5 0.5 1.1682
0.507812 0 0.999699
0.507812 0.0078125 1.00358
0.515625 0 0.998795
0.515625 0.0078125 1.00267
0.507812 0.015625 1.00742
0.515625 0.015625 1.00651
0.523438 0 0.99729
0.523438 0.0078125 1.00116
0.53125 0 0.995185
0.53125 0.0078125 0.99905
0.523438 0.015625 1.00499
0.53125 0.015625 1.00287
0.507812 0.0234375 1.01121
0.515625 0.0234375 1.0103
0.507812 0.03125 1.01496
0.515625 0.03125 1.01404
0.523438 0.0234375 1.00877
0.53125 0.0234375 1.00664
0.523438 0.03125 1.01251
0.53125 0.03125 1.01037
0.539062 0 0.99248
0.539062 0.0078125 0.996334
0.546875 0 0.989177
0.546875 0.0078125 0.993018
0.539062 0.015625 1.00014
0.546875 0.015625 0.996815
0.554688 0 0.985278
0.554688 0.0078125 0.989104
0.5625 0 0.980785
0.5625 0.0078125 0.984595
0.554688 0.015625 0.992886
0.5625 0.015625 0.988359
0.539062 0.0234375 1.00391
0.546875 0.0234375 1.00057
0.539062 0.03125 1.00763
0.546875 0.03125 1.00427
0.554688 0.0234375 0.996624
0.5625 0.0234375 0.992079
0.554688 0.03125 1.00032
0.5625 0.03125 0.995755
0.507812 0.0390625 1.01866
0.515625 0.0390625 1.01774
0.507812 0.046875 1.02232
0.515625 0.046875 1.02139
0.523438 0.0390625 1.01621
0.53125 0.0390625 1.01406
0.523438 0.046875 1.01986
0.53125 0.046875 1.0177
0.507812 0.0546875 1.02593
0.515625 0.0546875 1.02501
0.507812 0.0625 1.0295
0.515625 0.0625 1.02857
0.523438 0.0546875 1.02346
0.53125 0.0546875 1.0213
0.523438 0.0625 1.02702
0.53125 0.0625 1.02485
0.539062 0.0390625 1.0113
0.546875 0.0390625 1.00794
0.539062 0.046875 1.01494
0.546875 0.046875 1.01156
0.554688 0.0390625 1.00397
0.5625 0.0390625 0.999388
0.554688 0.046875 1.00757
0.5625 0.046875 1.00298
0.539062 0.0546875 1.01852
0.546875 0.0546875 1.01513
0.539062 0.0625 1.02207
0.546875 0.0625 1.01867
0.554688 0.0546875 1.01113
0.5625 0.0546875 1.00652
0.554688 0.0625 1.01465
0.5625 0.0625 1.01003
0.570312 0 0.975702
0.570312 0.0078125 0.979492
0.578125 0 0.970031
0.578125 0.0078125 0.973799
0.570312 0.015625 0.983237
0.578125 0.015625 0.977522
0.585938 0 0.963776
0.585938 0.0078125 0.967519
0.59375 0 0.95694
0.59375 0.0078125 0.960657
0.585938 0.015625 0.971219
0.59375 0.015625 0.96433
0.570312 0.0234375 0.986938
0.578125 0.0234375 0.981202
0.570312 0.03125 0.990595
0.578125 0.03125 0.984837
0.585938 0.0234375 0.974874
0.59375 0.0234375 0.96796
0.585938 0.03125 0.978487
0.59375 0.03125 0.971547
0.601562 0 0.949528
0.601562 0.0078125 0.953216
0.609375 0 0.941544
0.609375 0.0078125 0.945201
0.601562 0.015625 0.956861
0.609375 0.015625 0.948815
0.617188 0 0.932993
0.617188 0.0078125 0.936617
0.625 0 0.92388
0.625 0.0078125 0.927468
0.617188 0.015625 0.940198
0.625 0.015625 0.931014
0.601562 0.0234375 0.960462
0.609375 0.0234375 0.952386
0.601562 0.03125 0.964021
0.609375 0.03125 0.955915
0.617188 0.0234375 0.943737
0.625 0.0234375 0.934518
0.617188 0.03125 0.947234
0.625 0.03125 0.937981
0.570312 0.0390625 0.994208
0.578125 0.0390625 0.98843
0.570312 0.046875 0.997779
0.578125 0.046875 0.991979
0.585938 0.0390625 0.982056
0.59375 0.0390625 0.975091
0.585938 0.046875 0.985583
0.59375 0.046875 0.978592
0.570312 0.0546875 1.00131
0.578125 0.0546875 0.995486
0.570312 0.0625 1.00479
0.578125 0.0625 0.998951
0.585938 0.0546875 0.989067
0.59375 0.0546875 0.982052
0.585938 0.0625 0.992509
0.59375 0.0625 0.98547
0.601562 0.0390625 0.967538
0.609375 0.0390625 0.959403
0.601562 0.046875 0.971013
0.609375 0.046875 0.962848
0.617188 0.0390625 0.950689
0.625 0.0390625 0.941403
0.617188 0.046875 0.954103
0.625 0.046875 0.944784
0.601562 0.0546875 0.974445
0.609375 0.0546875 0.966252
0.601562 0.0625 0.977836
0.609375 0.0625 0.969614
0.617188 0.0546875 0.957476
0.625 0.0546875 0.948124
0.617188 0.0625 0.960808
0.625 0.0625 0.951423
0.507812 0.0703125 1.03303
0.515625 0.0703125 1.0321
0.507812 0.078125 1.03651
0.515625 0.078125 1.03558
0.523438 0.0703125 1.03054
0.53125 0.0703125 1.02837
0.523438 0.078125 1.03402
0.53125 0.078125 1.03183
0.507812 0.0859375 1.03995
0.515625 0.0859375 1.03901
0.507812 0.09375 1.04335
0.515625 0.09375 1.04241
0.523438 0.0859375 1.03745
0.53125 0.0859375 1.03526
0.523438 0.09375 1.04084
0.53125 0.09375 1.03864
0.539062 0.0703125 1.02557
0.546875 0.0703125 1.02216
0.539062 0.078125 1.02903
0.546875 0.078125 1.0256
0.554688 0.0703125 1.01813
0.5625 0.0703125 1.01349
0.554688 0.078125 1.02156
0.5625 0.078125 1.0169
0.539062 0.0859375 1.03244
0.546875 0.0859375 1.02901
0.539062 0.09375 1.03582
0.546875 0.09375 1.03237
0.554688 0.0859375 1.02495
0.5625 0.0859375 1.02028
0.554688 0.09375 1.0283
0.5625 0.09375 1.02361
0.507812 0.101562 1.04671
0.515625 0.101562 1.04576
0.507812 0.109375 1.05002
0.515625 0.109375 1.04907
0.523438 0.101562 1.04419
0.53125 0.101562 1.04198
0.523438 0.109375 1.04749
0.53125 0.109375 1.04528
0.507812 0.117188 1.05329
0.515625 0.117188 1.05234
0.507812 0.125 1.05653
0.515625 0.125 1.05557
0.523438 0.117188 1.05076
0.53125 0.117188 1.04854
0.523438 0.125 1.05398
0.53125 0.125 1.05175
0.539062 0.101562 1.03915
0.546875 0.101562 1.03569
0.539062 0.109375 1.04244
0.546875 0.109375 1.03897
0.554688 0.101562 1.03161
0.5625 0.101562 1.02691
0.554688 0.109375 1.03488
0.5625 0.109375 1.03016
0.539062 0.117188 1.04569
0.546875 0.117188 1.04221
0.539062 0.125 1.0489
0.546875 0.125 1.0454
0.554688 0.117188 1.0381
0.5625 0.117188 1.03337
0.554688 0.125 1.04128
0.5625 0.125 1.03654
0.570312 0.0703125 1.00823
0.578125 0.0703125 1.00237
0.570312 0.078125 1.01163
0.578125 0.078125 1.00575
0.585938 0.0703125 0.995909
0.59375 0.0703125 0.988846
0.585938 0.078125 0.999268
0.59375 0.078125 0.99218
0.570312 0.0859375 1.01499
0.578125 0.0859375 1.00909
0.570312 0.09375 1.01831
0.578125 0.09375 1.01239
0.585938 0.0859375 1.00259
0.59375 0.0859375 0.995474
0.585938 0.09375 1.00586
0.59375 0.09375 0.998727
0.601562 0.0703125 0.981186
0.609375 0.0703125 0.972936
0.601562 0.078125 0.984495
0.609375 0.078125 0.976217
0.617188 0.0703125 0.9641
0.625 0.0703125 0.954683
0.617188 0.078125 0.967351
0.625 0.078125 0.957902
0.601562 0.0859375 0.987764
0.609375 0.0859375 0.979458
0.601562 0.09375 0.990991
0.609375 0.09375 0.982658
0.617188 0.0859375 0.970562
0.625 0.0859375 0.961082
0.617188 0.09375 0.973734
0.625 0.09375 0.964223
0.570312 0.101562 1.02158
0.578125 0.101562 1.01565
0.570312 0.109375 1.02482
0.578125 0.109375 1.01886
0.585938 0.101562 1.0091
0.59375 0.101562 1.00194
0.585938 0.109375 1.01229
0.59375 0.109375 1.00511
0.570312 0.117188 1.02801
0.578125 0.117188 1.02204
0.570312 0.125 1.03116
0.578125 0.125 1.02517
0.585938 0.117188 1.01545
0.59375 0.117188 1.00824
0.585938 0.125 1.01856
0.59375 0.125 1.01134
0.601562 0.101562 0.994179
0.609375 0.101562 0.985819
0.601562 0.109375 0.997326
0.609375 0.109375 0.98894
0.617188 0.101562 0.976866
0.625 0.101562 0.967324
0.617188 0.109375 0.979959
0.625 0.109375 0.970387
0.601562 0.117188 1.00043
0.609375 0.117188 0.992022
0.601562 0.125 1.0035
0.609375 0.125 0.995065
0.617188 0.117188 0.983012
0.625 0.117188 0.973411
0.617188 0.125 0.986027
0.625 0.125 0.976396
0.632812 0 0.91421
0.632812 0.0078125 0.917761
0.640625 0 0.903989
0.640625 0.0078125 0.9075
0.632812 0.015625 0.921269
0.640625 0.015625 0.91097
0.648438 0 0.893224
0.648438 0.0078125 0.896694
0.65625 0 0.881921
0.65625 0.0078125 0.885347
0.648438 0.015625 0.900122
0.65625 0.015625 0.888732
0.632812 0.0234375 0.924737
0.640625 0.0234375 0.914399
0.632812 0.03125 0.928164
0.640625 0.03125 0.917787
0.648438 0.0234375 0.90351
0.65625 0.0234375 0.892077
0.648438 0.03125 0.906858
0.65625 0.03125 0.895382
0.664062 0 0.870087
0.664062 0.0078125 0.873466
0.671875 0 0.857729
0.671875 0.0078125 0.86106
0.664062 0.015625 0.876806
0.671875 0.015625 0.864352
0.679688 0 0.844854
0.679688 0.0078125 0.848135
0.6875 0 0.83147
0.6875 0.0078125 0.834699
0.679688 0.015625 0.851378
0.6875 0.015625 0.83789
0.664062 0.0234375 0.880106
0.671875 0.0234375 0.867606
0.664062 0.03125 0.883368
0.671875 0.03125 0.870821
0.679688 0.0234375 0.854582
0.6875 0.0234375 0.841044
0.679688 0.03125 0.857749
0.6875 0.03125 0.844161
0.632812 0.0390625 0.93155
0.640625 0.0390625 0.921135
0.632812 0.046875 0.934895
0.640625 0.046875 0.924443
0.648438 0.0390625 0.910166
0.65625 0.0390625 0.898649
0.648438 0.046875 0.913435
0.65625 0.046875 0.901876
0.632812 0.0546875 0.9382
0.640625 0.0546875 0.927711
0.632812 0.0625 0.941465
0.640625 0.0625 0.93094
0.648438 0.0546875 0.916664
0.65625 0.0546875 0.905064
0.648438 0.0625 0.919854
0.65625 0.0625 0.908214
0.664062 0.0390625 0.88659
0.671875 0.0390625 0.873997
0.664062 0.046875 0.889774
0.671875 0.046875 0.877136
0.679688 0.0390625 0.860878
0.6875 0.0390625 0.84724
0.679688 0.046875 0.863969
0.6875 0.046875 0.850283
0.664062 0.0546875 0.89292
0.671875 0.0546875 0.880237
0.664062 0.0625 0.896027
0.671875 0.0625 0.8833
0.679688 0.0546875 0.867024
0.6875 0.0546875 0.853289
0.679688 0.0625 0.870041
0.6875 0.0625 0.856258
0.695312 0 0.817585
0.695312 0.0078125 0.82076
0.703125 0 0.803208
0.703125 0.0078125 0.806327
0.695312 0.015625 0.823898
0.703125 0.015625 0.80941
0.710938 0 0.788346
0.710938 0.0078125 0.791408
0.71875 0 0.77301
0.71875 0.0078125 0.776013
0.710938 0.015625 0.794434
0.71875 0.015625 0.77898
0.695312 0.0234375 0.827
0.703125 0.0234375 0.812457
0.695312 0.03125 0.830064
0.703125 0.03125 0.815467
0.710938 0.0234375 0.797425
0.71875 0.0234375 0.781912
0.710938 0.03125 0.800379
0.71875 0.03125 0.784809
0.726562 0 0.757209
0.726562 0.0078125 0.76015
0.734375 0 0.740951
0.734375 0.0078125 0.743829
0.726562 0.015625 0.763056
0.734375 0.015625 0.746673
0.742188 0 0.724247
0.742188 0.0078125 0.72706
0.75 0 0.707107
0.75 0.0078125 0.709853
0.742188 0.015625 0.72984
0.75 0.015625 0.712567
0.726562 0.0234375 0.765928
0.734375 0.0234375 0.749483
0.726562 0.03125 0.768767
0.734375 0.03125 0.752261
0.742188 0.0234375 0.732587
0.75 0.0234375 0.715249
0.742188 0.03125 0.735302
0.75 0.03125 0.7179
0.695312 0.0390625 0.833092
0.703125 0.0390625 0.818442
0.695312 0.046875 0.836084
0.703125 0.046875 0.821381
0.710938 0.0390625 0.803299
0.71875 0.0390625 0.787672
0.710938 0.046875 0.806184
0.71875 0.046875 0.790501
0.695312 0.0546875 0.83904
0.703125 0.0546875 0.824285
0.695312 0.0625 0.841959
0.703125 0.0625 0.827154
0.710938 0.0546875 0.809034
0.71875 0.0546875 0.793296
0.710938 0.0625 0.811849
0.71875 0.0625 0.796056
0.726562 0.0390625 0.771571
0.734375 0.0390625 0.755005
0.726562 0.046875 0.774342
0.734375 0.046875 0.757716
0.742188 0.0390625 0.737984
0.75 0.0390625 0.720519
0.742188 0.046875 0.740634
0.75 0.046875 0.723106
0.726562 0.0546875 0.777079
0.734375 0.0546875 0.760395
0.726562 0.0625 0.779783
0.734375 0.0625 0.763041
0.742188 0.0546875 0.743253
0.75 0.0546875 0.725662
0.742188 0.0625 0.745839
0.75 0.0625 0.728188
0.632812 0.0703125 0.94469
0.640625 0.0703125 0.934129
0.632812 0.078125 0.947876
0.640625 0.078125 0.937279
0.648438 0.0703125 0.923005
0.65625 0.0703125 0.911325
0.648438 0.078125 0.926118
0.65625 0.078125 0.914399
0.632812 0.0859375 0.951023
0.640625 0.0859375 0.940391
0.632812 0.09375 0.95413
0.640625 0.09375 0.943464
0.648438 0.0859375 0.929192
0.65625 0.0859375 0.917434
0.648438 0.09375 0.932229
0.65625 0.09375 0.920432
0.664062 0.0703125 0.899097
0.671875 0.0703125 0.886326
0.664062 0.078125 0.902129
0.671875 0.078125 0.889315
0.679688 0.0703125 0.873022
0.6875 0.0703125 0.859192
0.679688 0.078125 0.875966
0.6875 0.078125 0.862089
0.664062 0.0859375 0.905123
0.671875 0.0859375 0.892267
0.664062 0.09375 0.908081
0.671875 0.09375 0.895183
0.679688 0.0859375 0.878874
0.6875 0.0859375 0.864951
0.679688 0.09375 0.881746
0.6875 0.09375 0.867777
0.632812 0.101562 0.9572
0.640625 0.101562 0.946499
0.632812 0.109375 0.96023
0.640625 0.109375 0.949495
0.648438 0.101562 0.935227
0.65625 0.101562 0.923393
0.648438 0.109375 0.938188
0.65625 0.109375 0.926316
0.632812 0.117188 0.963222
0.640625 0.117188 0.952454
0.632812 0.125 0.966177
0.640625 0.125 0.955375
0.648438 0.117188 0.941112
0.65625 0.117188 0.929203
0.648438 0.125 0.943998
0.65625 0.125 0.932053
0.664062 0.101562 0.911002
0.671875 0.101562 0.898062
0.664062 0.109375 0.913886
0.671875 0.109375 0.900906
0.679688 0.101562 0.884582
0.6875 0.101562 0.870569
0.679688 0.109375 0.887382
0.6875 0.109375 0.873325
0.664062 0.117188 0.916734
0.671875 0.117188 0.903713
0.664062 0.125 0.919546
0.671875 0.125 0.906485
0.679688 0.117188 0.890148
0.6875 0.117188 0.876046
0.679688 0.125 0.892878
0.6875 0.125 0.878733
0.695312 0.0703125 0.844844
0.703125 0.0703125 0.829987
0.695312 0.078125 0.847693
0.703125 0.078125 0.832786
0.710938 0.0703125 0.814631
0.71875 0.0703125 0.798783
0.710938 0.078125 0.817378
0.71875 0.078125 0.801477
0.695312 0.0859375 0.850507
0.703125 0.0859375 0.835551
0.695312 0.09375 0.853286
0.703125 0.09375 0.838281
0.710938 0.0859375 0.820091
0.71875 0.0859375 0.804138
0.710938 0.09375 0.822771
0.71875 0.09375 0.806765
0.726562 0.0703125 0.782455
0.734375 0.0703125 0.765655
0.726562 0.078125 0.785094
0.734375 0.078125 0.768237
0.742188 0.0703125 0.748394
0.75 0.0703125 0.730682
0.742188 0.078125 0.750918
0.75 0.078125 0.733146
0.726562 0.0859375 0.7877
0.734375 0.0859375 0.770788
0.726562 0.09375 0.790274
0.734375 0.09375 0.773306
0.742188 0.0859375 0.753411
0.75 0.0859375 0.73558
0.742188 0.09375 0.755873
0.75 0.09375 0.737984
0.695312 0.101562 0.856031
0.703125 0.101562 0.840978
0.695312 0.109375 0.858741
0.703125 0.109375 0.84364
0.710938 0.101562 0.825418
0.71875 0.101562 0.809361
0.710938 0.109375 0.828031
0.71875 0.109375 0.811923
0.695312 0.117188 0.861417
0.703125 0.117188 0.846269
0.695312 0.125 0.864059
0.703125 0.125 0.848865
0.710938 0.117188 0.830611
0.71875 0.117188 0.814453
0.710938 0.125 0.833159
0.71875 0.125 0.816951
0.726562 0.101562 0.792816
0.734375 0.101562 0.775794
0.726562 0.109375 0.795326
0.734375 0.109375 0.77825
0.742188 0.101562 0.758304
0.75 0.101562 0.740358
0.742188 0.109375 0.760705
0.75 0.109375 0.742702
0.726562 0.117188 0.797804
0.734375 0.117188 0.780675
0.726562 0.125 0.800251
0.734375 0.125 0.783069
0.742188 0.117188 0.763075
0.75 0.117188 0.745016
0.742188 0.125 0.765416
0.75 0.125 0.747301
0.507812 0.132812 1.05971
0.515625 0.132812 1.05876
0.507812 0.140625 1.06286
0.515625 0.140625 1.0619
0.523438 0.132812 1.05716
0.53125 0.132812 1.05493
0.523438 0.140625 1.0603
0.53125 0.140625 1.05806
0.507812 0.148438 1.06597
0.515625 0.148438 1.06501
0.507812 0.15625 1.06904
0.515625 0.15625 1.06807
0.523438 0.148438 1.0634
0.53125 0.148438 1.06116
0.523438 0.15625 1.06646
0.53125 0.15625 1.06421
0.539062 0.132812 1.05206
0.546875 0.132812 1.04856
0.539062 0.140625 1.05519
0.546875 0.140625 1.05168
0.554688 0.132812 1.04443
0.5625 0.132812 1.03967
0.554688 0.140625 1.04753
0.5625 0.140625 1.04275
0.539062 0.148438 1.05827
0.546875 0.148438 1.05475
0.539062 0.15625 1.06132
0.546875 0.15625 1.05779
0.554688 0.148438 1.05059
0.5625 0.148438 1.0458
0.554688 0.15625 1.05362
0.5625 0.15625 1.04881
0.507812 0.164062 1.07207
0.515625 0.164062 1.0711
0.507812 0.171875 1.07505
0.515625 0.171875 1.07408
0.523438 0.164062 1.06948
0.53125 0.164062 1.06723
0.523438 0.171875 1.07246
0.53125 0.171875 1.0702
0.507812 0.179688 1.078
0.515625 0.179688 1.07703
0.507812 0.1875 1.08091
0.515625 0.1875 1.07993
0.523438 0.179688 1.0754
0.53125 0.179688 1.07313
0.523438 0.1875 1.07831
0.53125 0.1875 1.07603
0.539062 0.164062 1.06432
0.546875 0.164062 1.06078
0.539062 0.171875 1.06729
0.546875 0.171875 1.06374
0.554688 0.164062 1.0566
0.5625 0.164062 1.05178
0.554688 0.171875 1.05955
0.5625 0.171875 1.05471
0.539062 0.179688 1.07022
0.546875 0.179688 1.06665
0.539062 0.1875 1.0731
0.546875 0.1875 1.06953
0.554688 0.179688 1.06245
0.5625 0.179688 1.05761
0.554688 0.1875 1.06532
0.5625 0.1875 1.06046
0.570312 0.132812 1.03428
0.578125 0.132812 1.02827
0.570312 0.140625 1.03735
0.578125 0.140625 1.03132
0.585938 0.132812 1.02164
0.59375 0.132812 1.01439
0.585938 0.140625 1.02467
0.59375 0.140625 1.0174
0.570312 0.148438 1.04038
0.578125 0.148438 1.03434
0.570312 0.15625 1.04338
0.578125 0.15625 1.03731
0.585938 0.148438 1.02767
0.59375 0.148438 1.02038
0.585938 0.15625 1.03062
0.59375 0.15625 1.02331
0.601562 0.132812 1.00653
0.609375 0.132812 0.998069
0.601562 0.140625 1.00952
0.609375 0.140625 1.00103
0.617188 0.132812 0.989004
0.625 0.132812 0.979344
0.617188 0.140625 0.991942
0.625 0.140625 0.982253
0.601562 0.148438 1.01247
0.609375 0.148438 1.00396
0.601562 0.15625 1.01539
0.609375 0.15625 1.00685
0.617188 0.148438 0.994843
0.625 0.148438 0.985126
0.617188 0.15625 0.997706
0.625 0.15625 0.98796
0.570312 0.164062 1.04633
0.578125 0.164062 1.04025
0.570312 0.171875 1.04925
0.578125 0.171875 1.04315
0.585938 0.164062 1.03354
0.59375 0.164062 1.02621
0.585938 0.171875 1.03642
0.59375 0.171875 1.02907
0.570312 0.179688 1.05213
0.578125 0.179688 1.04601
0.570312 0.1875 1.05496
0.578125 0.1875 1.04883
0.585938 0.179688 1.03926
0.59375 0.179688 1.03189
0.585938 0.1875 1.04207
0.59375 0.1875 1.03468
0.601562 0.164062 1.01826
0.609375 0.164062 1.0097
0.601562 0.171875 1.0211
0.609375 0.171875 1.01252
0.617188 0.164062 1.00053
0.625 0.164062 0.990758
0.617188 0.171875 1.00332
0.625 0.171875 0.993519
0.601562 0.179688 1.0239
0.609375 0.179688 1.01529
0.601562 0.1875 1.02666
0.609375 0.1875 1.01803
0.617188 0.179688 1.00607
0.625 0.179688 0.996243
0.617188 0.1875 1.00878
0.625 0.1875 0.998931
0.507812 0.195312 1.08378
0.515625 0.195312 1.0828
0.507812 0.203125 1.08661
0.515625 0.203125 1.08563
0.523438 0.195312 1.08117
0.53125 0.195312 1.07889
0.523438 0.203125 1.08399
0.53125 0.203125 1.0817
0.507812 0.210938 1.0894
0.515625 0.210938 1.08842
0.507812 0.21875 1.09216
0.515625 0.21875 1.09117
0.523438 0.210938 1.08678
0.53125 0.210938 1.08448
0.523438 0.21875 1.08952
0.53125 0.21875 1.08722
0.539062 0.195312 1.07595
0.546875 0.195312 1.07237
0.539062 0.203125 1.07876
0.546875 0.203125 1.07517
0.554688 0.195312 1.06815
0.5625 0.195312 1.06328
0.554688 0.203125 1.07093
0.5625 0.203125 1.06605
0.539062 0.210938 1.08154
0.546875 0.210938 1.07794
0.539062 0.21875 1.08427
0.546875 0.21875 1.08066
0.554688 0.210938 1.07369
0.5625 0.210938 1.06879
0.554688 0.21875 1.0764
0.5625 0.21875 1.07149
0.507812 0.226562 1.09487
0.515625 0.226562 1.09388
0.507812 0.234375 1.09755
0.515625 0.234375 1.09656
0.523438 0.226562 1.09223
0.53125 0.226562 1.08993
0.523438 0.234375 1.09491
0.53125 0.234375 1.09259
0.507812 0.242188 1.10019
0.515625 0.242188 1.0992
0.507812 0.25 1.10279
0.515625 0.25 1.1018
0.523438 0.242188 1.09754
0.53125 0.242188 1.09522
0.523438 0.25 1.10014
0.53125 0.25 1.09781
0.539062 0.226562 1.08697
0.546875 0.226562 1.08335
0.539062 0.234375 1.08962
0.546875 0.234375 1.086
0.554688 0.226562 1.07908
0.5625 0.226562 1.07416
0.554688 0.234375 1.08172
0.5625 0.234375 1.07678
0.539062 0.242188 1.09225
0.546875 0.242188 1.08861
0.539062 0.25 1.09483
0.546875 0.25 1.09119
0.554688 0.242188 1.08432
0.5625 0.242188 1.07938
0.554688 0.25 1.08688
0.5625 0.25 1.08193
0.570312 0.195312 1.05776
0.578125 0.195312 1.05162
0.570312 0.203125 1.06053
0.578125 0.203125 1.05436
0.585938 0.195312 1.04484
0.59375 0.195312 1.03742
0.585938 0.203125 1.04756
0.59375 0.203125 1.04013
0.570312 0.210938 1.06325
0.578125 0.210938 1.05707
0.570312 0.21875 1.06594
0.578125 0.21875 1.05974
0.585938 0.210938 1.05026
0.59375 0.210938 1.04281
0.585938 0.21875 1.05291
0.59375 0.21875 1.04544
0.601562 0.195312 1.02939
0.609375 0.195312 1.02073
0.601562 0.203125 1.03208
0.609375 0.203125 1.0234
0.617188 0.195312 1.01146
0.625 0.195312 1.00158
0.617188 0.203125 1.0141
0.625 0.203125 1.0042
0.601562 0.210938 1.03473
0.609375 0.210938 1.02603
0.601562 0.21875 1.03735
0.609375 0.21875 1.02862
0.617188 0.210938 1.01671
0.625 0.210938 1.00678
0.617188 0.21875 1.01928
0.625 0.21875 1.00932
0.570312 0.226562 1.06859
0.578125 0.226562 1.06238
0.570312 0.234375 1.0712
0.578125 0.234375 1.06498
0.585938 0.226562 1.05553
0.59375 0.226562 1.04804
0.585938 0.234375 1.05811
0.59375 0.234375 1.05061
0.570312 0.242188 1.07378
0.578125 0.242188 1.06754
0.570312 0.25 1.07632
0.578125 0.25 1.07007
0.585938 0.242188 1.06066
0.59375 0.242188 1.05313
0.585938 0.25 1.06317
0.59375 0.25 1.05563
0.601562 0.226562 1.03992
0.609375 0.226562 1.03118
0.601562 0.234375 1.04247
0.609375 0.234375 1.0337
0.617188 0.226562 1.02182
0.625 0.226562 1.01183
0.617188 0.234375 1.02431
0.625 0.234375 1.01431
0.601562 0.242188 1.04498
0.609375 0.242188 1.03619
0.601562 0.25 1.04745
0.609375 0.25 1.03864
0.617188 0.242188 1.02678
0.625 0.242188 1.01675
0.617188 0.25 1.02921
0.625 0.25 1.01916
0.632812 0.132812 0.969094
0.640625 0.132812 0.95826
0.632812 0.140625 0.971973
0.640625 0.140625 0.961106
0.648438 0.132812 0.946848
0.65625 0.132812 0.934867
0.648438 0.140625 0.949661
0.65625 0.140625 0.937644
0.632812 0.148438 0.974815
0.640625 0.148438 0.963917
0.632812 0.15625 0.97762
0.640625 0.15625 0.966691
0.648438 0.148438 0.952438
0.65625 0.148438 0.940386
0.648438 0.15625 0.955179
0.65625 0.15625 0.943092
0.664062 0.132812 0.922322
0.671875 0.132812 0.909222
0.664062 0.140625 0.925062
0.671875 0.140625 0.911923
0.679688 0.132812 0.895574
0.6875 0.132812 0.881386
0.679688 0.140625 0.898234
0.6875 0.140625 0.884005
0.664062 0.148438 0.927767
0.671875 0.148438 0.91459
0.664062 0.15625 0.930437
0.671875 0.15625 0.917221
0.679688 0.148438 0.900861
0.6875 0.148438 0.88659
0.679688 0.15625 0.903453
0.6875 0.15625 0.889141
0.632812 0.164062 0.980389
0.640625 0.164062 0.969428
0.632812 0.171875 0.98312
0.640625 0.171875 0.972129
0.648438 0.164062 0.957884
0.65625 0.164062 0.945763
0.648438 0.171875 0.960553
0.65625 0.171875 0.948398
0.632812 0.179688 0.985816
0.640625 0.179688 0.974795
0.632812 0.1875 0.988476
0.640625 0.1875 0.977425
0.648438 0.179688 0.963187
0.65625 0.179688 0.950999
0.648438 0.1875 0.965786
0.65625 0.1875 0.953564
0.664062 0.164062 0.933072
0.671875 0.164062 0.919819
0.664062 0.171875 0.935672
0.671875 0.171875 0.922382
0.679688 0.164062 0.906012
0.6875 0.164062 0.891659
0.679688 0.171875 0.908536
0.6875 0.171875 0.894143
0.664062 0.179688 0.938238
0.671875 0.179688 0.924911
0.664062 0.1875 0.940769
0.671875 0.1875 0.927407
0.679688 0.179688 0.911028
0.6875 0.179688 0.896595
0.679688 0.1875 0.913486
0.6875 0.1875 0.899014
0.695312 0.132812 0.866668
0.703125 0.132812 0.851427
0.695312 0.140625 0.869243
0.703125 0.140625 0.853957
0.710938 0.132812 0.835674
0.71875 0.132812 0.819417
0.710938 0.140625 0.838157
0.71875 0.140625 0.821852
0.695312 0.148438 0.871784
0.703125 0.148438 0.856454
0.695312 0.15625 0.874293
0.703125 0.15625 0.858918
0.710938 0.148438 0.840608
0.71875 0.148438 0.824255
0.710938 0.15625 0.843027
0.71875 0.15625 0.826627
0.726562 0.132812 0.802667
0.734375 0.132812 0.785433
0.726562 0.140625 0.805052
0.734375 0.140625 0.787767
0.742188 0.132812 0.767727
0.75 0.132812 0.749557
0.742188 0.140625 0.770008
0.75 0.140625 0.751784
0.726562 0.148438 0.807406
0.734375 0.148438 0.790071
0.726562 0.15625 0.809729
0.734375 0.15625 0.792344
0.742188 0.148438 0.772259
0.75 0.148438 0.753983
0.742188 0.15625 0.774481
0.75 0.15625 0.756152
0.695312 0.164062 0.876769
0.703125 0.164062 0.861351
0.695312 0.171875 0.879212
0.703125 0.171875 0.863751
0.710938 0.164062 0.845414
0.71875 0.164062 0.828968
0.710938 0.171875 0.84777
0.71875 0.171875 0.831278
0.695312 0.179688 0.881623
0.703125 0.179688 0.86612
0.695312 0.1875 0.884002
0.703125 0.1875 0.868456
0.710938 0.179688 0.850095
0.71875 0.179688 0.833557
0.710938 0.1875 0.852388
0.71875 0.1875 0.835806
0.726562 0.164062 0.812022
0.734375 0.164062 0.794588
0.726562 0.171875 0.814285
0.734375 0.171875 0.796802
0.742188 0.164062 0.776675
0.75 0.164062 0.758294
0.742188 0.171875 0.778839
0.75 0.171875 0.760407
0.726562 0.179688 0.816518
0.734375 0.179688 0.798987
0.726562 0.1875 0.818721
0.734375 0.1875 0.801143
0.742188 0.179688 0.780975
0.75 0.179688 0.762492
0.742188 0.1875 0.783082
0.75 0.1875 0.764549
0.632812 0.195312 0.9911
0.640625 0.195312 0.98002
0.632812 0.203125 0.993689
0.640625 0.203125 0.98258
0.648438 0.195312 0.96835
0.65625 0.195312 0.956096
0.648438 0.203125 0.970879
0.65625 0.203125 0.958593
0.632812 0.210938 0.996242
0.640625 0.210938 0.985105
0.632812 0.21875 0.99876
0.640625 0.21875 0.987595
0.648438 0.210938 0.973374
0.65625 0.210938 0.961056
0.648438 0.21875 0.975834
0.65625 0.21875 0.963486
0.664062 0.195312 0.943266
0.671875 0.195312 0.929869
0.664062 0.203125 0.94573
0.671875 0.203125 0.932297
0.679688 0.195312 0.915911
0.6875 0.195312 0.901401
0.679688 0.203125 0.918303
0.6875 0.203125 0.903755
0.664062 0.210938 0.94816
0.671875 0.210938 0.934693
0.664062 0.21875 0.950557
0.671875 0.21875 0.937056
0.679688 0.210938 0.920663
0.6875 0.210938 0.906078
0.679688 0.21875 0.92299
0.6875 0.21875 0.908368
0.632812 0.226562 1.00124
0.640625 0.226562 0.990051
0.632812 0.234375 1.00369
0.640625 0.234375 0.992472
0.648438 0.226562 0.978261
0.65625 0.226562 0.965882
0.648438 0.234375 0.980653
0.65625 0.234375 0.968244
0.632812 0.242188 1.00611
0.640625 0.242188 0.99486
0.632812 0.25 1.00849
0.640625 0.25 0.997214
0.648438 0.242188 0.983013
0.65625 0.242188 0.970574
0.648438 0.25 0.985339
0.65625 0.25 0.97287
0.664062 0.226562 0.952921
0.671875 0.226562 0.939386
0.664062 0.234375 0.955251
0.671875 0.234375 0.941683
0.679688 0.226562 0.925285
0.6875 0.226562 0.910627
0.679688 0.234375 0.927548
0.6875 0.234375 0.912854
0.664062 0.242188 0.95755
0.671875 0.242188 0.943949
0.664062 0.25 0.959815
0.671875 0.25 0.946182
0.679688 0.242188 0.92978
0.6875 0.242188 0.91505
0.679688 0.25 0.93198
0.6875 0.25 0.917215
0.695312 0.195312 0.886349
0.703125 0.195312 0.870762
0.695312 0.203125 0.888663
0.703125 0.203125 0.873036
0.710938 0.195312 0.854651
0.71875 0.195312 0.838025
0.710938 0.203125 0.856883
0.71875 0.203125 0.840214
0.695312 0.210938 0.890947
0.703125 0.210938 0.87528
0.695312 0.21875 0.893199
0.703125 0.21875 0.877492
0.710938 0.210938 0.859085
0.71875 0.210938 0.842373
0.710938 0.21875 0.861257
0.71875 0.21875 0.844502
0.726562 0.195312 0.820895
0.734375 0.195312 0.80327
0.726562 0.203125 0.823038
0.734375 0.203125 0.805367
0.742188 0.195312 0.785161
0.75 0.195312 0.766579
0.742188 0.203125 0.787211
0.75 0.203125 0.768581
0.726562 0.210938 0.825154
0.734375 0.210938 0.807437
0.726562 0.21875 0.827239
0.734375 0.21875 0.809478
0.742188 0.210938 0.789234
0.75 0.210938 0.770556
0.742188 0.21875 0.791229
0.75 0.21875 0.772503
0.695312 0.226562 0.89542
0.703125 0.226562 0.879674
0.695312 0.234375 0.89761
0.703125 0.234375 0.881826
0.710938 0.226562 0.863398
0.71875 0.226562 0.846602
0.710938 0.234375 0.86551
0.71875 0.234375 0.848673
0.695312 0.242188 0.89977
0.703125 0.242188 0.883947
0.695312 0.25 0.901899
0.703125 0.25 0.886039
0.710938 0.242188 0.867592
0.71875 0.242188 0.850715
0.710938 0.25 0.869645
0.71875 0.25 0.852728
0.726562 0.226562 0.829296
0.734375 0.226562 0.811491
0.726562 0.234375 0.831325
0.734375 0.234375 0.813476
0.742188 0.226562 0.793197
0.75 0.226562 0.774425
0.742188 0.234375 0.795137
0.75 0.234375 0.776319
0.726562 0.242188 0.833325
0.734375 0.242188 0.815433
0.726562 0.25 0.835296
0.734375 0.25 0.817362
0.742188 0.242188 0.79705
0.75 0.242188 0.778186
0.742188 0.25 0.798935
0.75 0.25 0.780028
0.757812 0 0.689541
0.757812 0.0078125 0.692219
0.765625 0 0.671559
0.765625 0.0078125 0.674167
0.757812 0.015625 0.694865
0.765625 0.015625 0.676745
0.773438 0 0.653173
0.773438 0.0078125 0.65571
0.78125 0 0.634393
0.78125 0.0078125 0.636857
0.773438 0.015625 0.658217
0.78125 0.015625 0.639292
0.757812 0.0234375 0.697481
0.765625 0.0234375 0.679292
0.757812 0.03125 0.700065
0.765625 0.03125 0.681809
0.773438 0.0234375 0.660694
0.78125 0.0234375 0.641699
0.773438 0.03125 0.663143
0.78125 0.03125 0.644076
0.789062 0 0.615232
0.789062 0.0078125 0.617621
0.796875 0 0.595699
0.796875 0.0078125 0.598013
0.789062 0.015625 0.619983
0.796875 0.015625 0.600299
0.804688 0 0.575808
0.804688 0.0078125 0.578045
0.8125 0 0.55557
0.8125 0.0078125 0.557728
0.804688 0.015625 0.580255
0.8125 0.015625 0.55986
0.789062 0.0234375 0.622316
0.796875 0.0234375 0.602559
0.789062 0.03125 0.624622
0.796875 0.03125 0.604792
0.804688 0.0234375 0.582439
0.8125 0.0234375 0.561968
0.804688 0.03125 0.584597
0.8125 0.03125 0.56405
0.757812 0.0390625 0.702619
0.765625 0.0390625 0.684297
0.757812 0.046875 0.705142
0.765625 0.046875 0.686754
0.773438 0.0390625 0.665562
0.78125 0.0390625 0.646426
0.773438 0.046875 0.667952
0.78125 0.046875 0.648747
0.757812 0.0546875 0.707635
0.765625 0.0546875 0.689182
0.757812 0.0625 0.710098
0.765625 0.0625 0.69158
0.773438 0.0546875 0.670313
0.78125 0.0546875 0.651041
0.773438 0.0625 0.672646
0.78125 0.0625 0.653306
0.789062 0.0390625 0.626901
0.796875 0.0390625 0.606998
0.789062 0.046875 0.629152
0.796875 0.046875 0.609178
0.804688 0.0390625 0.58673
0.8125 0.0390625 0.566108
0.804688 0.046875 0.588837
0.8125 0.046875 0.568141
0.789062 0.0546875 0.631376
0.796875 0.0546875 0.611331
0.789062 0.0625 0.633573
0.796875 0.0625 0.613459
0.804688 0.0546875 0.590918
0.8125 0.0546875 0.570149
0.804688 0.0625 0.592975
0.8125 0.0625 0.572133
0.820312 0 0.534998
0.820312 0.0078125 0.537076
0.828125 0 0.514103
0.828125 0.0078125 0.5161
0.820312 0.015625 0.539129
0.828125 0.015625 0.518073
0.835938 0 0.492898
0.835938 0.0078125 0.494813
0.84375 0 0.471397
0.84375 0.0078125 0.473228
0.835938 0.015625 0.496704
0.84375 0.015625 0.475037
0.820312 0.0234375 0.541158
0.828125 0.0234375 0.520023
0.820312 0.03125 0.543164
0.828125 0.03125 0.52195
0.835938 0.0234375 0.498574
0.84375 0.0234375 0.476825
0.835938 0.03125 0.500422
0.84375 0.03125 0.478592
0.851562 0 0.449611
0.851562 0.0078125 0.451358
0.859375 0 0.427555
0.859375 0.0078125 0.429216
0.851562 0.015625 0.453083
0.859375 0.015625 0.430857
0.867188 0 0.405241
0.867188 0.0078125 0.406815
0.875 0 0.382683
0.875 0.0078125 0.38417
0.867188 0.015625 0.408371
0.875 0.015625 0.385639
0.851562 0.0234375 0.454789
0.859375 0.0234375 0.432479
0.851562 0.03125 0.456474
0.859375 0.03125 0.434081
0.867188 0.0234375 0.409908
0.875 0.0234375 0.38709
0.867188 0.03125 0.411427
0.875 0.03125 0.388525
0.820312 0.0390625 0.545145
0.828125 0.0390625 0.523854
0.820312 0.046875 0.547103
0.828125 0.046875 0.525735
0.835938 0.0390625 0.502247
0.84375 0.0390625 0.480338
0.835938 0.046875 0.504051
0.84375 0.046875 0.482063
0.820312 0.0546875 0.549037
0.828125 0.0546875 0.527594
0.820312 0.0625 0.550947
0.828125 0.0625 0.52943
0.835938 0.0546875 0.505833
0.84375 0.0546875 0.483767
0.835938 0.0625 0.507593
0.84375 0.0625 0.48545
0.851562 0.0390625 0.458139
0.859375 0.0390625 0.435665
0.851562 0.046875 0.459784
0.859375 0.046875 0.437229
0.867188 0.0390625 0.412928
0.875 0.0390625 0.389942
0.867188 0.046875 0.41441
0.875 0.046875 0.391342
0.851562 0.0546875 0.46141
0.859375 0.0546875 0.438775
0.851562 0.0625 0.463016
0.859375 0.0625 0.440302
0.867188 0.0546875 0.415876
0.875 0.0546875 0.392726
0.867188 0.0625 0.417323
0.875 0.0625 0.394092
0.757812 0.0703125 0.712531
0.765625 0.0703125 0.693949
0.757812 0.078125 0.714933
0.765625 0.078125 0.69629
0.773438 0.0703125 0.67495
0.78125 0.0703125 0.655545
0.773438 0.078125 0.677226
0.78125 0.078125 0.657755
0.757812 0.0859375 0.717307
0.765625 0.0859375 0.698601
0.757812 0.09375 0.719651
0.765625 0.09375 0.700884
0.773438 0.0859375 0.679475
0.78125 0.0859375 0.659939
0.773438 0.09375 0.681695
0.78125 0.09375 0.662095
0.789062 0.0703125 0.635744
0.796875 0.0703125 0.615561
0.789062 0.078125 0.637888
0.796875 0.078125 0.617636
0.804688 0.0703125 0.595006
0.8125 0.0703125 0.574094
0.804688 0.078125 0.597013
0.8125 0.078125 0.57603
0.789062 0.0859375 0.640006
0.796875 0.0859375 0.619687
0.789062 0.09375 0.642097
0.796875 0.09375 0.621712
0.804688 0.0859375 0.598995
0.8125 0.0859375 0.577942
0.804688 0.09375 0.600952
0.8125 0.09375 0.57983
0.757812 0.101562 0.721966
0.765625 0.101562 0.703138
0.757812 0.109375 0.724251
0.765625 0.109375 0.705364
0.773438 0.101562 0.683888
0.78125 0.101562 0.664225
0.773438 0.109375 0.686053
0.78125 0.109375 0.666328
0.757812 0.117188 0.726508
0.765625 0.117188 0.707563
0.757812 0.125 0.728736
0.765625 0.125 0.709733
0.773438 0.117188 0.688191
0.78125 0.117188 0.668404
0.773438 0.125 0.690302
0.78125 0.125 0.670454
0.789062 0.101562 0.644162
0.796875 0.101562 0.623711
0.789062 0.109375 0.646202
0.796875 0.109375 0.625686
0.804688 0.101562 0.602885
0.8125 0.101562 0.581695
0.804688 0.109375 0.604794
0.8125 0.109375 0.583537
0.789062 0.117188 0.648215
0.796875 0.117188 0.627636
0.789062 0.125 0.650204
0.796875 0.125 0.629561
0.804688 0.117188 0.606678
0.8125 0.117188 0.585356
0.804688 0.125 0.608539
0.8125 0.125 0.587151
0.820312 0.0703125 0.552835
0.828125 0.0703125 0.531243
0.820312 0.078125 0.554699
0.828125 0.078125 0.533035
0.835938 0.0703125 0.509332
0.84375 0.0703125 0.487114
0.835938 0.078125 0.51105
0.84375 0.078125 0.488756
0.820312 0.0859375 0.556541
0.828125 0.0859375 0.534805
0.820312 0.09375 0.558359
0.828125 0.09375 0.536552
0.835938 0.0859375 0.512746
0.84375 0.0859375 0.490379
0.835938 0.09375 0.514422
0.84375 0.09375 0.491981
0.851562 0.0703125 0.464602
0.859375 0.0703125 0.44181
0.851562 0.078125 0.466169
0.859375 0.078125 0.4433
0.867188 0.0703125 0.418752
0.875 0.0703125 0.395443
0.867188 0.078125 0.420165
0.875 0.078125 0.396776
0.851562 0.0859375 0.467716
0.859375 0.0859375 0.444772
0.851562 0.09375 0.469244
0.859375 0.09375 0.446225
0.867188 0.0859375 0.421559
0.875 0.0859375 0.398093
0.867188 0.09375 0.422937
0.875 0.09375 0.399394
0.820312 0.101562 0.560155
0.828125 0.101562 0.538278
0.820312 0.109375 0.561929
0.828125 0.109375 0.539982
0.835938 0.101562 0.516076
0.84375 0.101562 0.493564
0.835938 0.109375 0.51771
0.84375 0.109375 0.495126
0.820312 0.117188 0.56368
0.828125 0.117188 0.541665
0.820312 0.125 0.565409
0.828125 0.125 0.543326
0.835938 0.117188 0.519323
0.84375 0.117188 0.496669
0.835938 0.125 0.520916
0.84375 0.125 0.498193
0.851562 0.101562 0.470754
0.859375 0.101562 0.44766
0.851562 0.109375 0.472244
0.859375 0.109375 0.449078
0.867188 0.101562 0.424297
0.875 0.101562 0.400679
0.867188 0.109375 0.425641
0.875 0.109375 0.401947
0.851562 0.117188 0.473716
0.859375 0.117188 0.450477
0.851562 0.125 0.475169
0.859375 0.125 0.451859
0.867188 0.117188 0.426967
0.875 0.117188 0.4032
0.867188 0.125 0.428277
0.875 0.125 0.404437
0.882812 0 0.359895
0.882812 0.0078125 0.361293
0.890625 0 0.33689
0.890625 0.0078125 0.338198
0.882812 0.015625 0.362674
0.890625 0.015625 0.339491
0.898438 0 0.313682
0.898438 0.0078125 0.3149
0.90625 0 0.290285
0.90625 0.0078125 0.291412
0.898438 0.015625 0.316104
0.90625 0.015625 0.292526
0.882812 0.0234375 0.364039
0.890625 0.0234375 0.340769
0.882812 0.03125 0.365388
0.890625 0.03125 0.342032
0.898438 0.0234375 0.317294
0.90625 0.0234375 0.293627
0.898438 0.03125 0.31847
0.90625 0.03125 0.294715
0.914062 0 0.266713
0.914062 0.0078125 0.267749
0.921875 0 0.24298
0.921875 0.0078125 0.243924
0.914062 0.015625 0.268772
0.921875 0.015625 0.244857
0.929688 0 0.219101
0.929688 0.0078125 0.219952
0.9375 0 0.19509
0.9375 0.0078125 0.195848
0.929688 0.015625 0.220793
0.9375 0.015625 0.196597
0.914062 0.0234375 0.269784
0.921875 0.0234375 0.245778
0.914062 0.03125 0.270784
0.921875 0.03125 0.246689
0.929688 0.0234375 0.221624
0.9375 0.0234375 0.197337
0.929688 0.03125 0.222445
0.9375 0.03125 0.198068
0.882812 0.0390625 0.366721
0.890625 0.0390625 0.34328
0.882812 0.046875 0.368038
0.890625 0.046875 0.344512
0.898438 0.0390625 0.319631
0.90625 0.0390625 0.295791
0.898438 0.046875 0.320779
0.90625 0.046875 0.296853
0.882812 0.0546875 0.369339
0.890625 0.0546875 0.34573
0.882812 0.0625 0.370625
0.890625 0.0625 0.346934
0.898438 0.0546875 0.321913
0.90625 0.0546875 0.297902
0.898438 0.0625 0.323034
0.90625 0.0625 0.298939
0.914062 0.0390625 0.271772
0.921875 0.0390625 0.247589
0.914062 0.046875 0.272747
0.921875 0.046875 0.248478
0.929688 0.0390625 0.223257
0.9375 0.0390625 0.198791
0.929688 0.046875 0.224059
0.9375 0.046875 0.199504
0.914062 0.0546875 0.273712
0.921875 0.0546875 0.249356
0.914062 0.0625 0.274664
0.921875 0.0625 0.250224
0.929688 0.0546875 0.224851
0.9375 0.0546875 0.20021
0.929688 0.0625 0.225633
0.9375 0.0625 0.200907
0.945312 0 0.170962
0.945312 0.0078125 0.171626
0.953125 0 0.14673
0.953125 0.0078125 0.1473
0.945312 0.015625 0.172282
0.953125 0.015625 0.147864
0.960938 0 0.122411
0.960938 0.0078125 0.122886
0.96875 0 0.0980171
0.96875 0.0078125 0.0983978
0.960938 0.015625 0.123356
0.96875 0.015625 0.098774
0.945312 0.0234375 0.172931
0.953125 0.0234375 0.14842
0.945312 0.03125 0.173571
0.953125 0.03125 0.14897
0.960938 0.0234375 0.12382
0.96875 0.0234375 0.0991458
0.960938 0.03125 0.124279
0.96875 0.03125 0.0995132
0.976562 0 0.0735646
0.976562 0.0078125 0.0738503
0.984375 0 0.0490677
0.984375 0.0078125 0.0492583
0.976562 0.015625 0.0741326
0.984375 0.015625 0.0494466
0.992188 0 0.0245412
0.992188 0.0078125 0.0246365
1 0 1.22465e-16
1 0.0078125 1.2294e-16
0.992188 0.015625 0.0247307
1 0.015625 1.2341e-16
0.976562 0.0234375 0.0744117
0.984375 0.0234375 0.0496327
0.976562 0.03125 0.0746874
0.984375 0.03125 0.0498166
0.992188 0.0234375 0.0248238
1 0.0234375 1.23875e-16
0.992188 0.03125 0.0249158
1 0.03125 1.24334e-16
0.945312 0.0390625 0.174205
0.953125 0.0390625 0.149514
0.945312 0.046875 0.17483
0.953125 0.046875 0.15005
0.960938 0.0390625 0.124732
0.96875 0.0390625 0.0998763
0.960938 0.046875 0.12518
0.96875 0.046875 0.100235
0.945312 0.0546875 0.175448
0.953125 0.0546875 0.150581
0.945312 0.0625 0.176059
0.953125 0.0625 0.151105
0.960938 0.0546875 0.125623
0.96875 0.0546875 0.100589
0.960938 0.0625 0.12606
0.96875 0.0625 0.100939
0.976562 0.0390625 0.0749599
0.984375 0.0390625 0.0499984
0.976562 0.046875 0.0752291
0.984375 0.046875 0.0501779
0.992188 0.0390625 0.0250067
1 0.0390625 1.24787e-16
0.992188 0.046875 0.0250965
1 0.046875 1.25235e-16
0.976562 0.0546875 0.075495
0.984375 0.0546875 0.0503553
0.976562 0.0625 0.0757577
0.984375 0.0625 0.0505305
0.992188 0.0546875 0.0251852
1 0.0546875 1.25678e-16
0.992188 0.0625 0.0252729
1 0.0625 1.26115e-16
0.882812 0.0703125 0.371894
0.890625 0.0703125 0.348122
0.882812 0.078125 0.373148
0.890625 0.078125 0.349296
0.898438 0.0703125 0.32414
0.90625 0.0703125 0.299963
0.898438 0.078125 0.325233
0.90625 0.078125 0.300975
0.882812 0.0859375 0.374387
0.890625 0.0859375 0.350456
0.882812 0.09375 0.375611
0.890625 0.09375 0.351601
0.898438 0.0859375 0.326313
0.90625 0.0859375 0.301974
0.898438 0.09375 0.327379
0.90625 0.09375 0.302961
0.914062 0.0703125 0.275605
0.921875 0.0703125 0.251081
0.914062 0.078125 0.276535
0.921875 0.078125 0.251928
0.929688 0.0703125 0.226406
0.9375 0.0703125 0.201595
0.929688 0.078125 0.22717
0.9375 0.078125 0.202275
0.914062 0.0859375 0.277453
0.921875 0.0859375 0.252764
0.914062 0.09375 0.278359
0.921875 0.09375 0.25359
0.929688 0.0859375 0.227924
0.9375 0.0859375 0.202946
0.929688 0.09375 0.228669
0.9375 0.09375 0.203609
0.882812 0.101562 0.376819
0.890625 0.101562 0.352732
0.882812 0.109375 0.378012
0.890625 0.109375 0.353848
0.898438 0.101562 0.328432
0.90625 0.101562 0.303935
0.898438 0.109375 0.329472
0.90625 0.109375 0.304897
0.882812 0.117188 0.37919
0.890625 0.117188 0.354951
0.882812 0.125 0.380353
0.890625 0.125 0.35604
0.898438 0.117188 0.330499
0.90625 0.117188 0.305847
0.898438 0.125 0.331513
0.90625 0.125 0.306785
0.914062 0.101562 0.279255
0.921875 0.101562 0.254406
0.914062 0.109375 0.280139
0.921875 0.109375 0.255212
0.929688 0.101562 0.229404
0.9375 0.101562 0.204264
0.929688 0.109375 0.230131
0.9375 0.109375 0.204911
0.914062 0.117188 0.281012
0.921875 0.117188 0.256007
0.914062 0.125 0.281874
0.921875 0.125 0.256792
0.929688 0.117188 0.230848
0.9375 0.117188 0.20555
0.929688 0.125 0.231556
0.9375 0.125 0.20618
0.945312 0.0703125 0.176662
0.953125 0.0703125 0.151623
0.945312 0.078125 0.177258
0.953125 0.078125 0.152134
0.960938 0.0703125 0.126492
0.96875 0.0703125 0.101285
0.960938 0.078125 0.126919
0.96875 0.078125 0.101627
0.945312 0.0859375 0.177846
0.953125 0.0859375 0.152639
0.945312 0.09375 0.178427
0.953125 0.09375 0.153138
0.960938 0.0859375 0.12734
0.96875 0.0859375 0.101964
0.960938 0.09375 0.127756
0.96875 0.09375 0.102297
0.976562 0.0703125 0.0760173
0.984375 0.0703125 0.0507036
0.976562 0.078125 0.0762736
0.984375 0.078125 0.0508746
0.992188 0.0703125 0.0253595
1 0.0703125 1.26547e-16
0.992188 0.078125 0.025445
1 0.078125 1.26974e-16
0.976562 0.0859375 0.0765268
0.984375 0.0859375 0.0510435
0.976562 0.09375 0.0767769
0.984375 0.09375 0.0512103
0.992188 0.0859375 0.0255294
1 0.0859375 1.27396e-16
0.992188 0.09375 0.0256129
1 0.09375 1.27812e-16
0.945312 0.101562 0.179001
0.953125 0.101562 0.15363
0.945312 0.109375 0.179568
0.953125 0.109375 0.154117
0.960938 0.101562 0.128167
0.96875 0.101562 0.102626
0.960938 0.109375 0.128573
0.96875 0.109375 0.102951
0.945312 0.117188 0.180128
0.953125 0.117188 0.154597
0.945312 0.125 0.18068
0.953125 0.125 0.155071
0.960938 0.117188 0.128973
0.96875 0.117188 0.103272
0.960938 0.125 0.129369
0.96875 0.125 0.103589
0.976562 0.101562 0.0770239
0.984375 0.101562 0.051375
0.976562 0.109375 0.0772677
0.984375 0.109375 0.0515377
0.992188 0.101562 0.0256953
1 0.101562 1.28223e-16
0.992188 0.109375 0.0257766
1 0.109375 1.28629e-16
0.976562 0.117188 0.0775085
0.984375 0.117188 0.0516983
0.976562 0.125 0.0777462
0.984375 0.125 0.0518569
0.992188 0.117188 0.0258569
1 0.117188 1.2903e-16
0.992188 0.125 0.0259362
1 0.125 1.29426e-16
0.757812 0.132812 0.730937
0.765625 0.132812 0.711875
0.757812 0.140625 0.733108
0.765625 0.140625 0.71399
0.773438 0.132812 0.692386
0.78125 0.132812 0.672479
0.773438 0.140625 0.694443
0.78125 0.140625 0.674476
0.757812 0.148438 0.735252
0.765625 0.148438 0.716078
0.757812 0.15625 0.737367
0.765625 0.15625 0.718139
0.773438 0.148438 0.696473
0.78125 0.148438 0.676449
0.773438 0.15625 0.698477
0.78125 0.15625 0.678395
0.789062 0.132812 0.652166
0.796875 0.132812 0.631462
0.789062 0.140625 0.654104
0.796875 0.140625 0.633338
0.804688 0.132812 0.610376
0.8125 0.132812 0.588923
0.804688 0.140625 0.61219
0.8125 0.140625 0.590673
0.789062 0.148438 0.656017
0.796875 0.148438 0.63519
0.789062 0.15625 0.657904
0.796875 0.15625 0.637017
0.804688 0.148438 0.61398
0.8125 0.148438 0.5924
0.804688 0.15625 0.615747
0.8125 0.15625 0.594105
0.757812 0.164062 0.739456
0.765625 0.164062 0.720172
0.757812 0.171875 0.741516
0.765625 0.171875 0.722179
0.773438 0.164062 0.700455
0.78125 0.164062 0.680316
0.773438 0.171875 0.702407
0.78125 0.171875 0.682212
0.757812 0.179688 0.74355
0.765625 0.179688 0.72416
0.757812 0.1875 0.745556
0.765625 0.1875 0.726113
0.773438 0.179688 0.704333
0.78125 0.179688 0.684083
0.773438 0.1875 0.706234
0.78125 0.1875 0.685928
0.789062 0.164062 0.659768
0.796875 0.164062 0.638821
0.789062 0.171875 0.661606
0.796875 0.171875 0.640601
0.804688 0.164062 0.61749
0.8125 0.164062 0.595787
0.804688 0.171875 0.619211
0.8125 0.171875 0.597448
0.789062 0.179688 0.66342
0.796875 0.179688 0.642358
0.789062 0.1875 0.66521
0.796875 0.1875 0.644091
0.804688 0.179688 0.620909
0.8125 0.179688 0.599086
0.804688 0.1875 0.622584
0.8125 0.1875 0.600702
0.820312 0.132812 0.567116
0.828125 0.132812 0.544966
0.820312 0.140625 0.568801
0.828125 0.140625 0.546586
0.835938 0.132812 0.522489
0.84375 0.132812 0.499697
0.835938 0.140625 0.524041
0.84375 0.140625 0.501181
0.820312 0.148438 0.570464
0.828125 0.148438 0.548184
0.820312 0.15625 0.572105
0.828125 0.15625 0.549761
0.835938 0.148438 0.525574
0.84375 0.148438 0.502647
0.835938 0.15625 0.527086
0.84375 0.15625 0.504093
0.851562 0.132812 0.476603
0.859375 0.132812 0.453223
0.851562 0.140625 0.478019
0.859375 0.140625 0.454569
0.867188 0.132812 0.42957
0.875 0.132812 0.405658
0.867188 0.140625 0.430846
0.875 0.140625 0.406863
0.851562 0.148438 0.479417
0.859375 0.148438 0.455899
0.851562 0.15625 0.480797
0.859375 0.15625 0.457211
0.867188 0.148438 0.432106
0.875 0.148438 0.408052
0.867188 0.15625 0.433349
0.875 0.15625 0.409227
0.820312 0.164062 0.573726
0.828125 0.164062 0.551318
0.820312 0.171875 0.575324
0.828125 0.171875 0.552854
0.835938 0.164062 0.528579
0.84375 0.164062 0.505521
0.835938 0.171875 0.530051
0.84375 0.171875 0.506929
0.820312 0.179688 0.576902
0.828125 0.179688 0.55437
0.820312 0.1875 0.578458
0.828125 0.1875 0.555866
0.835938 0.179688 0.531505
0.84375 0.179688 0.508319
0.835938 0.1875 0.532939
0.84375 0.1875 0.509691
0.851562 0.164062 0.482158
0.859375 0.164062 0.458505
0.851562 0.171875 0.483502
0.859375 0.171875 0.459783
0.867188 0.164062 0.434576
0.875 0.164062 0.410386
0.867188 0.171875 0.435787
0.875 0.171875 0.411529
0.851562 0.179688 0.484828
0.859375 0.179688 0.461044
0.851562 0.1875 0.486136
0.859375 0.1875 0.462288
0.867188 0.179688 0.436982
0.875 0.179688 0.412658
0.867188 0.1875 0.438161
0.875 0.1875 0.413771
0.757812 0.195312 0.747535
0.765625 0.195312 0.728041
0.757812 0.203125 0.749487
0.765625 0.203125 0.729942
0.773438 0.195312 0.708109
0.78125 0.195312 0.68775
0.773438 0.203125 0.709958
0.78125 0.203125 0.689546
0.757812 0.210938 0.751413
0.765625 0.210938 0.731818
0.757812 0.21875 0.753313
0.765625 0.21875 0.733668
0.773438 0.210938 0.711782
0.78125 0.210938 0.691318
0.773438 0.21875 0.713581
0.78125 0.21875 0.693065
0.789062 0.195312 0.666976
0.796875 0.195312 0.645801
0.789062 0.203125 0.668718
0.796875 0.203125 0.647488
0.804688 0.195312 0.624237
0.8125 0.195312 0.602297
0.804688 0.203125 0.625867
0.8125 0.203125 0.60387
0.789062 0.210938 0.670437
0.796875 0.210938 0.649152
0.789062 0.21875 0.672131
0.796875 0.21875 0.650792
0.804688 0.210938 0.627476
0.8125 0.210938 0.605422
0.804688 0.21875 0.629062
0.8125 0.21875 0.606952
0.757812 0.226562 0.755186
0.765625 0.226562 0.735493
0.757812 0.234375 0.757033
0.765625 0.234375 0.737291
0.773438 0.226562 0.715356
0.78125 0.226562 0.694789
0.773438 0.234375 0.717106
0.78125 0.234375 0.696488
0.757812 0.242188 0.758854
0.765625 0.242188 0.739065
0.757812 0.25 0.76065
0.765625 0.25 0.740814
0.773438 0.242188 0.718831
0.78125 0.242188 0.698164
0.773438 0.25 0.720532
0.78125 0.25 0.699815
0.789062 0.226562 0.673803
0.796875 0.226562 0.652411
0.789062 0.234375 0.675451
0.796875 0.234375 0.654007
0.804688 0.226562 0.630626
0.8125 0.226562 0.608461
0.804688 0.234375 0.632168
0.8125 0.234375 0.60995
0.789062 0.242188 0.677076
0.796875 0.242188 0.65558
0.789062 0.25 0.678678
0.796875 0.25 0.657131
0.804688 0.242188 0.633689
0.8125 0.242188 0.611417
0.804688 0.25 0.635189
0.8125 0.25 0.612864
0.820312 0.195312 0.579994
0.828125 0.195312 0.557342
0.820312 0.203125 0.581509
0.828125 0.203125 0.558797
0.835938 0.195312 0.534354
0.84375 0.195312 0.511044
0.835938 0.203125 0.535749
0.84375 0.203125 0.512379
0.820312 0.210938 0.583003
0.828125 0.210938 0.560233
0.820312 0.21875 0.584477
0.828125 0.21875 0.561649
0.835938 0.210938 0.537126
0.84375 0.210938 0.513695
0.835938 0.21875 0.538484
0.84375 0.21875 0.514994
0.851562 0.195312 0.487426
0.859375 0.195312 0.463515
0.851562 0.203125 0.488699
0.859375 0.203125 0.464726
0.867188 0.195312 0.439325
0.875 0.195312 0.414869
0.867188 0.203125 0.440472
0.875 0.203125 0.415953
0.851562 0.210938 0.489955
0.859375 0.210938 0.46592
0.851562 0.21875 0.491194
0.859375 0.21875 0.467097
0.867188 0.210938 0.441604
0.875 0.210938 0.417022
0.867188 0.21875 0.44272
0.875 0.21875 0.418076
0.820312 0.226562 0.58593
0.828125 0.226562 0.563046
0.820312 0.234375 0.587363
0.828125 0.234375 0.564423
0.835938 0.226562 0.539823
0.84375 0.226562 0.516275
0.835938 0.234375 0.541143
0.84375 0.234375 0.517537
0.820312 0.242188 0.588777
0.828125 0.242188 0.565781
0.820312 0.25 0.59017
0.828125 0.25 0.56712
0.835938 0.242188 0.542445
0.84375 0.242188 0.518782
0.835938 0.25 0.543729
0.84375 0.25 0.52001
0.851562 0.226562 0.492415
0.859375 0.226562 0.468259
0.851562 0.234375 0.493619
0.859375 0.234375 0.469404
0.867188 0.226562 0.443821
0.875 0.226562 0.419116
0.867188 0.234375 0.444906
0.875 0.234375 0.420141
0.851562 0.242188 0.494807
0.859375 0.242188 0.470534
0.851562 0.25 0.495978
0.859375 0.25 0.471647
0.867188 0.242188 0.445977
0.875 0.242188 0.421151
0.867188 0.25 0.447032
0.875 0.25 0.422148
0.882812 0.132812 0.381501
0.890625 0.132812 0.357115
0.882812 0.140625 0.382634
0.890625 0.140625 0.358176
0.898438 0.132812 0.332513
0.90625 0.132812 0.307712
0.898438 0.140625 0.333501
0.90625 0.140625 0.308626
0.882812 0.148438 0.383753
0.890625 0.148438 0.359223
0.882812 0.15625 0.384858
0.890625 0.15625 0.360257
0.898438 0.148438 0.334476
0.90625 0.148438 0.309528
0.898438 0.15625 0.335439
0.90625 0.15625 0.310419
0.914062 0.132812 0.282725
0.921875 0.132812 0.257567
0.914062 0.140625 0.283565
0.921875 0.140625 0.258333
0.929688 0.132812 0.232255
0.9375 0.132812 0.206802
0.929688 0.140625 0.232945
0.9375 0.140625 0.207417
0.914062 0.148438 0.284394
0.921875 0.148438 0.259088
0.914062 0.15625 0.285212
0.921875 0.15625 0.259833
0.929688 0.148438 0.233626
0.9375 0.148438 0.208023
0.929688 0.15625 0.234298
0.9375 0.15625 0.208622
0.882812 0.164062 0.385947
0.890625 0.164062 0.361277
0.882812 0.171875 0.387023
0.890625 0.171875 0.362284
0.898438 0.164062 0.336389
0.90625 0.164062 0.311298
0.898438 0.171875 0.337326
0.90625 0.171875 0.312166
0.882812 0.179688 0.388084
0.890625 0.179688 0.363277
0.882812 0.1875 0.389131
0.890625 0.1875 0.364257
0.898438 0.179688 0.338251
0.90625 0.179688 0.313022
0.898438 0.1875 0.339164
0.90625 0.1875 0.313866
0.914062 0.164062 0.28602
0.921875 0.164062 0.260569
0.914062 0.171875 0.286817
0.921875 0.171875 0.261295
0.929688 0.164062 0.234962
0.9375 0.164062 0.209213
0.929688 0.171875 0.235616
0.9375 0.171875 0.209796
0.914062 0.179688 0.287603
0.921875 0.179688 0.262012
0.914062 0.1875 0.288379
0.921875 0.1875 0.262719
0.929688 0.179688 0.236263
0.9375 0.179688 0.210371
0.929688 0.1875 0.2369
0.9375 0.1875 0.210939
0.945312 0.132812 0.181225
0.953125 0.132812 0.155539
0.945312 0.140625 0.181764
0.953125 0.140625 0.156001
0.960938 0.132812 0.129759
0.96875 0.132812 0.103902
0.960938 0.140625 0.130145
0.96875 0.140625 0.10421
0.945312 0.148438 0.182295
0.953125 0.148438 0.156458
0.945312 0.15625 0.18282
0.953125 0.15625 0.156908
0.960938 0.148438 0.130526
0.96875 0.148438 0.104515
0.960938 0.15625 0.130901
0.96875 0.15625 0.104816
0.976562 0.132812 0.0779809
0.984375 0.132812 0.0520134
0.976562 0.140625 0.0782126
0.984375 0.140625 0.0521679
0.992188 0.132812 0.0260145
1 0.132812 1.29816e-16
0.992188 0.140625 0.0260918
1 0.140625 1.30202e-16
0.976562 0.148438 0.0784413
0.984375 0.148438 0.0523205
0.976562 0.15625 0.078667
0.984375 0.15625 0.052471
0.992188 0.148438 0.0261681
1 0.148438 1.30583e-16
0.992188 0.15625 0.0262434
1 0.15625 1.30958e-16
0.945312 0.164062 0.183338
0.953125 0.164062 0.157352
0.945312 0.171875 0.183849
0.953125 0.171875 0.157791
0.960938 0.164062 0.131272
0.96875 0.164062 0.105113
0.960938 0.171875 0.131638
0.96875 0.171875 0.105405
0.945312 0.179688 0.184353
0.953125 0.179688 0.158223
0.945312 0.1875 0.18485
0.953125 0.1875 0.15865
0.960938 0.179688 0.131999
0.96875 0.179688 0.105694
0.960938 0.1875 0.132355
0.96875 0.1875 0.10598
0.976562 0.164062 0.0788898
0.984375 0.164062 0.0526196
0.976562 0.171875 0.0791097
0.984375 0.171875 0.0527663
0.992188 0.164062 0.0263177
1 0.164062 1.31329e-16
0.992188 0.171875 0.0263911
1 0.171875 1.31695e-16
0.976562 0.179688 0.0793266
0.984375 0.179688 0.052911
0.976562 0.1875 0.0795406
0.984375 0.1875 0.0530537
0.992188 0.179688 0.0264634
1 0.179688 1.32056e-16
0.992188 0.1875 0.0265348
1 0.1875 1.32413e-16
0.882812 0.195312 0.390164
0.890625 0.195312 0.365224
0.882812 0.203125 0.391183
0.890625 0.203125 0.366178
0.898438 0.195312 0.340064
0.90625 0.195312 0.314699
0.898438 0.203125 0.340952
0.90625 0.203125 0.315521
0.882812 0.210938 0.392189
0.890625 0.210938 0.367119
0.882812 0.21875 0.39318
0.890625 0.21875 0.368047
0.898438 0.210938 0.341829
0.90625 0.210938 0.316332
0.898438 0.21875 0.342693
0.90625 0.21875 0.317132
0.914062 0.195312 0.289145
0.921875 0.195312 0.263416
0.914062 0.203125 0.2899
0.921875 0.203125 0.264104
0.929688 0.195312 0.237529
0.9375 0.195312 0.211499
0.929688 0.203125 0.238149
0.9375 0.203125 0.212051
0.914062 0.210938 0.290645
0.921875 0.210938 0.264783
0.914062 0.21875 0.29138
0.921875 0.21875 0.265452
0.929688 0.210938 0.238761
0.9375 0.210938 0.212596
0.929688 0.21875 0.239365
0.9375 0.21875 0.213133
0.882812 0.226562 0.394158
0.890625 0.226562 0.368962
0.882812 0.234375 0.395122
0.890625 0.234375 0.369865
0.898438 0.226562 0.343545
0.90625 0.226562 0.31792
0.898438 0.234375 0.344385
0.90625 0.234375 0.318698
0.882812 0.242188 0.396072
0.890625 0.242188 0.370755
0.882812 0.25 0.397009
0.890625 0.25 0.371632
0.898438 0.242188 0.345214
0.90625 0.242188 0.319465
0.898438 0.25 0.34603
0.90625 0.25 0.32022
0.914062 0.226562 0.292104
0.921875 0.226562 0.266112
0.914062 0.234375 0.292819
0.921875 0.234375 0.266763
0.929688 0.226562 0.23996
0.9375 0.226562 0.213663
0.929688 0.234375 0.240547
0.9375 0.234375 0.214186
0.914062 0.242188 0.293523
0.921875 0.242188 0.267405
0.914062 0.25 0.294218
0.921875 0.25 0.268038
0.929688 0.242188 0.241126
0.9375 0.242188 0.214701
0.929688 0.25 0.241696
0.9375 0.25 0.215209
0.945312 0.195312 0.185341
0.953125 0.195312 0.159071
0.945312 0.203125 0.185825
0.953125 0.203125 0.159487
0.960938 0.195312 0.132706
0.96875 0.195312 0.106261
0.960938 0.203125 0.133053
0.96875 0.203125 0.106538
0.945312 0.210938 0.186302
0.953125 0.210938 0.159897
0.945312 0.21875 0.186773
0.953125 0.21875 0.160301
0.960938 0.210938 0.133395
0.96875 0.210938 0.106812
0.960938 0.21875 0.133732
0.96875 0.21875 0.107082
0.976562 0.195312 0.0797518
0.984375 0.195312 0.0531946
0.976562 0.203125 0.0799601
0.984375 0.203125 0.0533335
0.992188 0.195312 0.0266053
1 0.195312 1.32764e-16
0.992188 0.203125 0.0266748
1 0.203125 1.33111e-16
0.976562 0.210938 0.0801655
0.984375 0.210938 0.0534705
0.976562 0.21875 0.0803682
0.984375 0.21875 0.0536057
0.992188 0.210938 0.0267433
1 0.210938 1.33453e-16
0.992188 0.21875 0.0268109
1 0.21875 1.3379e-16
0.945312 0.226562 0.187238
0.953125 0.226562 0.160699
0.945312 0.234375 0.187696
0.953125 0.234375 0.161092
0.960938 0.226562 0.134064
0.96875 0.226562 0.107349
0.960938 0.234375 0.134392
0.96875 0.234375 0.107611
0.945312 0.242188 0.188147
0.953125 0.242188 0.16148
0.945312 0.25 0.188592
0.953125 0.25 0.161862
0.960938 0.242188 0.134716
0.96875 0.242188 0.10787
0.960938 0.25 0.135034
0.96875 0.25 0.108125
0.976562 0.226562 0.080568
0.984375 0.226562 0.053739
0.976562 0.234375 0.0807651
0.984375 0.234375 0.0538704
0.992188 0.226562 0.0268776
1 0.226562 1.34123e-16
0.992188 0.234375 0.0269433
1 0.234375 1.34451e-16
0.976562 0.242188 0.0809594
0.984375 0.242188 0.054
0.976562 0.25 0.0811509
0.984375 0.25 0.0541278
0.992188 0.242188 0.0270082
1 0.242188 1.34774e-16
0.992188 0.25 0.0270721
1 0.25 1.35093e-16
0.507812 0.257812 1.10536
0.515625 0.257812 1.10436
0.507812 0.265625 1.10789
0.515625 0.265625 1.10689
0.523438 0.257812 1.1027
0.53125 0.257812 1.10037
0.523438 0.265625 1.10522
0.53125 0.265625 1.10289
0.507812 0.273438 1.11038
0.515625 0.273438 1.10938
0.507812 0.28125 1.11284
0.515625 0.28125 1.11183
0.523438 0.273438 1.10771
0.53125 0.273438 1.10537
0.523438 0.28125 1.11016
0.53125 0.28125 1.10781
0.539062 0.257812 1.09738
0.546875 0.257812 1.09373
0.539062 0.265625 1.09989
0.546875 0.265625 1.09623
0.554688 0.257812 1.08941
0.5625 0.257812 1.08445
0.554688 0.265625 1.09191
0.5625 0.265625 1.08693
0.539062 0.273438 1.10236
0.546875 0.273438 1.09869
0.539062 0.28125 1.1048
0.546875 0.28125 1.10113
0.554688 0.273438 1.09436
0.5625 0.273438 1.08937
0.554688 0.28125 1.09679
0.5625 0.28125 1.09178
0.507812 0.289062 1.11526
0.515625 0.289062 1.11425
0.507812 0.296875 1.11764
0.515625 0.296875 1.11663
0.523438 0.289062 1.11257
0.53125 0.289062 1.11022
0.523438 0.296875 1.11495
0.53125 0.296875 1.1126
0.507812 0.304688 1.11999
0.515625 0.304688 1.11898
0.507812 0.3125 1.12231
0.515625 0.3125 1.12129
0.523438 0.304688 1.1173
0.53125 0.304688 1.11494
0.523438 0.3125 1.1196
0.53125 0.3125 1.11724
0.539062 0.289062 1.10721
0.546875 0.289062 1.10352
0.539062 0.296875 1.10957
0.546875 0.296875 1.10588
0.554688 0.289062 1.09917
0.5625 0.289062 1.09416
0.554688 0.296875 1.10152
0.5625 0.296875 1.0965
0.539062 0.304688 1.11191
0.546875 0.304688 1.1082
0.539062 0.3125 1.1142
0.546875 0.3125 1.11049
0.554688 0.304688 1.10384
0.5625 0.304688 1.0988
0.554688 0.3125 1.10612
0.5625 0.3125 1.10107
0.570312 0.257812 1.07883
0.578125 0.257812 1.07256
0.570312 0.265625 1.0813
0.578125 0.265625 1.07501
0.585938 0.257812 1.06564
0.59375 0.257812 1.05808
0.585938 0.265625 1.06808
0.59375 0.265625 1.0605
0.570312 0.273438 1.08373
0.578125 0.273438 1.07743
0.570312 0.28125 1.08613
0.578125 0.28125 1.07981
0.585938 0.273438 1.07048
0.59375 0.273438 1.06289
0.585938 0.28125 1.07285
0.59375 0.28125 1.06524
0.601562 0.257812 1.04989
0.609375 0.257812 1.04106
0.601562 0.265625 1.05229
0.609375 0.265625 1.04344
0.617188 0.257812 1.0316
0.625 0.257812 1.02153
0.617188 0.265625 1.03396
0.625 0.265625 1.02386
0.601562 0.273438 1.05466
0.609375 0.273438 1.04579
0.601562 0.28125 1.05699
0.609375 0.28125 1.0481
0.617188 0.273438 1.03629
0.625 0.273438 1.02617
0.617188 0.28125 1.03858
0.625 0.28125 1.02844
0.570312 0.289062 1.08849
0.578125 0.289062 1.08216
0.570312 0.296875 1.09082
0.578125 0.296875 1.08448
0.585938 0.289062 1.07518
0.59375 0.289062 1.06756
0.585938 0.296875 1.07748
0.59375 0.296875 1.06984
0.570312 0.304688 1.09311
0.578125 0.304688 1.08676
0.570312 0.3125 1.09537
0.578125 0.3125 1.089
0.585938 0.304688 1.07975
0.59375 0.304688 1.07209
0.585938 0.3125 1.08198
0.59375 0.3125 1.0743
0.601562 0.289062 1.05929
0.609375 0.289062 1.05038
0.601562 0.296875 1.06155
0.609375 0.296875 1.05263
0.617188 0.289062 1.04084
0.625 0.289062 1.03068
0.617188 0.296875 1.04307
0.625 0.296875 1.03288
0.601562 0.304688 1.06379
0.609375 0.304688 1.05484
0.601562 0.3125 1.06598
0.609375 0.3125 1.05702
0.617188 0.304688 1.04526
0.625 0.304688 1.03505
0.617188 0.3125 1.04742
0.625 0.3125 1.03719
0.507812 0.320312 1.12459
0.515625 0.320312 1.12357
0.507812 0.328125 1.12683
0.515625 0.328125 1.12581
0.523438 0.320312 1.12188
0.53125 0.320312 1.11951
0.523438 0.328125 1.12412
0.53125 0.328125 1.12174
0.507812 0.335938 1.12904
0.515625 0.335938 1.12802
0.507812 0.34375 1.13121
0.515625 0.34375 1.13019
0.523438 0.335938 1.12632
0.53125 0.335938 1.12394
0.523438 0.34375 1.12849
0.53125 0.34375 1.12611
0.539062 0.320312 1.11646
0.546875 0.320312 1.11275
0.539062 0.328125 1.11869
0.546875 0.328125 1.11497
0.554688 0.320312 1.10836
0.5625 0.320312 1.10331
0.554688 0.328125 1.11057
0.5625 0.328125 1.10551
0.539062 0.335938 1.12089
0.546875 0.335938 1.11716
0.539062 0.34375 1.12305
0.546875 0.34375 1.11931
0.554688 0.335938 1.11275
0.5625 0.335938 1.10768
0.554688 0.34375 1.1149
0.5625 0.34375 1.10981
0.507812 0.351562 1.13336
0.515625 0.351562 1.13233
0.507812 0.359375 1.13546
0.515625 0.359375 1.13444
0.523438 0.351562 1.13063
0.53125 0.351562 1.12824
0.523438 0.359375 1.13273
0.53125 0.359375 1.13034
0.507812 0.367188 1.13754
0.515625 0.367188 1.13651
0.507812 0.375 1.13958
0.515625 0.375 1.13855
0.523438 0.367188 1.1348
0.53125 0.367188 1.1324
0.523438 0.375 1.13683
0.53125 0.375 1.13443
0.539062 0.351562 1.12517
0.546875 0.351562 1.12143
0.539062 0.359375 1.12726
0.546875 0.359375 1.12351
0.554688 0.351562 1.11701
0.5625 0.351562 1.11191
0.554688 0.359375 1.11908
0.5625 0.359375 1.11398
0.539062 0.367188 1.12932
0.546875 0.367188 1.12556
0.539062 0.375 1.13135
0.546875 0.375 1.12758
0.554688 0.367188 1.12113
0.5625 0.367188 1.11601
0.554688 0.375 1.12314
0.5625 0.375 1.11802
0.570312 0.320312 1.09759
0.578125 0.320312 1.09121
0.570312 0.328125 1.09978
0.578125 0.328125 1.09339
0.585938 0.320312 1.08418
0.59375 0.320312 1.07649
0.585938 0.328125 1.08634
0.59375 0.328125 1.07863
0.570312 0.335938 1.10194
0.578125 0.335938 1.09553
0.570312 0.34375 1.10406
0.578125 0.34375 1.09764
0.585938 0.335938 1.08847
0.59375 0.335938 1.08075
0.585938 0.34375 1.09057
0.59375 0.34375 1.08283
0.601562 0.320312 1.06815
0.609375 0.320312 1.05917
0.601562 0.328125 1.07028
0.609375 0.328125 1.06128
0.617188 0.320312 1.04955
0.625 0.320312 1.0393
0.617188 0.328125 1.05164
0.625 0.328125 1.04137
0.601562 0.335938 1.07238
0.609375 0.335938 1.06336
0.601562 0.34375 1.07444
0.609375 0.34375 1.06541
0.617188 0.335938 1.0537
0.625 0.335938 1.04341
0.617188 0.34375 1.05573
0.625 0.34375 1.04542
0.570312 0.351562 1.10615
0.578125 0.351562 1.09972
0.570312 0.359375 1.10821
0.578125 0.359375 1.10177
0.585938 0.351562 1.09263
0.59375 0.351562 1.08488
0.585938 0.359375 1.09466
0.59375 0.359375 1.0869
0.570312 0.367188 1.11023
0.578125 0.367188 1.10378
0.570312 0.375 1.11222
0.578125 0.375 1.10576
0.585938 0.367188 1.09666
0.59375 0.367188 1.08888
0.585938 0.375 1.09863
0.59375 0.375 1.09083
0.601562 0.351562 1.07648
0.609375 0.351562 1.06743
0.601562 0.359375 1.07848
0.609375 0.359375 1.06941
0.617188 0.351562 1.05773
0.625 0.351562 1.0474
0.617188 0.359375 1.0597
0.625 0.359375 1.04935
0.601562 0.367188 1.08045
0.609375 0.367188 1.07136
0.601562 0.375 1.08239
0.609375 0.375 1.07328
0.617188 0.367188 1.06163
0.625 0.367188 1.05126
0.617188 0.375 1.06354
0.625 0.375 1.05315
0.632812 0.257812 1.01084
0.640625 0.257812 0.999534
0.632812 0.265625 1.01315
0.640625 0.265625 1.00182
0.648438 0.257812 0.987632
0.65625 0.257812 0.975134
0.648438 0.265625 0.989891
0.65625 0.265625 0.977365
0.632812 0.273438 1.01543
0.640625 0.273438 1.00408
0.632812 0.28125 1.01767
0.640625 0.28125 1.0063
0.648438 0.273438 0.992119
0.65625 0.273438 0.979565
0.648438 0.28125 0.994314
0.65625 0.28125 0.981732
0.664062 0.257812 0.962049
0.671875 0.257812 0.948384
0.664062 0.265625 0.96425
0.671875 0.265625 0.950554
0.679688 0.257812 0.934148
0.6875 0.257812 0.91935
0.679688 0.265625 0.936286
0.6875 0.265625 0.921453
0.664062 0.273438 0.96642
0.671875 0.273438 0.952693
0.664062 0.28125 0.968558
0.671875 0.28125 0.954801
0.679688 0.273438 0.938393
0.6875 0.273438 0.923527
0.679688 0.28125 0.940469
0.6875 0.28125 0.92557
0.632812 0.289062 1.01989
0.640625 0.289062 1.00849
0.632812 0.296875 1.02207
0.640625 0.296875 1.01064
0.648438 0.289062 0.996477
0.65625 0.289062 0.983867
0.648438 0.296875 0.998607
0.65625 0.296875 0.985971
0.632812 0.304688 1.02422
0.640625 0.304688 1.01277
0.632812 0.3125 1.02633
0.640625 0.3125 1.01486
0.648438 0.304688 1.00071
0.65625 0.304688 0.988043
0.648438 0.3125 1.00277
0.65625 0.3125 0.990085
0.664062 0.289062 0.970665
0.671875 0.289062 0.956878
0.664062 0.296875 0.97274
0.671875 0.296875 0.958924
0.679688 0.289062 0.942515
0.6875 0.289062 0.927584
0.679688 0.296875 0.94453
0.6875 0.296875 0.929567
0.664062 0.304688 0.974785
0.671875 0.304688 0.96094
0.664062 0.3125 0.976799
0.671875 0.3125 0.962925
0.679688 0.304688 0.946515
0.6875 0.304688 0.931521
0.679688 0.3125 0.948471
0.6875 0.3125 0.933445
0.695312 0.257812 0.903998
0.703125 0.257812 0.888101
0.695312 0.265625 0.906066
0.703125 0.265625 0.890133
0.710938 0.257812 0.871669
0.71875 0.257812 0.854712
0.710938 0.265625 0.873663
0.71875 0.265625 0.856668
0.695312 0.273438 0.908105
0.703125 0.273438 0.892136
0.695312 0.28125 0.910114
0.703125 0.28125 0.894109
0.710938 0.273438 0.875629
0.71875 0.273438 0.858596
0.710938 0.28125 0.877566
0.71875 0.28125 0.860495
0.726562 0.257812 0.83724
0.734375 0.257812 0.819264
0.726562 0.265625 0.839156
0.734375 0.265625 0.821139
0.742188 0.257812 0.800795
0.75 0.257812 0.781843
0.742188 0.265625 0.802627
0.75 0.265625 0.783632
0.726562 0.273438 0.841044
0.734375 0.273438 0.822987
0.726562 0.28125 0.842905
0.734375 0.28125 0.824807
0.742188 0.273438 0.804433
0.75 0.273438 0.785395
0.742188 0.28125 0.806213
0.75 0.28125 0.787133
0.695312 0.289062 0.912094
0.703125 0.289062 0.896055
0.695312 0.296875 0.914044
0.703125 0.296875 0.89797
0.710938 0.289062 0.879476
0.71875 0.289062 0.862367
0.710938 0.296875 0.881356
0.71875 0.296875 0.864211
0.695312 0.304688 0.915965
0.703125 0.304688 0.899858
0.695312 0.3125 0.917858
0.703125 0.3125 0.901717
0.710938 0.304688 0.883209
0.71875 0.304688 0.866027
0.710938 0.3125 0.885033
0.71875 0.3125 0.867816
0.726562 0.289062 0.844739
0.734375 0.289062 0.826602
0.726562 0.296875 0.846545
0.734375 0.296875 0.828369
0.742188 0.289062 0.807967
0.75 0.289062 0.788845
0.742188 0.296875 0.809694
0.75 0.296875 0.790532
0.726562 0.304688 0.848324
0.734375 0.304688 0.83011
0.726562 0.3125 0.850077
0.734375 0.3125 0.831825
0.742188 0.304688 0.811396
0.75 0.304688 0.792193
0.742188 0.3125 0.813072
0.75 0.3125 0.79383
0.632812 0.320312 1.02842
0.640625 0.320312 1.01692
0.632812 0.328125 1.03047
0.640625 0.328125 1.01895
0.648438 0.320312 1.00481
0.65625 0.320312 0.992095
0.648438 0.328125 1.00681
0.65625 0.328125 0.994075
0.632812 0.335938 1.03249
0.640625 0.335938 1.02095
0.632812 0.34375 1.03448
0.640625 0.34375 1.02291
0.648438 0.335938 1.00879
0.65625 0.335938 0.996024
0.648438 0.34375 1.01073
0.65625 0.34375 0.997943
0.664062 0.320312 0.978783
0.671875 0.320312 0.96488
0.664062 0.328125 0.980735
0.671875 0.328125 0.966805
0.679688 0.320312 0.950397
0.6875 0.320312 0.935341
0.679688 0.328125 0.952293
0.6875 0.328125 0.937207
0.664062 0.335938 0.982659
0.671875 0.335938 0.968701
0.664062 0.34375 0.984551
0.671875 0.34375 0.970567
0.679688 0.335938 0.95416
0.6875 0.335938 0.939045
0.679688 0.34375 0.955998
0.6875 0.34375 0.940854
0.632812 0.351562 1.03644
0.640625 0.351562 1.02485
0.632812 0.359375 1.03836
0.640625 0.359375 1.02676
0.648438 0.351562 1.01265
0.65625 0.351562 0.999832
0.648438 0.359375 1.01453
0.65625 0.359375 1.00169
0.632812 0.367188 1.04026
0.640625 0.367188 1.02863
0.632812 0.375 1.04213
0.640625 0.375 1.03047
0.648438 0.367188 1.01638
0.65625 0.367188 1.00352
0.648438 0.375 1.0182
0.65625 0.375 1.00532
0.664062 0.351562 0.986415
0.671875 0.351562 0.972404
0.664062 0.359375 0.988249
0.671875 0.359375 0.974212
0.679688 0.351562 0.957808
0.6875 0.351562 0.942635
0.679688 0.359375 0.959588
0.6875 0.359375 0.944387
0.664062 0.367188 0.990054
0.671875 0.367188 0.975991
0.664062 0.375 0.991829
0.671875 0.375 0.977741
0.679688 0.367188 0.961341
0.6875 0.367188 0.946112
0.679688 0.375 0.963065
0.6875 0.375 0.947808
0.695312 0.320312 0.919722
0.703125 0.320312 0.903548
0.695312 0.328125 0.921556
0.703125 0.328125 0.905351
0.710938 0.320312 0.886831
0.71875 0.320312 0.869579
0.710938 0.328125 0.8886
0.71875 0.328125 0.871314
0.695312 0.335938 0.923364
0.703125 0.335938 0.907126
0.695312 0.34375 0.925142
0.703125 0.34375 0.908874
0.710938 0.335938 0.890342
0.71875 0.335938 0.873022
0.710938 0.34375 0.892057
0.71875 0.34375 0.874704
0.726562 0.320312 0.851803
0.734375 0.320312 0.833514
0.726562 0.328125 0.853503
0.734375 0.328125 0.835177
0.742188 0.320312 0.814724
0.75 0.320312 0.795442
0.742188 0.328125 0.816349
0.75 0.328125 0.797029
0.726562 0.335938 0.855176
0.734375 0.335938 0.836815
0.726562 0.34375 0.856824
0.734375 0.34375 0.838427
0.742188 0.335938 0.81795
0.75 0.335938 0.798592
0.742188 0.34375 0.819525
0.75 0.34375 0.80013
0.695312 0.351562 0.926894
0.703125 0.351562 0.910594
0.695312 0.359375 0.928616
0.703125 0.359375 0.912287
0.710938 0.351562 0.893746
0.71875 0.351562 0.87636
0.710938 0.359375 0.895407
0.71875 0.359375 0.877989
0.695312 0.367188 0.930312
0.703125 0.367188 0.913953
0.695312 0.375 0.931981
0.703125 0.375 0.915592
0.710938 0.367188 0.897043
0.71875 0.367188 0.879592
0.710938 0.375 0.898651
0.71875 0.375 0.881169
0.726562 0.351562 0.858445
0.734375 0.351562 0.840014
0.726562 0.359375 0.860041
0.734375 0.359375 0.841576
0.742188 0.351562 0.821077
0.75 0.351562 0.801645
0.742188 0.359375 0.822603
0.75 0.359375 0.803135
0.726562 0.367188 0.861612
0.734375 0.367188 0.843113
0.726562 0.375 0.863157
0.734375 0.375 0.844624
0.742188 0.367188 0.824105
0.75 0.367188 0.804602
0.742188 0.375 0.825583
0.75 0.375 0.806045
0.507812 0.382812 1.14158
0.515625 0.382812 1.14055
0.507812 0.390625 1.14356
0.515625 0.390625 1.14252
0.523438 0.382812 1.13883
0.53125 0.382812 1.13643
0.523438 0.390625 1.1408
0.53125 0.390625 1.13839
0.507812 0.398438 1.1455
0.515625 0.398438 1.14446
0.507812 0.40625 1.14741
0.515625 0.40625 1.14637
0.523438 0.398438 1.14274
0.53125 0.398438 1.14033
0.523438 0.40625 1.14464
0.53125 0.40625 1.14222
0.539062 0.382812 1.13334
0.546875 0.382812 1.12957
0.539062 0.390625 1.1353
0.546875 0.390625 1.13152
0.554688 0.382812 1.12512
0.5625 0.382812 1.11999
0.554688 0.390625 1.12706
0.5625 0.390625 1.12192
0.539062 0.398438 1.13723
0.546875 0.398438 1.13344
0.539062 0.40625 1.13912
0.546875 0.40625 1.13533
0.554688 0.398438 1.12897
0.5625 0.398438 1.12383
0.554688 0.40625 1.13085
0.5625 0.40625 1.1257
0.507812 0.414062 1.14928
0.515625 0.414062 1.14824
0.507812 0.421875 1.15113
0.515625 0.421875 1.15009
0.523438 0.414062 1.14651
0.53125 0.414062 1.14409
0.523438 0.421875 1.14835
0.53125 0.421875 1.14593
0.507812 0.429688 1.15294
0.515625 0.429688 1.1519
0.507812 0.4375 1.15472
0.515625 0.4375 1.15368
0.523438 0.429688 1.15016
0.53125 0.429688 1.14773
0.523438 0.4375 1.15194
0.53125 0.4375 1.14951
0.539062 0.414062 1.14098
0.546875 0.414062 1.13719
0.539062 0.421875 1.14281
0.546875 0.421875 1.13901
0.554688 0.414062 1.1327
0.5625 0.414062 1.12754
0.554688 0.421875 1.13452
0.5625 0.421875 1.12935
0.539062 0.429688 1.14461
0.546875 0.429688 1.1408
0.539062 0.4375 1.14638
0.546875 0.4375 1.14257
0.554688 0.429688 1.13631
0.5625 0.429688 1.13113
0.554688 0.4375 1.13806
0.5625 0.4375 1.13287
0.570312 0.382812 1.11418
0.578125 0.382812 1.1077
0.570312 0.390625 1.11611
0.578125 0.390625 1.10962
0.585938 0.382812 1.10056
0.59375 0.382812 1.09276
0.585938 0.390625 1.10246
0.59375 0.390625 1.09464
0.570312 0.398438 1.118
0.578125 0.398438 1.1115
0.570312 0.40625 1.11986
0.578125 0.40625 1.11336
0.585938 0.398438 1.10434
0.59375 0.398438 1.0965
0.585938 0.40625 1.10618
0.59375 0.40625 1.09833
0.601562 0.382812 1.08429
0.609375 0.382812 1.07517
0.601562 0.390625 1.08617
0.609375 0.390625 1.07703
0.617188 0.382812 1.06541
0.625 0.382812 1.055
0.617188 0.390625 1.06725
0.625 0.390625 1.05683
0.601562 0.398438 1.08801
0.609375 0.398438 1.07886
0.601562 0.40625 1.08982
0.609375 0.40625 1.08066
0.617188 0.398438 1.06906
0.625 0.398438 1.05862
0.617188 0.40625 1.07084
0.625 0.40625 1.06038
0.570312 0.414062 1.1217
0.578125 0.414062 1.11518
0.570312 0.421875 1.12349
0.578125 0.421875 1.11697
0.585938 0.414062 1.10798
0.59375 0.414062 1.10013
0.585938 0.421875 1.10976
0.59375 0.421875 1.10189
0.570312 0.429688 1.12526
0.578125 0.429688 1.11872
0.570312 0.4375 1.127
0.578125 0.4375 1.12045
0.585938 0.429688 1.11151
0.59375 0.429688 1.10363
0.585938 0.4375 1.11323
0.59375 0.4375 1.10533
0.601562 0.414062 1.09161
0.609375 0.414062 1.08243
0.601562 0.421875 1.09336
0.609375 0.421875 1.08416
0.617188 0.414062 1.0726
0.625 0.414062 1.06212
0.617188 0.421875 1.07432
0.625 0.421875 1.06382
0.601562 0.429688 1.09508
0.609375 0.429688 1.08587
0.601562 0.4375 1.09677
0.609375 0.4375 1.08755
0.617188 0.429688 1.07601
0.625 0.429688 1.0655
0.617188 0.4375 1.07767
0.625 0.4375 1.06714
0.507812 0.445312 1.15647
0.515625 0.445312 1.15542
0.507812 0.453125 1.15819
0.515625 0.453125 1.15714
0.523438 0.445312 1.15368
0.53125 0.445312 1.15125
0.523438 0.453125 1.1554
0.53125 0.453125 1.15296
0.507812 0.460938 1.15987
0.515625 0.460938 1.15883
0.507812 0.46875 1.16153
0.515625 0.46875 1.16048
0.523438 0.460938 1.15708
0.53125 0.460938 1.15464
0.523438 0.46875 1.15873
0.53125 0.46875 1.15629
0.539062 0.445312 1.14812
0.546875 0.445312 1.1443
0.539062 0.453125 1.14982
0.546875 0.453125 1.146
0.554688 0.445312 1.13979
0.5625 0.445312 1.13459
0.554688 0.453125 1.14148
0.5625 0.453125 1.13627
0.539062 0.460938 1.1515
0.546875 0.460938 1.14767
0.539062 0.46875 1.15314
0.546875 0.46875 1.1493
0.554688 0.460938 1.14314
0.5625 0.460938 1.13793
0.554688 0.46875 1.14477
0.5625 0.46875 1.13956
0.507812 0.476562 1.16316
0.515625 0.476562 1.16211
0.507812 0.484375 1.16475
0.515625 0.484375 1.1637
0.523438 0.476562 1.16035
0.53125 0.476562 1.1579
0.523438 0.484375 1.16195
0.53125 0.484375 1.15949
0.507812 0.492188 1.16632
0.515625 0.492188 1.16526
0.507812 0.5 1.16785
0.515625 0.5 1.1668
0.523438 0.492188 1.16351
0.53125 0.492188 1.16105
0.523438 0.5 1.16504
0.53125 0.5 1.16258
0.539062 0.476562 1.15476
0.546875 0.476562 1.15091
0.539062 0.484375 1.15634
0.546875 0.484375 1.15249
0.554688 0.476562 1.14638
0.5625 0.476562 1.14115
0.554688 0.484375 1.14795
0.5625 0.484375 1.14272
0.539062 0.492188 1.1579
0.546875 0.492188 1.15404
0.539062 0.5 1.15942
0.546875 0.5 1.15556
0.554688 0.492188 1.14949
0.5625 0.492188 1.14425
0.554688 0.5 1.15101
0.5625 0.5 1.14576
0.570312 0.445312 1.12871
0.578125 0.445312 1.12215
0.570312 0.453125 1.13039
0.578125 0.453125 1.12382
0.585938 0.445312 1.11491
0.59375 0.445312 1.10701
0.585938 0.453125 1.11657
0.59375 0.453125 1.10865
0.570312 0.460938 1.13203
0.578125 0.460938 1.12545
0.570312 0.46875 1.13365
0.578125 0.46875 1.12706
0.585938 0.460938 1.1182
0.59375 0.460938 1.11027
0.585938 0.46875 1.11979
0.59375 0.46875 1.11185
0.601562 0.445312 1.09843
0.609375 0.445312 1.08919
0.601562 0.453125 1.10006
0.609375 0.453125 1.09081
0.617188 0.445312 1.0793
0.625 0.445312 1.06876
0.617188 0.453125 1.08091
0.625 0.453125 1.07035
0.601562 0.460938 1.10167
0.609375 0.460938 1.0924
0.601562 0.46875 1.10324
0.609375 0.46875 1.09396
0.617188 0.460938 1.08248
0.625 0.460938 1.07191
0.617188 0.46875 1.08403
0.625 0.46875 1.07344
0.570312 0.476562 1.13524
0.578125 0.476562 1.12864
0.570312 0.484375 1.13679
0.578125 0.484375 1.13019
0.585938 0.476562 1.12136
0.59375 0.476562 1.11341
0.585938 0.484375 1.1229
0.59375 0.484375 1.11493
0.570312 0.492188 1.13832
0.578125 0.492188 1.13171
0.570312 0.5 1.13982
0.578125 0.5 1.13319
0.585938 0.492188 1.12441
0.59375 0.492188 1.11643
0.585938 0.5 1.12589
0.59375 0.5 1.1179
0.601562 0.476562 1.10478
0.609375 0.476562 1.09549
0.601562 0.484375 1.1063
0.609375 0.484375 1.097
0.617188 0.476562 1.08554
0.625 0.476562 1.07494
0.617188 0.484375 1.08703
0.625 0.484375 1.07641
0.601562 0.492188 1.10779
0.609375 0.492188 1.09847
0.601562 0.5 1.10924
0.609375 0.5 1.09992
0.617188 0.492188 1.08849
0.625 0.492188 1.07786
0.617188 0.5 1.08993
0.625 0.5 1.07928
0.632812 0.382812 1.04396
0.640625 0.382812 1.03229
0.632812 0.390625 1.04577
0.640625 0.390625 1.03407
0.648438 0.382812 1.02
0.65625 0.382812 1.00709
0.648438 0.390625 1.02176
0.65625 0.390625 1.00883
0.632812 0.398438 1.04754
0.640625 0.398438 1.03583
0.632812 0.40625 1.04929
0.640625 0.40625 1.03756
0.648438 0.398438 1.02349
0.65625 0.398438 1.01054
0.648438 0.40625 1.0252
0.65625 0.40625 1.01223
0.664062 0.382812 0.993576
0.671875 0.382812 0.979463
0.664062 0.390625 0.995293
0.671875 0.390625 0.981157
0.679688 0.382812 0.964761
0.6875 0.382812 0.949477
0.679688 0.390625 0.966429
0.6875 0.390625 0.951119
0.664062 0.398438 0.996983
0.671875 0.398438 0.982822
0.664062 0.40625 0.998644
0.671875 0.40625 0.984459
0.679688 0.398438 0.96807
0.6875 0.398438 0.952734
0.679688 0.40625 0.969682
0.6875 0.40625 0.954321
0.632812 0.414062 1.051
0.640625 0.414062 1.03925
0.632812 0.421875 1.05269
0.640625 0.421875 1.04092
0.648438 0.414062 1.02688
0.65625 0.414062 1.01388
0.648438 0.421875 1.02852
0.65625 0.421875 1.01551
0.632812 0.429688 1.05435
0.640625 0.429688 1.04256
0.632812 0.4375 1.05597
0.640625 0.4375 1.04417
0.648438 0.429688 1.03014
0.65625 0.429688 1.01711
0.648438 0.4375 1.03173
0.65625 0.4375 1.01868
0.664062 0.414062 1.00028
0.671875 0.414062 0.98607
0.664062 0.421875 1.00188
0.671875 0.421875 0.987652
0.679688 0.414062 0.971268
0.6875 0.414062 0.955882
0.679688 0.421875 0.972826
0.6875 0.421875 0.957415
0.664062 0.429688 1.00346
0.671875 0.429688 0.989207
0.664062 0.4375 1.00501
0.671875 0.4375 0.990734
0.679688 0.429688 0.974358
0.6875 0.429688 0.958923
0.679688 0.4375 0.975863
0.6875 0.4375 0.960403
0.695312 0.382812 0.933622
0.703125 0.382812 0.917204
0.695312 0.390625 0.935236
0.703125 0.390625 0.91879
0.710938 0.382812 0.900234
0.71875 0.382812 0.882721
0.710938 0.390625 0.90179
0.71875 0.390625 0.884247
0.695312 0.398438 0.936824
0.703125 0.398438 0.92035
0.695312 0.40625 0.938384
0.703125 0.40625 0.921883
0.710938 0.398438 0.903321
0.71875 0.398438 0.885749
0.710938 0.40625 0.904826
0.71875 0.40625 0.887224
0.726562 0.382812 0.864677
0.734375 0.382812 0.846112
0.726562 0.390625 0.866172
0.734375 0.390625 0.847575
0.742188 0.382812 0.827037
0.75 0.382812 0.807464
0.742188 0.390625 0.828467
0.75 0.390625 0.80886
0.726562 0.398438 0.867642
0.734375 0.398438 0.849014
0.726562 0.40625 0.869088
0.734375 0.40625 0.850428
0.742188 0.398438 0.829873
0.75 0.398438 0.810233
0.742188 0.40625 0.831256
0.75 0.40625 0.811583
0.695312 0.414062 0.939919
0.703125 0.414062 0.923391
0.695312 0.421875 0.941427
0.703125 0.421875 0.924872
0.710938 0.414062 0.906306
0.71875 0.414062 0.888675
0.710938 0.421875 0.90776
0.71875 0.421875 0.890101
0.695312 0.429688 0.94291
0.703125 0.429688 0.926329
0.695312 0.4375 0.944366
0.703125 0.4375 0.927759
0.710938 0.429688 0.909189
0.71875 0.429688 0.891503
0.710938 0.4375 0.910593
0.71875 0.4375 0.892879
0.726562 0.414062 0.870509
0.734375 0.414062 0.851819
0.726562 0.421875 0.871906
0.734375 0.421875 0.853185
0.742188 0.414062 0.832615
0.75 0.414062 0.81291
0.742188 0.421875 0.833951
0.75 0.421875 0.814215
0.726562 0.429688 0.873279
0.734375 0.429688 0.854529
0.726562 0.4375 0.874627
0.734375 0.4375 0.855849
0.742188 0.429688 0.835264
0.75 0.429688 0.815497
0.742188 0.4375 0.836554
0.75 0.4375 0.816756
0.632812 0.445312 1.05757
0.640625 0.445312 1.04575
0.632812 0.453125 1.05914
0.640625 0.453125 1.0473
0.648438 0.445312 1.0333
0.65625 0.445312 1.02022
0.648438 0.453125 1.03483
0.65625 0.453125 1.02174
0.632812 0.460938 1.06069
0.640625 0.460938 1.04883
0.632812 0.46875 1.0622
0.640625 0.46875 1.05033
0.648438 0.460938 1.03634
0.65625 0.460938 1.02323
0.648438 0.46875 1.03782
0.65625 0.46875 1.02469
0.664062 0.445312 1.00653
0.671875 0.445312 0.992236
0.664062 0.453125 1.00803
0.671875 0.453125 0.993709
0.679688 0.445312 0.977342
0.6875 0.445312 0.961859
0.679688 0.453125 0.978793
0.6875 0.453125 0.963287
0.664062 0.460938 1.0095
0.671875 0.460938 0.995157
0.664062 0.46875 1.01094
0.671875 0.46875 0.996578
0.679688 0.460938 0.980219
0.6875 0.460938 0.964691
0.679688 0.46875 0.981619
0.6875 0.46875 0.966068
0.632812 0.476562 1.06369
0.640625 0.476562 1.0518
0.632812 0.484375 1.06515
0.640625 0.484375 1.05324
0.648438 0.476562 1.03927
0.65625 0.476562 1.02612
0.648438 0.484375 1.0407
0.65625 0.484375 1.02753
0.632812 0.492188 1.06658
0.640625 0.492188 1.05466
0.632812 0.5 1.06798
0.640625 0.5 1.05604
0.648438 0.492188 1.0421
0.65625 0.492188 1.02891
0.648438 0.5 1.04347
0.65625 0.5 1.03026
0.664062 0.476562 1.01235
0.671875 0.476562 0.997974
0.664062 0.484375 1.01374
0.671875 0.484375 0.999342
0.679688 0.476562 0.982993
0.6875 0.476562 0.967421
0.679688 0.484375 0.984341
0.6875 0.484375 0.968748
0.664062 0.492188 1.0151
0.671875 0.492188 1.00069
0.664062 0.5 1.01644
0.671875 0.5 1.002
0.679688 0.492188 0.985665
0.6875 0.492188 0.97005
0.679688 0.5 0.986962
0.6875 0.5 0.971327
0.695312 0.445312 0.945797
0.703125 0.445312 0.929165
0.695312 0.453125 0.947201
0.703125 0.453125 0.930545
0.710938 0.445312 0.911973
0.71875 0.445312 0.894232
0.710938 0.453125 0.913328
0.71875 0.453125 0.89556
0.695312 0.460938 0.948582
0.703125 0.460938 0.931901
0.695312 0.46875 0.949936
0.703125 0.46875 0.933231
0.710938 0.460938 0.914659
0.71875 0.460938 0.896865
0.710938 0.46875 0.915964
0.71875 0.46875 0.898146
0.726562 0.445312 0.875953
0.734375 0.445312 0.857145
0.726562 0.453125 0.877254
0.734375 0.453125 0.858418
0.742188 0.445312 0.837822
0.75 0.445312 0.817994
0.742188 0.453125 0.839066
0.75 0.453125 0.819209
0.726562 0.460938 0.878532
0.734375 0.460938 0.859669
0.726562 0.46875 0.879786
0.734375 0.46875 0.860897
0.742188 0.460938 0.840289
0.75 0.460938 0.820402
0.742188 0.46875 0.841489
0.75 0.46875 0.821574
0.695312 0.476562 0.951266
0.703125 0.476562 0.934538
0.695312 0.484375 0.95257
0.703125 0.484375 0.935819
0.710938 0.476562 0.917247
0.71875 0.476562 0.899403
0.710938 0.484375 0.918505
0.71875 0.484375 0.900637
0.695312 0.492188 0.953851
0.703125 0.492188 0.937077
0.695312 0.5 0.955106
0.703125 0.5 0.938311
0.710938 0.492188 0.91974
0.71875 0.492188 0.901847
0.710938 0.5 0.92095
0.71875 0.5 0.903034
0.726562 0.476562 0.881018
0.734375 0.476562 0.862102
0.726562 0.484375 0.882226
0.734375 0.484375 0.863284
0.742188 0.476562 0.842667
0.75 0.476562 0.822724
0.742188 0.484375 0.843822
0.75 0.484375 0.823852
0.726562 0.492188 0.883412
0.734375 0.492188 0.864445
0.726562 0.5 0.884575
0.734375 0.5 0.865582
0.742188 0.492188 0.844957
0.75 0.492188 0.82496
0.742188 0.5 0.846069
0.75 0.5 0.826045
0.757812 0.257812 0.76242
0.765625 0.257812 0.742538
0.757812 0.265625 0.764164
0.765625 0.265625 0.744237
0.773438 0.257812 0.722208
0.78125 0.257812 0.701444
0.773438 0.265625 0.723861
0.78125 0.265625 0.703049
0.757812 0.273438 0.765884
0.765625 0.273438 0.745912
0.757812 0.28125 0.767578
0.765625 0.28125 0.747562
0.773438 0.273438 0.72549
0.78125 0.273438 0.704631
0.773438 0.28125 0.727095
0.78125 0.28125 0.70619
0.789062 0.257812 0.680257
0.796875 0.257812 0.65866
0.789062 0.265625 0.681814
0.796875 0.265625 0.660167
0.804688 0.257812 0.636667
0.8125 0.257812 0.61429
0.804688 0.265625 0.638124
0.8125 0.265625 0.615696
0.789062 0.273438 0.683348
0.796875 0.273438 0.661653
0.789062 0.28125 0.68486
0.796875 0.28125 0.663117
0.804688 0.273438 0.63956
0.8125 0.273438 0.617081
0.804688 0.28125 0.640975
0.8125 0.28125 0.618446
0.757812 0.289062 0.769248
0.765625 0.289062 0.749188
0.757812 0.296875 0.770893
0.765625 0.296875 0.75079
0.773438 0.289062 0.728677
0.78125 0.289062 0.707726
0.773438 0.296875 0.730234
0.78125 0.296875 0.709239
0.757812 0.304688 0.772513
0.765625 0.304688 0.752368
0.757812 0.3125 0.774109
0.765625 0.3125 0.753922
0.773438 0.304688 0.73177
0.78125 0.304688 0.71073
0.773438 0.3125 0.733281
0.78125 0.3125 0.712198
0.789062 0.289062 0.686349
0.796875 0.289062 0.664559
0.789062 0.296875 0.687817
0.796875 0.296875 0.66598
0.804688 0.289062 0.642369
0.8125 0.289062 0.619792
0.804688 0.296875 0.643742
0.8125 0.296875 0.621117
0.789062 0.304688 0.689263
0.796875 0.304688 0.66738
0.789062 0.3125 0.690687
0.796875 0.3125 0.668759
0.804688 0.304688 0.645096
0.8125 0.304688 0.622422
0.804688 0.3125 0.646428
0.8125 0.3125 0.623708
0.820312 0.257812 0.591543
0.828125 0.257812 0.56844
0.820312 0.265625 0.592896
0.828125 0.265625 0.56974
0.835938 0.257812 0.544994
0.84375 0.257812 0.52122
0.835938 0.265625 0.546241
0.84375 0.265625 0.522413
0.820312 0.273438 0.594231
0.828125 0.273438 0.571022
0.820312 0.28125 0.595545
0.828125 0.28125 0.572286
0.835938 0.273438 0.54747
0.84375 0.273438 0.523588
0.835938 0.28125 0.548681
0.84375 0.28125 0.524746
0.851562 0.257812 0.497132
0.859375 0.257812 0.472745
0.851562 0.265625 0.498269
0.859375 0.265625 0.473826
0.867188 0.257812 0.448072
0.875 0.257812 0.42313
0.867188 0.265625 0.449098
0.875 0.265625 0.424098
0.851562 0.273438 0.499391
0.859375 0.273438 0.474893
0.851562 0.28125 0.500495
0.859375 0.28125 0.475943
0.867188 0.273438 0.450108
0.875 0.273438 0.425053
0.867188 0.28125 0.451104
0.875 0.28125 0.425993
0.820312 0.289062 0.596841
0.828125 0.289062 0.573531
0.820312 0.296875 0.598117
0.828125 0.296875 0.574757
0.835938 0.289062 0.549875
0.84375 0.289062 0.525888
0.835938 0.296875 0.551051
0.84375 0.296875 0.527012
0.820312 0.304688 0.599374
0.828125 0.304688 0.575965
0.820312 0.3125 0.600612
0.828125 0.3125 0.577155
0.835938 0.304688 0.552209
0.84375 0.304688 0.52812
0.835938 0.3125 0.55335
0.84375 0.3125 0.529211
0.851562 0.289062 0.501584
0.859375 0.289062 0.476978
0.851562 0.296875 0.502657
0.859375 0.296875 0.477998
0.867188 0.289062 0.452085
0.875 0.289062 0.42692
0.867188 0.296875 0.453052
0.875 0.296875 0.427833
0.851562 0.304688 0.503713
0.859375 0.304688 0.479003
0.851562 0.3125 0.504754
0.859375 0.3125 0.479993
0.867188 0.304688 0.454004
0.875 0.304688 0.428732
0.867188 0.3125 0.454942
0.875 0.3125 0.429618
0.757812 0.320312 0.775681
0.765625 0.320312 0.755453
0.757812 0.328125 0.777229
0.765625 0.328125 0.756961
0.773438 0.320312 0.73477
0.78125 0.320312 0.713645
0.773438 0.328125 0.736236
0.78125 0.328125 0.715069
0.757812 0.335938 0.778753
0.765625 0.335938 0.758445
0.757812 0.34375 0.780253
0.765625 0.34375 0.759906
0.773438 0.335938 0.73768
0.78125 0.335938 0.716471
0.773438 0.34375 0.739101
0.78125 0.34375 0.717851
0.789062 0.320312 0.692089
0.796875 0.320312 0.670117
0.789062 0.328125 0.69347
0.796875 0.328125 0.671454
0.804688 0.320312 0.647741
0.8125 0.320312 0.624975
0.804688 0.328125 0.649033
0.8125 0.328125 0.626222
0.789062 0.335938 0.69483
0.796875 0.335938 0.672771
0.789062 0.34375 0.696168
0.796875 0.34375 0.674067
0.804688 0.335938 0.650306
0.8125 0.335938 0.62745
0.804688 0.34375 0.651559
0.8125 0.34375 0.628658
0.757812 0.351562 0.78173
0.765625 0.351562 0.761344
0.757812 0.359375 0.783183
0.765625 0.359375 0.76276
0.773438 0.351562 0.7405
0.78125 0.351562 0.71921
0.773438 0.359375 0.741877
0.78125 0.359375 0.720547
0.757812 0.367188 0.784614
0.765625 0.367188 0.764153
0.757812 0.375 0.78602
0.765625 0.375 0.765523
0.773438 0.367188 0.743232
0.78125 0.367188 0.721863
0.773438 0.375 0.744564
0.78125 0.375 0.723157
0.789062 0.351562 0.697486
0.796875 0.351562 0.675343
0.789062 0.359375 0.698783
0.796875 0.359375 0.676598
0.804688 0.351562 0.652792
0.8125 0.351562 0.629848
0.804688 0.359375 0.654005
0.8125 0.359375 0.631019
0.789062 0.367188 0.700059
0.796875 0.367188 0.677834
0.789062 0.375 0.701314
0.796875 0.375 0.679049
0.804688 0.367188 0.6552
0.8125 0.367188 0.632172
0.804688 0.375 0.656375
0.8125 0.375 0.633305
0.820312 0.320312 0.601832
0.828125 0.320312 0.578327
0.820312 0.328125 0.603033
0.828125 0.328125 0.579481
0.835938 0.320312 0.554473
0.84375 0.320312 0.530286
0.835938 0.328125 0.55558
0.84375 0.328125 0.531344
0.820312 0.335938 0.604215
0.828125 0.335938 0.580617
0.820312 0.34375 0.605379
0.828125 0.34375 0.581736
0.835938 0.335938 0.556669
0.84375 0.335938 0.532386
0.835938 0.34375 0.557741
0.84375 0.34375 0.533411
0.851562 0.320312 0.505779
0.859375 0.320312 0.480967
0.851562 0.328125 0.506788
0.859375 0.328125 0.481927
0.867188 0.320312 0.455866
0.875 0.320312 0.43049
0.867188 0.328125 0.456776
0.875 0.328125 0.431349
0.851562 0.335938 0.507782
0.859375 0.335938 0.482872
0.851562 0.34375 0.50876
0.859375 0.34375 0.483802
0.867188 0.335938 0.457671
0.875 0.335938 0.432195
0.867188 0.34375 0.458553
0.875 0.34375 0.433027
0.820312 0.351562 0.606525
0.828125 0.351562 0.582837
0.820312 0.359375 0.607653
0.828125 0.359375 0.58392
0.835938 0.351562 0.558797
0.84375 0.351562 0.534421
0.835938 0.359375 0.559836
0.84375 0.359375 0.535414
0.820312 0.367188 0.608762
0.828125 0.367188 0.584987
0.820312 0.375 0.609854
0.828125 0.375 0.586036
0.835938 0.367188 0.560858
0.84375 0.367188 0.536392
0.835938 0.375 0.561864
0.84375 0.375 0.537354
0.851562 0.351562 0.509723
0.859375 0.351562 0.484718
0.851562 0.359375 0.510671
0.859375 0.359375 0.485619
0.867188 0.351562 0.459421
0.875 0.351562 0.433847
0.867188 0.359375 0.460275
0.875 0.359375 0.434654
0.851562 0.367188 0.511603
0.859375 0.367188 0.486506
0.851562 0.375 0.512521
0.859375 0.375 0.487378
0.867188 0.367188 0.461116
0.875 0.367188 0.435447
0.867188 0.375 0.461942
0.875 0.375 0.436228
0.882812 0.257812 0.397933
0.890625 0.257812 0.372497
0.882812 0.265625 0.398844
0.890625 0.265625 0.373349
0.898438 0.257812 0.346836
0.90625 0.257812 0.320966
0.898438 0.265625 0.347629
0.90625 0.265625 0.3217
0.882812 0.273438 0.399741
0.890625 0.273438 0.374189
0.882812 0.28125 0.400626
0.890625 0.28125 0.375017
0.898438 0.273438 0.348412
0.90625 0.273438 0.322424
0.898438 0.28125 0.349182
0.90625 0.28125 0.323137
0.914062 0.257812 0.294902
0.921875 0.257812 0.268661
0.914062 0.265625 0.295577
0.921875 0.265625 0.269276
0.929688 0.257812 0.242259
0.9375 0.257812 0.21571
0.929688 0.265625 0.242813
0.9375 0.265625 0.216204
0.914062 0.273438 0.296242
0.921875 0.273438 0.269882
0.914062 0.28125 0.296898
0.921875 0.28125 0.270479
0.929688 0.273438 0.243359
0.9375 0.273438 0.21669
0.929688 0.28125 0.243898
0.9375 0.28125 0.217169
0.882812 0.289062 0.401497
0.890625 0.289062 0.375833
0.882812 0.296875 0.402356
0.890625 0.296875 0.376636
0.898438 0.289062 0.349942
0.90625 0.289062 0.32384
0.898438 0.296875 0.35069
0.90625 0.296875 0.324533
0.882812 0.304688 0.403201
0.890625 0.304688 0.377428
0.882812 0.3125 0.404034
0.890625 0.3125 0.378208
0.898438 0.304688 0.351427
0.90625 0.304688 0.325215
0.898438 0.3125 0.352153
0.90625 0.3125 0.325887
0.914062 0.289062 0.297543
0.921875 0.289062 0.271068
0.914062 0.296875 0.29818
0.921875 0.296875 0.271647
0.929688 0.289062 0.244428
0.9375 0.289062 0.217642
0.929688 0.296875 0.244951
0.9375 0.296875 0.218107
0.914062 0.304688 0.298806
0.921875 0.304688 0.272218
0.914062 0.3125 0.299424
0.921875 0.3125 0.27278
0.929688 0.304688 0.245466
0.9375 0.304688 0.218566
0.929688 0.3125 0.245973
0.9375 0.3125 0.219017
0.945312 0.257812 0.189031
0.953125 0.257812 0.162239
0.945312 0.265625 0.189464
0.953125 0.265625 0.16261
0.960938 0.257812 0.135349
0.96875 0.257812 0.108377
0.960938 0.265625 0.135658
0.96875 0.265625 0.108625
0.945312 0.273438 0.18989
0.953125 0.273438 0.162976
0.945312 0.28125 0.19031
0.953125 0.28125 0.163336
0.960938 0.273438 0.135964
0.96875 0.273438 0.108869
0.960938 0.28125 0.136264
0.96875 0.28125 0.10911
0.976562 0.257812 0.0813398
0.984375 0.257812 0.0542538
0.976562 0.265625 0.0815259
0.984375 0.265625 0.0543779
0.992188 0.257812 0.0271351
1 0.257812 1.35408e-16
0.992188 0.265625 0.0271971
1 0.265625 1.35718e-16
0.976562 0.273438 0.0817094
0.984375 0.273438 0.0545003
0.976562 0.28125 0.0818901
0.984375 0.28125 0.0546208
0.992188 0.273438 0.0272583
1 0.273438 1.36023e-16
0.992188 0.28125 0.0273186
1 0.28125 1.36324e-16
0.945312 0.289062 0.190724
0.953125 0.289062 0.163692
0.945312 0.296875 0.191132
0.953125 0.296875 0.164042
0.960938 0.289062 0.136561
0.96875 0.289062 0.109347
0.960938 0.296875 0.136853
0.96875 0.296875 0.109581
0.945312 0.304688 0.191534
0.953125 0.304688 0.164387
0.945312 0.3125 0.19193
0.953125 0.3125 0.164726
0.960938 0.304688 0.13714
0.96875 0.304688 0.109812
0.960938 0.3125 0.137424
0.96875 0.3125 0.110038
0.976562 0.289062 0.0820683
0.984375 0.289062 0.0547397
0.976562 0.296875 0.0822437
0.984375 0.296875 0.0548567
0.992188 0.289062 0.0273781
1 0.289062 1.3662e-16
0.992188 0.296875 0.0274366
1 0.296875 1.36913e-16
0.976562 0.304688 0.0824166
0.984375 0.304688 0.054972
0.976562 0.3125 0.0825869
0.984375 0.3125 0.0550856
0.992188 0.304688 0.0274943
1 0.304688 1.372e-16
0.992188 0.3125 0.0275511
1 0.3125 1.37484e-16
0.882812 0.320312 0.404855
0.890625 0.320312 0.378976
0.882812 0.328125 0.405663
0.890625 0.328125 0.379732
0.898438 0.320312 0.352868
0.90625 0.320312 0.326548
0.898438 0.328125 0.353572
0.90625 0.328125 0.3272
0.882812 0.335938 0.406458
0.890625 0.335938 0.380477
0.882812 0.34375 0.407241
0.890625 0.34375 0.381209
0.898438 0.335938 0.354266
0.90625 0.335938 0.327842
0.898438 0.34375 0.354948
0.90625 0.34375 0.328473
0.914062 0.320312 0.300032
0.921875 0.320312 0.273334
0.914062 0.328125 0.30063
0.921875 0.328125 0.27388
0.929688 0.320312 0.246472
0.9375 0.320312 0.219462
0.929688 0.328125 0.246964
0.9375 0.328125 0.2199
0.914062 0.335938 0.30122
0.921875 0.335938 0.274417
0.914062 0.34375 0.3018
0.921875 0.34375 0.274945
0.929688 0.335938 0.247448
0.9375 0.335938 0.220331
0.929688 0.34375 0.247925
0.9375 0.34375 0.220755
0.882812 0.351562 0.408012
0.890625 0.351562 0.381931
0.882812 0.359375 0.40877
0.890625 0.359375 0.382641
0.898438 0.351562 0.35562
0.90625 0.351562 0.329095
0.898438 0.359375 0.356281
0.90625 0.359375 0.329707
0.882812 0.367188 0.409517
0.890625 0.367188 0.38334
0.882812 0.375 0.410251
0.890625 0.375 0.384027
0.898438 0.367188 0.356932
0.90625 0.367188 0.330309
0.898438 0.375 0.357572
0.90625 0.375 0.330901
0.914062 0.351562 0.302371
0.921875 0.351562 0.275466
0.914062 0.359375 0.302934
0.921875 0.359375 0.275978
0.929688 0.351562 0.248394
0.9375 0.351562 0.221173
0.929688 0.359375 0.248856
0.9375 0.359375 0.221584
0.914062 0.367188 0.303487
0.921875 0.367188 0.276482
0.914062 0.375 0.304031
0.921875 0.375 0.276978
0.929688 0.367188 0.249311
0.9375 0.367188 0.221989
0.929688 0.375 0.249758
0.9375 0.375 0.222387
0.945312 0.320312 0.192319
0.953125 0.320312 0.165061
0.945312 0.328125 0.192703
0.953125 0.328125 0.16539
0.960938 0.320312 0.137703
0.96875 0.320312 0.110262
0.960938 0.328125 0.137978
0.96875 0.328125 0.110482
0.945312 0.335938 0.193081
0.953125 0.335938 0.165714
0.945312 0.34375 0.193453
0.953125 0.34375 0.166034
0.960938 0.335938 0.138248
0.96875 0.335938 0.110699
0.960938 0.34375 0.138514
0.96875 0.34375 0.110912
0.976562 0.320312 0.0827546
0.984375 0.320312 0.0551974
0.976562 0.328125 0.0829197
0.984375 0.328125 0.0553076
0.992188 0.320312 0.027607
1 0.320312 1.37763e-16
0.992188 0.328125 0.0276621
1 0.328125 1.38038e-16
0.976562 0.335938 0.0830823
0.984375 0.335938 0.055416
0.976562 0.34375 0.0832424
0.984375 0.34375 0.0555228
0.992188 0.335938 0.0277164
1 0.335938 1.38309e-16
0.992188 0.34375 0.0277698
1 0.34375 1.38575e-16
0.945312 0.351562 0.193819
0.953125 0.351562 0.166348
0.945312 0.359375 0.194179
0.953125 0.359375 0.166657
0.960938 0.351562 0.138777
0.96875 0.351562 0.111122
0.960938 0.359375 0.139035
0.96875 0.359375 0.111328
0.945312 0.367188 0.194534
0.953125 0.367188 0.166962
0.945312 0.375 0.194883
0.953125 0.375 0.167261
0.960938 0.367188 0.139289
0.96875 0.367188 0.111532
0.960938 0.375 0.139538
0.96875 0.375 0.111732
0.976562 0.351562 0.0833999
0.984375 0.351562 0.0556279
0.976562 0.359375 0.083555
0.984375 0.359375 0.0557313
0.992188 0.351562 0.0278223
1 0.351562 1.38837e-16
0.992188 0.359375 0.027874
1 0.359375 1.39095e-16
0.976562 0.367188 0.0837076
0.984375 0.367188 0.0558331
0.976562 0.375 0.0838576
0.984375 0.375 0.0559332
0.992188 0.367188 0.0279249
1 0.367188 1.39349e-16
0.992188 0.375 0.027975
1 0.375 1.39599e-16
0.757812 0.382812 0.787405
0.765625 0.382812 0.766871
0.757812 0.390625 0.788766
0.765625 0.390625 0.768197
0.773438 0.382812 0.745876
0.78125 0.382812 0.724431
0.773438 0.390625 0.747165
0.78125 0.390625 0.725683
0.757812 0.398438 0.790105
0.765625 0.398438 0.769501
0.757812 0.40625 0.791421
0.765625 0.40625 0.770783
0.773438 0.398438 0.748434
0.78125 0.398438 0.726915
0.773438 0.40625 0.74968
0.78125 0.40625 0.728126
0.789062 0.382812 0.702549
0.796875 0.382812 0.680245
0.789062 0.390625 0.703764
0.796875 0.390625 0.681421
0.804688 0.382812 0.657531
0.8125 0.382812 0.634421
0.804688 0.390625 0.658667
0.8125 0.390625 0.635517
0.789062 0.398438 0.704959
0.796875 0.398438 0.682578
0.789062 0.40625 0.706133
0.796875 0.40625 0.683715
0.804688 0.398438 0.659786
0.8125 0.398438 0.636596
0.804688 0.40625 0.660885
0.8125 0.40625 0.637657
0.757812 0.414062 0.792716
0.765625 0.414062 0.772044
0.757812 0.421875 0.793988
0.765625 0.421875 0.773282
0.773438 0.414062 0.750906
0.78125 0.414062 0.729317
0.773438 0.421875 0.752111
0.78125 0.421875 0.730487
0.757812 0.429688 0.795238
0.765625 0.429688 0.7745
0.757812 0.4375 0.796466
0.765625 0.4375 0.775696
0.773438 0.429688 0.753296
0.78125 0.429688 0.731637
0.773438 0.4375 0.754459
0.78125 0.4375 0.732767
0.789062 0.414062 0.707288
0.796875 0.414062 0.684833
0.789062 0.421875 0.708423
0.796875 0.421875 0.685932
0.804688 0.414062 0.661966
0.8125 0.414062 0.6387
0.804688 0.421875 0.663028
0.8125 0.421875 0.639724
0.789062 0.429688 0.709538
0.796875 0.429688 0.687012
0.789062 0.4375 0.710634
0.796875 0.4375 0.688073
0.804688 0.429688 0.664072
0.8125 0.429688 0.640732
0.804688 0.4375 0.665097
0.8125 0.4375 0.641721
0.820312 0.382812 0.610928
0.828125 0.382812 0.587068
0.820312 0.390625 0.611984
0.828125 0.390625 0.588083
0.835938 0.382812 0.562854
0.84375 0.382812 0.538301
0.835938 0.390625 0.563827
0.84375 0.390625 0.539231
0.820312 0.398438 0.613023
0.828125 0.398438 0.589081
0.820312 0.40625 0.614044
0.828125 0.40625 0.590062
0.835938 0.398438 0.564784
0.84375 0.398438 0.540147
0.835938 0.40625 0.565725
0.84375 0.40625 0.541046
0.851562 0.382812 0.513423
0.859375 0.382812 0.488237
0.851562 0.390625 0.514311
0.859375 0.390625 0.489081
0.867188 0.382812 0.462756
0.875 0.382812 0.436996
0.867188 0.390625 0.463556
0.875 0.390625 0.437752
0.851562 0.398438 0.515184
0.859375 0.398438 0.489911
0.851562 0.40625 0.516042
0.859375 0.40625 0.490727
0.867188 0.398438 0.464343
0.875 0.398438 0.438495
0.867188 0.40625 0.465116
0.875 0.40625 0.439226
0.820312 0.414062 0.615049
0.828125 0.414062 0.591027
0.820312 0.421875 0.616035
0.828125 0.421875 0.591976
0.835938 0.414062 0.56665
0.84375 0.414062 0.541931
0.835938 0.421875 0.567559
0.84375 0.421875 0.542801
0.820312 0.429688 0.617006
0.828125 0.429688 0.592908
0.820312 0.4375 0.617958
0.828125 0.4375 0.593823
0.835938 0.429688 0.568453
0.84375 0.429688 0.543656
0.835938 0.4375 0.569331
0.84375 0.4375 0.544495
0.851562 0.414062 0.516886
0.859375 0.414062 0.49153
0.851562 0.421875 0.517715
0.859375 0.421875 0.492318
0.867188 0.414062 0.465877
0.875 0.414062 0.439944
0.867188 0.421875 0.466625
0.875 0.421875 0.44065
0.851562 0.429688 0.518531
0.859375 0.429688 0.493094
0.851562 0.4375 0.519331
0.859375 0.4375 0.493855
0.867188 0.429688 0.467359
0.875 0.429688 0.441344
0.867188 0.4375 0.468081
0.875 0.4375 0.442025
0.757812 0.445312 0.797673
0.765625 0.445312 0.776871
0.757812 0.453125 0.798857
0.765625 0.453125 0.778025
0.773438 0.445312 0.755602
0.78125 0.445312 0.733877
0.773438 0.453125 0.756724
0.78125 0.453125 0.734967
0.757812 0.460938 0.800022
0.765625 0.460938 0.779159
0.757812 0.46875 0.801164
0.765625 0.46875 0.780271
0.773438 0.460938 0.757827
0.78125 0.460938 0.736038
0.773438 0.46875 0.758909
0.78125 0.46875 0.737089
0.789062 0.445312 0.711711
0.796875 0.445312 0.689116
0.789062 0.453125 0.712768
0.796875 0.453125 0.690139
0.804688 0.445312 0.666105
0.8125 0.445312 0.642694
0.804688 0.453125 0.667094
0.8125 0.453125 0.643648
0.789062 0.460938 0.713807
0.796875 0.460938 0.691145
0.789062 0.46875 0.714826
0.796875 0.46875 0.692131
0.804688 0.460938 0.668067
0.8125 0.460938 0.644586
0.804688 0.46875 0.66902
0.8125 0.46875 0.645506
0.757812 0.476562 0.802285
0.765625 0.476562 0.781364
0.757812 0.484375 0.803386
0.765625 0.484375 0.782435
0.773438 0.476562 0.759971
0.78125 0.476562 0.738121
0.773438 0.484375 0.761013
0.78125 0.484375 0.739133
0.757812 0.492188 0.804466
0.765625 0.492188 0.783487
0.757812 0.5 0.805524
0.765625 0.5 0.784518
0.773438 0.492188 0.762037
0.78125 0.492188 0.740127
0.773438 0.5 0.76304
0.78125 0.5 0.741101
0.789062 0.476562 0.715826
0.796875 0.476562 0.693101
0.789062 0.484375 0.716808
0.796875 0.484375 0.694051
0.804688 0.476562 0.669957
0.8125 0.476562 0.64641
0.804688 0.484375 0.670876
0.8125 0.484375 0.647296
0.789062 0.492188 0.717772
0.796875 0.492188 0.694984
0.789062 0.5 0.718716
0.796875 0.5 0.695899
0.804688 0.492188 0.671778
0.8125 0.492188 0.648167
0.804688 0.5 0.672662
0.8125 0.5 0.64902
0.820312 0.445312 0.618895
0.828125 0.445312 0.594723
0.820312 0.453125 0.619814
0.828125 0.453125 0.595606
0.835938 0.445312 0.570193
0.84375 0.445312 0.54532
0.835938 0.453125 0.57104
0.84375 0.453125 0.54613
0.820312 0.460938 0.620717
0.828125 0.460938 0.596474
0.820312 0.46875 0.621603
0.828125 0.46875 0.597326
0.835938 0.460938 0.571872
0.84375 0.460938 0.546926
0.835938 0.46875 0.572689
0.84375 0.46875 0.547707
0.851562 0.445312 0.520118
0.859375 0.445312 0.494603
0.851562 0.453125 0.520891
0.859375 0.453125 0.495338
0.867188 0.445312 0.46879
0.875 0.445312 0.442695
0.867188 0.453125 0.469487
0.875 0.453125 0.443352
0.851562 0.460938 0.52165
0.859375 0.460938 0.49606
0.851562 0.46875 0.522395
0.859375 0.46875 0.496768
0.867188 0.460938 0.470171
0.875 0.460938 0.443999
0.867188 0.46875 0.470842
0.875 0.46875 0.444632
0.820312 0.476562 0.622474
0.828125 0.476562 0.598162
0.820312 0.484375 0.623327
0.828125 0.484375 0.598983
0.835938 0.476562 0.573491
0.84375 0.476562 0.548474
0.835938 0.484375 0.574277
0.84375 0.484375 0.549226
0.820312 0.492188 0.624165
0.828125 0.492188 0.599788
0.820312 0.5 0.624987
0.828125 0.5 0.600577
0.835938 0.492188 0.575049
0.84375 0.492188 0.549964
0.835938 0.5 0.575806
0.84375 0.5 0.550688
0.851562 0.476562 0.523126
0.859375 0.476562 0.497463
0.851562 0.484375 0.523843
0.859375 0.484375 0.498146
0.867188 0.476562 0.471501
0.875 0.476562 0.445255
0.867188 0.484375 0.472148
0.875 0.484375 0.445866
0.851562 0.492188 0.524548
0.859375 0.492188 0.498815
0.851562 0.5 0.525238
0.859375 0.5 0.499472
0.867188 0.492188 0.472783
0.875 0.492188 0.446465
0.867188 0.5 0.473405
0.875 0.5 0.447053
0.882812 0.382812 0.410974
0.890625 0.382812 0.384704
0.882812 0.390625 0.411684
0.890625 0.390625 0.385369
0.898438 0.382812 0.358202
0.90625 0.382812 0.331484
0.898438 0.390625 0.358821
0.90625 0.390625 0.332057
0.882812 0.398438 0.412383
0.890625 0.398438 0.386023
0.882812 0.40625 0.41307
0.890625 0.40625 0.386666
0.898438 0.398438 0.35943
0.90625 0.398438 0.332621
0.898438 0.40625 0.360029
0.90625 0.40625 0.333175
0.914062 0.382812 0.304566
0.921875 0.382812 0.277466
0.914062 0.390625 0.305093
0.921875 0.390625 0.277945
0.929688 0.382812 0.250198
0.9375 0.382812 0.222779
0.929688 0.390625 0.25063
0.9375 0.390625 0.223164
0.914062 0.398438 0.305611
0.921875 0.398438 0.278417
0.914062 0.40625 0.30612
0.921875 0.40625 0.278881
0.929688 0.398438 0.251056
0.9375 0.398438 0.223543
0.929688 0.40625 0.251474
0.9375 0.40625 0.223915
0.882812 0.414062 0.413746
0.890625 0.414062 0.387298
0.882812 0.421875 0.41441
0.890625 0.421875 0.38792
0.898438 0.414062 0.360618
0.90625 0.414062 0.33372
0.898438 0.421875 0.361196
0.90625 0.421875 0.334255
0.882812 0.429688 0.415062
0.890625 0.429688 0.388531
0.882812 0.4375 0.415703
0.890625 0.4375 0.38913
0.898438 0.429688 0.361765
0.90625 0.429688 0.334781
0.898438 0.4375 0.362324
0.90625 0.4375 0.335298
0.914062 0.414062 0.306621
0.921875 0.414062 0.279337
0.914062 0.421875 0.307113
0.921875 0.421875 0.279785
0.929688 0.414062 0.251885
0.9375 0.414062 0.224281
0.929688 0.421875 0.252289
0.9375 0.421875 0.224641
0.914062 0.429688 0.307596
0.921875 0.429688 0.280226
0.914062 0.4375 0.308071
0.921875 0.4375 0.280658
0.929688 0.429688 0.252687
0.9375 0.429688 0.224995
0.929688 0.4375 0.253077
0.9375 0.4375 0.225342
0.945312 0.382812 0.195226
0.953125 0.382812 0.167555
0.945312 0.390625 0.195563
0.953125 0.390625 0.167845
0.960938 0.382812 0.139784
0.96875 0.382812 0.111928
0.960938 0.390625 0.140026
0.96875 0.390625 0.112122
0.945312 0.398438 0.195895
0.953125 0.398438 0.16813
0.945312 0.40625 0.196222
0.953125 0.40625 0.16841
0.960938 0.398438 0.140263
0.96875 0.398438 0.112312
0.960938 0.40625 0.140497
0.96875 0.40625 0.112499
0.976562 0.382812 0.0840054
0.984375 0.382812 0.0560317
0.976562 0.390625 0.0841506
0.984375 0.390625 0.0561286
0.992188 0.382812 0.0280243
1 0.382812 1.39845e-16
0.992188 0.390625 0.0280727
1 0.390625 1.40087e-16
0.976562 0.398438 0.0842934
0.984375 0.398438 0.0562238
0.976562 0.40625 0.0844339
0.984375 0.40625 0.0563175
0.992188 0.398438 0.0281204
1 0.398438 1.40325e-16
0.992188 0.40625 0.0281672
1 0.40625 1.40559e-16
0.945312 0.414062 0.196543
0.953125 0.414062 0.168686
0.945312 0.421875 0.196858
0.953125 0.421875 0.168956
0.960938 0.414062 0.140727
0.96875 0.414062 0.112683
0.960938 0.421875 0.140953
0.96875 0.421875 0.112864
0.945312 0.429688 0.197168
0.953125 0.429688 0.169222
0.945312 0.4375 0.197473
0.953125 0.4375 0.169484
0.960938 0.429688 0.141175
0.96875 0.429688 0.113042
0.960938 0.4375 0.141393
0.96875 0.4375 0.113216
0.976562 0.414062 0.084572
0.984375 0.414062 0.0564096
0.976562 0.421875 0.0847076
0.984375 0.421875 0.0565001
0.992188 0.414062 0.0282133
1 0.414062 1.40788e-16
0.992188 0.421875 0.0282586
1 0.421875 1.41014e-16
0.976562 0.429688 0.084841
0.984375 0.429688 0.0565891
0.976562 0.4375 0.084972
0.984375 0.4375 0.0566765
0.992188 0.429688 0.0283031
1 0.429688 1.41236e-16
0.992188 0.4375 0.0283468
1 0.4375 1.41455e-16
0.882812 0.445312 0.416333
0.890625 0.445312 0.38972
0.882812 0.453125 0.416951
0.890625 0.453125 0.390299
0.898438 0.445312 0.362873
0.90625 0.445312 0.335806
0.898438 0.453125 0.363412
0.90625 0.453125 0.336305
0.882812 0.460938 0.417559
0.890625 0.460938 0.390868
0.882812 0.46875 0.418155
0.890625 0.46875 0.391426
0.898438 0.460938 0.363941
0.90625 0.460938 0.336795
0.898438 0.46875 0.364461
0.90625 0.46875 0.337276
0.914062 0.445312 0.308538
0.921875 0.445312 0.281084
0.914062 0.453125 0.308996
0.921875 0.453125 0.281501
0.929688 0.445312 0.25346
0.9375 0.445312 0.225684
0.929688 0.453125 0.253837
0.9375 0.453125 0.226019
0.914062 0.460938 0.309447
0.921875 0.460938 0.281911
0.914062 0.46875 0.309888
0.921875 0.46875 0.282314
0.929688 0.460938 0.254207
0.9375 0.460938 0.226348
0.929688 0.46875 0.254569
0.9375 0.46875 0.226672
0.882812 0.476562 0.418741
0.890625 0.476562 0.391974
0.882812 0.484375 0.419315
0.890625 0.484375 0.392511
0.898438 0.476562 0.364971
0.90625 0.476562 0.337748
0.898438 0.484375 0.365471
0.90625 0.484375 0.338211
0.882812 0.492188 0.419878
0.890625 0.492188 0.393039
0.882812 0.5 0.420431
0.890625 0.5 0.393556
0.898438 0.492188 0.365963
0.90625 0.492188 0.338666
0.898438 0.5 0.366444
0.90625 0.5 0.339112
0.914062 0.476562 0.310322
0.921875 0.476562 0.282709
0.914062 0.484375 0.310748
0.921875 0.484375 0.283097
0.929688 0.476562 0.254926
0.9375 0.476562 0.226989
0.929688 0.484375 0.255275
0.9375 0.484375 0.2273
0.914062 0.492188 0.311166
0.921875 0.492188 0.283477
0.914062 0.5 0.311575
0.921875 0.5 0.283851
0.929688 0.492188 0.255619
0.9375 0.492188 0.227606
0.929688 0.5 0.255955
0.9375 0.5 0.227905
0.945312 0.445312 0.197772
0.953125 0.445312 0.16974
0.945312 0.453125 0.198065
0.953125 0.453125 0.169993
0.960938 0.445312 0.141607
0.96875 0.445312 0.113388
0.960938 0.453125 0.141817
0.96875 0.453125 0.113556
0.945312 0.460938 0.198354
0.953125 0.460938 0.17024
0.945312 0.46875 0.198637
0.953125 0.46875 0.170483
0.960938 0.460938 0.142024
0.96875 0.460938 0.113722
0.960938 0.46875 0.142227
0.96875 0.46875 0.113884
0.976562 0.445312 0.0851008
0.984375 0.445312 0.0567624
0.976562 0.453125 0.0852272
0.984375 0.453125 0.0568467
0.992188 0.445312 0.0283897
1 0.445312 1.41669e-16
0.992188 0.453125 0.0284319
1 0.453125 1.41879e-16
0.976562 0.460938 0.0853514
0.984375 0.460938 0.0569295
0.976562 0.46875 0.0854732
0.984375 0.46875 0.0570108
0.992188 0.460938 0.0284733
1 0.460938 1.42086e-16
0.992188 0.46875 0.028514
1 0.46875 1.42289e-16
0.945312 0.476562 0.198915
0.953125 0.476562 0.170722
0.945312 0.484375 0.199188
0.953125 0.484375 0.170956
0.960938 0.476562 0.142426
0.96875 0.476562 0.114044
0.960938 0.484375 0.142621
0.96875 0.484375 0.1142
0.945312 0.492188 0.199456
0.953125 0.492188 0.171186
0.945312 0.5 0.199718
0.953125 0.5 0.171411
0.960938 0.492188 0.142813
0.96875 0.492188 0.114354
0.960938 0.5 0.143001
0.96875 0.5 0.114504
0.976562 0.476562 0.0855929
0.984375 0.476562 0.0570906
0.976562 0.484375 0.0857103
0.984375 0.484375 0.0571689
0.992188 0.476562 0.0285539
1 0.476562 1.42488e-16
0.992188 0.484375 0.0285931
1 0.484375 1.42684e-16
0.976562 0.492188 0.0858255
0.984375 0.492188 0.0572457
0.976562 0.5 0.0859385
0.984375 0.5 0.0573211
0.992188 0.492188 0.0286315
1 0.492188 1.42875e-16
0.992188 0.5 0.0286692
1 0.5 1.43063e-16
0 0.507812 0
0.0078125 0.507812 0.0287062
0.015625 0.507812 0.057395
0 0.515625 0
0.0078125 0.515625 0.0287424
0.015625 0.515625 0.0574674
0.0234375 0.507812 0.0860493
0.03125 0.507812 0.114652
0.0234375 0.515625 0.0861579
0.03125 0.515625 0.114796
0 0.523438 0
0.0078125 0.523438 0.0287779
0.015625 0.523438 0.0575385
0 0.53125 0
0.0078125 0.53125 0.0288127
0.015625 0.53125 0.0576081
0.0234375 0.523438 0.0862644
0.03125 0.523438 0.114938
0.0234375 0.53125 0.0863687
0.03125 0.53125 0.115077
0.0390625 0.507812 0.143185
0.046875 0.507812 0.171632
0.0390625 0.515625 0.143366
0.046875 0.515625 0.171849
0.0546875 0.507812 0.199976
0.0625 0.507812 0.228199
0.0546875 0.515625 0.200228
0.0625 0.515625 0.228487
0.0390625 0.523438 0.143543
0.046875 0.523438 0.172061
0.0390625 0.53125 0.143717
0.046875 0.53125 0.172269
0.0546875 0.523438 0.200476
0.0625 0.523438 0.22877
0.0546875 0.53125 0.200718
0.0625 0.53125 0.229046
0 0.539062 0
0.0078125 0.539062 0.0288468
0.015625 0.539062 0.0576763
0 0.546875 0
0.0078125 0.546875 0.0288802
0.015625 0.546875 0.057743
0.0234375 0.539062 0.086471
0.03125 0.539062 0.115214
0.0234375 0.546875 0.086571
0.03125 0.546875 0.115347
0 0.554688 0
0.0078125 0.554688 0.0289129
0.015625 0.554688 0.0578084
0 0.5625 0
0.0078125 0.5625 0.0289449
0.015625 0.5625 0.0578724
0.0234375 0.554688 0.0866691
0.03125 0.554688 0.115478
0.0234375 0.5625 0.086765
0.03125 0.5625 0.115605
0.0390625 0.539062 0.143887
0.046875 0.539062 0.172473
0.0390625 0.546875 0.144053
0.046875 0.546875 0.172673
0.0546875 0.539062 0.200956
0.0625 0.539062 0.229318
0.0546875 0.546875 0.201189
0.0625 0.546875 0.229583
0.0390625 0.554688 0.144216
0.046875 0.554688 0.172869
0.0390625 0.5625 0.144376
0.046875 0.5625 0.17306
0.0546875 0.554688 0.201416
0.0625 0.554688 0.229843
0.0546875 0.5625 0.201639
0.0625 0.5625 0.230097
0.0703125 0.507812 0.256285
0.078125 0.507812 0.284217
0.0703125 0.515625 0.256609
0.078125 0.515625 0.284575
0.0859375 0.507812 0.311977
0.09375 0.507812 0.339549
0.0859375 0.515625 0.312371
0.09375 0.515625 0.339978
0.0703125 0.523438 0.256926
0.078125 0.523438 0.284927
0.0703125 0.53125 0.257237
0.078125 0.53125 0.285272
0.0859375 0.523438 0.312757
0.09375 0.523438 0.340398
0.0859375 0.53125 0.313135
0.09375 0.53125 0.34081
0.101562 0.507812 0.366917
0.109375 0.507812 0.394064
0.101562 0.515625 0.36738
0.109375 0.515625 0.394561
0.117188 0.507812 0.420973
0.125 0.507812 0.447629
0.117188 0.515625 0.421505
0.125 0.515625 0.448194
0.101562 0.523438 0.367834
0.109375 0.523438 0.395049
0.101562 0.53125 0.368279
0.109375 0.53125 0.395527
0.117188 0.523438 0.422026
0.125 0.523438 0.448748
0.117188 0.53125 0.422536
0.125 0.53125 0.449291
0.0703125 0.539062 0.257541
0.078125 0.539062 0.285609
0.0703125 0.546875 0.257839
0.078125 0.546875 0.28594
0.0859375 0.539062 0.313506
0.09375 0.539062 0.341213
0.0859375 0.546875 0.313869
0.09375 0.546875 0.341608
0.0703125 0.554688 0.258131
0.078125 0.554688 0.286264
0.0703125 0.5625 0.258417
0.078125 0.5625 0.286581
0.0859375 0.554688 0.314224
0.09375 0.554688 0.341995
0.0859375 0.5625 0.314572
0.09375 0.5625 0.342373
0.101562 0.539062 0.368715
0.109375 0.539062 0.395995
0.101562 0.546875 0.369142
0.109375 0.546875 0.396453
0.117188 0.539062 0.423036
0.125 0.539062 0.449823
0.117188 0.546875 0.423526
0.125 0.546875 0.450343
0.101562 0.554688 0.36956
0.109375 0.554688 0.396902
0.101562 0.5625 0.369969
0.109375 0.5625 0.397341
0.117188 0.554688 0.424006
0.125 0.554688 0.450853
0.117188 0.5625 0.424475
0.125 0.5625 0.451352
0 0.570312 0
0.0078125 0.570312 0.0289762
0.015625 0.570312 0.057935
0 0.578125 0
0.0078125 0.578125 0.0290068
0.015625 0.578125 0.0579962
0.0234375 0.570312 0.0868589
0.03125 0.570312 0.11573
0.0234375 0.578125 0.0869507
0.03125 0.578125 0.115853
0 0.585938 0
0.0078125 0.585938 0.0290368
0.015625 0.585938 0.0580561
0 0.59375 0
0.0078125 0.59375 0.0290661
0.015625 0.59375 0.0581146
0.0234375 0.585938 0.0870405
0.03125 0.585938 0.115972
0.0234375 0.59375 0.0871282
0.03125 0.59375 0.116089
0.0390625 0.570312 0.144532
0.046875 0.570312 0.173247
0.0390625 0.578125 0.144685
0.046875 0.578125 0.17343
0.0546875 0.570312 0.201858
0.0625 0.570312 0.230346
0.0546875 0.578125 0.202071
0.0625 0.578125 0.23059
0.0390625 0.585938 0.144834
0.046875 0.585938 0.173609
0.0390625 0.59375 0.14498
0.046875 0.59375 0.173784
0.0546875 0.585938 0.20228
0.0625 0.585938 0.230828
0.0546875 0.59375 0.202483
0.0625 0.59375 0.231061
0 0.601562 0
0.0078125 0.601562 0.0290947
0.015625 0.601562 0.0581719
0 0.609375 0
0.0078125 0.609375 0.0291226
0.015625 0.609375 0.0582277
0.0234375 0.601562 0.087214
0.03125 0.601562 0.116204
0.0234375 0.609375 0.0872977
0.03125 0.609375 0.116315
0 0.617188 0
0.0078125 0.617188 0.0291499
0.015625 0.617188 0.0582823
0 0.625 0
0.0078125 0.625 0.0291765
0.015625 0.625 0.0583355
0.0234375 0.617188 0.0873795
0.03125 0.617188 0.116424
0.0234375 0.625 0.0874593
0.03125 0.625 0.11653
0.0390625 0.601562 0.145123
0.046875 0.601562 0.173955
0.0390625 0.609375 0.145262
0.046875 0.609375 0.174122
0.0546875 0.601562 0.202683
0.0625 0.601562 0.231288
0.0546875 0.609375 0.202877
0.0625 0.609375 0.23151
0.0390625 0.617188 0.145399
0.046875 0.617188 0.174286
0.0390625 0.625 0.145531
0.046875 0.625 0.174445
0.0546875 0.617188 0.203068
0.0625 0.617188 0.231727
0.0546875 0.625 0.203253
0.0625 0.625 0.231939
0.0703125 0.570312 0.258696
0.078125 0.570312 0.286891
0.0703125 0.578125 0.25897
0.078125 0.578125 0.287194
0.0859375 0.570312 0.314912
0.09375 0.570312 0.342744
0.0859375 0.578125 0.315245
0.09375 0.578125 0.343106
0.0703125 0.585938 0.259237
0.078125 0.585938 0.287491
0.0703125 0.59375 0.259499
0.078125 0.59375 0.28778
0.0859375 0.585938 0.315571
0.09375 0.585938 0.343461
0.0859375 0.59375 0.315889
0.09375 0.59375 0.343807
0.101562 0.570312 0.370369
0.109375 0.570312 0.397771
0.101562 0.578125 0.370761
0.109375 0.578125 0.398192
0.117188 0.570312 0.424934
0.125 0.570312 0.451841
0.117188 0.578125 0.425383
0.125 0.578125 0.452318
0.101562 0.585938 0.371144
0.109375 0.585938 0.398603
0.101562 0.59375 0.371518
0.109375 0.59375 0.399005
0.117188 0.585938 0.425822
0.125 0.585938 0.452785
0.117188 0.59375 0.426252
0.125 0.59375 0.453242
0.0703125 0.601562 0.259754
0.078125 0.601562 0.288064
0.0703125 0.609375 0.260003
0.078125 0.609375 0.28834
0.0859375 0.601562 0.3162
0.09375 0.601562 0.344145
0.0859375 0.609375 0.316503
0.09375 0.609375 0.344475
0.0703125 0.617188 0.260247
0.078125 0.617188 0.28861
0.0703125 0.625 0.260485
0.078125 0.625 0.288874
0.0859375 0.617188 0.3168
0.09375 0.617188 0.344798
0.0859375 0.625 0.317089
0.09375 0.625 0.345113
0.101562 0.601562 0.371883
0.109375 0.601562 0.399398
0.101562 0.609375 0.37224
0.109375 0.609375 0.399781
0.117188 0.601562 0.426671
0.125 0.601562 0.453688
0.117188 0.609375 0.427081
0.125 0.609375 0.454123
0.101562 0.617188 0.372589
0.109375 0.617188 0.400156
0.101562 0.625 0.372929
0.109375 0.625 0.400521
0.117188 0.617188 0.427481
0.125 0.617188 0.454549
0.117188 0.625 0.427871
0.125 0.625 0.454964
0.132812 0.507812 0.474015
0.140625 0.507812 0.500116
0.132812 0.515625 0.474614
0.140625 0.515625 0.500747
0.148438 0.507812 0.525916
0.15625 0.507812 0.551398
0.148438 0.515625 0.526579
0.15625 0.515625 0.552094
0.132812 0.523438 0.4752
0.140625 0.523438 0.501366
0.132812 0.53125 0.475775
0.140625 0.53125 0.501972
0.148438 0.523438 0.52723
0.15625 0.523438 0.552777
0.148438 0.53125 0.527868
0.15625 0.53125 0.553445
0.164062 0.507812 0.576549
0.171875 0.507812 0.601352
0.164062 0.515625 0.577276
0.171875 0.515625 0.602111
0.179688 0.507812 0.625793
0.1875 0.507812 0.649857
0.179688 0.515625 0.626583
0.1875 0.515625 0.650677
0.164062 0.523438 0.57799
0.171875 0.523438 0.602855
0.164062 0.53125 0.578689
0.171875 0.53125 0.603584
0.179688 0.523438 0.627357
0.1875 0.523438 0.651481
0.179688 0.53125 0.628116
0.1875 0.53125 0.652269
0.132812 0.539062 0.476338
0.140625 0.539062 0.502567
0.132812 0.546875 0.476889
0.140625 0.546875 0.503148
0.148438 0.539062 0.528493
0.15625 0.539062 0.5541
0.148438 0.546875 0.529104
0.15625 0.546875 0.554741
0.132812 0.554688 0.47743
0.140625 0.554688 0.503718
0.132812 0.5625 0.477958
0.140625 0.5625 0.504276
0.148438 0.554688 0.529704
0.15625 0.554688 0.55537
0.148438 0.5625 0.53029
0.15625 0.5625 0.555984
0.164062 0.539062 0.579374
0.171875 0.539062 0.604299
0.164062 0.546875 0.580044
0.171875 0.546875 0.604998
0.179688 0.539062 0.628859
0.1875 0.539062 0.653041
0.179688 0.546875 0.629587
0.1875 0.546875 0.653797
0.164062 0.554688 0.580701
0.171875 0.554688 0.605683
0.164062 0.5625 0.581344
0.171875 0.5625 0.606353
0.179688 0.554688 0.6303
0.1875 0.554688 0.654538
0.179688 0.5625 0.630998
0.1875 0.5625 0.655262
0.195312 0.507812 0.673529
0.203125 0.507812 0.696796
0.195312 0.515625 0.674379
0.203125 0.515625 0.697676
0.210938 0.507812 0.719643
0.21875 0.507812 0.742057
0.210938 0.515625 0.720552
0.21875 0.515625 0.742994
0.195312 0.523438 0.675213
0.203125 0.523438 0.698538
0.195312 0.53125 0.67603
0.203125 0.53125 0.699383
0.210938 0.523438 0.721442
0.21875 0.523438 0.743912
0.210938 0.53125 0.722315
0.21875 0.53125 0.744812
0.226562 0.507812 0.764024
0.234375 0.507812 0.78553
0.226562 0.515625 0.764988
0.234375 0.515625 0.786521
0.242188 0.507812 0.806563
0.25 0.507812 0.827111
0.242188 0.515625 0.807581
0.25 0.515625 0.828155
0.226562 0.523438 0.765934
0.234375 0.523438 0.787494
0.226562 0.53125 0.76686
0.234375 0.53125 0.788446
0.242188 0.523438 0.80858
0.25 0.523438 0.829179
0.242188 0.53125 0.809557
0.25 0.53125 0.830181
0.195312 0.539062 0.67683
0.203125 0.539062 0.700211
0.195312 0.546875 0.677613
0.203125 0.546875 0.701021
0.210938 0.539062 0.72317
0.21875 0.539062 0.745693
0.210938 0.546875 0.724007
0.21875 0.546875 0.746556
0.195312 0.554688 0.678381
0.203125 0.554688 0.701815
0.195312 0.5625 0.679131
0.203125 0.5625 0.702592
0.210938 0.554688 0.724827
0.21875 0.554688 0.747402
0.210938 0.5625 0.725629
0.21875 0.5625 0.748229
0.226562 0.539062 0.767768
0.234375 0.539062 0.78938
0.226562 0.546875 0.768656
0.234375 0.546875 0.790293
0.242188 0.539062 0.810516
0.25 0.539062 0.831164
0.242188 0.546875 0.811454
0.25 0.546875 0.832126
0.226562 0.554688 0.769527
0.234375 0.554688 0.791188
0.226562 0.5625 0.770378
0.234375 0.5625 0.792063
0.242188 0.554688 0.812373
0.25 0.554688 0.833068
0.242188 0.5625 0.813272
0.25 0.5625 0.83399
0.132812 0.570312 0.478475
0.140625 0.570312 0.504821
0.132812 0.578125 0.478981
0.140625 0.578125 0.505355
0.148438 0.570312 0.530864
0.15625 0.570312 0.556586
0.148438 0.578125 0.531424
0.15625 0.578125 0.557174
0.132812 0.585938 0.479476
0.140625 0.585938 0.505877
0.132812 0.59375 0.479959
0.140625 0.59375 0.506387
0.148438 0.585938 0.531973
0.15625 0.585938 0.55775
0.148438 0.59375 0.532509
0.15625 0.59375 0.558312
0.164062 0.570312 0.581973
0.171875 0.570312 0.60701
0.164062 0.578125 0.582588
0.171875 0.578125 0.607651
0.179688 0.570312 0.631681
0.1875 0.570312 0.655971
0.179688 0.578125 0.632348
0.1875 0.578125 0.656664
0.164062 0.585938 0.58319
0.171875 0.585938 0.608279
0.164062 0.59375 0.583777
0.171875 0.59375 0.608892
0.179688 0.585938 0.633001
0.1875 0.585938 0.657342
0.179688 0.59375 0.633639
0.1875 0.59375 0.658005
0.132812 0.601562 0.480431
0.140625 0.601562 0.506885
0.132812 0.609375 0.480892
0.140625 0.609375 0.507372
0.148438 0.601562 0.533034
0.15625 0.601562 0.558861
0.148438 0.609375 0.533545
0.15625 0.609375 0.559398
0.132812 0.617188 0.481343
0.140625 0.617188 0.507847
0.132812 0.625 0.481783
0.140625 0.625 0.508311
0.148438 0.617188 0.534046
0.15625 0.617188 0.559922
0.148438 0.625 0.534533
0.15625 0.625 0.560433
0.164062 0.601562 0.584352
0.171875 0.601562 0.609491
0.164062 0.609375 0.584913
0.171875 0.609375 0.610076
0.179688 0.601562 0.634263
0.1875 0.601562 0.658653
0.179688 0.609375 0.634872
0.1875 0.609375 0.659285
0.164062 0.617188 0.585462
0.171875 0.617188 0.610648
0.164062 0.625 0.585996
0.171875 0.625 0.611205
0.179688 0.617188 0.635467
0.1875 0.617188 0.659903
0.179688 0.625 0.636047
0.1875 0.625 0.660505
0.195312 0.570312 0.679866
0.203125 0.570312 0.703352
0.195312 0.578125 0.680585
0.203125 0.578125 0.704095
0.210938 0.570312 0.726414
0.21875 0.570312 0.749039
0.210938 0.578125 0.727182
0.21875 0.578125 0.74983
0.195312 0.585938 0.681288
0.203125 0.585938 0.704823
0.195312 0.59375 0.681974
0.203125 0.59375 0.705533
0.210938 0.585938 0.727933
0.21875 0.585938 0.750605
0.210938 0.59375 0.728666
0.21875 0.59375 0.751361
0.226562 0.570312 0.771212
0.234375 0.570312 0.792921
0.226562 0.578125 0.772027
0.234375 0.578125 0.793758
0.242188 0.570312 0.814152
0.25 0.570312 0.834893
0.242188 0.578125 0.815012
0.25 0.578125 0.835775
0.226562 0.585938 0.772824
0.234375 0.585938 0.794579
0.226562 0.59375 0.773603
0.234375 0.59375 0.795379
0.242188 0.585938 0.815854
0.25 0.585938 0.836638
0.242188 0.59375 0.816676
0.25 0.59375 0.837481
0.195312 0.601562 0.682646
0.203125 0.601562 0.706228
0.195312 0.609375 0.683301
0.203125 0.609375 0.706905
0.210938 0.601562 0.729384
0.21875 0.601562 0.752101
0.210938 0.609375 0.730084
0.21875 0.609375 0.752823
0.195312 0.617188 0.683942
0.203125 0.617188 0.707568
0.195312 0.625 0.684566
0.203125 0.625 0.708214
0.210938 0.617188 0.730768
0.21875 0.617188 0.753529
0.210938 0.625 0.731435
0.21875 0.625 0.754216
0.226562 0.601562 0.774365
0.234375 0.601562 0.796163
0.226562 0.609375 0.775108
0.234375 0.609375 0.796927
0.242188 0.601562 0.817481
0.25 0.601562 0.838306
0.242188 0.609375 0.818265
0.25 0.609375 0.839111
0.226562 0.617188 0.775835
0.234375 0.617188 0.797674
0.226562 0.625 0.776543
0.234375 0.625 0.798402
0.242188 0.617188 0.819032
0.25 0.617188 0.839897
0.242188 0.625 0.81978
0.25 0.625 0.840664
0 0.632812 0
0.0078125 0.632812 0.0292025
0.015625 0.632812 0.0583875
0 0.640625 0
0.0078125 0.640625 0.0292278
0.015625 0.640625 0.0584381
0.0234375 0.632812 0.0875372
0.03125 0.632812 0.116634
0.0234375 0.640625 0.0876131
0.03125 0.640625 0.116735
0 0.648438 0
0.0078125 0.648438 0.0292525
0.015625 0.648438 0.0584875
0 0.65625 0
0.0078125 0.65625 0.0292766
0.015625 0.65625 0.0585355
0.0234375 0.648438 0.0876872
0.03125 0.648438 0.116834
0.0234375 0.65625 0.0877592
0.03125 0.65625 0.11693
0.0390625 0.632812 0.145661
0.046875 0.632812 0.1746
0.0390625 0.640625 0.145787
0.046875 0.640625 0.174751
0.0546875 0.632812 0.203434
0.0625 0.632812 0.232145
0.0546875 0.640625 0.20361
0.0625 0.640625 0.232346
0.0390625 0.648438 0.145911
0.046875 0.648438 0.174899
0.0390625 0.65625 0.14603
0.046875 0.65625 0.175043
0.0546875 0.648438 0.203782
0.0625 0.648438 0.232543
0.0546875 0.65625 0.20395
0.0625 0.65625 0.232734
0 0.664062 0
0.0078125 0.664062 0.0293
0.015625 0.664062 0.0585824
0 0.671875 0
0.0078125 0.671875 0.0293228
0.015625 0.671875 0.0586279
0.0234375 0.664062 0.0878295
0.03125 0.664062 0.117024
0.0234375 0.671875 0.0878977
0.03125 0.671875 0.117115
0 0.679688 0
0.0078125 0.679688 0.029345
0.015625 0.679688 0.0586723
0 0.6875 0
0.0078125 0.6875 0.0293665
0.015625 0.6875 0.0587153
0.0234375 0.679688 0.0879642
0.03125 0.679688 0.117203
0.0234375 0.6875 0.0880288
0.03125 0.6875 0.117289
0.0390625 0.664062 0.146147
0.046875 0.664062 0.175183
0.0390625 0.671875 0.146261
0.046875 0.671875 0.175319
0.0546875 0.664062 0.204113
0.0625 0.664062 0.23292
0.0546875 0.671875 0.204272
0.0625 0.671875 0.233101
0.0390625 0.679688 0.146372
0.046875 0.679688 0.175452
0.0390625 0.6875 0.146479
0.046875 0.6875 0.17558
0.0546875 0.679688 0.204426
0.0625 0.679688 0.233278
0.0546875 0.6875 0.204576
0.0625 0.6875 0.233449
0.0703125 0.632812 0.260717
0.078125 0.632812 0.289131
0.0703125 0.640625 0.260943
0.078125 0.640625 0.289382
0.0859375 0.632812 0.317371
0.09375 0.632812 0.345421
0.0859375 0.640625 0.317647
0.09375 0.640625 0.34572
0.0703125 0.648438 0.261163
0.078125 0.648438 0.289626
0.0703125 0.65625 0.261378
0.078125 0.65625 0.289864
0.0859375 0.648438 0.317915
0.09375 0.648438 0.346012
0.0859375 0.65625 0.318176
0.09375 0.65625 0.346296
0.101562 0.632812 0.373262
0.109375 0.632812 0.400878
0.101562 0.640625 0.373585
0.109375 0.640625 0.401225
0.117188 0.632812 0.428253
0.125 0.632812 0.455369
0.117188 0.640625 0.428624
0.125 0.640625 0.455764
0.101562 0.648438 0.373901
0.109375 0.648438 0.401564
0.101562 0.65625 0.374208
0.109375 0.65625 0.401894
0.117188 0.648438 0.428986
0.125 0.648438 0.456149
0.117188 0.65625 0.429338
0.125 0.65625 0.456524
0.0703125 0.664062 0.261587
0.078125 0.664062 0.290096
0.0703125 0.671875 0.26179
0.078125 0.671875 0.290322
0.0859375 0.664062 0.318431
0.09375 0.664062 0.346574
0.0859375 0.671875 0.318678
0.09375 0.671875 0.346843
0.0703125 0.679688 0.261989
0.078125 0.679688 0.290542
0.0703125 0.6875 0.262181
0.078125 0.6875 0.290755
0.0859375 0.679688 0.31892
0.09375 0.679688 0.347106
0.0859375 0.6875 0.319154
0.09375 0.6875 0.34736
0.101562 0.664062 0.374508
0.109375 0.664062 0.402216
0.101562 0.671875 0.374799
0.109375 0.671875 0.402529
0.117188 0.664062 0.429682
0.125 0.664062 0.45689
0.117188 0.671875 0.430016
0.125 0.671875 0.457245
0.101562 0.679688 0.375082
0.109375 0.679688 0.402833
0.101562 0.6875 0.375358
0.109375 0.6875 0.403129
0.117188 0.679688 0.430342
0.125 0.679688 0.457591
0.117188 0.6875 0.430657
0.125 0.6875 0.457926
0 0.695312 0
0.0078125 0.695312 0.0293875
0.015625 0.695312 0.0587572
0 0.703125 0
0.0078125 0.703125 0.0294078
0.015625 0.703125 0.0587978
0.0234375 0.695312 0.0880916
0.03125 0.695312 0.117373
0.0234375 0.703125 0.0881524
0.03125 0.703125 0.117454
0 0.710938 0
0.0078125 0.710938 0.0294275
0.015625 0.710938 0.0588373
0 0.71875 0
0.0078125 0.71875 0.0294466
0.015625 0.71875 0.0588755
0.0234375 0.710938 0.0882116
0.03125 0.710938 0.117533
0.0234375 0.71875 0.0882689
0.03125 0.71875 0.117609
0.0390625 0.695312 0.146584
0.046875 0.695312 0.175706
0.0390625 0.703125 0.146685
0.046875 0.703125 0.175827
0.0546875 0.695312 0.204722
0.0625 0.695312 0.233615
0.0546875 0.703125 0.204864
0.0625 0.703125 0.233777
0.0390625 0.710938 0.146783
0.046875 0.710938 0.175945
0.0390625 0.71875 0.146878
0.046875 0.71875 0.176059
0.0546875 0.710938 0.205001
0.0625 0.710938 0.233934
0.0546875 0.71875 0.205134
0.0625 0.71875 0.234086
0 0.726562 0
0.0078125 0.726562 0.0294652
0.015625 0.726562 0.0589126
0 0.734375 0
0.0078125 0.734375 0.0294831
0.015625 0.734375 0.0589484
0.0234375 0.726562 0.0883245
0.03125 0.726562 0.117683
0.0234375 0.734375 0.0883781
0.03125 0.734375 0.117755
0 0.742188 0
0.0078125 0.742188 0.0295004
0.015625 0.742188 0.0589831
0 0.75 0
0.0078125 0.75 0.0295172
0.015625 0.75 0.0590165
0.0234375 0.742188 0.0884302
0.03125 0.742188 0.117824
0.0234375 0.75 0.0884804
0.03125 0.75 0.117891
0.0390625 0.726562 0.146971
0.046875 0.726562 0.17617
0.0390625 0.734375 0.14706
0.046875 0.734375 0.176277
0.0546875 0.726562 0.205264
0.0625 0.726562 0.234233
0.0546875 0.734375 0.205388
0.0625 0.734375 0.234375
0.0390625 0.742188 0.147147
0.046875 0.742188 0.176381
0.0390625 0.75 0.14723
0.046875 0.75 0.176481
0.0546875 0.742188 0.205509
0.0625 0.742188 0.234513
0.0546875 0.75 0.205626
0.0625 0.75 0.234646
0.0703125 0.695312 0.262368
0.078125 0.695312 0.290962
0.0703125 0.703125 0.262549
0.078125 0.703125 0.291163
0.0859375 0.695312 0.319381
0.09375 0.695312 0.347608
0.0859375 0.703125 0.319602
0.09375 0.703125 0.347848
0.0703125 0.710938 0.262725
0.078125 0.710938 0.291359
0.0703125 0.71875 0.262896
0.078125 0.71875 0.291548
0.0859375 0.710938 0.319817
0.09375 0.710938 0.348082
0.0859375 0.71875 0.320024
0.09375 0.71875 0.348308
0.101562 0.695312 0.375625
0.109375 0.695312 0.403417
0.101562 0.703125 0.375885
0.109375 0.703125 0.403695
0.117188 0.695312 0.430965
0.125 0.695312 0.458253
0.117188 0.703125 0.431262
0.125 0.703125 0.45857
0.101562 0.710938 0.376137
0.109375 0.710938 0.403966
0.101562 0.71875 0.376381
0.109375 0.71875 0.404228
0.117188 0.710938 0.431552
0.125 0.710938 0.458878
0.117188 0.71875 0.431832
0.125 0.71875 0.459175
0.0703125 0.726562 0.263062
0.078125 0.726562 0.291731
0.0703125 0.734375 0.263221
0.078125 0.734375 0.291909
0.0859375 0.726562 0.320226
0.09375 0.726562 0.348527
0.0859375 0.734375 0.32042
0.09375 0.734375 0.348739
0.0703125 0.742188 0.263376
0.078125 0.742188 0.292081
0.0703125 0.75 0.263526
0.078125 0.75 0.292246
0.0859375 0.742188 0.320609
0.09375 0.742188 0.348944
0.0859375 0.75 0.320791
0.09375 0.75 0.349142
0.101562 0.726562 0.376619
0.109375 0.726562 0.404483
0.101562 0.734375 0.376847
0.109375 0.734375 0.404729
0.117188 0.726562 0.432104
0.125 0.726562 0.459465
0.117188 0.734375 0.432367
0.125 0.734375 0.459744
0.101562 0.742188 0.377069
0.109375 0.742188 0.404967
0.101562 0.75 0.377283
0.109375 0.75 0.405197
0.117188 0.742188 0.432621
0.125 0.742188 0.460015
0.117188 0.75 0.432867
0.125 0.75 0.460276
0.132812 0.632812 0.482212
0.140625 0.632812 0.508764
0.132812 0.640625 0.48263
0.140625 0.640625 0.509205
0.148438 0.632812 0.535009
0.15625 0.632812 0.560933
0.148438 0.640625 0.535473
0.15625 0.640625 0.561419
0.132812 0.648438 0.483038
0.140625 0.648438 0.509635
0.132812 0.65625 0.483435
0.140625 0.65625 0.510054
0.148438 0.648438 0.535926
0.15625 0.648438 0.561893
0.148438 0.65625 0.536366
0.15625 0.65625 0.562355
0.164062 0.632812 0.586518
0.171875 0.632812 0.61175
0.164062 0.640625 0.587026
0.171875 0.640625 0.61228
0.179688 0.632812 0.636614
0.1875 0.632812 0.661094
0.179688 0.640625 0.637165
0.1875 0.640625 0.661667
0.164062 0.648438 0.587523
0.171875 0.648438 0.612798
0.164062 0.65625 0.588005
0.171875 0.65625 0.613301
0.179688 0.648438 0.637704
0.1875 0.648438 0.662226
0.179688 0.65625 0.638228
0.1875 0.65625 0.66277
0.132812 0.664062 0.483822
0.140625 0.664062 0.510462
0.132812 0.671875 0.484198
0.140625 0.671875 0.510859
0.148438 0.664062 0.536795
0.15625 0.664062 0.562805
0.148438 0.671875 0.537213
0.15625 0.671875 0.563243
0.132812 0.679688 0.484564
0.140625 0.679688 0.511246
0.132812 0.6875 0.484919
0.140625 0.6875 0.511621
0.148438 0.679688 0.537619
0.15625 0.679688 0.563669
0.148438 0.6875 0.538013
0.15625 0.6875 0.564082
0.164062 0.664062 0.588476
0.171875 0.664062 0.613792
0.164062 0.671875 0.588933
0.171875 0.671875 0.614269
0.179688 0.664062 0.638739
0.1875 0.664062 0.663301
0.179688 0.671875 0.639235
0.1875 0.671875 0.663816
0.164062 0.679688 0.589379
0.171875 0.679688 0.614734
0.164062 0.6875 0.589811
0.171875 0.6875 0.615185
0.179688 0.679688 0.639719
0.1875 0.679688 0.664319
0.179688 0.6875 0.640188
0.1875 0.6875 0.664806
0.195312 0.632812 0.685176
0.203125 0.632812 0.708845
0.195312 0.640625 0.685769
0.203125 0.640625 0.709459
0.210938 0.632812 0.732087
0.21875 0.632812 0.754888
0.210938 0.640625 0.732722
0.21875 0.640625 0.755543
0.195312 0.648438 0.686349
0.203125 0.648438 0.710059
0.195312 0.65625 0.686913
0.203125 0.65625 0.710642
0.210938 0.648438 0.733341
0.21875 0.648438 0.756181
0.210938 0.65625 0.733943
0.21875 0.65625 0.756802
0.226562 0.632812 0.777235
0.234375 0.632812 0.799113
0.226562 0.640625 0.777908
0.234375 0.640625 0.799806
0.242188 0.632812 0.82051
0.25 0.632812 0.841413
0.242188 0.640625 0.821221
0.25 0.640625 0.842142
0.226562 0.648438 0.778566
0.234375 0.648438 0.800482
0.226562 0.65625 0.779206
0.234375 0.65625 0.801139
0.242188 0.648438 0.821915
0.25 0.648438 0.842854
0.242188 0.65625 0.822591
0.25 0.65625 0.843546
0.195312 0.664062 0.687463
0.203125 0.664062 0.711211
0.195312 0.671875 0.687997
0.203125 0.671875 0.711764
0.210938 0.664062 0.734531
0.21875 0.664062 0.757408
0.210938 0.671875 0.735102
0.21875 0.671875 0.757997
0.195312 0.679688 0.688518
0.203125 0.679688 0.712303
0.195312 0.6875 0.689023
0.203125 0.6875 0.712825
0.210938 0.679688 0.735658
0.21875 0.679688 0.758571
0.210938 0.6875 0.736198
0.21875 0.6875 0.759127
0.226562 0.664062 0.77983
0.234375 0.664062 0.801781
0.226562 0.671875 0.780435
0.234375 0.671875 0.802404
0.242188 0.664062 0.823249
0.25 0.664062 0.844222
0.242188 0.671875 0.823889
0.25 0.671875 0.844878
0.226562 0.679688 0.781026
0.234375 0.679688 0.803011
0.226562 0.6875 0.781599
0.234375 0.6875 0.8036
0.242188 0.679688 0.824513
0.25 0.679688 0.845517
0.242188 0.6875 0.825117
0.25 0.6875 0.846137
0.132812 0.695312 0.485266
0.140625 0.695312 0.511986
0.132812 0.703125 0.485601
0.140625 0.703125 0.512339
0.148438 0.695312 0.538398
0.15625 0.695312 0.564485
0.148438 0.703125 0.538769
0.15625 0.703125 0.564875
0.132812 0.710938 0.485927
0.140625 0.710938 0.512683
0.132812 0.71875 0.486242
0.140625 0.71875 0.513016
0.148438 0.710938 0.539131
0.15625 0.710938 0.565254
0.148438 0.71875 0.539481
0.15625 0.71875 0.565621
0.164062 0.695312 0.590232
0.171875 0.695312 0.615624
0.164062 0.703125 0.59064
0.171875 0.703125 0.616049
0.179688 0.695312 0.640645
0.1875 0.695312 0.66528
0.179688 0.703125 0.641088
0.1875 0.703125 0.66574
0.164062 0.710938 0.591037
0.171875 0.710938 0.616463
0.164062 0.71875 0.59142
0.171875 0.71875 0.616863
0.179688 0.710938 0.641518
0.1875 0.710938 0.666187
0.179688 0.71875 0.641935
0.1875 0.71875 0.666619
0.132812 0.726562 0.486549
0.140625 0.726562 0.513339
0.132812 0.734375 0.486844
0.140625 0.734375 0.513651
0.148438 0.726562 0.539821
0.15625 0.726562 0.565977
0.148438 0.734375 0.540149
0.15625 0.734375 0.566321
0.132812 0.742188 0.487131
0.140625 0.742188 0.513954
0.132812 0.75 0.487407
0.140625 0.75 0.514245
0.148438 0.742188 0.540467
0.15625 0.742188 0.566655
0.148438 0.75 0.540774
0.15625 0.75 0.566976
0.164062 0.726562 0.591793
0.171875 0.726562 0.617252
0.164062 0.734375 0.592152
0.171875 0.734375 0.617627
0.179688 0.726562 0.642339
0.1875 0.726562 0.667039
0.179688 0.734375 0.642729
0.1875 0.734375 0.667445
0.164062 0.742188 0.592501
0.171875 0.742188 0.617991
0.164062 0.75 0.592837
0.171875 0.75 0.618341
0.179688 0.742188 0.643108
0.1875 0.742188 0.667838
0.179688 0.75 0.643473
0.1875 0.75 0.668217
0.195312 0.695312 0.689515
0.203125 0.695312 0.713334
0.195312 0.703125 0.689991
0.203125 0.703125 0.713827
0.210938 0.695312 0.736723
0.21875 0.695312 0.759669
0.210938 0.703125 0.737232
0.21875 0.703125 0.760194
0.195312 0.710938 0.690455
0.203125 0.710938 0.714306
0.195312 0.71875 0.690902
0.203125 0.71875 0.714769
0.210938 0.710938 0.737727
0.21875 0.710938 0.760704
0.210938 0.71875 0.738206
0.21875 0.71875 0.761198
0.226562 0.695312 0.782157
0.234375 0.695312 0.804174
0.226562 0.703125 0.782697
0.234375 0.703125 0.804729
0.242188 0.695312 0.825706
0.25 0.695312 0.846741
0.242188 0.703125 0.826277
0.25 0.703125 0.847326
0.226562 0.710938 0.783223
0.234375 0.710938 0.80527
0.226562 0.71875 0.783731
0.234375 0.71875 0.805792
0.242188 0.710938 0.826832
0.25 0.710938 0.847895
0.242188 0.71875 0.827368
0.25 0.71875 0.848445
0.195312 0.726562 0.691338
0.203125 0.726562 0.71522
0.195312 0.734375 0.691758
0.203125 0.734375 0.715654
0.210938 0.726562 0.738671
0.21875 0.726562 0.761677
0.210938 0.734375 0.73912
0.21875 0.734375 0.76214
0.195312 0.742188 0.692166
0.203125 0.742188 0.716076
0.195312 0.75 0.692558
0.203125 0.75 0.716482
0.210938 0.742188 0.739555
0.21875 0.742188 0.762589
0.210938 0.75 0.739975
0.21875 0.75 0.763022
0.226562 0.726562 0.784225
0.234375 0.726562 0.8063
0.226562 0.734375 0.784701
0.234375 0.734375 0.80679
0.242188 0.726562 0.827889
0.25 0.726562 0.84898
0.242188 0.734375 0.828392
0.25 0.734375 0.849496
0.226562 0.742188 0.785164
0.234375 0.742188 0.807265
0.226562 0.75 0.785609
0.234375 0.75 0.807723
0.242188 0.742188 0.828881
0.25 0.742188 0.849996
0.242188 0.75 0.829351
0.25 0.75 0.850478
0.257812 0.507812 0.84716
0.265625 0.507812 0.866699
0.257812 0.515625 0.848229
0.265625 0.515625 0.867793
0.273438 0.507812 0.885716
0.28125 0.507812 0.904199
0.273438 0.515625 0.886834
0.28125 0.515625 0.90534
0.257812 0.523438 0.849278
0.265625 0.523438 0.868866
0.257812 0.53125 0.850305
0.265625 0.53125 0.869916
0.273438 0.523438 0.88793
0.28125 0.523438 0.90646
0.273438 0.53125 0.889004
0.28125 0.53125 0.907555
0.289062 0.507812 0.922138
0.296875 0.507812 0.939521
0.289062 0.515625 0.923302
0.296875 0.515625 0.940707
0.304688 0.507812 0.956338
0.3125 0.507812 0.972579
0.304688 0.515625 0.957545
0.3125 0.515625 0.973807
0.289062 0.523438 0.924443
0.296875 0.523438 0.94187
0.289062 0.53125 0.925561
0.296875 0.53125 0.943008
0.304688 0.523438 0.958729
0.3125 0.523438 0.975011
0.304688 0.53125 0.959888
0.3125 0.53125 0.97619
0.257812 0.539062 0.851312
0.265625 0.539062 0.870946
0.257812 0.546875 0.852297
0.265625 0.546875 0.871954
0.273438 0.539062 0.890056
0.28125 0.539062 0.90863
0.273438 0.546875 0.891086
0.28125 0.546875 0.909681
0.257812 0.554688 0.853262
0.265625 0.554688 0.872942
0.257812 0.5625 0.854206
0.265625 0.5625 0.873907
0.273438 0.554688 0.892095
0.28125 0.554688 0.910712
0.273438 0.5625 0.893082
0.28125 0.5625 0.911719
0.289062 0.539062 0.926657
0.296875 0.539062 0.944125
0.289062 0.546875 0.927729
0.296875 0.546875 0.945217
0.304688 0.539062 0.961025
0.3125 0.539062 0.977346
0.304688 0.546875 0.962137
0.3125 0.546875 0.978476
0.289062 0.554688 0.92878
0.296875 0.554688 0.946288
0.289062 0.5625 0.929807
0.296875 0.5625 0.947335
0.304688 0.554688 0.963227
0.3125 0.554688 0.979585
0.304688 0.5625 0.964292
0.3125 0.5625 0.980668
0.320312 0.507812 0.988235
0.328125 0.507812 1.00329
0.320312 0.515625 0.989482
0.328125 0.515625 1.00456
0.335938 0.507812 1.01775
0.34375 0.507812 1.03159
0.335938 0.515625 1.01904
0.34375 0.515625 1.0329
0.320312 0.523438 0.990705
0.328125 0.523438 1.0058
0.320312 0.53125 0.991903
0.328125 0.53125 1.00702
0.335938 0.523438 1.02029
0.34375 0.523438 1.03417
0.335938 0.53125 1.02153
0.34375 0.53125 1.03542
0.351562 0.507812 1.04481
0.359375 0.507812 1.05741
0.351562 0.515625 1.04613
0.359375 0.515625 1.05874
0.367188 0.507812 1.06936
0.375 0.507812 1.08067
0.367188 0.515625 1.07071
0.375 0.515625 1.08204
0.351562 0.523438 1.04743
0.359375 0.523438 1.06005
0.351562 0.53125 1.04869
0.359375 0.53125 1.06133
0.367188 0.523438 1.07203
0.375 0.523438 1.08337
0.367188 0.53125 1.07333
0.375 0.53125 1.08468
0.320312 0.539062 0.993078
0.328125 0.539062 1.00821
0.320312 0.546875 0.994227
0.328125 0.546875 1.00938
0.335938 0.539062 1.02274
0.34375 0.539062 1.03665
0.335938 0.546875 1.02392
0.34375 0.546875 1.03785
0.320312 0.554688 0.995353
0.328125 0.554688 1.01052
0.320312 0.5625 0.996454
0.328125 0.5625 1.01164
0.335938 0.554688 1.02508
0.34375 0.554688 1.03902
0.335938 0.5625 1.02622
0.34375 0.5625 1.04017
0.351562 0.539062 1.04993
0.359375 0.539062 1.06259
0.351562 0.546875 1.05115
0.359375 0.546875 1.06382
0.367188 0.539062 1.0746
0.375 0.539062 1.08597
0.367188 0.546875 1.07585
0.375 0.546875 1.08722
0.351562 0.554688 1.05234
0.359375 0.554688 1.06502
0.351562 0.5625 1.0535
0.359375 0.5625 1.0662
0.367188 0.554688 1.07706
0.375 0.554688 1.08846
0.367188 0.5625 1.07826
0.375 0.5625 1.08966
0.257812 0.570312 0.855131
0.265625 0.570312 0.874853
0.257812 0.578125 0.856034
0.265625 0.578125 0.875778
0.273438 0.570312 0.894049
0.28125 0.570312 0.912706
0.273438 0.578125 0.894994
0.28125 0.578125 0.913671
0.257812 0.585938 0.856918
0.265625 0.585938 0.876682
0.257812 0.59375 0.857782
0.265625 0.59375 0.877566
0.273438 0.585938 0.895918
0.28125 0.585938 0.914615
0.273438 0.59375 0.896821
0.28125 0.59375 0.915536
0.289062 0.570312 0.930814
0.296875 0.570312 0.94836
0.289062 0.578125 0.931797
0.296875 0.578125 0.949362
0.304688 0.570312 0.965336
0.3125 0.570312 0.98173
0.304688 0.578125 0.966356
0.3125 0.578125 0.982767
0.289062 0.585938 0.93276
0.296875 0.585938 0.950343
0.289062 0.59375 0.9337
0.296875 0.59375 0.951301
0.304688 0.585938 0.967354
0.3125 0.585938 0.983783
0.304688 0.59375 0.968329
0.3125 0.59375 0.984774
0.257812 0.601562 0.858627
0.265625 0.601562 0.87843
0.257812 0.609375 0.859451
0.265625 0.609375 0.879273
0.273438 0.601562 0.897704
0.28125 0.601562 0.916438
0.273438 0.609375 0.898566
0.28125 0.609375 0.917317
0.257812 0.617188 0.860256
0.265625 0.617188 0.880097
0.257812 0.625 0.861041
0.265625 0.625 0.880901
0.273438 0.617188 0.899408
0.28125 0.617188 0.918177
0.273438 0.625 0.900229
0.28125 0.625 0.919015
0.289062 0.601562 0.934619
0.296875 0.601562 0.952238
0.289062 0.609375 0.935516
0.296875 0.609375 0.953152
0.304688 0.601562 0.969283
0.3125 0.601562 0.985744
0.304688 0.609375 0.970213
0.3125 0.609375 0.98669
0.289062 0.617188 0.936393
0.296875 0.617188 0.954045
0.289062 0.625 0.937248
0.296875 0.625 0.954916
0.304688 0.617188 0.971122
0.3125 0.617188 0.987615
0.304688 0.625 0.972009
0.3125 0.625 0.988516
0.320312 0.570312 0.997533
0.328125 0.570312 1.01273
0.320312 0.578125 0.998586
0.328125 0.578125 1.0138
0.335938 0.570312 1.02733
0.34375 0.570312 1.0413
0.335938 0.578125 1.02841
0.34375 0.578125 1.0424
0.320312 0.585938 0.999618
0.328125 0.585938 1.01485
0.320312 0.59375 1.00063
0.328125 0.59375 1.01587
0.335938 0.585938 1.02947
0.34375 0.585938 1.04348
0.335938 0.59375 1.03051
0.34375 0.59375 1.04453
0.351562 0.570312 1.05464
0.359375 0.570312 1.06736
0.351562 0.578125 1.05576
0.359375 0.578125 1.06848
0.367188 0.570312 1.07942
0.375 0.570312 1.09084
0.367188 0.578125 1.08056
0.375 0.578125 1.09199
0.351562 0.585938 1.05685
0.359375 0.585938 1.06959
0.351562 0.59375 1.05791
0.359375 0.59375 1.07066
0.367188 0.585938 1.08168
0.375 0.585938 1.09312
0.367188 0.59375 1.08277
0.375 0.59375 1.09422
0.320312 0.601562 1.00161
0.328125 0.601562 1.01687
0.320312 0.609375 1.00257
0.328125 0.609375 1.01785
0.335938 0.601562 1.03153
0.34375 0.601562 1.04556
0.335938 0.609375 1.03252
0.34375 0.609375 1.04656
0.320312 0.617188 1.00351
0.328125 0.617188 1.0188
0.320312 0.625 1.00443
0.328125 0.625 1.01973
0.335938 0.617188 1.03348
0.34375 0.617188 1.04754
0.335938 0.625 1.03443
0.34375 0.625 1.0485
0.351562 0.601562 1.05896
0.359375 0.601562 1.07172
0.351562 0.609375 1.05997
0.359375 0.609375 1.07275
0.367188 0.601562 1.08384
0.375 0.601562 1.0953
0.367188 0.609375 1.08488
0.375 0.609375 1.09635
0.351562 0.617188 1.06097
0.359375 0.617188 1.07375
0.351562 0.625 1.06193
0.359375 0.625 1.07473
0.367188 0.617188 1.08589
0.375 0.617188 1.09738
0.367188 0.625 1.08688
0.375 0.625 1.09838
0.382812 0.507812 1.09133
0.390625 0.507812 1.10133
0.382812 0.515625 1.09271
0.390625 0.515625 1.10272
0.398438 0.507812 1.11067
0.40625 0.507812 1.11934
0.398438 0.515625 1.11208
0.40625 0.515625 1.12076
0.382812 0.523438 1.09406
0.390625 0.523438 1.10409
0.382812 0.53125 1.09538
0.390625 0.53125 1.10542
0.398438 0.523438 1.11345
0.40625 0.523438 1.12214
0.398438 0.53125 1.1148
0.40625 0.53125 1.1235
0.414062 0.507812 1.12734
0.421875 0.507812 1.13466
0.414062 0.515625 1.12876
0.421875 0.515625 1.13609
0.429688 0.507812 1.14129
0.4375 0.507812 1.14724
0.429688 0.515625 1.14273
0.4375 0.515625 1.14868
0.414062 0.523438 1.13016
0.421875 0.523438 1.13749
0.414062 0.53125 1.13152
0.421875 0.53125 1.13887
0.429688 0.523438 1.14414
0.4375 0.523438 1.1501
0.429688 0.53125 1.14553
0.4375 0.53125 1.15149
0.382812 0.539062 1.09668
0.390625 0.539062 1.10673
0.382812 0.546875 1.09795
0.390625 0.546875 1.10801
0.398438 0.539062 1.11612
0.40625 0.539062 1.12483
0.398438 0.546875 1.11741
0.40625 0.546875 1.12613
0.382812 0.554688 1.09919
0.390625 0.554688 1.10927
0.382812 0.5625 1.10041
0.390625 0.5625 1.11049
0.398438 0.554688 1.11867
0.40625 0.554688 1.12741
0.398438 0.5625 1.11991
0.40625 0.5625 1.12865
0.414062 0.539062 1.13286
0.421875 0.539062 1.14022
0.414062 0.546875 1.13418
0.421875 0.546875 1.14154
0.429688 0.539062 1.14688
0.4375 0.539062 1.15286
0.429688 0.546875 1.14821
0.4375 0.546875 1.15419
0.414062 0.554688 1.13546
0.421875 0.554688 1.14283
0.414062 0.5625 1.13672
0.421875 0.5625 1.14409
0.429688 0.554688 1.14951
0.4375 0.554688 1.1555
0.429688 0.5625 1.15078
0.4375 0.5625 1.15678
0.445312 0.507812 1.15249
0.453125 0.507812 1.15705
0.445312 0.515625 1.15394
0.453125 0.515625 1.15851
0.460938 0.507812 1.16091
0.46875 0.507812 1.16408
0.460938 0.515625 1.16238
0.46875 0.515625 1.16555
0.445312 0.523438 1.15537
0.453125 0.523438 1.15994
0.445312 0.53125 1.15677
0.453125 0.53125 1.16135
0.460938 0.523438 1.16382
0.46875 0.523438 1.16699
0.460938 0.53125 1.16522
0.46875 0.53125 1.1684
0.476562 0.507812 1.16654
0.484375 0.507812 1.1683
0.476562 0.515625 1.16801
0.484375 0.515625 1.16978
0.492188 0.507812 1.16936
0.5 0.507812 1.16971
0.492188 0.515625 1.17083
0.5 0.515625 1.17119
0.476562 0.523438 1.16946
0.484375 0.523438 1.17122
0.476562 0.53125 1.17087
0.484375 0.53125 1.17264
0.492188 0.523438 1.17228
0.5 0.523438 1.17264
0.492188 0.53125 1.1737
0.5 0.53125 1.17405
0.445312 0.539062 1.15814
0.453125 0.539062 1.16272
0.445312 0.546875 1.15948
0.453125 0.546875 1.16407
0.460938 0.539062 1.1666
0.46875 0.539062 1.16978
0.460938 0.546875 1.16795
0.46875 0.546875 1.17114
0.445312 0.554688 1.16079
0.453125 0.554688 1.16539
0.445312 0.5625 1.16208
0.453125 0.5625 1.16667
0.460938 0.554688 1.16928
0.46875 0.554688 1.17246
0.460938 0.5625 1.17057
0.46875 0.5625 1.17376
0.476562 0.539062 1.17226
0.484375 0.539062 1.17403
0.476562 0.546875 1.17361
0.484375 0.546875 1.17539
0.492188 0.539062 1.17509
0.5 0.539062 1.17544
0.492188 0.546875 1.17645
0.5 0.546875 1.1768
0.476562 0.554688 1.17494
0.484375 0.554688 1.17672
0.476562 0.5625 1.17624
0.484375 0.5625 1.17802
0.492188 0.554688 1.17778
0.5 0.554688 1.17814
0.492188 0.5625 1.17908
0.5 0.5625 1.17944
0.382812 0.570312 1.1016
0.390625 0.570312 1.1117
0.382812 0.578125 1.10276
0.390625 0.578125 1.11287
0.398438 0.570312 1.12112
0.40625 0.570312 1.12988
0.398438 0.578125 1.12231
0.40625 0.578125 1.13107
0.382812 0.585938 1.1039
0.390625 0.585938 1.11402
0.382812 0.59375 1.10502
0.390625 0.59375 1.11514
0.398438 0.585938 1.12347
0.40625 0.585938 1.13224
0.398438 0.59375 1.1246
0.40625 0.59375 1.13338
0.414062 0.570312 1.13795
0.421875 0.570312 1.14533
0.414062 0.578125 1.13915
0.421875 0.578125 1.14654
0.429688 0.570312 1.15203
0.4375 0.570312 1.15803
0.429688 0.578125 1.15324
0.4375 0.578125 1.15925
0.414062 0.585938 1.14033
0.421875 0.585938 1.14773
0.414062 0.59375 1.14147
0.421875 0.59375 1.14888
0.429688 0.585938 1.15444
0.4375 0.585938 1.16045
0.429688 0.59375 1.1556
0.4375 0.59375 1.16162
0.382812 0.601562 1.1061
0.390625 0.601562 1.11624
0.382812 0.609375 1.10717
0.390625 0.609375 1.11731
0.398438 0.601562 1.12571
0.40625 0.601562 1.13449
0.398438 0.609375 1.12679
0.40625 0.609375 1.13558
0.382812 0.617188 1.1082
0.390625 0.617188 1.11836
0.382812 0.625 1.10921
0.390625 0.625 1.11938
0.398438 0.617188 1.12784
0.40625 0.617188 1.13665
0.398438 0.625 1.12887
0.40625 0.625 1.13769
0.414062 0.601562 1.1426
0.421875 0.601562 1.15001
0.414062 0.609375 1.1437
0.421875 0.609375 1.15112
0.429688 0.601562 1.15674
0.4375 0.601562 1.16276
0.429688 0.609375 1.15785
0.4375 0.609375 1.16388
0.414062 0.617188 1.14477
0.421875 0.617188 1.1522
0.414062 0.625 1.14581
0.421875 0.625 1.15325
0.429688 0.617188 1.15893
0.4375 0.617188 1.16497
0.429688 0.625 1.15999
0.4375 0.625 1.16603
0.445312 0.570312 1.16333
0.453125 0.570312 1.16794
0.445312 0.578125 1.16456
0.453125 0.578125 1.16917
0.460938 0.570312 1.17184
0.46875 0.570312 1.17503
0.460938 0.578125 1.17308
0.46875 0.578125 1.17627
0.445312 0.585938 1.16577
0.453125 0.585938 1.17038
0.445312 0.59375 1.16694
0.453125 0.59375 1.17156
0.460938 0.585938 1.17429
0.46875 0.585938 1.17749
0.460938 0.59375 1.17547
0.46875 0.59375 1.17867
0.476562 0.570312 1.17752
0.484375 0.570312 1.17929
0.476562 0.578125 1.17876
0.484375 0.578125 1.18054
0.492188 0.570312 1.18036
0.5 0.570312 1.18072
0.492188 0.578125 1.18161
0.5 0.578125 1.18196
0.476562 0.585938 1.17998
0.484375 0.585938 1.18176
0.476562 0.59375 1.18117
0.484375 0.59375 1.18295
0.492188 0.585938 1.18283
0.5 0.585938 1.18319
0.492188 0.59375 1.18402
0.5 0.59375 1.18438
0.445312 0.601562 1.16809
0.453125 0.601562 1.17271
0.445312 0.609375 1.16921
0.453125 0.609375 1.17384
0.460938 0.601562 1.17663
0.46875 0.601562 1.17984
0.460938 0.609375 1.17776
0.46875 0.609375 1.18097
0.445312 0.617188 1.17031
0.453125 0.617188 1.17494
0.445312 0.625 1.17138
0.453125 0.625 1.17601
0.460938 0.617188 1.17886
0.46875 0.617188 1.18207
0.460938 0.625 1.17994
0.46875 0.625 1.18315
0.476562 0.601562 1.18233
0.484375 0.601562 1.18412
0.476562 0.609375 1.18347
0.484375 0.609375 1.18525
0.492188 0.601562 1.18519
0.5 0.601562 1.18554
0.492188 0.609375 1.18632
0.5 0.609375 1.18668
0.476562 0.617188 1.18458
0.484375 0.617188 1.18636
0.476562 0.625 1.18566
0.484375 0.625 1.18745
0.492188 0.617188 1.18744
0.5 0.617188 1.18779
0.492188 0.625 1.18852
0.5 0.625 1.18888
0.257812 0.632812 0.861809
0.265625 0.632812 0.881685
0.257812 0.640625 0.862556
0.265625 0.640625 0.88245
0.273438 0.632812 0.901031
0.28125 0.632812 0.919834
0.273438 0.640625 0.901812
0.28125 0.640625 0.920631
0.257812 0.648438 0.863285
0.265625 0.648438 0.883196
0.257812 0.65625 0.863994
0.265625 0.65625 0.883921
0.273438 0.648438 0.902574
0.28125 0.648438 0.92141
0.273438 0.65625 0.903316
0.28125 0.65625 0.922166
0.289062 0.632812 0.938083
0.296875 0.632812 0.955767
0.289062 0.640625 0.938896
0.296875 0.640625 0.956595
0.304688 0.632812 0.972875
0.3125 0.632812 0.989397
0.304688 0.640625 0.973718
0.3125 0.640625 0.990254
0.289062 0.648438 0.93969
0.296875 0.648438 0.957404
0.289062 0.65625 0.940462
0.296875 0.65625 0.95819
0.304688 0.648438 0.974541
0.3125 0.648438 0.991091
0.304688 0.65625 0.975342
0.3125 0.65625 0.991906
0.257812 0.664062 0.864686
0.265625 0.664062 0.884629
0.257812 0.671875 0.865358
0.265625 0.671875 0.885316
0.273438 0.664062 0.904039
0.28125 0.664062 0.922905
0.273438 0.671875 0.904742
0.28125 0.671875 0.923622
0.257812 0.679688 0.866013
0.265625 0.679688 0.885986
0.257812 0.6875 0.866648
0.265625 0.6875 0.886636
0.273438 0.679688 0.905426
0.28125 0.679688 0.924321
0.273438 0.6875 0.90609
0.28125 0.6875 0.924999
0.289062 0.664062 0.941215
0.296875 0.664062 0.958957
0.289062 0.671875 0.941946
0.296875 0.671875 0.959703
0.304688 0.664062 0.976123
0.3125 0.664062 0.9927
0.304688 0.671875 0.976881
0.3125 0.671875 0.993471
0.289062 0.679688 0.942659
0.296875 0.679688 0.960429
0.289062 0.6875 0.94335
0.296875 0.6875 0.961133
0.304688 0.679688 0.97762
0.3125 0.679688 0.994223
0.304688 0.6875 0.978338
0.3125 0.6875 0.994952
0.320312 0.632812 1.00532
0.328125 0.632812 1.02064
0.320312 0.640625 1.00619
0.328125 0.640625 1.02153
0.335938 0.632812 1.03535
0.34375 0.632812 1.04943
0.335938 0.640625 1.03625
0.34375 0.640625 1.05034
0.320312 0.648438 1.00704
0.328125 0.648438 1.02239
0.320312 0.65625 1.00787
0.328125 0.65625 1.02323
0.335938 0.648438 1.03712
0.34375 0.648438 1.05123
0.335938 0.65625 1.03797
0.34375 0.65625 1.05209
0.351562 0.632812 1.06288
0.359375 0.632812 1.07569
0.351562 0.640625 1.0638
0.359375 0.640625 1.07662
0.367188 0.632812 1.08785
0.375 0.632812 1.09936
0.367188 0.640625 1.0888
0.375 0.640625 1.10031
0.351562 0.648438 1.0647
0.359375 0.648438 1.07753
0.351562 0.65625 1.06558
0.359375 0.65625 1.07842
0.367188 0.648438 1.08972
0.375 0.648438 1.10124
0.367188 0.65625 1.09061
0.375 0.65625 1.10215
0.320312 0.664062 1.00868
0.328125 0.664062 1.02405
0.320312 0.671875 1.00946
0.328125 0.671875 1.02485
0.335938 0.664062 1.03881
0.34375 0.664062 1.05293
0.335938 0.671875 1.03961
0.34375 0.671875 1.05375
0.320312 0.679688 1.01023
0.328125 0.679688 1.02562
0.320312 0.6875 1.01097
0.328125 0.6875 1.02637
0.335938 0.679688 1.0404
0.34375 0.679688 1.05455
0.335938 0.6875 1.04116
0.34375 0.6875 1.05532
0.351562 0.664062 1.06643
0.359375 0.664062 1.07928
0.351562 0.671875 1.06726
0.359375 0.671875 1.08012
0.367188 0.664062 1.09148
0.375 0.664062 1.10303
0.367188 0.671875 1.09233
0.375 0.671875 1.10389
0.351562 0.679688 1.06807
0.359375 0.679688 1.08094
0.351562 0.6875 1.06885
0.359375 0.6875 1.08173
0.367188 0.679688 1.09316
0.375 0.679688 1.10472
0.367188 0.6875 1.09396
0.375 0.6875 1.10553
0.257812 0.695312 0.867266
0.265625 0.695312 0.887269
0.257812 0.703125 0.867866
0.265625 0.703125 0.887882
0.273438 0.695312 0.906737
0.28125 0.695312 0.925659
0.273438 0.703125 0.907364
0.28125 0.703125 0.926299
0.257812 0.710938 0.868448
0.265625 0.710938 0.888478
0.257812 0.71875 0.869012
0.265625 0.71875 0.889055
0.273438 0.710938 0.907973
0.28125 0.710938 0.926921
0.273438 0.71875 0.908562
0.28125 0.71875 0.927522
0.289062 0.695312 0.944024
0.296875 0.695312 0.96182
0.289062 0.703125 0.944676
0.296875 0.703125 0.962484
0.304688 0.695312 0.979036
0.3125 0.695312 0.995663
0.304688 0.703125 0.979712
0.3125 0.703125 0.99635
0.289062 0.710938 0.94531
0.296875 0.710938 0.96313
0.289062 0.71875 0.945923
0.296875 0.71875 0.963755
0.304688 0.710938 0.98037
0.3125 0.710938 0.997019
0.304688 0.71875 0.981006
0.3125 0.71875 0.997666
0.257812 0.726562 0.869559
0.265625 0.726562 0.889615
0.257812 0.734375 0.870088
0.265625 0.734375 0.890155
0.273438 0.726562 0.909135
0.28125 0.726562 0.928107
0.273438 0.734375 0.909687
0.28125 0.734375 0.92867
0.257812 0.742188 0.8706
0.265625 0.742188 0.89068
0.257812 0.75 0.871094
0.265625 0.75 0.891185
0.273438 0.742188 0.910223
0.28125 0.742188 0.929218
0.273438 0.75 0.910739
0.28125 0.75 0.929745
0.289062 0.726562 0.94652
0.296875 0.726562 0.964362
0.289062 0.734375 0.947095
0.296875 0.734375 0.964948
0.304688 0.726562 0.981624
0.3125 0.726562 0.998295
0.304688 0.734375 0.982221
0.3125 0.734375 0.998901
0.289062 0.742188 0.947653
0.296875 0.742188 0.965517
0.289062 0.75 0.94819
0.296875 0.75 0.966064
0.304688 0.742188 0.9828
0.3125 0.742188 0.99949
0.304688 0.75 0.983357
0.3125 0.75 1.00006
0.320312 0.695312 1.01169
0.328125 0.695312 1.02711
0.320312 0.703125 1.01239
0.328125 0.703125 1.02782
0.335938 0.695312 1.04191
0.34375 0.695312 1.05608
0.335938 0.703125 1.04263
0.34375 0.703125 1.05681
0.320312 0.710938 1.01307
0.328125 0.710938 1.02851
0.320312 0.71875 1.01373
0.328125 0.71875 1.02917
0.335938 0.710938 1.04333
0.34375 0.710938 1.05752
0.335938 0.71875 1.044
0.34375 0.71875 1.0582
0.351562 0.695312 1.06961
0.359375 0.695312 1.0825
0.351562 0.703125 1.07035
0.359375 0.703125 1.08325
0.367188 0.695312 1.09474
0.375 0.695312 1.10632
0.367188 0.703125 1.0955
0.375 0.703125 1.10709
0.351562 0.710938 1.07107
0.359375 0.710938 1.08398
0.351562 0.71875 1.07176
0.359375 0.71875 1.08468
0.367188 0.710938 1.09623
0.375 0.710938 1.10783
0.367188 0.71875 1.09694
0.375 0.71875 1.10855
0.320312 0.726562 1.01436
0.328125 0.726562 1.02982
0.320312 0.734375 1.01498
0.328125 0.734375 1.03045
0.335938 0.726562 1.04466
0.34375 0.726562 1.05887
0.335938 0.734375 1.0453
0.34375 0.734375 1.05951
0.320312 0.742188 1.01558
0.328125 0.742188 1.03106
0.320312 0.75 1.01615
0.328125 0.75 1.03164
0.335938 0.742188 1.04591
0.34375 0.742188 1.06014
0.335938 0.75 1.0465
0.34375 0.75 1.06074
0.351562 0.726562 1.07244
0.359375 0.726562 1.08536
0.351562 0.734375 1.07309
0.359375 0.734375 1.08602
0.367188 0.726562 1.09764
0.375 0.726562 1.10925
0.367188 0.734375 1.0983
0.375 0.734375 1.10992
0.351562 0.742188 1.07372
0.359375 0.742188 1.08666
0.351562 0.75 1.07433
0.359375 0.75 1.08728
0.367188 0.742188 1.09895
0.375 0.742188 1.11057
0.367188 0.75 1.09957
0.375 0.75 1.1112
0.382812 0.632812 1.1102
0.390625 0.632812 1.12038
0.382812 0.640625 1.11117
0.390625 0.640625 1.12135
0.398438 0.632812 1.12988
0.40625 0.632812 1.1387
0.398438 0.640625 1.13086
0.40625 0.640625 1.13969
0.382812 0.648438 1.1121
0.390625 0.648438 1.1223
0.382812 0.65625 1.11302
0.390625 0.65625 1.12322
0.398438 0.648438 1.13181
0.40625 0.648438 1.14065
0.398438 0.65625 1.13274
0.40625 0.65625 1.14159
0.414062 0.632812 1.14683
0.421875 0.632812 1.15428
0.414062 0.640625 1.14783
0.421875 0.640625 1.15528
0.429688 0.632812 1.16102
0.4375 0.632812 1.16707
0.429688 0.640625 1.16203
0.4375 0.640625 1.16808
0.414062 0.648438 1.1488
0.421875 0.648438 1.15625
0.414062 0.65625 1.14974
0.421875 0.65625 1.1572
0.429688 0.648438 1.16301
0.4375 0.648438 1.16907
0.429688 0.65625 1.16397
0.4375 0.65625 1.17003
0.382812 0.664062 1.11391
0.390625 0.664062 1.12412
0.382812 0.671875 1.11477
0.390625 0.671875 1.12499
0.398438 0.664062 1.13365
0.40625 0.664062 1.1425
0.398438 0.671875 1.13453
0.40625 0.671875 1.14339
0.382812 0.679688 1.11562
0.390625 0.679688 1.12584
0.382812 0.6875 1.11644
0.390625 0.6875 1.12667
0.398438 0.679688 1.13539
0.40625 0.679688 1.14425
0.398438 0.6875 1.13622
0.40625 0.6875 1.14509
0.414062 0.664062 1.15066
0.421875 0.664062 1.15813
0.414062 0.671875 1.15156
0.421875 0.671875 1.15903
0.429688 0.664062 1.1649
0.4375 0.664062 1.17097
0.429688 0.671875 1.16581
0.4375 0.671875 1.17188
0.414062 0.679688 1.15243
0.421875 0.679688 1.15991
0.414062 0.6875 1.15327
0.421875 0.6875 1.16076
0.429688 0.679688 1.16669
0.4375 0.679688 1.17277
0.429688 0.6875 1.16754
0.4375 0.6875 1.17363
0.445312 0.632812 1.17242
0.453125 0.632812 1.17706
0.445312 0.640625 1.17343
0.453125 0.640625 1.17808
0.460938 0.632812 1.18099
0.46875 0.632812 1.18421
0.460938 0.640625 1.18201
0.46875 0.640625 1.18523
0.445312 0.648438 1.17443
0.453125 0.648438 1.17907
0.445312 0.65625 1.17539
0.453125 0.65625 1.18004
0.460938 0.648438 1.18301
0.46875 0.648438 1.18624
0.460938 0.65625 1.18398
0.46875 0.65625 1.18721
0.476562 0.632812 1.18671
0.484375 0.632812 1.1885
0.476562 0.640625 1.18774
0.484375 0.640625 1.18953
0.492188 0.632812 1.18958
0.5 0.632812 1.18994
0.492188 0.640625 1.19061
0.5 0.640625 1.19097
0.476562 0.648438 1.18875
0.484375 0.648438 1.19054
0.476562 0.65625 1.18972
0.484375 0.65625 1.19152
0.492188 0.648438 1.19162
0.5 0.648438 1.19198
0.492188 0.65625 1.1926
0.5 0.65625 1.19295
0.445312 0.664062 1.17633
0.453125 0.664062 1.18099
0.445312 0.671875 1.17725
0.453125 0.671875 1.18191
0.460938 0.664062 1.18493
0.46875 0.664062 1.18816
0.460938 0.671875 1.18585
0.46875 0.671875 1.18908
0.445312 0.679688 1.17814
0.453125 0.679688 1.1828
0.445312 0.6875 1.179
0.453125 0.6875 1.18367
0.460938 0.679688 1.18675
0.46875 0.679688 1.18998
0.460938 0.6875 1.18762
0.46875 0.6875 1.19086
0.476562 0.664062 1.19067
0.484375 0.664062 1.19247
0.476562 0.671875 1.1916
0.484375 0.671875 1.1934
0.492188 0.664062 1.19355
0.5 0.664062 1.19391
0.492188 0.671875 1.19448
0.5 0.671875 1.19484
0.476562 0.679688 1.1925
0.484375 0.679688 1.1943
0.476562 0.6875 1.19338
0.484375 0.6875 1.19518
0.492188 0.679688 1.19538
0.5 0.679688 1.19574
0.492188 0.6875 1.19626
0.5 0.6875 1.19662
0.382812 0.695312 1.11723
0.390625 0.695312 1.12747
0.382812 0.703125 1.11801
0.390625 0.703125 1.12825
0.398438 0.695312 1.13703
0.40625 0.695312 1.14591
0.398438 0.703125 1.13782
0.40625 0.703125 1.1467
0.382812 0.710938 1.11876
0.390625 0.710938 1.12901
0.382812 0.71875 1.11948
0.390625 0.71875 1.12974
0.398438 0.710938 1.13858
0.40625 0.710938 1.14747
0.398438 0.71875 1.13932
0.40625 0.71875 1.14822
0.414062 0.695312 1.1541
0.421875 0.695312 1.16159
0.414062 0.703125 1.15489
0.421875 0.703125 1.16239
0.429688 0.695312 1.16838
0.4375 0.695312 1.17446
0.429688 0.703125 1.16918
0.4375 0.703125 1.17528
0.414062 0.710938 1.15567
0.421875 0.710938 1.16317
0.414062 0.71875 1.15642
0.421875 0.71875 1.16392
0.429688 0.710938 1.16997
0.4375 0.710938 1.17606
0.429688 0.71875 1.17073
0.4375 0.71875 1.17683
0.382812 0.726562 1.12019
0.390625 0.726562 1.13045
0.382812 0.734375 1.12087
0.390625 0.734375 1.13114
0.398438 0.726562 1.14004
0.40625 0.726562 1.14894
0.398438 0.734375 1.14073
0.40625 0.734375 1.14964
0.382812 0.742188 1.12153
0.390625 0.742188 1.13181
0.382812 0.75 1.12216
0.390625 0.75 1.13245
0.398438 0.742188 1.14141
0.40625 0.742188 1.15032
0.398438 0.75 1.14205
0.40625 0.75 1.15097
0.414062 0.726562 1.15715
0.421875 0.726562 1.16466
0.414062 0.734375 1.15785
0.421875 0.734375 1.16536
0.429688 0.726562 1.17147
0.4375 0.726562 1.17757
0.429688 0.734375 1.17218
0.4375 0.734375 1.17828
0.414062 0.742188 1.15853
0.421875 0.742188 1.16605
0.414062 0.75 1.15919
0.421875 0.75 1.16671
0.429688 0.742188 1.17287
0.4375 0.742188 1.17898
0.429688 0.75 1.17353
0.4375 0.75 1.17965
0.445312 0.695312 1.17984
0.453125 0.695312 1.18451
0.445312 0.703125 1.18066
0.453125 0.703125 1.18533
0.460938 0.695312 1.18847
0.46875 0.695312 1.19171
0.460938 0.703125 1.18929
0.46875 0.703125 1.19253
0.445312 0.710938 1.18145
0.453125 0.710938 1.18613
0.445312 0.71875 1.18222
0.453125 0.71875 1.1869
0.460938 0.710938 1.19009
0.46875 0.710938 1.19333
0.460938 0.71875 1.19086
0.46875 0.71875 1.19411
0.476562 0.695312 1.19423
0.484375 0.695312 1.19603
0.476562 0.703125 1.19505
0.484375 0.703125 1.19686
0.492188 0.695312 1.19711
0.5 0.695312 1.19747
0.492188 0.703125 1.19794
0.5 0.703125 1.1983
0.476562 0.710938 1.19586
0.484375 0.710938 1.19766
0.476562 0.71875 1.19663
0.484375 0.71875 1.19844
0.492188 0.710938 1.19874
0.5 0.710938 1.19911
0.492188 0.71875 1.19952
0.5 0.71875 1.19988
0.445312 0.726562 1.18296
0.453125 0.726562 1.18764
0.445312 0.734375 1.18368
0.453125 0.734375 1.18837
0.460938 0.726562 1.19161
0.46875 0.726562 1.19486
0.460938 0.734375 1.19233
0.46875 0.734375 1.19558
0.445312 0.742188 1.18438
0.453125 0.742188 1.18907
0.445312 0.75 1.18505
0.453125 0.75 1.18974
0.460938 0.742188 1.19304
0.46875 0.742188 1.19629
0.460938 0.75 1.19371
0.46875 0.75 1.19697
0.476562 0.726562 1.19739
0.484375 0.726562 1.19919
0.476562 0.734375 1.19811
0.484375 0.734375 1.19992
0.492188 0.726562 1.20028
0.5 0.726562 1.20064
0.492188 0.734375 1.20101
0.5 0.734375 1.20137
0.476562 0.742188 1.19882
0.484375 0.742188 1.20063
0.476562 0.75 1.1995
0.484375 0.75 1.20131
0.492188 0.742188 1.20171
0.5 0.742188 1.20208
0.492188 0.75 1.2024
0.5 0.75 1.20276
0 0.757812 0
0.0078125 0.757812 0.0295334
0.015625 0.757812 0.059049
0 0.765625 0
0.0078125 0.765625 0.029549
0.015625 0.765625 0.0590801
0.0234375 0.757812 0.088529
0.03125 0.757812 0.117956
0.0234375 0.765625 0.0885757
0.03125 0.765625 0.118018
0 0.773438 0
0.0078125 0.773438 0.029564
0.015625 0.773438 0.0591102
0 0.78125 0
0.0078125 0.78125 0.0295785
0.015625 0.78125 0.0591391
0.0234375 0.773438 0.0886208
0.03125 0.773438 0.118078
0.0234375 0.78125 0.0886641
0.03125 0.78125 0.118136
0.0390625 0.757812 0.147311
0.046875 0.757812 0.176578
0.0390625 0.765625 0.147389
0.046875 0.765625 0.176671
0.0546875 0.757812 0.205739
0.0625 0.757812 0.234775
0.0546875 0.765625 0.205847
0.0625 0.765625 0.234899
0.0390625 0.773438 0.147464
0.046875 0.773438 0.176761
0.0390625 0.78125 0.147536
0.046875 0.78125 0.176848
0.0546875 0.773438 0.205952
0.0625 0.773438 0.235019
0.0546875 0.78125 0.206053
0.0625 0.78125 0.235134
0 0.789062 0
0.0078125 0.789062 0.0295924
0.015625 0.789062 0.059167
0 0.796875 0
0.0078125 0.796875 0.0296057
0.015625 0.796875 0.0591936
0.0234375 0.789062 0.0887059
0.03125 0.789062 0.118191
0.0234375 0.796875 0.0887458
0.03125 0.796875 0.118245
0 0.804688 0
0.0078125 0.804688 0.0296186
0.015625 0.804688 0.0592193
0 0.8125 0
0.0078125 0.8125 0.0296308
0.015625 0.8125 0.0592437
0.0234375 0.804688 0.0887843
0.03125 0.804688 0.118296
0.0234375 0.8125 0.0888209
0.03125 0.8125 0.118345
0.0390625 0.789062 0.147606
0.046875 0.789062 0.176931
0.0390625 0.796875 0.147672
0.046875 0.796875 0.177011
0.0546875 0.789062 0.20615
0.0625 0.789062 0.235245
0.0546875 0.796875 0.206243
0.0625 0.796875 0.23535
0.0390625 0.804688 0.147736
0.046875 0.804688 0.177087
0.0390625 0.8125 0.147797
0.046875 0.8125 0.17716
0.0546875 0.804688 0.206332
0.0625 0.804688 0.235452
0.0546875 0.8125 0.206417
0.0625 0.8125 0.235549
0.0703125 0.757812 0.263671
0.078125 0.757812 0.292407
0.0703125 0.765625 0.26381
0.078125 0.765625 0.292561
0.0859375 0.757812 0.320967
0.09375 0.757812 0.349334
0.0859375 0.765625 0.321136
0.09375 0.765625 0.349518
0.0703125 0.773438 0.263944
0.078125 0.773438 0.29271
0.0703125 0.78125 0.264073
0.078125 0.78125 0.292853
0.0859375 0.773438 0.3213
0.09375 0.773438 0.349697
0.0859375 0.78125 0.321457
0.09375 0.78125 0.349867
0.101562 0.757812 0.377491
0.109375 0.757812 0.40542
0.101562 0.765625 0.37769
0.109375 0.765625 0.405633
0.117188 0.757812 0.433105
0.125 0.757812 0.460528
0.117188 0.765625 0.433333
0.125 0.765625 0.460771
0.101562 0.773438 0.377882
0.109375 0.773438 0.40584
0.101562 0.78125 0.378067
0.109375 0.78125 0.406038
0.117188 0.773438 0.433554
0.125 0.773438 0.461006
0.117188 0.78125 0.433766
0.125 0.78125 0.461231
0.0703125 0.789062 0.264198
0.078125 0.789062 0.292991
0.0703125 0.796875 0.264316
0.078125 0.796875 0.293123
0.0859375 0.789062 0.321609
0.09375 0.789062 0.350032
0.0859375 0.796875 0.321753
0.09375 0.796875 0.35019
0.0703125 0.804688 0.264431
0.078125 0.804688 0.29325
0.0703125 0.8125 0.26454
0.078125 0.8125 0.293371
0.0859375 0.804688 0.321893
0.09375 0.804688 0.350342
0.0859375 0.8125 0.322025
0.09375 0.8125 0.350486
0.101562 0.789062 0.378245
0.109375 0.789062 0.40623
0.101562 0.796875 0.378415
0.109375 0.796875 0.406413
0.117188 0.789062 0.43397
0.125 0.789062 0.461449
0.117188 0.796875 0.434165
0.125 0.796875 0.461656
0.101562 0.804688 0.378579
0.109375 0.804688 0.406589
0.101562 0.8125 0.378735
0.109375 0.8125 0.406756
0.117188 0.804688 0.434354
0.125 0.804688 0.461857
0.117188 0.8125 0.434533
0.125 0.8125 0.462047
0 0.820312 0
0.0078125 0.820312 0.0296425
0.015625 0.820312 0.0592671
0 0.828125 0
0.0078125 0.828125 0.0296536
0.015625 0.828125 0.0592894
0.0234375 0.820312 0.0888561
0.03125 0.820312 0.118392
0.0234375 0.828125 0.0888894
0.03125 0.828125 0.118436
0 0.835938 0
0.0078125 0.835938 0.0296643
0.015625 0.835938 0.0593107
0 0.84375 0
0.0078125 0.84375 0.0296743
0.015625 0.84375 0.0593308
0.0234375 0.835938 0.0889214
0.03125 0.835938 0.118478
0.0234375 0.84375 0.0889515
0.03125 0.84375 0.118519
0.0390625 0.820312 0.147856
0.046875 0.820312 0.177231
0.0390625 0.828125 0.147911
0.046875 0.828125 0.177297
0.0546875 0.820312 0.206499
0.0625 0.820312 0.235643
0.0546875 0.828125 0.206576
0.0625 0.828125 0.235731
0.0390625 0.835938 0.147964
0.046875 0.835938 0.177361
0.0390625 0.84375 0.148014
0.046875 0.84375 0.177421
0.0546875 0.835938 0.206651
0.0625 0.835938 0.235816
0.0546875 0.84375 0.206721
0.0625 0.84375 0.235896
0 0.851562 0
0.0078125 0.851562 0.0296839
0.015625 0.851562 0.05935
0 0.859375 0
0.0078125 0.859375 0.0296929
0.015625 0.859375 0.0593679
0.0234375 0.851562 0.0889803
0.03125 0.851562 0.118557
0.0234375 0.859375 0.0890072
0.03125 0.859375 0.118593
0 0.867188 0
0.0078125 0.867188 0.0297015
0.015625 0.867188 0.0593851
0 0.875 0
0.0078125 0.875 0.0297094
0.015625 0.875 0.0594009
0.0234375 0.867188 0.0890329
0.03125 0.867188 0.118627
0.0234375 0.875 0.0890567
0.03125 0.875 0.118659
0.0390625 0.851562 0.148062
0.046875 0.851562 0.177478
0.0390625 0.859375 0.148107
0.046875 0.859375 0.177532
0.0546875 0.851562 0.206788
0.0625 0.851562 0.235972
0.0546875 0.859375 0.20685
0.0625 0.859375 0.236044
0.0390625 0.867188 0.14815
0.046875 0.867188 0.177583
0.0390625 0.875 0.148189
0.046875 0.875 0.177631
0.0546875 0.867188 0.20691
0.0625 0.867188 0.236112
0.0546875 0.875 0.206965
0.0625 0.875 0.236175
0.0703125 0.820312 0.264645
0.078125 0.820312 0.293487
0.0703125 0.828125 0.264744
0.078125 0.828125 0.293597
0.0859375 0.820312 0.322153
0.09375 0.820312 0.350625
0.0859375 0.828125 0.322274
0.09375 0.828125 0.350756
0.0703125 0.835938 0.264839
0.078125 0.835938 0.293703
0.0703125 0.84375 0.264929
0.078125 0.84375 0.293802
0.0859375 0.835938 0.32239
0.09375 0.835938 0.350882
0.0859375 0.84375 0.322499
0.09375 0.84375 0.351001
0.101562 0.820312 0.378885
0.109375 0.820312 0.406918
0.101562 0.828125 0.379027
0.109375 0.828125 0.40707
0.117188 0.820312 0.434705
0.125 0.820312 0.46223
0.117188 0.828125 0.434868
0.125 0.828125 0.462403
0.101562 0.835938 0.379164
0.109375 0.835938 0.407217
0.101562 0.84375 0.379292
0.109375 0.84375 0.407354
0.117188 0.835938 0.435024
0.125 0.835938 0.46257
0.117188 0.84375 0.435171
0.125 0.84375 0.462726
0.0703125 0.851562 0.265015
0.078125 0.851562 0.293898
0.0703125 0.859375 0.265095
0.078125 0.859375 0.293986
0.0859375 0.851562 0.322603
0.09375 0.851562 0.351115
0.0859375 0.859375 0.322701
0.09375 0.859375 0.351221
0.0703125 0.867188 0.265171
0.078125 0.867188 0.294071
0.0703125 0.875 0.265242
0.078125 0.875 0.29415
0.0859375 0.867188 0.322794
0.09375 0.867188 0.351322
0.0859375 0.875 0.32288
0.09375 0.875 0.351416
0.101562 0.851562 0.379415
0.109375 0.851562 0.407486
0.101562 0.859375 0.37953
0.109375 0.859375 0.40761
0.117188 0.851562 0.435312
0.125 0.851562 0.462876
0.117188 0.859375 0.435444
0.125 0.859375 0.463016
0.101562 0.867188 0.379639
0.109375 0.867188 0.407727
0.101562 0.875 0.379741
0.109375 0.875 0.407836
0.117188 0.867188 0.43557
0.125 0.867188 0.46315
0.117188 0.875 0.435686
0.125 0.875 0.463274
0.132812 0.757812 0.487675
0.140625 0.757812 0.514528
0.132812 0.765625 0.487932
0.140625 0.765625 0.514799
0.148438 0.757812 0.541071
0.15625 0.757812 0.567288
0.148438 0.765625 0.541356
0.15625 0.765625 0.567587
0.132812 0.773438 0.488181
0.140625 0.773438 0.515062
0.132812 0.78125 0.488419
0.140625 0.78125 0.515313
0.148438 0.773438 0.541632
0.15625 0.773438 0.567876
0.148438 0.78125 0.541897
0.15625 0.78125 0.568154
0.164062 0.757812 0.593163
0.171875 0.757812 0.618681
0.164062 0.765625 0.593476
0.171875 0.765625 0.619007
0.179688 0.757812 0.643826
0.1875 0.757812 0.668584
0.179688 0.765625 0.644166
0.1875 0.765625 0.668936
0.164062 0.773438 0.593779
0.171875 0.773438 0.619323
0.164062 0.78125 0.594068
0.171875 0.78125 0.619625
0.179688 0.773438 0.644494
0.1875 0.773438 0.669277
0.179688 0.78125 0.644809
0.1875 0.78125 0.669604
0.132812 0.789062 0.48865
0.140625 0.789062 0.515556
0.132812 0.796875 0.48887
0.140625 0.796875 0.515788
0.148438 0.789062 0.542152
0.15625 0.789062 0.568422
0.148438 0.796875 0.542396
0.15625 0.796875 0.568677
0.132812 0.804688 0.489081
0.140625 0.804688 0.516012
0.132812 0.8125 0.489283
0.140625 0.8125 0.516224
0.148438 0.804688 0.542631
0.15625 0.804688 0.568924
0.148438 0.8125 0.542855
0.15625 0.8125 0.569158
0.164062 0.789062 0.594348
0.171875 0.789062 0.619917
0.164062 0.796875 0.594616
0.171875 0.796875 0.620196
0.179688 0.789062 0.645113
0.1875 0.789062 0.66992
0.179688 0.796875 0.645403
0.1875 0.796875 0.670221
0.164062 0.804688 0.594874
0.171875 0.804688 0.620465
0.164062 0.8125 0.595119
0.171875 0.8125 0.620721
0.179688 0.804688 0.645683
0.1875 0.804688 0.670512
0.179688 0.8125 0.645949
0.1875 0.8125 0.670788
0.195312 0.757812 0.692938
0.203125 0.757812 0.716876
0.195312 0.765625 0.693304
0.203125 0.765625 0.717254
0.210938 0.757812 0.740381
0.21875 0.757812 0.763441
0.210938 0.765625 0.740772
0.21875 0.765625 0.763843
0.195312 0.773438 0.693657
0.203125 0.773438 0.71762
0.195312 0.78125 0.693996
0.203125 0.78125 0.71797
0.210938 0.773438 0.74115
0.21875 0.773438 0.764233
0.210938 0.78125 0.741511
0.21875 0.78125 0.764606
0.226562 0.757812 0.786041
0.234375 0.757812 0.808167
0.226562 0.765625 0.786455
0.234375 0.765625 0.808593
0.242188 0.757812 0.829806
0.25 0.757812 0.850946
0.242188 0.765625 0.830244
0.25 0.765625 0.851394
0.226562 0.773438 0.786856
0.234375 0.773438 0.809005
0.226562 0.78125 0.78724
0.234375 0.78125 0.8094
0.242188 0.773438 0.830667
0.25 0.773438 0.851829
0.242188 0.78125 0.831073
0.25 0.78125 0.852245
0.195312 0.789062 0.694323
0.203125 0.789062 0.718309
0.195312 0.796875 0.694636
0.203125 0.796875 0.718632
0.210938 0.789062 0.741861
0.21875 0.789062 0.764967
0.210938 0.796875 0.742195
0.21875 0.796875 0.765311
0.195312 0.804688 0.694937
0.203125 0.804688 0.718943
0.195312 0.8125 0.695223
0.203125 0.8125 0.71924
0.210938 0.804688 0.742517
0.21875 0.804688 0.765643
0.210938 0.8125 0.742823
0.21875 0.8125 0.765958
0.226562 0.789062 0.787612
0.234375 0.789062 0.809782
0.226562 0.796875 0.787966
0.234375 0.796875 0.810146
0.242188 0.789062 0.831465
0.25 0.789062 0.852646
0.242188 0.796875 0.831839
0.25 0.796875 0.85303
0.226562 0.804688 0.788307
0.234375 0.804688 0.810497
0.226562 0.8125 0.788632
0.234375 0.8125 0.810831
0.242188 0.804688 0.832199
0.25 0.804688 0.8534
0.242188 0.8125 0.832542
0.25 0.8125 0.853751
0.132812 0.820312 0.489477
0.140625 0.820312 0.516429
0.132812 0.828125 0.48966
0.140625 0.828125 0.516623
0.148438 0.820312 0.54307
0.15625 0.820312 0.569384
0.148438 0.828125 0.543274
0.15625 0.828125 0.569597
0.132812 0.835938 0.489837
0.140625 0.835938 0.516808
0.132812 0.84375 0.490002
0.140625 0.84375 0.516983
0.148438 0.835938 0.543469
0.15625 0.835938 0.569802
0.148438 0.84375 0.543653
0.15625 0.84375 0.569995
0.164062 0.820312 0.595355
0.171875 0.820312 0.620967
0.164062 0.828125 0.595578
0.171875 0.828125 0.6212
0.179688 0.820312 0.646205
0.1875 0.820312 0.671054
0.179688 0.828125 0.646447
0.1875 0.828125 0.671306
0.164062 0.835938 0.595792
0.171875 0.835938 0.621423
0.164062 0.84375 0.595994
0.171875 0.84375 0.621634
0.179688 0.835938 0.64668
0.1875 0.835938 0.671547
0.179688 0.84375 0.646899
0.1875 0.84375 0.671774
0.132812 0.851562 0.490161
0.140625 0.851562 0.517151
0.132812 0.859375 0.490309
0.140625 0.859375 0.517307
0.148438 0.851562 0.543829
0.15625 0.851562 0.57018
0.148438 0.859375 0.543994
0.15625 0.859375 0.570352
0.132812 0.867188 0.490451
0.140625 0.867188 0.517456
0.132812 0.875 0.490582
0.140625 0.875 0.517595
0.148438 0.867188 0.54415
0.15625 0.867188 0.570517
0.148438 0.875 0.544296
0.15625 0.875 0.570669
0.164062 0.851562 0.596187
0.171875 0.851562 0.621835
0.164062 0.859375 0.596367
0.171875 0.859375 0.622023
0.179688 0.851562 0.647108
0.1875 0.851562 0.671992
0.179688 0.859375 0.647304
0.1875 0.859375 0.672195
0.164062 0.867188 0.596539
0.171875 0.867188 0.622202
0.164062 0.875 0.596699
0.171875 0.875 0.622369
0.179688 0.867188 0.647491
0.1875 0.867188 0.672389
0.179688 0.875 0.647664
0.1875 0.875 0.672569
0.195312 0.820312 0.695499
0.203125 0.820312 0.719525
0.195312 0.828125 0.69576
0.203125 0.828125 0.719794
0.210938 0.820312 0.743117
0.21875 0.820312 0.766262
0.210938 0.828125 0.743396
0.21875 0.828125 0.766549
0.195312 0.835938 0.69601
0.203125 0.835938 0.720053
0.195312 0.84375 0.696245
0.203125 0.84375 0.720297
0.210938 0.835938 0.743663
0.21875 0.835938 0.766825
0.210938 0.84375 0.743915
0.21875 0.84375 0.767084
0.226562 0.820312 0.788945
0.234375 0.820312 0.811153
0.226562 0.828125 0.789241
0.234375 0.828125 0.811457
0.242188 0.820312 0.832872
0.25 0.820312 0.85409
0.242188 0.828125 0.833184
0.25 0.828125 0.85441
0.226562 0.835938 0.789525
0.234375 0.835938 0.811749
0.226562 0.84375 0.789792
0.234375 0.84375 0.812024
0.242188 0.835938 0.833484
0.25 0.835938 0.854717
0.242188 0.84375 0.833766
0.25 0.84375 0.855007
0.195312 0.851562 0.696471
0.203125 0.851562 0.72053
0.195312 0.859375 0.696682
0.203125 0.859375 0.720748
0.210938 0.851562 0.744156
0.21875 0.851562 0.767333
0.210938 0.859375 0.744381
0.21875 0.859375 0.767565
0.195312 0.867188 0.696882
0.203125 0.867188 0.720956
0.195312 0.875 0.697069
0.203125 0.875 0.721149
0.210938 0.867188 0.744595
0.21875 0.867188 0.767786
0.210938 0.875 0.744795
0.21875 0.875 0.767992
0.226562 0.851562 0.790047
0.234375 0.851562 0.812286
0.226562 0.859375 0.790287
0.234375 0.859375 0.812532
0.242188 0.851562 0.834036
0.25 0.851562 0.855283
0.242188 0.859375 0.834289
0.25 0.859375 0.855542
0.226562 0.867188 0.790514
0.234375 0.867188 0.812767
0.226562 0.875 0.790726
0.234375 0.875 0.812984
0.242188 0.867188 0.834529
0.25 0.867188 0.855789
0.242188 0.875 0.834752
0.25 0.875 0.856018
0 0.882812 0
0.0078125 0.882812 0.0297169
0.015625 0.882812 0.059416
0 0.890625 0
0.0078125 0.890625 0.0297239
0.015625 0.890625 0.0594298
0.0234375 0.882812 0.0890793
0.03125 0.882812 0.118689
0.0234375 0.890625 0.0891
0.03125 0.890625 0.118716
0 0.898438 0
0.0078125 0.898438 0.0297304
0.015625 0.898438 0.0594429
0 0.90625 0
0.0078125 0.90625 0.0297363
0.015625 0.90625 0.0594547
0.0234375 0.898438 0.0891195
0.03125 0.898438 0.118743
0.0234375 0.90625 0.0891372
0.03125 0.90625 0.118766
0.0390625 0.882812 0.148227
0.046875 0.882812 0.177676
0.0390625 0.890625 0.148261
0.046875 0.890625 0.177717
0.0546875 0.882812 0.207018
0.0625 0.882812 0.236235
0.0546875 0.890625 0.207066
0.0625 0.890625 0.23629
0.0390625 0.898438 0.148294
0.046875 0.898438 0.177756
0.0390625 0.90625 0.148323
0.046875 0.90625 0.177791
0.0546875 0.898438 0.207111
0.0625 0.898438 0.236341
0.0546875 0.90625 0.207152
0.0625 0.90625 0.236388
0 0.914062 0
0.0078125 0.914062 0.0297418
0.015625 0.914062 0.0594657
0 0.921875 0
0.0078125 0.921875 0.0297467
0.015625 0.921875 0.0594755
0.0234375 0.914062 0.0891538
0.03125 0.914062 0.118788
0.0234375 0.921875 0.0891685
0.03125 0.921875 0.118808
0 0.929688 0
0.0078125 0.929688 0.0297513
0.015625 0.929688 0.0594846
0 0.9375 0
0.0078125 0.9375 0.0297552
0.015625 0.9375 0.0594925
0.0234375 0.929688 0.0891821
0.03125 0.929688 0.118826
0.0234375 0.9375 0.0891939
0.03125 0.9375 0.118842
0.0390625 0.914062 0.148351
0.046875 0.914062 0.177824
0.0390625 0.921875 0.148375
0.046875 0.921875 0.177854
0.0546875 0.914062 0.207191
0.0625 0.914062 0.236432
0.0546875 0.921875 0.207225
0.0625 0.921875 0.236471
0.0390625 0.929688 0.148398
0.046875 0.929688 0.177881
0.0390625 0.9375 0.148418
0.046875 0.9375 0.177904
0.0546875 0.929688 0.207257
0.0625 0.929688 0.236507
0.0546875 0.9375 0.207284
0.0625 0.9375 0.236539
0.0703125 0.882812 0.265309
0.078125 0.882812 0.294224
0.0703125 0.890625 0.265371
0.078125 0.890625 0.294293
0.0859375 0.882812 0.322962
0.09375 0.882812 0.351505
0.0859375 0.890625 0.323037
0.09375 0.890625 0.351587
0.0703125 0.898438 0.265429
0.078125 0.898438 0.294357
0.0703125 0.90625 0.265482
0.078125 0.90625 0.294416
0.0859375 0.898438 0.323108
0.09375 0.898438 0.351664
0.0859375 0.90625 0.323172
0.09375 0.90625 0.351734
0.101562 0.882812 0.379837
0.109375 0.882812 0.40794
0.101562 0.890625 0.379925
0.109375 0.890625 0.408035
0.117188 0.882812 0.435797
0.125 0.882812 0.463391
0.117188 0.890625 0.435898
0.125 0.890625 0.463499
0.101562 0.898438 0.380009
0.109375 0.898438 0.408124
0.101562 0.90625 0.380084
0.109375 0.90625 0.408205
0.117188 0.898438 0.435994
0.125 0.898438 0.4636
0.117188 0.90625 0.43608
0.125 0.90625 0.463693
0.0703125 0.914062 0.265531
0.078125 0.914062 0.294471
0.0703125 0.921875 0.265575
0.078125 0.921875 0.294519
0.0859375 0.914062 0.323232
0.09375 0.914062 0.351799
0.0859375 0.921875 0.323286
0.09375 0.921875 0.351858
0.0703125 0.929688 0.265616
0.078125 0.929688 0.294564
0.0703125 0.9375 0.265651
0.078125 0.9375 0.294603
0.0859375 0.929688 0.323335
0.09375 0.929688 0.351911
0.0859375 0.9375 0.323378
0.09375 0.9375 0.351958
0.101562 0.914062 0.380155
0.109375 0.914062 0.408281
0.101562 0.921875 0.380217
0.109375 0.921875 0.408348
0.117188 0.914062 0.436161
0.125 0.914062 0.463779
0.117188 0.921875 0.436233
0.125 0.921875 0.463855
0.101562 0.929688 0.380275
0.109375 0.929688 0.408411
0.101562 0.9375 0.380326
0.109375 0.9375 0.408465
0.117188 0.929688 0.4363
0.125 0.929688 0.463926
0.117188 0.9375 0.436357
0.125 0.9375 0.463987
0 0.945312 0
0.0078125 0.945312 0.0297588
0.015625 0.945312 0.0594996
0 0.953125 0
0.0078125 0.953125 0.0297617
0.015625 0.953125 0.0595055
0.0234375 0.945312 0.0892046
0.03125 0.945312 0.118856
0.0234375 0.953125 0.0892135
0.03125 0.953125 0.118868
0 0.960938 0
0.0078125 0.960938 0.0297643
0.015625 0.960938 0.0595108
0 0.96875 0
0.0078125 0.96875 0.0297664
0.015625 0.96875 0.0595148
0.0234375 0.960938 0.0892213
0.03125 0.960938 0.118878
0.0234375 0.96875 0.0892274
0.03125 0.96875 0.118886
0.0390625 0.945312 0.148436
0.046875 0.945312 0.177926
0.0390625 0.953125 0.14845
0.046875 0.953125 0.177943
0.0546875 0.945312 0.207309
0.0625 0.945312 0.236567
0.0546875 0.953125 0.207329
0.0625 0.953125 0.236591
0.0390625 0.960938 0.148463
0.046875 0.960938 0.177959
0.0390625 0.96875 0.148473
0.046875 0.96875 0.177971
0.0546875 0.960938 0.207348
0.0625 0.960938 0.236611
0.0546875 0.96875 0.207362
0.0625 0.96875 0.236627
0 0.976562 0
0.0078125 0.976562 0.029768
0.015625 0.976562 0.0595181
0 0.984375 0
0.0078125 0.984375 0.0297691
0.015625 0.984375 0.0595203
0.0234375 0.976562 0.0892324
0.03125 0.976562 0.118893
0.0234375 0.984375 0.0892356
0.03125 0.984375 0.118897
0 0.992188 0
0.0078125 0.992188 0.0297699
0.015625 0.992188 0.0595218
0 1 0
0.0078125 1 0.02977
0.015625 1 0.0595221
0.0234375 0.992188 0.0892379
0.03125 0.992188 0.1189
0.0234375 1 0.0892383
0.03125 1 0.118901
0.0390625 0.976562 0.148482
0.046875 0.976562 0.177981
0.0390625 0.984375 0.148487
0.046875 0.984375 0.177988
0.0546875 0.976562 0.207373
0.0625 0.976562 0.236641
0.0546875 0.984375 0.207381
0.0625 0.984375 0.236649
0.0390625 0.992188 0.148491
0.046875 0.992188 0.177992
0.0390625 1 0.148492
0.046875 1 0.177993
0.0546875 0.992188 0.207386
0.0625 0.992188 0.236655
0.0546875 1 0.207387
0.0625 1 0.236657
0.0703125 0.945312 0.265683
0.078125 0.945312 0.294638
0.0703125 0.953125 0.265709
0.078125 0.953125 0.294668
0.0859375 0.945312 0.323417
0.09375 0.945312 0.352
0.0859375 0.953125 0.323449
0.09375 0.953125 0.352035
0.0703125 0.960938 0.265733
0.078125 0.960938 0.294694
0.0703125 0.96875 0.265751
0.078125 0.96875 0.294714
0.0859375 0.960938 0.323477
0.09375 0.960938 0.352066
0.0859375 0.96875 0.323499
0.09375 0.96875 0.35209
0.101562 0.945312 0.380371
0.109375 0.945312 0.408514
0.101562 0.953125 0.380409
0.109375 0.953125 0.408554
0.117188 0.945312 0.43641
0.125 0.945312 0.464043
0.117188 0.953125 0.436453
0.125 0.953125 0.464089
0.101562 0.960938 0.380443
0.109375 0.960938 0.40859
0.101562 0.96875 0.380468
0.109375 0.96875 0.408618
0.117188 0.960938 0.436492
0.125 0.960938 0.46413
0.117188 0.96875 0.436521
0.125 0.96875 0.464161
0.0703125 0.976562 0.265766
0.078125 0.976562 0.29473
0.0703125 0.984375 0.265775
0.078125 0.984375 0.294741
0.0859375 0.976562 0.323517
0.09375 0.976562 0.35211
0.0859375 0.984375 0.323529
0.09375 0.984375 0.352122
0.0703125 0.992188 0.265782
0.078125 0.992188 0.294748
0.0703125 1 0.265783
0.078125 1 0.29475
0.0859375 0.992188 0.323537
0.09375 0.992188 0.352131
0.0859375 1 0.323539
0.09375 1 0.352133
0.101562 0.976562 0.38049
0.109375 0.976562 0.408641
0.101562 0.984375 0.380504
0.109375 0.984375 0.408656
0.117188 0.976562 0.436546
0.125 0.976562 0.464188
0.117188 0.984375 0.436561
0.125 0.984375 0.464204
0.101562 0.992188 0.380513
0.109375 0.992188 0.408666
0.101562 1 0.380515
0.109375 1 0.408668
0.117188 0.992188 0.436573
0.125 0.992188 0.464216
0.117188 1 0.436575
0.125 1 0.464219
0.132812 0.882812 0.490706
0.140625 0.882812 0.517726
0.132812 0.890625 0.490821
0.140625 0.890625 0.517847
0.148438 0.882812 0.544434
0.15625 0.882812 0.570814
0.148438 0.890625 0.544561
0.15625 0.890625 0.570947
0.132812 0.898438 0.490928
0.140625 0.898438 0.51796
0.132812 0.90625 0.491026
0.140625 0.90625 0.518063
0.148438 0.898438 0.54468
0.15625 0.898438 0.571072
0.148438 0.90625 0.544788
0.15625 0.90625 0.571185
0.164062 0.882812 0.59685
0.171875 0.882812 0.622526
0.164062 0.890625 0.596989
0.171875 0.890625 0.622671
0.179688 0.882812 0.647828
0.1875 0.882812 0.672739
0.179688 0.890625 0.647979
0.1875 0.890625 0.672896
0.164062 0.898438 0.59712
0.171875 0.898438 0.622808
0.164062 0.90625 0.597238
0.171875 0.90625 0.622932
0.179688 0.898438 0.648121
0.1875 0.898438 0.673044
0.179688 0.90625 0.64825
0.1875 0.90625 0.673177
0.132812 0.914062 0.491117
0.140625 0.914062 0.518159
0.132812 0.921875 0.491198
0.140625 0.921875 0.518245
0.148438 0.914062 0.544889
0.15625 0.914062 0.571291
0.148438 0.921875 0.544979
0.15625 0.921875 0.571386
0.132812 0.929688 0.491273
0.140625 0.929688 0.518324
0.132812 0.9375 0.491338
0.140625 0.9375 0.518392
0.148438 0.929688 0.545062
0.15625 0.929688 0.571473
0.148438 0.9375 0.545134
0.15625 0.9375 0.571548
0.164062 0.914062 0.597349
0.171875 0.914062 0.623047
0.164062 0.921875 0.597448
0.171875 0.921875 0.62315
0.179688 0.914062 0.64837
0.1875 0.914062 0.673302
0.179688 0.921875 0.648477
0.1875 0.921875 0.673413
0.164062 0.929688 0.597539
0.171875 0.929688 0.623245
0.164062 0.9375 0.597618
0.171875 0.9375 0.623328
0.179688 0.929688 0.648576
0.1875 0.929688 0.673516
0.179688 0.9375 0.648662
0.1875 0.9375 0.673605
0.195312 0.882812 0.697246
0.203125 0.882812 0.721332
0.195312 0.890625 0.697408
0.203125 0.890625 0.7215
0.210938 0.882812 0.744983
0.21875 0.882812 0.768186
0.210938 0.890625 0.745157
0.21875 0.890625 0.768365
0.195312 0.898438 0.697561
0.203125 0.898438 0.721658
0.195312 0.90625 0.697699
0.203125 0.90625 0.721801
0.210938 0.898438 0.74532
0.21875 0.898438 0.768533
0.210938 0.90625 0.745468
0.21875 0.90625 0.768686
0.226562 0.882812 0.790926
0.234375 0.882812 0.81319
0.226562 0.890625 0.79111
0.234375 0.890625 0.813379
0.242188 0.882812 0.834964
0.25 0.882812 0.856235
0.242188 0.890625 0.835158
0.25 0.890625 0.856434
0.226562 0.898438 0.791284
0.234375 0.898438 0.813558
0.226562 0.90625 0.791441
0.234375 0.90625 0.813719
0.242188 0.898438 0.835341
0.25 0.898438 0.856622
0.242188 0.90625 0.835507
0.25 0.90625 0.856792
0.195312 0.914062 0.697829
0.203125 0.914062 0.721935
0.195312 0.921875 0.697944
0.203125 0.921875 0.722054
0.210938 0.914062 0.745607
0.21875 0.914062 0.768829
0.210938 0.921875 0.74573
0.21875 0.921875 0.768956
0.195312 0.929688 0.698051
0.203125 0.929688 0.722165
0.195312 0.9375 0.698143
0.203125 0.9375 0.72226
0.210938 0.929688 0.745843
0.21875 0.929688 0.769073
0.210938 0.9375 0.745942
0.21875 0.9375 0.769175
0.226562 0.914062 0.791588
0.234375 0.914062 0.81387
0.226562 0.921875 0.791719
0.234375 0.921875 0.814005
0.242188 0.914062 0.835662
0.25 0.914062 0.856951
0.242188 0.921875 0.8358
0.25 0.921875 0.857093
0.226562 0.929688 0.79184
0.234375 0.929688 0.814129
0.226562 0.9375 0.791944
0.234375 0.9375 0.814236
0.242188 0.929688 0.835928
0.25 0.929688 0.857223
0.242188 0.9375 0.836038
0.25 0.9375 0.857337
0.132812 0.945312 0.491397
0.140625 0.945312 0.518454
0.132812 0.953125 0.491446
0.140625 0.953125 0.518506
0.148438 0.945312 0.5452
0.15625 0.945312 0.571617
0.148438 0.953125 0.545254
0.15625 0.953125 0.571674
0.132812 0.960938 0.491489
0.140625 0.960938 0.518552
0.132812 0.96875 0.491522
0.140625 0.96875 0.518587
0.148438 0.960938 0.545302
0.15625 0.960938 0.571724
0.148438 0.96875 0.545339
0.15625 0.96875 0.571763
0.164062 0.945312 0.59769
0.171875 0.945312 0.623402
0.164062 0.953125 0.597749
0.171875 0.953125 0.623464
0.179688 0.945312 0.64874
0.1875 0.945312 0.673686
0.179688 0.953125 0.648804
0.1875 0.953125 0.673753
0.164062 0.960938 0.597802
0.171875 0.960938 0.623519
0.164062 0.96875 0.597842
0.171875 0.96875 0.623561
0.179688 0.960938 0.648861
0.1875 0.960938 0.673812
0.179688 0.96875 0.648905
0.1875 0.96875 0.673858
0.132812 0.976562 0.49155
0.140625 0.976562 0.518616
0.132812 0.984375 0.491568
0.140625 0.984375 0.518635
0.148438 0.976562 0.54537
0.15625 0.976562 0.571795
0.148438 0.984375 0.54539
0.15625 0.984375 0.571816
0.132812 0.992188 0.49158
0.140625 0.992188 0.518648
0.132812 1 0.491583
0.140625 1 0.518651
0.148438 0.992188 0.545403
0.15625 0.992188 0.57183
0.148438 1 0.545406
0.15625 1 0.571833
0.164062 0.976562 0.597876
0.171875 0.976562 0.623597
0.164062 0.984375 0.597898
0.171875 0.984375 0.623619
0.179688 0.976562 0.648942
0.1875 0.976562 0.673896
0.179688 0.984375 0.648965
0.1875 0.984375 0.67392
0.164062 0.992188 0.597913
0.171875 0.992188 0.623635
0.164062 1 0.597916
0.171875 1 0.623638
0.179688 0.992188 0.648982
0.1875 0.992188 0.673937
0.179688 1 0.648985
0.1875 1 0.673941
0.195312 0.945312 0.698227
0.203125 0.945312 0.722347
0.195312 0.953125 0.698296
0.203125 0.953125 0.722419
0.210938 0.945312 0.746031
0.21875 0.945312 0.769267
0.210938 0.953125 0.746106
0.21875 0.953125 0.769344
0.195312 0.960938 0.698358
0.203125 0.960938 0.722482
0.195312 0.96875 0.698405
0.203125 0.96875 0.722531
0.210938 0.960938 0.746171
0.21875 0.960938 0.769411
0.210938 0.96875 0.746222
0.21875 0.96875 0.769463
0.226562 0.945312 0.792039
0.234375 0.945312 0.814334
0.226562 0.953125 0.792118
0.234375 0.953125 0.814415
0.242188 0.945312 0.836139
0.25 0.945312 0.85744
0.242188 0.953125 0.836222
0.25 0.953125 0.857525
0.226562 0.960938 0.792188
0.234375 0.960938 0.814487
0.226562 0.96875 0.792241
0.234375 0.96875 0.814542
0.242188 0.960938 0.836296
0.25 0.960938 0.8576
0.242188 0.96875 0.836352
0.25 0.96875 0.857658
0.195312 0.976562 0.698444
0.203125 0.976562 0.722572
0.195312 0.984375 0.698469
0.203125 0.984375 0.722598
0.210938 0.976562 0.746264
0.21875 0.976562 0.769507
0.210938 0.984375 0.746291
0.21875 0.984375 0.769535
0.195312 0.992188 0.698487
0.203125 0.992188 0.722616
0.195312 1 0.698491
0.203125 1 0.72262
0.210938 0.992188 0.74631
0.21875 0.992188 0.769554
0.210938 1 0.746314
0.21875 1 0.769558
0.226562 0.976562 0.792286
0.234375 0.976562 0.814588
0.226562 0.984375 0.792315
0.234375 0.984375 0.814617
0.242188 0.976562 0.836399
0.25 0.976562 0.857707
0.242188 0.984375 0.83643
0.25 0.984375 0.857738
0.226562 0.992188 0.792335
0.234375 0.992188 0.814638
0.226562 1 0.792339
0.234375 1 0.814642
0.242188 0.992188 0.836451
0.25 0.992188 0.85776
0.242188 1 0.836455
0.25 1 0.857764
0.257812 0.757812 0.871573
0.265625 0.757812 0.891675
0.257812 0.765625 0.872032
0.265625 0.765625 0.892145
0.273438 0.757812 0.911239
0.28125 0.757812 0.930255
0.273438 0.765625 0.91172
0.28125 0.765625 0.930746
0.257812 0.773438 0.872477
0.265625 0.773438 0.8926
0.257812 0.78125 0.872903
0.265625 0.78125 0.893036
0.273438 0.773438 0.912185
0.28125 0.773438 0.931221
0.273438 0.78125 0.91263
0.28125 0.78125 0.931675
0.289062 0.757812 0.948711
0.296875 0.757812 0.966595
0.289062 0.765625 0.949211
0.296875 0.765625 0.967105
0.304688 0.757812 0.983897
0.3125 0.757812 1.00061
0.304688 0.765625 0.984416
0.3125 0.765625 1.00113
0.289062 0.773438 0.949695
0.296875 0.773438 0.967598
0.289062 0.78125 0.950159
0.296875 0.78125 0.968071
0.304688 0.773438 0.984918
0.3125 0.773438 1.00164
0.304688 0.78125 0.985399
0.3125 0.78125 1.00213
0.257812 0.789062 0.873315
0.265625 0.789062 0.893457
0.257812 0.796875 0.873707
0.265625 0.796875 0.893859
0.273438 0.789062 0.913061
0.28125 0.789062 0.932115
0.273438 0.796875 0.913471
0.28125 0.796875 0.932534
0.257812 0.804688 0.874086
0.265625 0.804688 0.894246
0.257812 0.8125 0.874446
0.265625 0.8125 0.894615
0.273438 0.804688 0.913867
0.28125 0.804688 0.932938
0.273438 0.8125 0.914244
0.28125 0.8125 0.933323
0.289062 0.789062 0.950607
0.296875 0.789062 0.968527
0.289062 0.796875 0.951035
0.296875 0.796875 0.968963
0.304688 0.789062 0.985863
0.3125 0.789062 1.00261
0.304688 0.796875 0.986307
0.3125 0.796875 1.00306
0.289062 0.804688 0.951447
0.296875 0.804688 0.969383
0.289062 0.8125 0.951839
0.296875 0.8125 0.969782
0.304688 0.804688 0.986735
0.3125 0.804688 1.00349
0.304688 0.8125 0.987141
0.3125 0.8125 1.00391
0.320312 0.757812 1.01671
0.328125 0.757812 1.03221
0.320312 0.765625 1.01725
0.328125 0.765625 1.03275
0.335938 0.757812 1.04708
0.34375 0.757812 1.06132
0.335938 0.765625 1.04763
0.34375 0.765625 1.06188
0.320312 0.773438 1.01777
0.328125 0.773438 1.03328
0.320312 0.78125 1.01826
0.328125 0.78125 1.03378
0.335938 0.773438 1.04817
0.34375 0.773438 1.06242
0.335938 0.78125 1.04868
0.34375 0.78125 1.06294
0.351562 0.757812 1.07492
0.359375 0.757812 1.08788
0.351562 0.765625 1.07549
0.359375 0.765625 1.08845
0.367188 0.757812 1.10018
0.375 0.757812 1.11181
0.367188 0.765625 1.10076
0.375 0.765625 1.1124
0.351562 0.773438 1.07604
0.359375 0.773438 1.08901
0.351562 0.78125 1.07656
0.359375 0.78125 1.08954
0.367188 0.773438 1.10132
0.375 0.773438 1.11297
0.367188 0.78125 1.10186
0.375 0.78125 1.11351
0.320312 0.789062 1.01874
0.328125 0.789062 1.03427
0.320312 0.796875 1.0192
0.328125 0.796875 1.03474
0.335938 0.789062 1.04917
0.34375 0.789062 1.06344
0.335938 0.796875 1.04964
0.34375 0.796875 1.06392
0.320312 0.804688 1.01964
0.328125 0.804688 1.03518
0.320312 0.8125 1.02007
0.328125 0.8125 1.03561
0.335938 0.804688 1.0501
0.34375 0.804688 1.06438
0.335938 0.8125 1.05053
0.34375 0.8125 1.06482
0.351562 0.789062 1.07707
0.359375 0.789062 1.09005
0.351562 0.796875 1.07756
0.359375 0.796875 1.09054
0.367188 0.789062 1.10238
0.375 0.789062 1.11404
0.367188 0.796875 1.10287
0.375 0.796875 1.11454
0.351562 0.804688 1.07802
0.359375 0.804688 1.09102
0.351562 0.8125 1.07847
0.359375 0.8125 1.09146
0.367188 0.804688 1.10335
0.375 0.804688 1.11502
0.367188 0.8125 1.1038
0.375 0.8125 1.11548
0.257812 0.820312 0.874793
0.265625 0.820312 0.894969
0.257812 0.828125 0.875121
0.265625 0.828125 0.895305
0.273438 0.820312 0.914606
0.28125 0.820312 0.933693
0.273438 0.828125 0.914949
0.28125 0.828125 0.934043
0.257812 0.835938 0.875436
0.265625 0.835938 0.895627
0.257812 0.84375 0.875732
0.265625 0.84375 0.89593
0.273438 0.835938 0.915278
0.28125 0.835938 0.934379
0.273438 0.84375 0.915588
0.28125 0.84375 0.934695
0.289062 0.820312 0.952216
0.296875 0.820312 0.970167
0.289062 0.828125 0.952573
0.296875 0.828125 0.97053
0.304688 0.820312 0.987532
0.3125 0.820312 1.0043
0.304688 0.828125 0.987903
0.3125 0.828125 1.00468
0.289062 0.835938 0.952916
0.296875 0.835938 0.970879
0.289062 0.84375 0.953239
0.296875 0.84375 0.971208
0.304688 0.835938 0.988258
0.3125 0.835938 1.00504
0.304688 0.84375 0.988593
0.3125 0.84375 1.00538
0.257812 0.851562 0.876016
0.265625 0.851562 0.89622
0.257812 0.859375 0.876281
0.265625 0.859375 0.896491
0.273438 0.851562 0.915885
0.28125 0.851562 0.934997
0.273438 0.859375 0.916162
0.28125 0.859375 0.935281
0.257812 0.867188 0.876533
0.265625 0.867188 0.89675
0.257812 0.875 0.876768
0.265625 0.875 0.89699
0.273438 0.867188 0.916426
0.28125 0.867188 0.93555
0.273438 0.875 0.916671
0.28125 0.875 0.9358
0.289062 0.851562 0.953547
0.296875 0.851562 0.971522
0.289062 0.859375 0.953836
0.296875 0.859375 0.971817
0.304688 0.851562 0.988913
0.3125 0.851562 1.00571
0.304688 0.859375 0.989212
0.3125 0.859375 1.00601
0.289062 0.867188 0.954111
0.296875 0.867188 0.972097
0.289062 0.875 0.954366
0.296875 0.875 0.972357
0.304688 0.867188 0.989497
0.3125 0.867188 1.0063
0.304688 0.875 0.989762
0.3125 0.875 1.00657
0.320312 0.820312 1.02047
0.328125 0.820312 1.03602
0.320312 0.828125 1.02085
0.328125 0.828125 1.03641
0.335938 0.820312 1.05095
0.34375 0.820312 1.06524
0.335938 0.828125 1.05134
0.34375 0.828125 1.06564
0.320312 0.835938 1.02122
0.328125 0.835938 1.03678
0.320312 0.84375 1.02156
0.328125 0.84375 1.03713
0.335938 0.835938 1.05172
0.34375 0.835938 1.06602
0.335938 0.84375 1.05208
0.34375 0.84375 1.06639
0.351562 0.820312 1.07889
0.359375 0.820312 1.0919
0.351562 0.828125 1.0793
0.359375 0.828125 1.09231
0.367188 0.820312 1.10424
0.375 0.820312 1.11592
0.367188 0.828125 1.10466
0.375 0.828125 1.11634
0.351562 0.835938 1.07969
0.359375 0.835938 1.0927
0.351562 0.84375 1.08005
0.359375 0.84375 1.09307
0.367188 0.835938 1.10505
0.375 0.835938 1.11674
0.367188 0.84375 1.10543
0.375 0.84375 1.11712
0.320312 0.851562 1.0219
0.328125 0.851562 1.03747
0.320312 0.859375 1.0222
0.328125 0.859375 1.03778
0.335938 0.851562 1.05242
0.34375 0.851562 1.06673
0.335938 0.859375 1.05274
0.34375 0.859375 1.06705
0.320312 0.867188 1.0225
0.328125 0.867188 1.03808
0.320312 0.875 1.02277
0.328125 0.875 1.03836
0.335938 0.867188 1.05304
0.34375 0.867188 1.06736
0.335938 0.875 1.05332
0.34375 0.875 1.06765
0.351562 0.851562 1.0804
0.359375 0.851562 1.09342
0.351562 0.859375 1.08073
0.359375 0.859375 1.09375
0.367188 0.851562 1.10579
0.375 0.851562 1.11748
0.367188 0.859375 1.10612
0.375 0.859375 1.11782
0.351562 0.867188 1.08104
0.359375 0.867188 1.09407
0.351562 0.875 1.08133
0.359375 0.875 1.09436
0.367188 0.867188 1.10644
0.375 0.867188 1.11814
0.367188 0.875 1.10674
0.375 0.875 1.11844
0.382812 0.757812 1.12278
0.390625 0.757812 1.13307
0.382812 0.765625 1.12337
0.390625 0.765625 1.13367
0.398438 0.757812 1.14268
0.40625 0.757812 1.1516
0.398438 0.765625 1.14328
0.40625 0.765625 1.15221
0.382812 0.773438 1.12395
0.390625 0.773438 1.13425
0.382812 0.78125 1.12449
0.390625 0.78125 1.1348
0.398438 0.773438 1.14387
0.40625 0.773438 1.1528
0.398438 0.78125 1.14442
0.40625 0.78125 1.15336
0.414062 0.757812 1.15983
0.421875 0.757812 1.16735
0.414062 0.765625 1.16044
0.421875 0.765625 1.16797
0.429688 0.757812 1.17418
0.4375 0.757812 1.1803
0.429688 0.765625 1.1748
0.4375 0.765625 1.18092
0.414062 0.773438 1.16103
0.421875 0.773438 1.16857
0.414062 0.78125 1.1616
0.421875 0.78125 1.16914
0.429688 0.773438 1.1754
0.4375 0.773438 1.18152
0.429688 0.78125 1.17597
0.4375 0.78125 1.1821
0.382812 0.789062 1.12503
0.390625 0.789062 1.13534
0.382812 0.796875 1.12553
0.390625 0.796875 1.13585
0.398438 0.789062 1.14496
0.40625 0.789062 1.1539
0.398438 0.796875 1.14548
0.40625 0.796875 1.15442
0.382812 0.804688 1.12602
0.390625 0.804688 1.13634
0.382812 0.8125 1.12648
0.390625 0.8125 1.13681
0.398438 0.804688 1.14598
0.40625 0.804688 1.15492
0.398438 0.8125 1.14645
0.40625 0.8125 1.1554
0.414062 0.789062 1.16214
0.421875 0.789062 1.16969
0.414062 0.796875 1.16267
0.421875 0.796875 1.17021
0.429688 0.789062 1.17653
0.4375 0.789062 1.18265
0.429688 0.796875 1.17705
0.4375 0.796875 1.18319
0.414062 0.804688 1.16317
0.421875 0.804688 1.17072
0.414062 0.8125 1.16365
0.421875 0.8125 1.1712
0.429688 0.804688 1.17756
0.4375 0.804688 1.1837
0.429688 0.8125 1.17805
0.4375 0.8125 1.18419
0.445312 0.757812 1.1857
0.453125 0.757812 1.19039
0.445312 0.765625 1.18633
0.453125 0.765625 1.19102
0.460938 0.757812 1.19437
0.46875 0.757812 1.19762
0.460938 0.765625 1.195
0.46875 0.765625 1.19826
0.445312 0.773438 1.18693
0.453125 0.773438 1.19163
0.445312 0.78125 1.18751
0.453125 0.78125 1.19221
0.460938 0.773438 1.19561
0.46875 0.773438 1.19887
0.460938 0.78125 1.19619
0.46875 0.78125 1.19945
0.476562 0.757812 1.20016
0.484375 0.757812 1.20197
0.476562 0.765625 1.20079
0.484375 0.765625 1.2026
0.492188 0.757812 1.20306
0.5 0.757812 1.20342
0.492188 0.765625 1.20369
0.5 0.765625 1.20405
0.476562 0.773438 1.2014
0.484375 0.773438 1.20322
0.476562 0.78125 1.20199
0.484375 0.78125 1.2038
0.492188 0.773438 1.2043
0.5 0.773438 1.20467
0.492188 0.78125 1.20489
0.5 0.78125 1.20526
0.445312 0.789062 1.18807
0.453125 0.789062 1.19277
0.445312 0.796875 1.18861
0.453125 0.796875 1.19331
0.460938 0.789062 1.19676
0.46875 0.789062 1.20002
0.460938 0.796875 1.19729
0.46875 0.796875 1.20056
0.445312 0.804688 1.18912
0.453125 0.804688 1.19383
0.445312 0.8125 1.18961
0.453125 0.8125 1.19432
0.460938 0.804688 1.19781
0.46875 0.804688 1.20108
0.460938 0.8125 1.19831
0.46875 0.8125 1.20157
0.476562 0.789062 1.20256
0.484375 0.789062 1.20437
0.476562 0.796875 1.2031
0.484375 0.796875 1.20491
0.492188 0.789062 1.20546
0.5 0.789062 1.20582
0.492188 0.796875 1.206
0.5 0.796875 1.20637
0.476562 0.804688 1.20362
0.484375 0.804688 1.20544
0.476562 0.8125 1.20412
0.484375 0.8125 1.20593
0.492188 0.804688 1.20653
0.5 0.804688 1.20689
0.492188 0.8125 1.20702
0.5 0.8125 1.20739
0.382812 0.820312 1.12693
0.390625 0.820312 1.13726
0.382812 0.828125 1.12735
0.390625 0.828125 1.13768
0.398438 0.820312 1.1469
0.40625 0.820312 1.15586
0.398438 0.828125 1.14733
0.40625 0.828125 1.15629
0.382812 0.835938 1.12776
0.390625 0.835938 1.13809
0.382812 0.84375 1.12814
0.390625 0.84375 1.13848
0.398438 0.835938 1.14774
0.40625 0.835938 1.1567
0.398438 0.84375 1.14813
0.40625 0.84375 1.1571
0.414062 0.820312 1.16411
0.421875 0.820312 1.17167
0.414062 0.828125 1.16455
0.421875 0.828125 1.17211
0.429688 0.820312 1.17852
0.4375 0.820312 1.18466
0.429688 0.828125 1.17896
0.4375 0.828125 1.1851
0.414062 0.835938 1.16497
0.421875 0.835938 1.17253
0.414062 0.84375 1.16536
0.421875 0.84375 1.17293
0.429688 0.835938 1.17938
0.4375 0.835938 1.18553
0.429688 0.84375 1.17978
0.4375 0.84375 1.18593
0.382812 0.851562 1.1285
0.390625 0.851562 1.13885
0.382812 0.859375 1.12885
0.390625 0.859375 1.13919
0.398438 0.851562 1.14851
0.40625 0.851562 1.15747
0.398438 0.859375 1.14885
0.40625 0.859375 1.15782
0.382812 0.867188 1.12917
0.390625 0.867188 1.13952
0.382812 0.875 1.12947
0.390625 0.875 1.13983
0.398438 0.867188 1.14918
0.40625 0.867188 1.15815
0.398438 0.875 1.14949
0.40625 0.875 1.15846
0.414062 0.851562 1.16574
0.421875 0.851562 1.1733
0.414062 0.859375 1.16609
0.421875 0.859375 1.17366
0.429688 0.851562 1.18016
0.4375 0.851562 1.18631
0.429688 0.859375 1.18052
0.4375 0.859375 1.18667
0.414062 0.867188 1.16643
0.421875 0.867188 1.174
0.414062 0.875 1.16674
0.421875 0.875 1.17431
0.429688 0.867188 1.18086
0.4375 0.867188 1.18701
0.429688 0.875 1.18118
0.4375 0.875 1.18733
0.445312 0.820312 1.19008
0.453125 0.820312 1.19479
0.445312 0.828125 1.19053
0.453125 0.828125 1.19524
0.460938 0.820312 1.19878
0.46875 0.820312 1.20205
0.460938 0.828125 1.19923
0.46875 0.828125 1.2025
0.445312 0.835938 1.19096
0.453125 0.835938 1.19567
0.445312 0.84375 1.19136
0.453125 0.84375 1.19607
0.460938 0.835938 1.19966
0.46875 0.835938 1.20293
0.460938 0.84375 1.20007
0.46875 0.84375 1.20334
0.476562 0.820312 1.20459
0.484375 0.820312 1.20641
0.476562 0.828125 1.20504
0.484375 0.828125 1.20686
0.492188 0.820312 1.2075
0.5 0.820312 1.20787
0.492188 0.828125 1.20795
0.5 0.828125 1.20832
0.476562 0.835938 1.20548
0.484375 0.835938 1.2073
0.476562 0.84375 1.20589
0.484375 0.84375 1.20771
0.492188 0.835938 1.20839
0.5 0.835938 1.20875
0.492188 0.84375 1.2088
0.5 0.84375 1.20916
0.445312 0.851562 1.19175
0.453125 0.851562 1.19646
0.445312 0.859375 1.19211
0.453125 0.859375 1.19682
0.460938 0.851562 1.20046
0.46875 0.851562 1.20373
0.460938 0.859375 1.20082
0.46875 0.859375 1.20409
0.445312 0.867188 1.19245
0.453125 0.867188 1.19717
0.445312 0.875 1.19277
0.453125 0.875 1.19749
0.460938 0.867188 1.20117
0.46875 0.867188 1.20444
0.460938 0.875 1.20149
0.46875 0.875 1.20476
0.476562 0.851562 1.20628
0.484375 0.851562 1.2081
0.476562 0.859375 1.20664
0.484375 0.859375 1.20846
0.492188 0.851562 1.20919
0.5 0.851562 1.20955
0.492188 0.859375 1.20956
0.5 0.859375 1.20992
0.476562 0.867188 1.20699
0.484375 0.867188 1.20881
0.476562 0.875 1.20731
0.484375 0.875 1.20913
0.492188 0.867188 1.2099
0.5 0.867188 1.21027
0.492188 0.875 1.21023
0.5 0.875 1.21059
0.257812 0.882812 0.87699
0.265625 0.882812 0.897217
0.257812 0.890625 0.877194
0.265625 0.890625 0.897426
0.273438 0.882812 0.916903
0.28125 0.882812 0.936038
0.273438 0.890625 0.917117
0.28125 0.890625 0.936255
0.257812 0.898438 0.877387
0.265625 0.898438 0.897623
0.257812 0.90625 0.877561
0.265625 0.90625 0.897801
0.273438 0.898438 0.917318
0.28125 0.898438 0.936461
0.273438 0.90625 0.9175
0.28125 0.90625 0.936647
0.289062 0.882812 0.954608
0.296875 0.882812 0.972603
0.289062 0.890625 0.95483
0.296875 0.890625 0.97283
0.304688 0.882812 0.990013
0.3125 0.882812 1.00683
0.304688 0.890625 0.990243
0.3125 0.890625 1.00706
0.289062 0.898438 0.955039
0.296875 0.898438 0.973043
0.289062 0.90625 0.955229
0.296875 0.90625 0.973236
0.304688 0.898438 0.99046
0.3125 0.898438 1.00728
0.304688 0.90625 0.990657
0.3125 0.90625 1.00748
0.257812 0.914062 0.877724
0.265625 0.914062 0.897968
0.257812 0.921875 0.877869
0.265625 0.921875 0.898116
0.273438 0.914062 0.917671
0.28125 0.914062 0.936821
0.273438 0.921875 0.917822
0.28125 0.921875 0.936975
0.257812 0.929688 0.878003
0.265625 0.929688 0.898253
0.257812 0.9375 0.878119
0.265625 0.9375 0.898372
0.273438 0.929688 0.917962
0.28125 0.929688 0.937118
0.273438 0.9375 0.918083
0.28125 0.9375 0.937242
0.289062 0.914062 0.955407
0.296875 0.914062 0.973417
0.289062 0.921875 0.955564
0.296875 0.921875 0.973578
0.304688 0.914062 0.990841
0.3125 0.914062 1.00767
0.304688 0.921875 0.991004
0.3125 0.921875 1.00783
0.289062 0.929688 0.95571
0.296875 0.929688 0.973726
0.289062 0.9375 0.955836
0.296875 0.9375 0.973855
0.304688 0.929688 0.991156
0.3125 0.929688 1.00799
0.304688 0.9375 0.991287
0.3125 0.9375 1.00812
0.320312 0.882812 1.02303
0.328125 0.882812 1.03862
0.320312 0.890625 1.02327
0.328125 0.890625 1.03886
0.335938 0.882812 1.05359
0.34375 0.882812 1.06792
0.335938 0.890625 1.05383
0.34375 0.890625 1.06817
0.320312 0.898438 1.02349
0.328125 0.898438 1.03909
0.320312 0.90625 1.0237
0.328125 0.90625 1.0393
0.335938 0.898438 1.05406
0.34375 0.898438 1.0684
0.335938 0.90625 1.05427
0.34375 0.90625 1.06861
0.351562 0.882812 1.0816
0.359375 0.882812 1.09464
0.351562 0.890625 1.08186
0.359375 0.890625 1.09489
0.367188 0.882812 1.10702
0.375 0.882812 1.11872
0.367188 0.890625 1.10727
0.375 0.890625 1.11899
0.351562 0.898438 1.08209
0.359375 0.898438 1.09513
0.351562 0.90625 1.08231
0.359375 0.90625 1.09535
0.367188 0.898438 1.10752
0.375 0.898438 1.11923
0.367188 0.90625 1.10774
0.375 0.90625 1.11945
0.320312 0.914062 1.02389
0.328125 0.914062 1.03949
0.320312 0.921875 1.02406
0.328125 0.921875 1.03966
0.335938 0.914062 1.05447
0.34375 0.914062 1.06881
0.335938 0.921875 1.05464
0.34375 0.921875 1.06899
0.320312 0.929688 1.02421
0.328125 0.929688 1.03982
0.320312 0.9375 1.02435
0.328125 0.9375 1.03996
0.335938 0.929688 1.0548
0.34375 0.929688 1.06915
0.335938 0.9375 1.05494
0.34375 0.9375 1.06929
0.351562 0.914062 1.08251
0.359375 0.914062 1.09556
0.351562 0.921875 1.08269
0.359375 0.921875 1.09574
0.367188 0.914062 1.10794
0.375 0.914062 1.11966
0.367188 0.921875 1.10812
0.375 0.921875 1.11985
0.351562 0.929688 1.08285
0.359375 0.929688 1.0959
0.351562 0.9375 1.083
0.359375 0.9375 1.09605
0.367188 0.929688 1.10829
0.375 0.929688 1.12002
0.367188 0.9375 1.10844
0.375 0.9375 1.12016
0.257812 0.945312 0.878224
0.265625 0.945312 0.898479
0.257812 0.953125 0.878311
0.265625 0.953125 0.898569
0.273438 0.945312 0.918193
0.28125 0.945312 0.937355
0.273438 0.953125 0.918285
0.28125 0.953125 0.937448
0.257812 0.960938 0.878389
0.265625 0.960938 0.898648
0.257812 0.96875 0.878448
0.265625 0.96875 0.898709
0.273438 0.960938 0.918366
0.28125 0.960938 0.93753
0.273438 0.96875 0.918428
0.28125 0.96875 0.937594
0.289062 0.945312 0.955951
0.296875 0.945312 0.973972
0.289062 0.953125 0.956046
0.296875 0.953125 0.974069
0.304688 0.945312 0.991406
0.3125 0.945312 1.00824
0.304688 0.953125 0.991504
0.3125 0.953125 1.00834
0.289062 0.960938 0.95613
0.296875 0.960938 0.974154
0.289062 0.96875 0.956195
0.296875 0.96875 0.97422
0.304688 0.960938 0.991591
0.3125 0.960938 1.00843
0.304688 0.96875 0.991659
0.3125 0.96875 1.0085
0.257812 0.976562 0.878498
0.265625 0.976562 0.898759
0.257812 0.984375 0.878529
0.265625 0.984375 0.898792
0.273438 0.976562 0.91848
0.28125 0.976562 0.937647
0.273438 0.984375 0.918513
0.28125 0.984375 0.937681
0.257812 0.992188 0.878552
0.265625 0.992188 0.898815
0.257812 1 0.878556
0.265625 1 0.898819
0.273438 0.992188 0.918536
0.28125 0.992188 0.937704
0.273438 1 0.918541
0.28125 1 0.937709
0.289062 0.976562 0.956249
0.296875 0.976562 0.974275
0.289062 0.984375 0.956283
0.296875 0.984375 0.97431
0.304688 0.976562 0.991715
0.3125 0.976562 1.00856
0.304688 0.984375 0.99175
0.3125 0.984375 1.00859
0.289062 0.992188 0.956308
0.296875 0.992188 0.974335
0.289062 1 0.956313
0.296875 1 0.97434
0.304688 0.992188 0.991776
0.3125 0.992188 1.00862
0.304688 1 0.991781
0.3125 1 1.00862
0.320312 0.945312 1.02447
0.328125 0.945312 1.04008
0.320312 0.953125 1.02457
0.328125 0.953125 1.04019
0.335938 0.945312 1.05507
0.34375 0.945312 1.06942
0.335938 0.953125 1.05517
0.34375 0.953125 1.06953
0.320312 0.960938 1.02466
0.328125 0.960938 1.04028
0.320312 0.96875 1.02473
0.328125 0.96875 1.04035
0.335938 0.960938 1.05527
0.34375 0.960938 1.06962
0.335938 0.96875 1.05534
0.34375 0.96875 1.06969
0.351562 0.945312 1.08313
0.359375 0.945312 1.09618
0.351562 0.953125 1.08323
0.359375 0.953125 1.09629
0.367188 0.945312 1.10857
0.375 0.945312 1.1203
0.367188 0.953125 1.10868
0.375 0.953125 1.12041
0.351562 0.960938 1.08333
0.359375 0.960938 1.09639
0.351562 0.96875 1.0834
0.359375 0.96875 1.09646
0.367188 0.960938 1.10878
0.375 0.960938 1.12051
0.367188 0.96875 1.10886
0.375 0.96875 1.12058
0.320312 0.976562 1.02479
0.328125 0.976562 1.04041
0.320312 0.984375 1.02483
0.328125 0.984375 1.04045
0.335938 0.976562 1.0554
0.34375 0.976562 1.06975
0.335938 0.984375 1.05544
0.34375 0.984375 1.06979
0.320312 0.992188 1.02485
0.328125 0.992188 1.04047
0.320312 1 1.02486
0.328125 1 1.04048
0.335938 0.992188 1.05546
0.34375 0.992188 1.06982
0.335938 1 1.05547
0.34375 1 1.06982
0.351562 0.976562 1.08346
0.359375 0.976562 1.09652
0.351562 0.984375 1.0835
0.359375 0.984375 1.09656
0.367188 0.976562 1.10892
0.375 0.976562 1.12065
0.367188 0.984375 1.10896
0.375 0.984375 1.12069
0.351562 0.992188 1.08353
0.359375 0.992188 1.09659
0.351562 1 1.08354
0.359375 1 1.09659
0.367188 0.992188 1.10899
0.375 0.992188 1.12072
0.367188 1 1.10899
0.375 1 1.12072
0.382812 0.882812 1.12976
0.390625 0.882812 1.14011
0.382812 0.890625 1.13002
0.390625 0.890625 1.14038
0.398438 0.882812 1.14978
0.40625 0.882812 1.15876
0.398438 0.890625 1.15005
0.40625 0.890625 1.15903
0.382812 0.898438 1.13027
0.390625 0.898438 1.14063
0.382812 0.90625 1.1305
0.390625 0.90625 1.14086
0.398438 0.898438 1.1503
0.40625 0.898438 1.15928
0.398438 0.90625 1.15053
0.40625 0.90625 1.15951
0.414062 0.882812 1.16704
0.421875 0.882812 1.17461
0.414062 0.890625 1.16731
0.421875 0.890625 1.17488
0.429688 0.882812 1.18148
0.4375 0.882812 1.18763
0.429688 0.890625 1.18175
0.4375 0.890625 1.18791
0.414062 0.898438 1.16756
0.421875 0.898438 1.17514
0.414062 0.90625 1.1678
0.421875 0.90625 1.17537
0.429688 0.898438 1.18201
0.4375 0.898438 1.18817
0.429688 0.90625 1.18225
0.4375 0.90625 1.1884
0.382812 0.914062 1.13071
0.390625 0.914062 1.14107
0.382812 0.921875 1.13089
0.390625 0.921875 1.14126
0.398438 0.914062 1.15074
0.40625 0.914062 1.15973
0.398438 0.921875 1.15093
0.40625 0.921875 1.15992
0.382812 0.929688 1.13106
0.390625 0.929688 1.14143
0.382812 0.9375 1.13121
0.390625 0.9375 1.14158
0.398438 0.929688 1.15111
0.40625 0.929688 1.1601
0.398438 0.9375 1.15126
0.40625 0.9375 1.16025
0.414062 0.914062 1.16801
0.421875 0.914062 1.17559
0.414062 0.921875 1.1682
0.421875 0.921875 1.17579
0.429688 0.914062 1.18247
0.4375 0.914062 1.18863
0.429688 0.921875 1.18266
0.4375 0.921875 1.18882
0.414062 0.929688 1.16838
0.421875 0.929688 1.17597
0.414062 0.9375 1.16854
0.421875 0.9375 1.17612
0.429688 0.929688 1.18284
0.4375 0.929688 1.189
0.429688 0.9375 1.183
0.4375 0.9375 1.18916
0.445312 0.882812 1.19307
0.453125 0.882812 1.19779
0.445312 0.890625 1.19335
0.453125 0.890625 1.19807
0.460938 0.882812 1.20179
0.46875 0.882812 1.20507
0.460938 0.890625 1.20207
0.46875 0.890625 1.20535
0.445312 0.898438 1.19361
0.453125 0.898438 1.19833
0.445312 0.90625 1.19385
0.453125 0.90625 1.19857
0.460938 0.898438 1.20234
0.46875 0.898438 1.20561
0.460938 0.90625 1.20257
0.46875 0.90625 1.20585
0.476562 0.882812 1.20762
0.484375 0.882812 1.20944
0.476562 0.890625 1.2079
0.484375 0.890625 1.20972
0.492188 0.882812 1.21053
0.5 0.882812 1.2109
0.492188 0.890625 1.21082
0.5 0.890625 1.21118
0.476562 0.898438 1.20816
0.484375 0.898438 1.20999
0.476562 0.90625 1.2084
0.484375 0.90625 1.21023
0.492188 0.898438 1.21108
0.5 0.898438 1.21145
0.492188 0.90625 1.21132
0.5 0.90625 1.21169
0.445312 0.914062 1.19407
0.453125 0.914062 1.19879
0.445312 0.921875 1.19427
0.453125 0.921875 1.19899
0.460938 0.914062 1.2028
0.46875 0.914062 1.20608
0.460938 0.921875 1.203
0.46875 0.921875 1.20628
0.445312 0.929688 1.19445
0.453125 0.929688 1.19918
0.445312 0.9375 1.19461
0.453125 0.9375 1.19933
0.460938 0.929688 1.20318
0.46875 0.929688 1.20646
0.460938 0.9375 1.20334
0.46875 0.9375 1.20662
0.476562 0.914062 1.20863
0.484375 0.914062 1.21045
0.476562 0.921875 1.20883
0.484375 0.921875 1.21065
0.492188 0.914062 1.21155
0.5 0.914062 1.21191
0.492188 0.921875 1.21175
0.5 0.921875 1.21211
0.476562 0.929688 1.20901
0.484375 0.929688 1.21084
0.476562 0.9375 1.20917
0.484375 0.9375 1.211
0.492188 0.929688 1.21193
0.5 0.929688 1.2123
0.492188 0.9375 1.21209
0.5 0.9375 1.21246
0.382812 0.945312 1.13135
0.390625 0.945312 1.14172
0.382812 0.953125 1.13146
0.390625 0.953125 1.14183
0.398438 0.945312 1.1514
0.40625 0.945312 1.16039
0.398438 0.953125 1.15152
0.40625 0.953125 1.1605
0.382812 0.960938 1.13156
0.390625 0.960938 1.14193
0.382812 0.96875 1.13164
0.390625 0.96875 1.14201
0.398438 0.960938 1.15162
0.40625 0.960938 1.16061
0.398438 0.96875 1.15169
0.40625 0.96875 1.16068
0.414062 0.945312 1.16868
0.421875 0.945312 1.17626
0.414062 0.953125 1.16879
0.421875 0.953125 1.17638
0.429688 0.945312 1.18314
0.4375 0.945312 1.1893
0.429688 0.953125 1.18326
0.4375 0.953125 1.18942
0.414062 0.960938 1.1689
0.421875 0.960938 1.17648
0.414062 0.96875 1.16898
0.421875 0.96875 1.17656
0.429688 0.960938 1.18336
0.4375 0.960938 1.18953
0.429688 0.96875 1.18344
0.4375 0.96875 1.18961
0.382812 0.976562 1.1317
0.390625 0.976562 1.14207
0.382812 0.984375 1.13174
0.390625 0.984375 1.14212
0.398438 0.976562 1.15176
0.40625 0.976562 1.16075
0.398438 0.984375 1.1518
0.40625 0.984375 1.16079
0.382812 0.992188 1.13177
0.390625 0.992188 1.14215
0.382812 1 1.13178
0.390625 1 1.14215
0.398438 0.992188 1.15183
0.40625 0.992188 1.16082
0.398438 1 1.15184
0.40625 1 1.16083
0.414062 0.976562 1.16904
0.421875 0.976562 1.17663
0.414062 0.984375 1.16908
0.421875 0.984375 1.17667
0.429688 0.976562 1.18351
0.4375 0.976562 1.18967
0.429688 0.984375 1.18355
0.4375 0.984375 1.18972
0.414062 0.992188 1.16911
0.421875 0.992188 1.1767
0.414062 1 1.16912
0.421875 1 1.17671
0.429688 0.992188 1.18358
0.4375 0.992188 1.18975
0.429688 1 1.18359
0.4375 1 1.18975
0.445312 0.945312 1.19475
0.453125 0.945312 1.19948
0.445312 0.953125 1.19487
0.453125 0.953125 1.1996
0.460938 0.945312 1.20348
0.46875 0.945312 1.20676
0.460938 0.953125 1.2036
0.46875 0.953125 1.20688
0.445312 0.960938 1.19497
0.453125 0.960938 1.1997
0.445312 0.96875 1.19506
0.453125 0.96875 1.19978
0.460938 0.960938 1.20371
0.46875 0.960938 1.20699
0.460938 0.96875 1.20379
0.46875 0.96875 1.20707
0.476562 0.945312 1.20932
0.484375 0.945312 1.21114
0.476562 0.953125 1.20944
0.484375 0.953125 1.21126
0.492188 0.945312 1.21224
0.5 0.945312 1.2126
0.492188 0.953125 1.21236
0.5 0.953125 1.21272
0.476562 0.960938 1.20954
0.484375 0.960938 1.21137
0.476562 0.96875 1.20963
0.484375 0.96875 1.21145
0.492188 0.960938 1.21246
0.5 0.960938 1.21283
0.492188 0.96875 1.21255
0.5 0.96875 1.21291
0.445312 0.976562 1.19512
0.453125 0.976562 1.19985
0.445312 0.984375 1.19517
0.453125 0.984375 1.1999
0.460938 0.976562 1.20386
0.46875 0.976562 1.20714
0.460938 0.984375 1.2039
0.46875 0.984375 1.20718
0.445312 0.992188 1.1952
0.453125 0.992188 1.19993
0.445312 1 1.1952
0.453125 1 1.19993
0.460938 0.992188 1.20393
0.46875 0.992188 1.20721
0.460938 1 1.20394
0.46875 1 1.20722
0.476562 0.976562 1.20969
0.484375 0.976562 1.21152
0.476562 0.984375 1.20974
0.484375 0.984375 1.21156
0.492188 0.976562 1.21262
0.5 0.976562 1.21298
0.492188 0.984375 1.21266
0.5 0.984375 1.21302
0.476562 0.992188 1.20977
0.484375 0.992188 1.21159
0.476562 1 1.20977
0.484375 1 1.2116
0.492188 0.992188 1.21269
0.5 0.992188 1.21306
0.492188 1 1.2127
0.5 1 1.21306
0.507812 0.507812 1.16936
0.515625 0.507812 1.1683
0.507812 0.515625 1.17083
0.515625 0.515625 1.16978
0.523438 0.507812 1.16654
0.53125 0.507812 1.16408
0.523438 0.515625 1.16801
0.53125 0.515625 1.16555
0.507812 0.523438 1.17228
0.515625 0.523438 1.17122
0.507812 0.53125 1.1737
0.515625 0.53125 1.17264
0.523438 0.523438 1.16946
0.53125 0.523438 1.16699
0.523438 0.53125 1.17087
0.53125 0.53125 1.1684
0.539062 0.507812 1.16091
0.546875 0.507812 1.15705
0.539062 0.515625 1.16238
0.546875 0.515625 1.15851
0.554688 0.507812 1.15249
0.5625 0.507812 1.14724
0.554688 0.515625 1.15394
0.5625 0.515625 1.14868
0.539062 0.523438 1.16382
0.546875 0.523438 1.15994
0.539062 0.53125 1.16522
0.546875 0.53125 1.16135
0.554688 0.523438 1.15537
0.5625 0.523438 1.1501
0.554688 0.53125 1.15677
0.5625 0.53125 1.15149
0.507812 0.539062 1.17509
0.515625 0.539062 1.17403
0.507812 0.546875 1.17645
0.515625 0.546875 1.17539
0.523438 0.539062 1.17226
0.53125 0.539062 1.16978
0.523438 0.546875 1.17361
0.53125 0.546875 1.17114
0.507812 0.554688 1.17778
0.515625 0.554688 1.17672
0.507812 0.5625 1.17908
0.515625 0.5625 1.17802
0.523438 0.554688 1.17494
0.53125 0.554688 1.17246
0.523438 0.5625 1.17624
0.53125 0.5625 1.17376
0.539062 0.539062 1.1666
0.546875 0.539062 1.16272
0.539062 0.546875 1.16795
0.546875 0.546875 1.16407
0.554688 0.539062 1.15814
0.5625 0.539062 1.15286
0.554688 0.546875 1.15948
0.5625 0.546875 1.15419
0.539062 0.554688 1.16928
0.546875 0.554688 1.16539
0.539062 0.5625 1.17057
0.546875 0.5625 1.16667
0.554688 0.554688 1.16079
0.5625 0.554688 1.1555
0.554688 0.5625 1.16208
0.5625 0.5625 1.15678
0.570312 0.507812 1.14129
0.578125 0.507812 1.13466
0.570312 0.515625 1.14273
0.578125 0.515625 1.13609
0.585938 0.507812 1.12734
0.59375 0.507812 1.11934
0.585938 0.515625 1.12876
0.59375 0.515625 1.12076
0.570312 0.523438 1.14414
0.578125 0.523438 1.13749
0.570312 0.53125 1.14553
0.578125 0.53125 1.13887
0.585938 0.523438 1.13016
0.59375 0.523438 1.12214
0.585938 0.53125 1.13152
0.59375 0.53125 1.1235
0.601562 0.507812 1.11067
0.609375 0.507812 1.10133
0.601562 0.515625 1.11208
0.609375 0.515625 1.10272
0.617188 0.507812 1.09133
0.625 0.507812 1.08067
0.617188 0.515625 1.09271
0.625 0.515625 1.08204
0.601562 0.523438 1.11345
0.609375 0.523438 1.10409
0.601562 0.53125 1.1148
0.609375 0.53125 1.10542
0.617188 0.523438 1.09406
0.625 0.523438 1.08337
0.617188 0.53125 1.09538
0.625 0.53125 1.08468
0.570312 0.539062 1.14688
0.578125 0.539062 1.14022
0.570312 0.546875 1.14821
0.578125 0.546875 1.14154
0.585938 0.539062 1.13286
0.59375 0.539062 1.12483
0.585938 0.546875 1.13418
0.59375 0.546875 1.12613
0.570312 0.554688 1.14951
0.578125 0.554688 1.14283
0.570312 0.5625 1.15078
0.578125 0.5625 1.14409
0.585938 0.554688 1.13546
0.59375 0.554688 1.12741
0.585938 0.5625 1.13672
0.59375 0.5625 1.12865
0.601562 0.539062 1.11612
0.609375 0.539062 1.10673
0.601562 0.546875 1.11741
0.609375 0.546875 1.10801
0.617188 0.539062 1.09668
0.625 0.539062 1.08597
0.617188 0.546875 1.09795
0.625 0.546875 1.08722
0.601562 0.554688 1.11867
0.609375 0.554688 1.10927
0.601562 0.5625 1.11991
0.609375 0.5625 1.11049
0.617188 0.554688 1.09919
0.625 0.554688 1.08846
0.617188 0.5625 1.10041
0.625 0.5625 1.08966
0.507812 0.570312 1.18036
0.515625 0.570312 1.17929
0.507812 0.578125 1.18161
0.515625 0.578125 1.18054
0.523438 0.570312 1.17752
0.53125 0.570312 1.17503
0.523438 0.578125 1.17876
0.53125 0.578125 1.17627
0.507812 0.585938 1.18283
0.515625 0.585938 1.18176
0.507812 0.59375 1.18402
0.515625 0.59375 1.18295
0.523438 0.585938 1.17998
0.53125 0.585938 1.17749
0.523438 0.59375 1.18117
0.53125 0.59375 1.17867
0.539062 0.570312 1.17184
0.546875 0.570312 1.16794
0.539062 0.578125 1.17308
0.546875 0.578125 1.16917
0.554688 0.570312 1.16333
0.5625 0.570312 1.15803
0.554688 0.578125 1.16456
0.5625 0.578125 1.15925
0.539062 0.585938 1.17429
0.546875 0.585938 1.17038
0.539062 0.59375 1.17547
0.546875 0.59375 1.17156
0.554688 0.585938 1.16577
0.5625 0.585938 1.16045
0.554688 0.59375 1.16694
0.5625 0.59375 1.16162
0.507812 0.601562 1.18519
0.515625 0.601562 1.18412
0.507812 0.609375 1.18632
0.515625 0.609375 1.18525
0.523438 0.601562 1.18233
0.53125 0.601562 1.17984
0.523438 0.609375 1.18347
0.53125 0.609375 1.18097
0.507812 0.617188 1.18744
0.515625 0.617188 1.18636
0.507812 0.625 1.18852
0.515625 0.625 1.18745
0.523438 0.617188 1.18458
0.53125 0.617188 1.18207
0.523438 0.625 1.18566
0.53125 0.625 1.18315
0.539062 0.601562 1.17663
0.546875 0.601562 1.17271
0.539062 0.609375 1.17776
0.546875 0.609375 1.17384
0.554688 0.601562 1.16809
0.5625 0.601562 1.16276
0.554688 0.609375 1.16921
0.5625 0.609375 1.16388
0.539062 0.617188 1.17886
0.546875 0.617188 1.17494
0.539062 0.625 1.17994
0.546875 0.625 1.17601
0.554688 0.617188 1.17031
0.5625 0.617188 1.16497
0.554688 0.625 1.17138
0.5625 0.625 1.16603
0.570312 0.570312 1.15203
0.578125 0.570312 1.14533
0.570312 0.578125 1.15324
0.578125 0.578125 1.14654
0.585938 0.570312 1.13795
0.59375 0.570312 1.12988
0.585938 0.578125 1.13915
0.59375 0.578125 1.13107
0.570312 0.585938 1.15444
0.578125 0.585938 1.14773
0.570312 0.59375 1.1556
0.578125 0.59375 1.14888
0.585938 0.585938 1.14033
0.59375 0.585938 1.13224
0.585938 0.59375 1.14147
0.59375 0.59375 1.13338
0.601562 0.570312 1.12112
0.609375 0.570312 1.1117
0.601562 0.578125 1.12231
0.609375 0.578125 1.11287
0.617188 0.570312 1.1016
0.625 0.570312 1.09084
0.617188 0.578125 1.10276
0.625 0.578125 1.09199
0.601562 0.585938 1.12347
0.609375 0.585938 1.11402
0.601562 0.59375 1.1246
0.609375 0.59375 1.11514
0.617188 0.585938 1.1039
0.625 0.585938 1.09312
0.617188 0.59375 1.10502
0.625 0.59375 1.09422
0.570312 0.601562 1.15674
0.578125 0.601562 1.15001
0.570312 0.609375 1.15785
0.578125 0.609375 1.15112
0.585938 0.601562 1.1426
0.59375 0.601562 1.13449
0.585938 0.609375 1.1437
0.59375 0.609375 1.13558
0.570312 0.617188 1.15893
0.578125 0.617188 1.1522
0.570312 0.625 1.15999
0.578125 0.625 1.15325
0.585938 0.617188 1.14477
0.59375 0.617188 1.13665
0.585938 0.625 1.14581
0.59375 0.625 1.13769
0.601562 0.601562 1.12571
0.609375 0.601562 1.11624
0.601562 0.609375 1.12679
0.609375 0.609375 1.11731
0.617188 0.601562 1.1061
0.625 0.601562 1.0953
0.617188 0.609375 1.10717
0.625 0.609375 1.09635
0.601562 0.617188 1.12784
0.609375 0.617188 1.11836
0.601562 0.625 1.12887
0.609375 0.625 1.11938
0.617188 0.617188 1.1082
0.625 0.617188 1.09738
0.617188 0.625 1.10921
0.625 0.625 1.09838
0.632812 0.507812 1.06936
0.640625 0.507812 1.05741
0.632812 0.515625 1.07071
0.640625 0.515625 1.05874
0.648438 0.507812 1.04481
0.65625 0.507812 1.03159
0.648438 0.515625 1.04613
0.65625 0.515625 1.0329
0.632812 0.523438 1.07203
0.640625 0.523438 1.06005
0.632812 0.53125 1.07333
0.640625 0.53125 1.06133
0.648438 0.523438 1.04743
0.65625 0.523438 1.03417
0.648438 0.53125 1.04869
0.65625 0.53125 1.03542
0.664062 0.507812 1.01775
0.671875 0.507812 1.00329
0.664062 0.515625 1.01904
0.671875 0.515625 1.00456
0.679688 0.507812 0.988235
0.6875 0.507812 0.972579
0.679688 0.515625 0.989482
0.6875 0.515625 0.973807
0.664062 0.523438 1.02029
0.671875 0.523438 1.0058
0.664062 0.53125 1.02153
0.671875 0.53125 1.00702
0.679688 0.523438 0.990705
0.6875 0.523438 0.975011
0.679688 0.53125 0.991903
0.6875 0.53125 0.97619
0.632812 0.539062 1.0746
0.640625 0.539062 1.06259
0.632812 0.546875 1.07585
0.640625 0.546875 1.06382
0.648438 0.539062 1.04993
0.65625 0.539062 1.03665
0.648438 0.546875 1.05115
0.65625 0.546875 1.03785
0.632812 0.554688 1.07706
0.640625 0.554688 1.06502
0.632812 0.5625 1.07826
0.640625 0.5625 1.0662
0.648438 0.554688 1.05234
0.65625 0.554688 1.03902
0.648438 0.5625 1.0535
0.65625 0.5625 1.04017
0.664062 0.539062 1.02274
0.671875 0.539062 1.00821
0.664062 0.546875 1.02392
0.671875 0.546875 1.00938
0.679688 0.539062 0.993078
0.6875 0.539062 0.977346
0.679688 0.546875 0.994227
0.6875 0.546875 0.978476
0.664062 0.554688 1.02508
0.671875 0.554688 1.01052
0.664062 0.5625 1.02622
0.671875 0.5625 1.01164
0.679688 0.554688 0.995353
0.6875 0.554688 0.979585
0.679688 0.5625 0.996454
0.6875 0.5625 0.980668
0.695312 0.507812 0.956338
0.703125 0.507812 0.939521
0.695312 0.515625 0.957545
0.703125 0.515625 0.940707
0.710938 0.507812 0.922138
0.71875 0.507812 0.904199
0.710938 0.515625 0.923302
0.71875 0.515625 0.90534
0.695312 0.523438 0.958729
0.703125 0.523438 0.94187
0.695312 0.53125 0.959888
0.703125 0.53125 0.943008
0.710938 0.523438 0.924443
0.71875 0.523438 0.90646
0.710938 0.53125 0.925561
0.71875 0.53125 0.907555
0.726562 0.507812 0.885716
0.734375 0.507812 0.866699
0.726562 0.515625 0.886834
0.734375 0.515625 0.867793
0.742188 0.507812 0.84716
0.75 0.507812 0.827111
0.742188 0.515625 0.848229
0.75 0.515625 0.828155
0.726562 0.523438 0.88793
0.734375 0.523438 0.868866
0.726562 0.53125 0.889004
0.734375 0.53125 0.869916
0.742188 0.523438 0.849278
0.75 0.523438 0.829179
0.742188 0.53125 0.850305
0.75 0.53125 0.830181
0.695312 0.539062 0.961025
0.703125 0.539062 0.944125
0.695312 0.546875 0.962137
0.703125 0.546875 0.945217
0.710938 0.539062 0.926657
0.71875 0.539062 0.90863
0.710938 0.546875 0.927729
0.71875 0.546875 0.909681
0.695312 0.554688 0.963227
0.703125 0.554688 0.946288
0.695312 0.5625 0.964292
0.703125 0.5625 0.947335
0.710938 0.554688 0.92878
0.71875 0.554688 0.910712
0.710938 0.5625 0.929807
0.71875 0.5625 0.911719
0.726562 0.539062 0.890056
0.734375 0.539062 0.870946
0.726562 0.546875 0.891086
0.734375 0.546875 0.871954
0.742188 0.539062 0.851312
0.75 0.539062 0.831164
0.742188 0.546875 0.852297
0.75 0.546875 0.832126
0.726562 0.554688 0.892095
0.734375 0.554688 0.872942
0.726562 0.5625 0.893082
0.734375 0.5625 0.873907
0.742188 0.554688 0.853262
0.75 0.554688 0.833068
0.742188 0.5625 0.854206
0.75 0.5625 0.83399
0.632812 0.570312 1.07942
0.640625 0.570312 1.06736
0.632812 0.578125 1.08056
0.640625 0.578125 1.06848
0.648438 0.570312 1.05464
0.65625 0.570312 1.0413
0.648438 0.578125 1.05576
0.65625 0.578125 1.0424
0.632812 0.585938 1.08168
0.640625 0.585938 1.06959
0.632812 0.59375 1.08277
0.640625 0.59375 1.07066
0.648438 0.585938 1.05685
0.65625 0.585938 1.04348
0.648438 0.59375 1.05791
0.65625 0.59375 1.04453
0.664062 0.570312 1.02733
0.671875 0.570312 1.01273
0.664062 0.578125 1.02841
0.671875 0.578125 1.0138
0.679688 0.570312 0.997533
0.6875 0.570312 0.98173
0.679688 0.578125 0.998586
0.6875 0.578125 0.982767
0.664062 0.585938 1.02947
0.671875 0.585938 1.01485
0.664062 0.59375 1.03051
0.671875 0.59375 1.01587
0.679688 0.585938 0.999618
0.6875 0.585938 0.983783
0.679688 0.59375 1.00063
0.6875 0.59375 0.984774
0.632812 0.601562 1.08384
0.640625 0.601562 1.07172
0.632812 0.609375 1.08488
0.640625 0.609375 1.07275
0.648438 0.601562 1.05896
0.65625 0.601562 1.04556
0.648438 0.609375 1.05997
0.65625 0.609375 1.04656
0.632812 0.617188 1.08589
0.640625 0.617188 1.07375
0.632812 0.625 1.08688
0.640625 0.625 1.07473
0.648438 0.617188 1.06097
0.65625 0.617188 1.04754
0.648438 0.625 1.06193
0.65625 0.625 1.0485
0.664062 0.601562 1.03153
0.671875 0.601562 1.01687
0.664062 0.609375 1.03252
0.671875 0.609375 1.01785
0.679688 0.601562 1.00161
0.6875 0.601562 0.985744
0.679688 0.609375 1.00257
0.6875 0.609375 0.98669
0.664062 0.617188 1.03348
0.671875 0.617188 1.0188
0.664062 0.625 1.03443
0.671875 0.625 1.01973
0.679688 0.617188 1.00351
0.6875 0.617188 0.987615
0.679688 0.625 1.00443
0.6875 0.625 0.988516
0.695312 0.570312 0.965336
0.703125 0.570312 0.94836
0.695312 0.578125 0.966356
0.703125 0.578125 0.949362
0.710938 0.570312 0.930814
0.71875 0.570312 0.912706
0.710938 0.578125 0.931797
0.71875 0.578125 0.913671
0.695312 0.585938 0.967354
0.703125 0.585938 0.950343
0.695312 0.59375 0.968329
0.703125 0.59375 0.951301
0.710938 0.585938 0.93276
0.71875 0.585938 0.914615
0.710938 0.59375 0.9337
0.71875 0.59375 0.915536
0.726562 0.570312 0.894049
0.734375 0.570312 0.874853
0.726562 0.578125 0.894994
0.734375 0.578125 0.875778
0.742188 0.570312 0.855131
0.75 0.570312 0.834893
0.742188 0.578125 0.856034
0.75 0.578125 0.835775
0.726562 0.585938 0.895918
0.734375 0.585938 0.876682
0.726562 0.59375 0.896821
0.734375 0.59375 0.877566
0.742188 0.585938 0.856918
0.75 0.585938 0.836638
0.742188 0.59375 0.857782
0.75 0.59375 0.837481
0.695312 0.601562 0.969283
0.703125 0.601562 0.952238
0.695312 0.609375 0.970213
0.703125 0.609375 0.953152
0.710938 0.601562 0.934619
0.71875 0.601562 0.916438
0.710938 0.609375 0.935516
0.71875 0.609375 0.917317
0.695312 0.617188 0.971122
0.703125 0.617188 0.954045
0.695312 0.625 0.972009
0.703125 0.625 0.954916
0.710938 0.617188 0.936393
0.71875 0.617188 0.918177
0.710938 0.625 0.937248
0.71875 0.625 0.919015
0.726562 0.601562 0.897704
0.734375 0.601562 0.87843
0.726562 0.609375 0.898566
0.734375 0.609375 0.879273
0.742188 0.601562 0.858627
0.75 0.601562 0.838306
0.742188 0.609375 0.859451
0.75 0.609375 0.839111
0.726562 0.617188 0.899408
0.734375 0.617188 0.880097
0.726562 0.625 0.900229
0.734375 0.625 0.880901
0.742188 0.617188 0.860256
0.75 0.617188 0.839897
0.742188 0.625 0.861041
0.75 0.625 0.840664
0.507812 0.632812 1.18958
0.515625 0.632812 1.1885
0.507812 0.640625 1.19061
0.515625 0.640625 1.18953
0.523438 0.632812 1.18671
0.53125 0.632812 1.18421
0.523438 0.640625 1.18774
0.53125 0.640625 1.18523
0.507812 0.648438 1.19162
0.515625 0.648438 1.19054
0.507812 0.65625 1.1926
0.515625 0.65625 1.19152
0.523438 0.648438 1.18875
0.53125 0.648438 1.18624
0.523438 0.65625 1.18972
0.53125 0.65625 1.18721
0.539062 0.632812 1.18099
0.546875 0.632812 1.17706
0.539062 0.640625 1.18201
0.546875 0.640625 1.17808
0.554688 0.632812 1.17242
0.5625 0.632812 1.16707
0.554688 0.640625 1.17343
0.5625 0.640625 1.16808
0.539062 0.648438 1.18301
0.546875 0.648438 1.17907
0.539062 0.65625 1.18398
0.546875 0.65625 1.18004
0.554688 0.648438 1.17443
0.5625 0.648438 1.16907
0.554688 0.65625 1.17539
0.5625 0.65625 1.17003
0.507812 0.664062 1.19355
0.515625 0.664062 1.19247
0.507812 0.671875 1.19448
0.515625 0.671875 1.1934
0.523438 0.664062 1.19067
0.53125 0.664062 1.18816
0.523438 0.671875 1.1916
0.53125 0.671875 1.18908
0.507812 0.679688 1.19538
0.515625 0.679688 1.1943
0.507812 0.6875 1.19626
0.515625 0.6875 1.19518
0.523438 0.679688 1.1925
0.53125 0.679688 1.18998
0.523438 0.6875 1.19338
0.53125 0.6875 1.19086
0.539062 0.664062 1.18493
0.546875 0.664062 1.18099
0.539062 0.671875 1.18585
0.546875 0.671875 1.18191
0.554688 0.664062 1.17633
0.5625 0.664062 1.17097
0.554688 0.671875 1.17725
0.5625 0.671875 1.17188
0.539062 0.679688 1.18675
0.546875 0.679688 1.1828
0.539062 0.6875 1.18762
0.546875 0.6875 1.18367
0.554688 0.679688 1.17814
0.5625 0.679688 1.17277
0.554688 0.6875 1.179
0.5625 0.6875 1.17363
0.570312 0.632812 1.16102
0.578125 0.632812 1.15428
0.570312 0.640625 1.16203
0.578125 0.640625 1.15528
0.585938 0.632812 1.14683
0.59375 0.632812 1.1387
0.585938 0.640625 1.14783
0.59375 0.640625 1.13969
0.570312 0.648438 1.16301
0.578125 0.648438 1.15625
0.570312 0.65625 1.16397
0.578125 0.65625 1.1572
0.585938 0.648438 1.1488
0.59375 0.648438 1.14065
0.585938 0.65625 1.14974
0.59375 0.65625 1.14159
0.601562 0.632812 1.12988
0.609375 0.632812 1.12038
0.601562 0.640625 1.13086
0.609375 0.640625 1.12135
0.617188 0.632812 1.1102
0.625 0.632812 1.09936
0.617188 0.640625 1.11117
0.625 0.640625 1.10031
0.601562 0.648438 1.13181
0.609375 0.648438 1.1223
0.601562 0.65625 1.13274
0.609375 0.65625 1.12322
0.617188 0.648438 1.1121
0.625 0.648438 1.10124
0.617188 0.65625 1.11302
0.625 0.65625 1.10215
0.570312 0.664062 1.1649
0.578125 0.664062 1.15813
0.570312 0.671875 1.16581
0.578125 0.671875 1.15903
0.585938 0.664062 1.15066
0.59375 0.664062 1.1425
0.585938 0.671875 1.15156
0.59375 0.671875 1.14339
0.570312 0.679688 1.16669
0.578125 0.679688 1.15991
0.570312 0.6875 1.16754
0.578125 0.6875 1.16076
0.585938 0.679688 1.15243
0.59375 0.679688 1.14425
0.585938 0.6875 1.15327
0.59375 0.6875 1.14509
0.601562 0.664062 1.13365
0.609375 0.664062 1.12412
0.601562 0.671875 1.13453
0.609375 0.671875 1.12499
0.617188 0.664062 1.11391
0.625 0.664062 1.10303
0.617188 0.671875 1.11477
0.625 0.671875 1.10389
0.601562 0.679688 1.13539
0.609375 0.679688 1.12584
0.601562 0.6875 1.13622
0.609375 0.6875 1.12667
0.617188 0.679688 1.11562
0.625 0.679688 1.10472
0.617188 0.6875 1.11644
0.625 0.6875 1.10553
0.507812 0.695312 1.19711
0.515625 0.695312 1.19603
0.507812 0.703125 1.19794
0.515625 0.703125 1.19686
0.523438 0.695312 1.19423
0.53125 0.695312 1.19171
0.523438 0.703125 1.19505
0.53125 0.703125 1.19253
0.507812 0.710938 1.19874
0.515625 0.710938 1.19766
0.507812 0.71875 1.19952
0.515625 0.71875 1.19844
0.523438 0.710938 1.19586
0.53125 0.710938 1.19333
0.523438 0.71875 1.19663
0.53125 0.71875 1.19411
0.539062 0.695312 1.18847
0.546875 0.695312 1.18451
0.539062 0.703125 1.18929
0.546875 0.703125 1.18533
0.554688 0.695312 1.17984
0.5625 0.695312 1.17446
0.554688 0.703125 1.18066
0.5625 0.703125 1.17528
0.539062 0.710938 1.19009
0.546875 0.710938 1.18613
0.539062 0.71875 1.19086
0.546875 0.71875 1.1869
0.554688 0.710938 1.18145
0.5625 0.710938 1.17606
0.554688 0.71875 1.18222
0.5625 0.71875 1.17683
0.507812 0.726562 1.20028
0.515625 0.726562 1.19919
0.507812 0.734375 1.20101
0.515625 0.734375 1.19992
0.523438 0.726562 1.19739
0.53125 0.726562 1.19486
0.523438 0.734375 1.19811
0.53125 0.734375 1.19558
0.507812 0.742188 1.20171
0.515625 0.742188 1.20063
0.507812 0.75 1.2024
0.515625 0.75 1.20131
0.523438 0.742188 1.19882
0.53125 0.742188 1.19629
0.523438 0.75 1.1995
0.53125 0.75 1.19697
0.539062 0.726562 1.19161
0.546875 0.726562 1.18764
0.539062 0.734375 1.19233
0.546875 0.734375 1.18837
0.554688 0.726562 1.18296
0.5625 0.726562 1.17757
0.554688 0.734375 1.18368
0.5625 0.734375 1.17828
0.539062 0.742188 1.19304
0.546875 0.742188 1.18907
0.539062 0.75 1.19371
0.546875 0.75 1.18974
0.554688 0.742188 1.18438
0.5625 0.742188 1.17898
0.554688 0.75 1.18505
0.5625 0.75 1.17965
0.570312 0.695312 1.16838
0.578125 0.695312 1.16159
0.570312 0.703125 1.16918
0.578125 0.703125 1.16239
0.585938 0.695312 1.1541
0.59375 0.695312 1.14591
0.585938 0.703125 1.15489
0.59375 0.703125 1.1467
0.570312 0.710938 1.16997
0.578125 0.710938 1.16317
0.570312 0.71875 1.17073
0.578125 0.71875 1.16392
0.585938 0.710938 1.15567
0.59375 0.710938 1.14747
0.585938 0.71875 1.15642
0.59375 0.71875 1.14822
0.601562 0.695312 1.13703
0.609375 0.695312 1.12747
0.601562 0.703125 1.13782
0.609375 0.703125 1.12825
0.617188 0.695312 1.11723
0.625 0.695312 1.10632
0.617188 0.703125 1.11801
0.625 0.703125 1.10709
0.601562 0.710938 1.13858
0.609375 0.710938 1.12901
0.601562 0.71875 1.13932
0.609375 0.71875 1.12974
0.617188 0.710938 1.11876
0.625 0.710938 1.10783
0.617188 0.71875 1.11948
0.625 0.71875 1.10855
0.570312 0.726562 1.17147
0.578125 0.726562 1.16466
0.570312 0.734375 1.17218
0.578125 0.734375 1.16536
0.585938 0.726562 1.15715
0.59375 0.726562 1.14894
0.585938 0.734375 1.15785
0.59375 0.734375 1.14964
0.570312 0.742188 1.17287
0.578125 0.742188 1.16605
0.570312 0.75 1.17353
0.578125 0.75 1.16671
0.585938 0.742188 1.15853
0.59375 0.742188 1.15032
0.585938 0.75 1.15919
0.59375 0.75 1.15097
0.601562 0.726562 1.14004
0.609375 0.726562 1.13045
0.601562 0.734375 1.14073
0.609375 0.734375 1.13114
0.617188 0.726562 1.12019
0.625 0.726562 1.10925
0.617188 0.734375 1.12087
0.625 0.734375 1.10992
0.601562 0.742188 1.14141
0.609375 0.742188 1.13181
0.601562 0.75 1.14205
0.609375 0.75 1.13245
0.617188 0.742188 1.12153
0.625 0.742188 1.11057
0.617188 0.75 1.12216
0.625 0.75 1.1112
0.632812 0.632812 1.08785
0.640625 0.632812 1.07569
0.632812 0.640625 1.0888
0.640625 0.640625 1.07662
0.648438 0.632812 1.06288
0.65625 0.632812 1.04943
0.648438 0.640625 1.0638
0.65625 0.640625 1.05034
0.632812 0.648438 1.08972
0.640625 0.648438 1.07753
0.632812 0.65625 1.09061
0.640625 0.65625 1.07842
0.648438 0.648438 1.0647
0.65625 0.648438 1.05123
0.648438 0.65625 1.06558
0.65625 0.65625 1.05209
0.664062 0.632812 1.03535
0.671875 0.632812 1.02064
0.664062 0.640625 1.03625
0.671875 0.640625 1.02153
0.679688 0.632812 1.00532
0.6875 0.632812 0.989397
0.679688 0.640625 1.00619
0.6875 0.640625 0.990254
0.664062 0.648438 1.03712
0.671875 0.648438 1.02239
0.664062 0.65625 1.03797
0.671875 0.65625 1.02323
0.679688 0.648438 1.00704
0.6875 0.648438 0.991091
0.679688 0.65625 1.00787
0.6875 0.65625 0.991906
0.632812 0.664062 1.09148
0.640625 0.664062 1.07928
0.632812 0.671875 1.09233
0.640625 0.671875 1.08012
0.648438 0.664062 1.06643
0.65625 0.664062 1.05293
0.648438 0.671875 1.06726
0.65625 0.671875 1.05375
0.632812 0.679688 1.09316
0.640625 0.679688 1.08094
0.632812 0.6875 1.09396
0.640625 0.6875 1.08173
0.648438 0.679688 1.06807
0.65625 0.679688 1.05455
0.648438 0.6875 1.06885
0.65625 0.6875 1.05532
0.664062 0.664062 1.03881
0.671875 0.664062 1.02405
0.664062 0.671875 1.03961
0.671875 0.671875 1.02485
0.679688 0.664062 1.00868
0.6875 0.664062 0.9927
0.679688 0.671875 1.00946
0.6875 0.671875 0.993471
0.664062 0.679688 1.0404
0.671875 0.679688 1.02562
0.664062 0.6875 1.04116
0.671875 0.6875 1.02637
0.679688 0.679688 1.01023
0.6875 0.679688 0.994223
0.679688 0.6875 1.01097
0.6875 0.6875 0.994952
0.695312 0.632812 0.972875
0.703125 0.632812 0.955767
0.695312 0.640625 0.973718
0.703125 0.640625 0.956595
0.710938 0.632812 0.938083
0.71875 0.632812 0.919834
0.710938 0.640625 0.938896
0.71875 0.640625 0.920631
0.695312 0.648438 0.974541
0.703125 0.648438 0.957404
0.695312 0.65625 0.975342
0.703125 0.65625 0.95819
0.710938 0.648438 0.93969
0.71875 0.648438 0.92141
0.710938 0.65625 0.940462
0.71875 0.65625 0.922166
0.726562 0.632812 0.901031
0.734375 0.632812 0.881685
0.726562 0.640625 0.901812
0.734375 0.640625 0.88245
0.742188 0.632812 0.861809
0.75 0.632812 0.841413
0.742188 0.640625 0.862556
0.75 0.640625 0.842142
0.726562 0.648438 0.902574
0.734375 0.648438 0.883196
0.726562 0.65625 0.903316
0.734375 0.65625 0.883921
0.742188 0.648438 0.863285
0.75 0.648438 0.842854
0.742188 0.65625 0.863994
0.75 0.65625 0.843546
0.695312 0.664062 0.976123
0.703125 0.664062 0.958957
0.695312 0.671875 0.976881
0.703125 0.671875 0.959703
0.710938 0.664062 0.941215
0.71875 0.664062 0.922905
0.710938 0.671875 0.941946
0.71875 0.671875 0.923622
0.695312 0.679688 0.97762
0.703125 0.679688 0.960429
0.695312 0.6875 0.978338
0.703125 0.6875 0.961133
0.710938 0.679688 0.942659
0.71875 0.679688 0.924321
0.710938 0.6875 0.94335
0.71875 0.6875 0.924999
0.726562 0.664062 0.904039
0.734375 0.664062 0.884629
0.726562 0.671875 0.904742
0.734375 0.671875 0.885316
0.742188 0.664062 0.864686
0.75 0.664062 0.844222
0.742188 0.671875 0.865358
0.75 0.671875 0.844878
0.726562 0.679688 0.905426
0.734375 0.679688 0.885986
0.726562 0.6875 0.90609
0.734375 0.6875 0.886636
0.742188 0.679688 0.866013
0.75 0.679688 0.845517
0.742188 0.6875 0.866648
0.75 0.6875 0.846137
0.632812 0.695312 1.09474
0.640625 0.695312 1.0825
0.632812 0.703125 1.0955
0.640625 0.703125 1.08325
0.648438 0.695312 1.06961
0.65625 0.695312 1.05608
0.648438 0.703125 1.07035
0.65625 0.703125 1.05681
0.632812 0.710938 1.09623
0.640625 0.710938 1.08398
0.632812 0.71875 1.09694
0.640625 0.71875 1.08468
0.648438 0.710938 1.07107
0.65625 0.710938 1.05752
0.648438 0.71875 1.07176
0.65625 0.71875 1.0582
0.664062 0.695312 1.04191
0.671875 0.695312 1.02711
0.664062 0.703125 1.04263
0.671875 0.703125 1.02782
0.679688 0.695312 1.01169
0.6875 0.695312 0.995663
0.679688 0.703125 1.01239
0.6875 0.703125 0.99635
0.664062 0.710938 1.04333
0.671875 0.710938 1.02851
0.664062 0.71875 1.044
0.671875 0.71875 1.02917
0.679688 0.710938 1.01307
0.6875 0.710938 0.997019
0.679688 0.71875 1.01373
0.6875 0.71875 0.997666
0.632812 0.726562 1.09764
0.640625 0.726562 1.08536
0.632812 0.734375 1.0983
0.640625 0.734375 1.08602
0.648438 0.726562 1.07244
0.65625 0.726562 1.05887
0.648438 0.734375 1.07309
0.65625 0.734375 1.05951
0.632812 0.742188 1.09895
0.640625 0.742188 1.08666
0.632812 0.75 1.09957
0.640625 0.75 1.08728
0.648438 0.742188 1.07372
0.65625 0.742188 1.06014
0.648438 0.75 1.07433
0.65625 0.75 1.06074
0.664062 0.726562 1.04466
0.671875 0.726562 1.02982
0.664062 0.734375 1.0453
0.671875 0.734375 1.03045
0.679688 0.726562 1.01436
0.6875 0.726562 0.998295
0.679688 0.734375 1.01498
0.6875 0.734375 0.998901
0.664062 0.742188 1.04591
0.671875 0.742188 1.03106
0.664062 0.75 1.0465
0.671875 0.75 1.03164
0.679688 0.742188 1.01558
0.6875 0.742188 0.99949
0.679688 0.75 1.01615
0.6875 0.75 1.00006
0.695312 0.695312 0.979036
0.703125 0.695312 0.96182
0.695312 0.703125 0.979712
0.703125 0.703125 0.962484
0.710938 0.695312 0.944024
0.71875 0.695312 0.925659
0.710938 0.703125 0.944676
0.71875 0.703125 0.926299
0.695312 0.710938 0.98037
0.703125 0.710938 0.96313
0.695312 0.71875 0.981006
0.703125 0.71875 0.963755
0.710938 0.710938 0.94531
0.71875 0.710938 0.926921
0.710938 0.71875 0.945923
0.71875 0.71875 0.927522
0.726562 0.695312 0.906737
0.734375 0.695312 0.887269
0.726562 0.703125 0.907364
0.734375 0.703125 0.887882
0.742188 0.695312 0.867266
0.75 0.695312 0.846741
0.742188 0.703125 0.867866
0.75 0.703125 0.847326
0.726562 0.710938 0.907973
0.734375 0.710938 0.888478
0.726562 0.71875 0.908562
0.734375 0.71875 0.889055
0.742188 0.710938 0.868448
0.75 0.710938 0.847895
0.742188 0.71875 0.869012
0.75 0.71875 0.848445
0.695312 0.726562 0.981624
0.703125 0.726562 0.964362
0.695312 0.734375 0.982221
0.703125 0.734375 0.964948
0.710938 0.726562 0.94652
0.71875 0.726562 0.928107
0.710938 0.734375 0.947095
0.71875 0.734375 0.92867
0.695312 0.742188 0.9828
0.703125 0.742188 0.965517
0.695312 0.75 0.983357
0.703125 0.75 0.966064
0.710938 0.742188 0.947653
0.71875 0.742188 0.929218
0.710938 0.75 0.94819
0.71875 0.75 0.929745
0.726562 0.726562 0.909135
0.734375 0.726562 0.889615
0.726562 0.734375 0.909687
0.734375 0.734375 0.890155
0.742188 0.726562 0.869559
0.75 0.726562 0.84898
0.742188 0.734375 0.870088
0.75 0.734375 0.849496
0.726562 0.742188 0.910223
0.734375 0.742188 0.89068
0.726562 0.75 0.910739
0.734375 0.75 0.891185
0.742188 0.742188 0.8706
0.75 0.742188 0.849996
0.742188 0.75 0.871094
0.75 0.75 0.850478
0.757812 0.507812 0.806563
0.765625 0.507812 0.78553
0.757812 0.515625 0.807581
0.765625 0.515625 0.786521
0.773438 0.507812 0.764024
0.78125 0.507812 0.742057
0.773438 0.515625 0.764988
0.78125 0.515625 0.742994
0.757812 0.523438 0.80858
0.765625 0.523438 0.787494
0.757812 0.53125 0.809557
0.765625 0.53125 0.788446
0.773438 0.523438 0.765934
0.78125 0.523438 0.743912
0.773438 0.53125 0.76686
0.78125 0.53125 0.744812
0.789062 0.507812 0.719643
0.796875 0.507812 0.696796
0.789062 0.515625 0.720552
0.796875 0.515625 0.697676
0.804688 0.507812 0.673529
0.8125 0.507812 0.649857
0.804688 0.515625 0.674379
0.8125 0.515625 0.650677
0.789062 0.523438 0.721442
0.796875 0.523438 0.698538
0.789062 0.53125 0.722315
0.796875 0.53125 0.699383
0.804688 0.523438 0.675213
0.8125 0.523438 0.651481
0.804688 0.53125 0.67603
0.8125 0.53125 0.652269
0.757812 0.539062 0.810516
0.765625 0.539062 0.78938
0.757812 0.546875 0.811454
0.765625 0.546875 0.790293
0.773438 0.539062 0.767768
0.78125 0.539062 0.745693
0.773438 0.546875 0.768656
0.78125 0.546875 0.746556
0.757812 0.554688 0.812373
0.765625 0.554688 0.791188
0.757812 0.5625 0.813272
0.765625 0.5625 0.792063
0.773438 0.554688 0.769527
0.78125 0.554688 0.747402
0.773438 0.5625 0.770378
0.78125 0.5625 0.748229
0.789062 0.539062 0.72317
0.796875 0.539062 0.700211
0.789062 0.546875 0.724007
0.796875 0.546875 0.701021
0.804688 0.539062 0.67683
0.8125 0.539062 0.653041
0.804688 0.546875 0.677613
0.8125 0.546875 0.653797
0.789062 0.554688 0.724827
0.796875 0.554688 0.701815
0.789062 0.5625 0.725629
0.796875 0.5625 0.702592
0.804688 0.554688 0.678381
0.8125 0.554688 0.654538
0.804688 0.5625 0.679131
0.8125 0.5625 0.655262
0.820312 0.507812 0.625793
0.828125 0.507812 0.601352
0.820312 0.515625 0.626583
0.828125 0.515625 0.602111
0.835938 0.507812 0.576549
0.84375 0.507812 0.551398
0.835938 0.515625 0.577276
0.84375 0.515625 0.552094
0.820312 0.523438 0.627357
0.828125 0.523438 0.602855
0.820312 0.53125 0.628116
0.828125 0.53125 0.603584
0.835938 0.523438 0.57799
0.84375 0.523438 0.552777
0.835938 0.53125 0.578689
0.84375 0.53125 0.553445
0.851562 0.507812 0.525916
0.859375 0.507812 0.500116
0.851562 0.515625 0.526579
0.859375 0.515625 0.500747
0.867188 0.507812 0.474015
0.875 0.507812 0.447629
0.867188 0.515625 0.474614
0.875 0.515625 0.448194
0.851562 0.523438 0.52723
0.859375 0.523438 0.501366
0.851562 0.53125 0.527868
0.859375 0.53125 0.501972
0.867188 0.523438 0.4752
0.875 0.523438 0.448748
0.867188 0.53125 0.475775
0.875 0.53125 0.449291
0.820312 0.539062 0.628859
0.828125 0.539062 0.604299
0.820312 0.546875 0.629587
0.828125 0.546875 0.604998
0.835938 0.539062 0.579374
0.84375 0.539062 0.5541
0.835938 0.546875 0.580044
0.84375 0.546875 0.554741
0.820312 0.554688 0.6303
0.828125 0.554688 0.605683
0.820312 0.5625 0.630998
0.828125 0.5625 0.606353
0.835938 0.554688 0.580701
0.84375 0.554688 0.55537
0.835938 0.5625 0.581344
0.84375 0.5625 0.555984
0.851562 0.539062 0.528493
0.859375 0.539062 0.502567
0.851562 0.546875 0.529104
0.859375 0.546875 0.503148
0.867188 0.539062 0.476338
0.875 0.539062 0.449823
0.867188 0.546875 0.476889
0.875 0.546875 0.450343
0.851562 0.554688 0.529704
0.859375 0.554688 0.503718
0.851562 0.5625 0.53029
0.859375 0.5625 0.504276
0.867188 0.554688 0.47743
0.875 0.554688 0.450853
0.867188 0.5625 0.477958
0.875 0.5625 0.451352
0.757812 0.570312 0.814152
0.765625 0.570312 0.792921
0.757812 0.578125 0.815012
0.765625 0.578125 0.793758
0.773438 0.570312 0.771212
0.78125 0.570312 0.749039
0.773438 0.578125 0.772027
0.78125 0.578125 0.74983
0.757812 0.585938 0.815854
0.765625 0.585938 0.794579
0.757812 0.59375 0.816676
0.765625 0.59375 0.795379
0.773438 0.585938 0.772824
0.78125 0.585938 0.750605
0.773438 0.59375 0.773603
0.78125 0.59375 0.751361
0.789062 0.570312 0.726414
0.796875 0.570312 0.703352
0.789062 0.578125 0.727182
0.796875 0.578125 0.704095
0.804688 0.570312 0.679866
0.8125 0.570312 0.655971
0.804688 0.578125 0.680585
0.8125 0.578125 0.656664
0.789062 0.585938 0.727933
0.796875 0.585938 0.704823
0.789062 0.59375 0.728666
0.796875 0.59375 0.705533
0.804688 0.585938 0.681288
0.8125 0.585938 0.657342
0.804688 0.59375 0.681974
0.8125 0.59375 0.658005
0.757812 0.601562 0.817481
0.765625 0.601562 0.796163
0.757812 0.609375 0.818265
0.765625 0.609375 0.796927
0.773438 0.601562 0.774365
0.78125 0.601562 0.752101
0.773438 0.609375 0.775108
0.78125 0.609375 0.752823
0.757812 0.617188 0.819032
0.765625 0.617188 0.797674
0.757812 0.625 0.81978
0.765625 0.625 0.798402
0.773438 0.617188 0.775835
0.78125 0.617188 0.753529
0.773438 0.625 0.776543
0.78125 0.625 0.754216
0.789062 0.601562 0.729384
0.796875 0.601562 0.706228
0.789062 0.609375 0.730084
0.796875 0.609375 0.706905
0.804688 0.601562 0.682646
0.8125 0.601562 0.658653
0.804688 0.609375 0.683301
0.8125 0.609375 0.659285
0.789062 0.617188 0.730768
0.796875 0.617188 0.707568
0.789062 0.625 0.731435
0.796875 0.625 0.708214
0.804688 0.617188 0.683942
0.8125 0.617188 0.659903
0.804688 0.625 0.684566
0.8125 0.625 0.660505
0.820312 0.570312 0.631681
0.828125 0.570312 0.60701
0.820312 0.578125 0.632348
0.828125 0.578125 0.607651
0.835938 0.570312 0.581973
0.84375 0.570312 0.556586
0.835938 0.578125 0.582588
0.84375 0.578125 0.557174
0.820312 0.585938 0.633001
0.828125 0.585938 0.608279
0.820312 0.59375 0.633639
0.828125 0.59375 0.608892
0.835938 0.585938 0.58319
0.84375 0.585938 0.55775
0.835938 0.59375 0.583777
0.84375 0.59375 0.558312
0.851562 0.570312 0.530864
0.859375 0.570312 0.504821
0.851562 0.578125 0.531424
0.859375 0.578125 0.505355
0.867188 0.570312 0.478475
0.875 0.570312 0.451841
0.867188 0.578125 0.478981
0.875 0.578125 0.452318
0.851562 0.585938 0.531973
0.859375 0.585938 0.505877
0.851562 0.59375 0.532509
0.859375 0.59375 0.506387
0.867188 0.585938 0.479476
0.875 0.585938 0.452785
0.867188 0.59375 0.479959
0.875 0.59375 0.453242
0.820312 0.601562 0.634263
0.828125 0.601562 0.609491
0.820312 0.609375 0.634872
0.828125 0.609375 0.610076
0.835938 0.601562 0.584352
0.84375 0.601562 0.558861
0.835938 0.609375 0.584913
0.84375 0.609375 0.559398
0.820312 0.617188 0.635467
0.828125 0.617188 0.610648
0.820312 0.625 0.636047
0.828125 0.625 0.611205
0.835938 0.617188 0.585462
0.84375 0.617188 0.559922
0.835938 0.625 0.585996
0.84375 0.625 0.560433
0.851562 0.601562 0.533034
0.859375 0.601562 0.506885
0.851562 0.609375 0.533545
0.859375 0.609375 0.507372
0.867188 0.601562 0.480431
0.875 0.601562 0.453688
0.867188 0.609375 0.480892
0.875 0.609375 0.454123
0.851562 0.617188 0.534046
0.859375 0.617188 0.507847
0.851562 0.625 0.534533
0.859375 0.625 0.508311
0.867188 0.617188 0.481343
0.875 0.617188 0.454549
0.867188 0.625 0.481783
0.875 0.625 0.454964
0.882812 0.507812 0.420973
0.890625 0.507812 0.394064
0.882812 0.515625 0.421505
0.890625 0.515625 0.394561
0.898438 0.507812 0.366917
0.90625 0.507812 0.339549
0.898438 0.515625 0.36738
0.90625 0.515625 0.339978
0.882812 0.523438 0.422026
0.890625 0.523438 0.395049
0.882812 0.53125 0.422536
0.890625 0.53125 0.395527
0.898438 0.523438 0.367834
0.90625 0.523438 0.340398
0.898438 0.53125 0.368279
0.90625 0.53125 0.34081
0.914062 0.507812 0.311977
0.921875 0.507812 0.284217
0.914062 0.515625 0.312371
0.921875 0.515625 0.284575
0.929688 0.507812 0.256285
0.9375 0.507812 0.228199
0.929688 0.515625 0.256609
0.9375 0.515625 0.228487
0.914062 0.523438 0.312757
0.921875 0.523438 0.284927
0.914062 0.53125 0.313135
0.921875 0.53125 0.285272
0.929688 0.523438 0.256926
0.9375 0.523438 0.22877
0.929688 0.53125 0.257237
0.9375 0.53125 0.229046
0.882812 0.539062 0.423036
0.890625 0.539062 0.395995
0.882812 0.546875 0.423526
0.890625 0.546875 0.396453
0.898438 0.539062 0.368715
0.90625 0.539062 0.341213
0.898438 0.546875 0.369142
0.90625 0.546875 0.341608
0.882812 0.554688 0.424006
0.890625 0.554688 0.396902
0.882812 0.5625 0.424475
0.890625 0.5625 0.397341
0.898438 0.554688 0.36956
0.90625 0.554688 0.341995
0.898438 0.5625 0.369969
0.90625 0.5625 0.342373
0.914062 0.539062 0.313506
0.921875 0.539062 0.285609
0.914062 0.546875 0.313869
0.921875 0.546875 0.28594
0.929688 0.539062 0.257541
0.9375 0.539062 0.229318
0.929688 0.546875 0.257839
0.9375 0.546875 0.229583
0.914062 0.554688 0.314224
0.921875 0.554688 0.286264
0.914062 0.5625 0.314572
0.921875 0.5625 0.286581
0.929688 0.554688 0.258131
0.9375 0.554688 0.229843
0.929688 0.5625 0.258417
0.9375 0.5625 0.230097
0.945312 0.507812 0.199976
0.953125 0.507812 0.171632
0.945312 0.515625 0.200228
0.953125 0.515625 0.171849
0.960938 0.507812 0.143185
0.96875 0.507812 0.114652
0.960938 0.515625 0.143366
0.96875 0.515625 0.114796
0.945312 0.523438 0.200476
0.953125 0.523438 0.172061
0.945312 0.53125 0.200718
0.953125 0.53125 0.172269
0.960938 0.523438 0.143543
0.96875 0.523438 0.114938
0.960938 0.53125 0.143717
0.96875 0.53125 0.115077
0.976562 0.507812 0.0860493
0.984375 0.507812 0.057395
0.976562 0.515625 0.0861579
0.984375 0.515625 0.0574674
0.992188 0.507812 0.0287062
1 0.507812 1.43248e-16
0.992188 0.515625 0.0287424
1 0.515625 1.43429e-16
0.976562 0.523438 0.0862644
0.984375 0.523438 0.0575385
0.976562 0.53125 0.0863687
0.984375 0.53125 0.0576081
0.992188 0.523438 0.0287779
1 0.523438 1.43606e-16
0.992188 0.53125 0.0288127
1 0.53125 1.4378e-16
0.945312 0.539062 0.200956
0.953125 0.539062 0.172473
0.945312 0.546875 0.201189
0.953125 0.546875 0.172673
0.960938 0.539062 0.143887
0.96875 0.539062 0.115214
0.960938 0.546875 0.144053
0.96875 0.546875 0.115347
0.945312 0.554688 0.201416
0.953125 0.554688 0.172869
0.945312 0.5625 0.201639
0.953125 0.5625 0.17306
0.960938 0.554688 0.144216
0.96875 0.554688 0.115478
0.960938 0.5625 0.144376
0.96875 0.5625 0.115605
0.976562 0.539062 0.086471
0.984375 0.539062 0.0576763
0.976562 0.546875 0.086571
0.984375 0.546875 0.057743
0.992188 0.539062 0.0288468
1 0.539062 1.4395e-16
0.992188 0.546875 0.0288802
1 0.546875 1.44116e-16
0.976562 0.554688 0.0866691
0.984375 0.554688 0.0578084
0.976562 0.5625 0.086765
0.984375 0.5625 0.0578724
0.992188 0.554688 0.0289129
1 0.554688 1.4428e-16
0.992188 0.5625 0.0289449
1 0.5625 1.44439e-16
0.882812 0.570312 0.424934
0.890625 0.570312 0.397771
0.882812 0.578125 0.425383
0.890625 0.578125 0.398192
0.898438 0.570312 0.370369
0.90625 0.570312 0.342744
0.898438 0.578125 0.370761
0.90625 0.578125 0.343106
0.882812 0.585938 0.425822
0.890625 0.585938 0.398603
0.882812 0.59375 0.426252
0.890625 0.59375 0.399005
0.898438 0.585938 0.371144
0.90625 0.585938 0.343461
0.898438 0.59375 0.371518
0.90625 0.59375 0.343807
0.914062 0.570312 0.314912
0.921875 0.570312 0.286891
0.914062 0.578125 0.315245
0.921875 0.578125 0.287194
0.929688 0.570312 0.258696
0.9375 0.570312 0.230346
0.929688 0.578125 0.25897
0.9375 0.578125 0.23059
0.914062 0.585938 0.315571
0.921875 0.585938 0.287491
0.914062 0.59375 0.315889
0.921875 0.59375 0.28778
0.929688 0.585938 0.259237
0.9375 0.585938 0.230828
0.929688 0.59375 0.259499
0.9375 0.59375 0.231061
0.882812 0.601562 0.426671
0.890625 0.601562 0.399398
0.882812 0.609375 0.427081
0.890625 0.609375 0.399781
0.898438 0.601562 0.371883
0.90625 0.601562 0.344145
0.898438 0.609375 0.37224
0.90625 0.609375 0.344475
0.882812 0.617188 0.427481
0.890625 0.617188 0.400156
0.882812 0.625 0.427871
0.890625 0.625 0.400521
0.898438 0.617188 0.372589
0.90625 0.617188 0.344798
0.898438 0.625 0.372929
0.90625 0.625 0.345113
0.914062 0.601562 0.3162
0.921875 0.601562 0.288064
0.914062 0.609375 0.316503
0.921875 0.609375 0.28834
0.929688 0.601562 0.259754
0.9375 0.601562 0.231288
0.929688 0.609375 0.260003
0.9375 0.609375 0.23151
0.914062 0.617188 0.3168
0.921875 0.617188 0.28861
0.914062 0.625 0.317089
0.921875 0.625 0.288874
0.929688 0.617188 0.260247
0.9375 0.617188 0.231727
0.929688 0.625 0.260485
0.9375 0.625 0.231939
0.945312 0.570312 0.201858
0.953125 0.570312 0.173247
0.945312 0.578125 0.202071
0.953125 0.578125 0.17343
0.960938 0.570312 0.144532
0.96875 0.570312 0.11573
0.960938 0.578125 0.144685
0.96875 0.578125 0.115853
0.945312 0.585938 0.20228
0.953125 0.585938 0.173609
0.945312 0.59375 0.202483
0.953125 0.59375 0.173784
0.960938 0.585938 0.144834
0.96875 0.585938 0.115972
0.960938 0.59375 0.14498
0.96875 0.59375 0.116089
0.976562 0.570312 0.0868589
0.984375 0.570312 0.057935
0.976562 0.578125 0.0869507
0.984375 0.578125 0.0579962
0.992188 0.570312 0.0289762
1 0.570312 1.44596e-16
0.992188 0.578125 0.0290068
1 0.578125 1.44748e-16
0.976562 0.585938 0.0870405
0.984375 0.585938 0.0580561
0.976562 0.59375 0.0871282
0.984375 0.59375 0.0581146
0.992188 0.585938 0.0290368
1 0.585938 1.44898e-16
0.992188 0.59375 0.0290661
1 0.59375 1.45044e-16
0.945312 0.601562 0.202683
0.953125 0.601562 0.173955
0.945312 0.609375 0.202877
0.953125 0.609375 0.174122
0.960938 0.601562 0.145123
0.96875 0.601562 0.116204
0.960938 0.609375 0.145262
0.96875 0.609375 0.116315
0.945312 0.617188 0.203068
0.953125 0.617188 0.174286
0.945312 0.625 0.203253
0.953125 0.625 0.174445
0.960938 0.617188 0.145399
0.96875 0.617188 0.116424
0.960938 0.625 0.145531
0.96875 0.625 0.11653
0.976562 0.601562 0.087214
0.984375 0.601562 0.0581719
0.976562 0.609375 0.0872977
0.984375 0.609375 0.0582277
0.992188 0.601562 0.0290947
1 0.601562 1.45187e-16
0.992188 0.609375 0.0291226
1 0.609375 1.45326e-16
0.976562 0.617188 0.0873795
0.984375 0.617188 0.0582823
0.976562 0.625 0.0874593
0.984375 0.625 0.0583355
0.992188 0.617188 0.0291499
1 0.617188 1.45462e-16
0.992188 0.625 0.0291765
1 0.625 1.45595e-16
0.757812 0.632812 0.82051
0.765625 0.632812 0.799113
0.757812 0.640625 0.821221
0.765625 0.640625 0.799806
0.773438 0.632812 0.777235
0.78125 0.632812 0.754888
0.773438 0.640625 0.777908
0.78125 0.640625 0.755543
0.757812 0.648438 0.821915
0.765625 0.648438 0.800482
0.757812 0.65625 0.822591
0.765625 0.65625 0.801139
0.773438 0.648438 0.778566
0.78125 0.648438 0.756181
0.773438 0.65625 0.779206
0.78125 0.65625 0.756802
0.789062 0.632812 0.732087
0.796875 0.632812 0.708845
0.789062 0.640625 0.732722
0.796875 0.640625 0.709459
0.804688 0.632812 0.685176
0.8125 0.632812 0.661094
0.804688 0.640625 0.685769
0.8125 0.640625 0.661667
0.789062 0.648438 0.733341
0.796875 0.648438 0.710059
0.789062 0.65625 0.733943
0.796875 0.65625 0.710642
0.804688 0.648438 0.686349
0.8125 0.648438 0.662226
0.804688 0.65625 0.686913
0.8125 0.65625 0.66277
0.757812 0.664062 0.823249
0.765625 0.664062 0.801781
0.757812 0.671875 0.823889
0.765625 0.671875 0.802404
0.773438 0.664062 0.77983
0.78125 0.664062 0.757408
0.773438 0.671875 0.780435
0.78125 0.671875 0.757997
0.757812 0.679688 0.824513
0.765625 0.679688 0.803011
0.757812 0.6875 0.825117
0.765625 0.6875 0.8036
0.773438 0.679688 0.781026
0.78125 0.679688 0.758571
0.773438 0.6875 0.781599
0.78125 0.6875 0.759127
0.789062 0.664062 0.734531
0.796875 0.664062 0.711211
0.789062 0.671875 0.735102
0.796875 0.671875 0.711764
0.804688 0.664062 0.687463
0.8125 0.664062 0.663301
0.804688 0.671875 0.687997
0.8125 0.671875 0.663816
0.789062 0.679688 0.735658
0.796875 0.679688 0.712303
0.789062 0.6875 0.736198
0.796875 0.6875 0.712825
0.804688 0.679688 0.688518
0.8125 0.679688 0.664319
0.804688 0.6875 0.689023
0.8125 0.6875 0.664806
0.820312 0.632812 0.636614
0.828125 0.632812 0.61175
0.820312 0.640625 0.637165
0.828125 0.640625 0.61228
0.835938 0.632812 0.586518
0.84375 0.632812 0.560933
0.835938 0.640625 0.587026
0.84375 0.640625 0.561419
0.820312 0.648438 0.637704
0.828125 0.648438 0.612798
0.820312 0.65625 0.638228
0.828125 0.65625 0.613301
0.835938 0.648438 0.587523
0.84375 0.648438 0.561893
0.835938 0.65625 0.588005
0.84375 0.65625 0.562355
0.851562 0.632812 0.535009
0.859375 0.632812 0.508764
0.851562 0.640625 0.535473
0.859375 0.640625 0.509205
0.867188 0.632812 0.482212
0.875 0.632812 0.455369
0.867188 0.640625 0.48263
0.875 0.640625 0.455764
0.851562 0.648438 0.535926
0.859375 0.648438 0.509635
0.851562 0.65625 0.536366
0.859375 0.65625 0.510054
0.867188 0.648438 0.483038
0.875 0.648438 0.456149
0.867188 0.65625 0.483435
0.875 0.65625 0.456524
0.820312 0.664062 0.638739
0.828125 0.664062 0.613792
0.820312 0.671875 0.639235
0.828125 0.671875 0.614269
0.835938 0.664062 0.588476
0.84375 0.664062 0.562805
0.835938 0.671875 0.588933
0.84375 0.671875 0.563243
0.820312 0.679688 0.639719
0.828125 0.679688 0.614734
0.820312 0.6875 0.640188
0.828125 0.6875 0.615185
0.835938 0.679688 0.589379
0.84375 0.679688 0.563669
0.835938 0.6875 0.589811
0.84375 0.6875 0.564082
0.851562 0.664062 0.536795
0.859375 0.664062 0.510462
0.851562 0.671875 0.537213
0.859375 0.671875 0.510859
0.867188 0.664062 0.483822
0.875 0.664062 0.45689
0.867188 0.671875 0.484198
0.875 0.671875 0.457245
0.851562 0.679688 0.537619
0.859375 0.679688 0.511246
0.851562 0.6875 0.538013
0.859375 0.6875 0.511621
0.867188 0.679688 0.484564
0.875 0.679688 0.457591
0.867188 0.6875 0.484919
0.875 0.6875 0.457926
0.757812 0.695312 0.825706
0.765625 0.695312 0.804174
0.757812 0.703125 0.826277
0.765625 0.703125 0.804729
0.773438 0.695312 0.782157
0.78125 0.695312 0.759669
0.773438 0.703125 0.782697
0.78125 0.703125 0.760194
0.757812 0.710938 0.826832
0.765625 0.710938 0.80527
0.757812 0.71875 0.827368
0.765625 0.71875 0.805792
0.773438 0.710938 0.783223
0.78125 0.710938 0.760704
0.773438 0.71875 0.783731
0.78125 0.71875 0.761198
0.789062 0.695312 0.736723
0.796875 0.695312 0.713334
0.789062 0.703125 0.737232
0.796875 0.703125 0.713827
0.804688 0.695312 0.689515
0.8125 0.695312 0.66528
0.804688 0.703125 0.689991
0.8125 0.703125 0.66574
0.789062 0.710938 0.737727
0.796875 0.710938 0.714306
0.789062 0.71875 0.738206
0.796875 0.71875 0.714769
0.804688 0.710938 0.690455
0.8125 0.710938 0.666187
0.804688 0.71875 0.690902
0.8125 0.71875 0.666619
0.757812 0.726562 0.827889
0.765625 0.726562 0.8063
0.757812 0.734375 0.828392
0.765625 0.734375 0.80679
0.773438 0.726562 0.784225
0.78125 0.726562 0.761677
0.773438 0.734375 0.784701
0.78125 0.734375 0.76214
0.757812 0.742188 0.828881
0.765625 0.742188 0.807265
0.757812 0.75 0.829351
0.765625 0.75 0.807723
0.773438 0.742188 0.785164
0.78125 0.742188 0.762589
0.773438 0.75 0.785609
0.78125 0.75 0.763022
0.789062 0.726562 0.738671
0.796875 0.726562 0.71522
0.789062 0.734375 0.73912
0.796875 0.734375 0.715654
0.804688 0.726562 0.691338
0.8125 0.726562 0.667039
0.804688 0.734375 0.691758
0.8125 0.734375 0.667445
0.789062 0.742188 0.739555
0.796875 0.742188 0.716076
0.789062 0.75 0.739975
0.796875 0.75 0.716482
0.804688 0.742188 0.692166
0.8125 0.742188 0.667838
0.804688 0.75 0.692558
0.8125 0.75 0.668217
0.820312 0.695312 0.640645
0.828125 0.695312 0.615624
0.820312 0.703125 0.641088
0.828125 0.703125 0.616049
0.835938 0.695312 0.590232
0.84375 0.695312 0.564485
0.835938 0.703125 0.59064
0.84375 0.703125 0.564875
0.820312 0.710938 0.641518
0.828125 0.710938 0.616463
0.820312 0.71875 0.641935
0.828125 0.71875 0.616863
0.835938 0.710938 0.591037
0.84375 0.710938 0.565254
0.835938 0.71875 0.59142
0.84375 0.71875 0.565621
0.851562 0.695312 0.538398
0.859375 0.695312 0.511986
0.851562 0.703125 0.538769
0.859375 0.703125 0.512339
0.867188 0.695312 0.485266
0.875 0.695312 0.458253
0.867188 0.703125 0.485601
0.875 0.703125 0.45857
0.851562 0.710938 0.539131
0.859375 0.710938 0.512683
0.851562 0.71875 0.539481
0.859375 0.71875 0.513016
0.867188 0.710938 0.485927
0.875 0.710938 0.458878
0.867188 0.71875 0.486242
0.875 0.71875 0.459175
0.820312 0.726562 0.642339
0.828125 0.726562 0.617252
0.820312 0.734375 0.642729
0.828125 0.734375 0.617627
0.835938 0.726562 0.591793
0.84375 0.726562 0.565977
0.835938 0.734375 0.592152
0.84375 0.734375 0.566321
0.820312 0.742188 0.643108
0.828125 0.742188 0.617991
0.820312 0.75 0.643473
0.828125 0.75 0.618341
0.835938 0.742188 0.592501
0.84375 0.742188 0.566655
0.835938 0.75 0.592837
0.84375 0.75 0.566976
0.851562 0.726562 0.539821
0.859375 0.726562 0.513339
0.851562 0.734375 0.540149
0.859375 0.734375 0.513651
0.867188 0.726562 0.486549
0.875 0.726562 0.459465
0.867188 0.734375 0.486844
0.875 0.734375 0.459744
0.851562 0.742188 0.540467
0.859375 0.742188 0.513954
0.851562 0.75 0.540774
0.859375 0.75 0.514245
0.867188 0.742188 0.487131
0.875 0.742188 0.460015
0.867188 0.75 0.487407
0.875 0.75 0.460276
0.882812 0.632812 0.428253
0.890625 0.632812 0.400878
0.882812 0.640625 0.428624
0.890625 0.640625 0.401225
0.898438 0.632812 0.373262
0.90625 0.632812 0.345421
0.898438 0.640625 0.373585
0.90625 0.640625 0.34572
0.882812 0.648438 0.428986
0.890625 0.648438 0.401564
0.882812 0.65625 0.429338
0.890625 0.65625 0.401894
0.898438 0.648438 0.373901
0.90625 0.648438 0.346012
0.898438 0.65625 0.374208
0.90625 0.65625 0.346296
0.914062 0.632812 0.317371
0.921875 0.632812 0.289131
0.914062 0.640625 0.317647
0.921875 0.640625 0.289382
0.929688 0.632812 0.260717
0.9375 0.632812 0.232145
0.929688 0.640625 0.260943
0.9375 0.640625 0.232346
0.914062 0.648438 0.317915
0.921875 0.648438 0.289626
0.914062 0.65625 0.318176
0.921875 0.65625 0.289864
0.929688 0.648438 0.261163
0.9375 0.648438 0.232543
0.929688 0.65625 0.261378
0.9375 0.65625 0.232734
0.882812 0.664062 0.429682
0.890625 0.664062 0.402216
0.882812 0.671875 0.430016
0.890625 0.671875 0.402529
0.898438 0.664062 0.374508
0.90625 0.664062 0.346574
0.898438 0.671875 0.374799
0.90625 0.671875 0.346843
0.882812 0.679688 0.430342
0.890625 0.679688 0.402833
0.882812 0.6875 0.430657
0.890625 0.6875 0.403129
0.898438 0.679688 0.375082
0.90625 0.679688 0.347106
0.898438 0.6875 0.375358
0.90625 0.6875 0.34736
0.914062 0.664062 0.318431
0.921875 0.664062 0.290096
0.914062 0.671875 0.318678
0.921875 0.671875 0.290322
0.929688 0.664062 0.261587
0.9375 0.664062 0.23292
0.929688 0.671875 0.26179
0.9375 0.671875 0.233101
0.914062 0.679688 0.31892
0.921875 0.679688 0.290542
0.914062 0.6875 0.319154
0.921875 0.6875 0.290755
0.929688 0.679688 0.261989
0.9375 0.679688 0.233278
0.929688 0.6875 0.262181
0.9375 0.6875 0.233449
0.945312 0.632812 0.203434
0.953125 0.632812 0.1746
0.945312 0.640625 0.20361
0.953125 0.640625 0.174751
0.960938 0.632812 0.145661
0.96875 0.632812 0.116634
0.960938 0.640625 0.145787
0.96875 0.640625 0.116735
0.945312 0.648438 0.203782
0.953125 0.648438 0.174899
0.945312 0.65625 0.20395
0.953125 0.65625 0.175043
0.960938 0.648438 0.145911
0.96875 0.648438 0.116834
0.960938 0.65625 0.14603
0.96875 0.65625 0.11693
0.976562 0.632812 0.0875372
0.984375 0.632812 0.0583875
0.976562 0.640625 0.0876131
0.984375 0.640625 0.0584381
0.992188 0.632812 0.0292025
1 0.632812 1.45725e-16
0.992188 0.640625 0.0292278
1 0.640625 1.45851e-16
0.976562 0.648438 0.0876872
0.984375 0.648438 0.0584875
0.976562 0.65625 0.0877592
0.984375 0.65625 0.0585355
0.992188 0.648438 0.0292525
1 0.648438 1.45974e-16
0.992188 0.65625 0.0292766
1 0.65625 1.46094e-16
0.945312 0.664062 0.204113
0.953125 0.664062 0.175183
0.945312 0.671875 0.204272
0.953125 0.671875 0.175319
0.960938 0.664062 0.146147
0.96875 0.664062 0.117024
0.960938 0.671875 0.146261
0.96875 0.671875 0.117115
0.945312 0.679688 0.204426
0.953125 0.679688 0.175452
0.945312 0.6875 0.204576
0.953125 0.6875 0.17558
0.960938 0.679688 0.146372
0.96875 0.679688 0.117203
0.960938 0.6875 0.146479
0.96875 0.6875 0.117289
0.976562 0.664062 0.0878295
0.984375 0.664062 0.0585824
0.976562 0.671875 0.0878977
0.984375 0.671875 0.0586279
0.992188 0.664062 0.0293
1 0.664062 1.46211e-16
0.992188 0.671875 0.0293228
1 0.671875 1.46325e-16
0.976562 0.679688 0.0879642
0.984375 0.679688 0.0586723
0.976562 0.6875 0.0880288
0.984375 0.6875 0.0587153
0.992188 0.679688 0.029345
1 0.679688 1.46436e-16
0.992188 0.6875 0.0293665
1 0.6875 1.46543e-16
0.882812 0.695312 0.430965
0.890625 0.695312 0.403417
0.882812 0.703125 0.431262
0.890625 0.703125 0.403695
0.898438 0.695312 0.375625
0.90625 0.695312 0.347608
0.898438 0.703125 0.375885
0.90625 0.703125 0.347848
0.882812 0.710938 0.431552
0.890625 0.710938 0.403966
0.882812 0.71875 0.431832
0.890625 0.71875 0.404228
0.898438 0.710938 0.376137
0.90625 0.710938 0.348082
0.898438 0.71875 0.376381
0.90625 0.71875 0.348308
0.914062 0.695312 0.319381
0.921875 0.695312 0.290962
0.914062 0.703125 0.319602
0.921875 0.703125 0.291163
0.929688 0.695312 0.262368
0.9375 0.695312 0.233615
0.929688 0.703125 0.262549
0.9375 0.703125 0.233777
0.914062 0.710938 0.319817
0.921875 0.710938 0.291359
0.914062 0.71875 0.320024
0.921875 0.71875 0.291548
0.929688 0.710938 0.262725
0.9375 0.710938 0.233934
0.929688 0.71875 0.262896
0.9375 0.71875 0.234086
0.882812 0.726562 0.432104
0.890625 0.726562 0.404483
0.882812 0.734375 0.432367
0.890625 0.734375 0.404729
0.898438 0.726562 0.376619
0.90625 0.726562 0.348527
0.898438 0.734375 0.376847
0.90625 0.734375 0.348739
0.882812 0.742188 0.432621
0.890625 0.742188 0.404967
0.882812 0.75 0.432867
0.890625 0.75 0.405197
0.898438 0.742188 0.377069
0.90625 0.742188 0.348944
0.898438 0.75 0.377283
0.90625 0.75 0.349142
0.914062 0.726562 0.320226
0.921875 0.726562 0.291731
0.914062 0.734375 0.32042
0.921875 0.734375 0.291909
0.929688 0.726562 0.263062
0.9375 0.726562 0.234233
0.929688 0.734375 0.263221
0.9375 0.734375 0.234375
0.914062 0.742188 0.320609
0.921875 0.742188 0.292081
0.914062 0.75 0.320791
0.921875 0.75 0.292246
0.929688 0.742188 0.263376
0.9375 0.742188 0.234513
0.929688 0.75 0.263526
0.9375 0.75 0.234646
0.945312 0.695312 0.204722
0.953125 0.695312 0.175706
0.945312 0.703125 0.204864
0.953125 0.703125 0.175827
0.960938 0.695312 0.146584
0.96875 0.695312 0.117373
0.960938 0.703125 0.146685
0.96875 0.703125 0.117454
0.945312 0.710938 0.205001
0.953125 0.710938 0.175945
0.945312 0.71875 0.205134
0.953125 0.71875 0.176059
0.960938 0.710938 0.146783
0.96875 0.710938 0.117533
0.960938 0.71875 0.146878
0.96875 0.71875 0.117609
0.976562 0.695312 0.0880916
0.984375 0.695312 0.0587572
0.976562 0.703125 0.0881524
0.984375 0.703125 0.0587978
0.992188 0.695312 0.0293875
1 0.695312 1.46648e-16
0.992188 0.703125 0.0294078
1 0.703125 1.46749e-16
0.976562 0.710938 0.0882116
0.984375 0.710938 0.0588373
0.976562 0.71875 0.0882689
0.984375 0.71875 0.0588755
0.992188 0.710938 0.0294275
1 0.710938 1.46848e-16
0.992188 0.71875 0.0294466
1 0.71875 1.46943e-16
0.945312 0.726562 0.205264
0.953125 0.726562 0.17617
0.945312 0.734375 0.205388
0.953125 0.734375 0.176277
0.960938 0.726562 0.146971
0.96875 0.726562 0.117683
0.960938 0.734375 0.14706
0.96875 0.734375 0.117755
0.945312 0.742188 0.205509
0.953125 0.742188 0.176381
0.945312 0.75 0.205626
0.953125 0.75 0.176481
0.960938 0.742188 0.147147
0.96875 0.742188 0.117824
0.960938 0.75 0.14723
0.96875 0.75 0.117891
0.976562 0.726562 0.0883245
0.984375 0.726562 0.0589126
0.976562 0.734375 0.0883781
0.984375 0.734375 0.0589484
0.992188 0.726562 0.0294652
1 0.726562 1.47035e-16
0.992188 0.734375 0.0294831
1 0.734375 1.47125e-16
0.976562 0.742188 0.0884302
0.984375 0.742188 0.0589831
0.976562 0.75 0.0884804
0.984375 0.75 0.0590165
0.992188 0.742188 0.0295004
1 0.742188 1.47212e-16
0.992188 0.75 0.0295172
1 0.75 1.47295e-16
0.507812 0.757812 1.20306
0.515625 0.757812 1.20197
0.507812 0.765625 1.20369
0.515625 0.765625 1.2026
0.523438 0.757812 1.20016
0.53125 0.757812 1.19762
0.523438 0.765625 1.20079
0.53125 0.765625 1.19826
0.507812 0.773438 1.2043
0.515625 0.773438 1.20322
0.507812 0.78125 1.20489
0.515625 0.78125 1.2038
0.523438 0.773438 1.2014
0.53125 0.773438 1.19887
0.523438 0.78125 1.20199
0.53125 0.78125 1.19945
0.539062 0.757812 1.19437
0.546875 0.757812 1.19039
0.539062 0.765625 1.195
0.546875 0.765625 1.19102
0.554688 0.757812 1.1857
0.5625 0.757812 1.1803
0.554688 0.765625 1.18633
0.5625 0.765625 1.18092
0.539062 0.773438 1.19561
0.546875 0.773438 1.19163
0.539062 0.78125 1.19619
0.546875 0.78125 1.19221
0.554688 0.773438 1.18693
0.5625 0.773438 1.18152
0.554688 0.78125 1.18751
0.5625 0.78125 1.1821
0.507812 0.789062 1.20546
0.515625 0.789062 1.20437
0.507812 0.796875 1.206
0.515625 0.796875 1.20491
0.523438 0.789062 1.20256
0.53125 0.789062 1.20002
0.523438 0.796875 1.2031
0.53125 0.796875 1.20056
0.507812 0.804688 1.20653
0.515625 0.804688 1.20544
0.507812 0.8125 1.20702
0.515625 0.8125 1.20593
0.523438 0.804688 1.20362
0.53125 0.804688 1.20108
0.523438 0.8125 1.20412
0.53125 0.8125 1.20157
0.539062 0.789062 1.19676
0.546875 0.789062 1.19277
0.539062 0.796875 1.19729
0.546875 0.796875 1.19331
0.554688 0.789062 1.18807
0.5625 0.789062 1.18265
0.554688 0.796875 1.18861
0.5625 0.796875 1.18319
0.539062 0.804688 1.19781
0.546875 0.804688 1.19383
0.539062 0.8125 1.19831
0.546875 0.8125 1.19432
0.554688 0.804688 1.18912
0.5625 0.804688 1.1837
0.554688 0.8125 1.18961
0.5625 0.8125 1.18419
0.570312 0.757812 1.17418
0.578125 0.757812 1.16735
0.570312 0.765625 1.1748
0.578125 0.765625 1.16797
0.585938 0.757812 1.15983
0.59375 0.757812 1.1516
0.585938 0.765625 1.16044
0.59375 0.765625 1.15221
0.570312 0.773438 1.1754
0.578125 0.773438 1.16857
0.570312 0.78125 1.17597
0.578125 0.78125 1.16914
0.585938 0.773438 1.16103
0.59375 0.773438 1.1528
0.585938 0.78125 1.1616
0.59375 0.78125 1.15336
0.601562 0.757812 1.14268
0.609375 0.757812 1.13307
0.601562 0.765625 1.14328
0.609375 0.765625 1.13367
0.617188 0.757812 1.12278
0.625 0.757812 1.11181
0.617188 0.765625 1.12337
0.625 0.765625 1.1124
0.601562 0.773438 1.14387
0.609375 0.773438 1.13425
0.601562 0.78125 1.14442
0.609375 0.78125 1.1348
0.617188 0.773438 1.12395
0.625 0.773438 1.11297
0.617188 0.78125 1.12449
0.625 0.78125 1.11351
0.570312 0.789062 1.17653
0.578125 0.789062 1.16969
0.570312 0.796875 1.17705
0.578125 0.796875 1.17021
0.585938 0.789062 1.16214
0.59375 0.789062 1.1539
0.585938 0.796875 1.16267
0.59375 0.796875 1.15442
0.570312 0.804688 1.17756
0.578125 0.804688 1.17072
0.570312 0.8125 1.17805
0.578125 0.8125 1.1712
0.585938 0.804688 1.16317
0.59375 0.804688 1.15492
0.585938 0.8125 1.16365
0.59375 0.8125 1.1554
0.601562 0.789062 1.14496
0.609375 0.789062 1.13534
0.601562 0.796875 1.14548
0.609375 0.796875 1.13585
0.617188 0.789062 1.12503
0.625 0.789062 1.11404
0.617188 0.796875 1.12553
0.625 0.796875 1.11454
0.601562 0.804688 1.14598
0.609375 0.804688 1.13634
0.601562 0.8125 1.14645
0.609375 0.8125 1.13681
0.617188 0.804688 1.12602
0.625 0.804688 1.11502
0.617188 0.8125 1.12648
0.625 0.8125 1.11548
0.507812 0.820312 1.2075
0.515625 0.820312 1.20641
0.507812 0.828125 1.20795
0.515625 0.828125 1.20686
0.523438 0.820312 1.20459
0.53125 0.820312 1.20205
0.523438 0.828125 1.20504
0.53125 0.828125 1.2025
0.507812 0.835938 1.20839
0.515625 0.835938 1.2073
0.507812 0.84375 1.2088
0.515625 0.84375 1.20771
0.523438 0.835938 1.20548
0.53125 0.835938 1.20293
0.523438 0.84375 1.20589
0.53125 0.84375 1.20334
0.539062 0.820312 1.19878
0.546875 0.820312 1.19479
0.539062 0.828125 1.19923
0.546875 0.828125 1.19524
0.554688 0.820312 1.19008
0.5625 0.820312 1.18466
0.554688 0.828125 1.19053
0.5625 0.828125 1.1851
0.539062 0.835938 1.19966
0.546875 0.835938 1.19567
0.539062 0.84375 1.20007
0.546875 0.84375 1.19607
0.554688 0.835938 1.19096
0.5625 0.835938 1.18553
0.554688 0.84375 1.19136
0.5625 0.84375 1.18593
0.507812 0.851562 1.20919
0.515625 0.851562 1.2081
0.507812 0.859375 1.20956
0.515625 0.859375 1.20846
0.523438 0.851562 1.20628
0.53125 0.851562 1.20373
0.523438 0.859375 1.20664
0.53125 0.859375 1.20409
0.507812 0.867188 1.2099
0.515625 0.867188 1.20881
0.507812 0.875 1.21023
0.515625 0.875 1.20913
0.523438 0.867188 1.20699
0.53125 0.867188 1.20444
0.523438 0.875 1.20731
0.53125 0.875 1.20476
0.539062 0.851562 1.20046
0.546875 0.851562 1.19646
0.539062 0.859375 1.20082
0.546875 0.859375 1.19682
0.554688 0.851562 1.19175
0.5625 0.851562 1.18631
0.554688 0.859375 1.19211
0.5625 0.859375 1.18667
0.539062 0.867188 1.20117
0.546875 0.867188 1.19717
0.539062 0.875 1.20149
0.546875 0.875 1.19749
0.554688 0.867188 1.19245
0.5625 0.867188 1.18701
0.554688 0.875 1.19277
0.5625 0.875 1.18733
0.570312 0.820312 1.17852
0.578125 0.820312 1.17167
0.570312 0.828125 1.17896
0.578125 0.828125 1.17211
0.585938 0.820312 1.16411
0.59375 0.820312 1.15586
0.585938 0.828125 1.16455
0.59375 0.828125 1.15629
0.570312 0.835938 1.17938
0.578125 0.835938 1.17253
0.570312 0.84375 1.17978
0.578125 0.84375 1.17293
0.585938 0.835938 1.16497
0.59375 0.835938 1.1567
0.585938 0.84375 1.16536
0.59375 0.84375 1.1571
0.601562 0.820312 1.1469
0.609375 0.820312 1.13726
0.601562 0.828125 1.14733
0.609375 0.828125 1.13768
0.617188 0.820312 1.12693
0.625 0.820312 1.11592
0.617188 0.828125 1.12735
0.625 0.828125 1.11634
0.601562 0.835938 1.14774
0.609375 0.835938 1.13809
0.601562 0.84375 1.14813
0.609375 0.84375 1.13848
0.617188 0.835938 1.12776
0.625 0.835938 1.11674
0.617188 0.84375 1.12814
0.625 0.84375 1.11712
0.570312 0.851562 1.18016
0.578125 0.851562 1.1733
0.570312 0.859375 1.18052
0.578125 0.859375 1.17366
0.585938 0.851562 1.16574
0.59375 0.851562 1.15747
0.585938 0.859375 1.16609
0.59375 0.859375 1.15782
0.570312 0.867188 1.18086
0.578125 0.867188 1.174
0.570312 0.875 1.18118
0.578125 0.875 1.17431
0.585938 0.867188 1.16643
0.59375 0.867188 1.15815
0.585938 0.875 1.16674
0.59375 0.875 1.15846
0.601562 0.851562 1.14851
0.609375 0.851562 1.13885
0.601562 0.859375 1.14885
0.609375 0.859375 1.13919
0.617188 0.851562 1.1285
0.625 0.851562 1.11748
0.617188 0.859375 1.12885
0.625 0.859375 1.11782
0.601562 0.867188 1.14918
0.609375 0.867188 1.13952
0.601562 0.875 1.14949
0.609375 0.875 1.13983
0.617188 0.867188 1.12917
0.625 0.867188 1.11814
0.617188 0.875 1.12947
0.625 0.875 1.11844
0.632812 0.757812 1.10018
0.640625 0.757812 1.08788
0.632812 0.765625 1.10076
0.640625 0.765625 1.08845
0.648438 0.757812 1.07492
0.65625 0.757812 1.06132
0.648438 0.765625 1.07549
0.65625 0.765625 1.06188
0.632812 0.773438 1.10132
0.640625 0.773438 1.08901
0.632812 0.78125 1.10186
0.640625 0.78125 1.08954
0.648438 0.773438 1.07604
0.65625 0.773438 1.06242
0.648438 0.78125 1.07656
0.65625 0.78125 1.06294
0.664062 0.757812 1.04708
0.671875 0.757812 1.03221
0.664062 0.765625 1.04763
0.671875 0.765625 1.03275
0.679688 0.757812 1.01671
0.6875 0.757812 1.00061
0.679688 0.765625 1.01725
0.6875 0.765625 1.00113
0.664062 0.773438 1.04817
0.671875 0.773438 1.03328
0.664062 0.78125 1.04868
0.671875 0.78125 1.03378
0.679688 0.773438 1.01777
0.6875 0.773438 1.00164
0.679688 0.78125 1.01826
0.6875 0.78125 1.00213
0.632812 0.789062 1.10238
0.640625 0.789062 1.09005
0.632812 0.796875 1.10287
0.640625 0.796875 1.09054
0.648438 0.789062 1.07707
0.65625 0.789062 1.06344
0.648438 0.796875 1.07756
0.65625 0.796875 1.06392
0.632812 0.804688 1.10335
0.640625 0.804688 1.09102
0.632812 0.8125 1.1038
0.640625 0.8125 1.09146
0.648438 0.804688 1.07802
0.65625 0.804688 1.06438
0.648438 0.8125 1.07847
0.65625 0.8125 1.06482
0.664062 0.789062 1.04917
0.671875 0.789062 1.03427
0.664062 0.796875 1.04964
0.671875 0.796875 1.03474
0.679688 0.789062 1.01874
0.6875 0.789062 1.00261
0.679688 0.796875 1.0192
0.6875 0.796875 1.00306
0.664062 0.804688 1.0501
0.671875 0.804688 1.03518
0.664062 0.8125 1.05053
0.671875 0.8125 1.03561
0.679688 0.804688 1.01964
0.6875 0.804688 1.00349
0.679688 0.8125 1.02007
0.6875 0.8125 1.00391
0.695312 0.757812 0.983897
0.703125 0.757812 0.966595
0.695312 0.765625 0.984416
0.703125 0.765625 0.967105
0.710938 0.757812 0.948711
0.71875 0.757812 0.930255
0.710938 0.765625 0.949211
0.71875 0.765625 0.930746
0.695312 0.773438 0.984918
0.703125 0.773438 0.967598
0.695312 0.78125 0.985399
0.703125 0.78125 0.968071
0.710938 0.773438 0.949695
0.71875 0.773438 0.931221
0.710938 0.78125 0.950159
0.71875 0.78125 0.931675
0.726562 0.757812 0.911239
0.734375 0.757812 0.891675
0.726562 0.765625 0.91172
0.734375 0.765625 0.892145
0.742188 0.757812 0.871573
0.75 0.757812 0.850946
0.742188 0.765625 0.872032
0.75 0.765625 0.851394
0.726562 0.773438 0.912185
0.734375 0.773438 0.8926
0.726562 0.78125 0.91263
0.734375 0.78125 0.893036
0.742188 0.773438 0.872477
0.75 0.773438 0.851829
0.742188 0.78125 0.872903
0.75 0.78125 0.852245
0.695312 0.789062 0.985863
0.703125 0.789062 0.968527
0.695312 0.796875 0.986307
0.703125 0.796875 0.968963
0.710938 0.789062 0.950607
0.71875 0.789062 0.932115
0.710938 0.796875 0.951035
0.71875 0.796875 0.932534
0.695312 0.804688 0.986735
0.703125 0.804688 0.969383
0.695312 0.8125 0.987141
0.703125 0.8125 0.969782
0.710938 0.804688 0.951447
0.71875 0.804688 0.932938
0.710938 0.8125 0.951839
0.71875 0.8125 0.933323
0.726562 0.789062 0.913061
0.734375 0.789062 0.893457
0.726562 0.796875 0.913471
0.734375 0.796875 0.893859
0.742188 0.789062 0.873315
0.75 0.789062 0.852646
0.742188 0.796875 0.873707
0.75 0.796875 0.85303
0.726562 0.804688 0.913867
0.734375 0.804688 0.894246
0.726562 0.8125 0.914244
0.734375 0.8125 0.894615
0.742188 0.804688 0.874086
0.75 0.804688 0.8534
0.742188 0.8125 0.874446
0.75 0.8125 0.853751
0.632812 0.820312 1.10424
0.640625 0.820312 1.0919
0.632812 0.828125 1.10466
0.640625 0.828125 1.09231
0.648438 0.820312 1.07889
0.65625 0.820312 1.06524
0.648438 0.828125 1.0793
0.65625 0.828125 1.06564
0.632812 0.835938 1.10505
0.640625 0.835938 1.0927
0.632812 0.84375 1.10543
0.640625 0.84375 1.09307
0.648438 0.835938 1.07969
0.65625 0.835938 1.06602
0.648438 0.84375 1.08005
0.65625 0.84375 1.06639
0.664062 0.820312 1.05095
0.671875 0.820312 1.03602
0.664062 0.828125 1.05134
0.671875 0.828125 1.03641
0.679688 0.820312 1.02047
0.6875 0.820312 1.0043
0.679688 0.828125 1.02085
0.6875 0.828125 1.00468
0.664062 0.835938 1.05172
0.671875 0.835938 1.03678
0.664062 0.84375 1.05208
0.671875 0.84375 1.03713
0.679688 0.835938 1.02122
0.6875 0.835938 1.00504
0.679688 0.84375 1.02156
0.6875 0.84375 1.00538
0.632812 0.851562 1.10579
0.640625 0.851562 1.09342
0.632812 0.859375 1.10612
0.640625 0.859375 1.09375
0.648438 0.851562 1.0804
0.65625 0.851562 1.06673
0.648438 0.859375 1.08073
0.65625 0.859375 1.06705
0.632812 0.867188 1.10644
0.640625 0.867188 1.09407
0.632812 0.875 1.10674
0.640625 0.875 1.09436
0.648438 0.867188 1.08104
0.65625 0.867188 1.06736
0.648438 0.875 1.08133
0.65625 0.875 1.06765
0.664062 0.851562 1.05242
0.671875 0.851562 1.03747
0.664062 0.859375 1.05274
0.671875 0.859375 1.03778
0.679688 0.851562 1.0219
0.6875 0.851562 1.00571
0.679688 0.859375 1.0222
0.6875 0.859375 1.00601
0.664062 0.867188 1.05304
0.671875 0.867188 1.03808
0.664062 0.875 1.05332
0.671875 0.875 1.03836
0.679688 0.867188 1.0225
0.6875 0.867188 1.0063
0.679688 0.875 1.02277
0.6875 0.875 1.00657
0.695312 0.820312 0.987532
0.703125 0.820312 0.970167
0.695312 0.828125 0.987903
0.703125 0.828125 0.97053
0.710938 0.820312 0.952216
0.71875 0.820312 0.933693
0.710938 0.828125 0.952573
0.71875 0.828125 0.934043
0.695312 0.835938 0.988258
0.703125 0.835938 0.970879
0.695312 0.84375 0.988593
0.703125 0.84375 0.971208
0.710938 0.835938 0.952916
0.71875 0.835938 0.934379
0.710938 0.84375 0.953239
0.71875 0.84375 0.934695
0.726562 0.820312 0.914606
0.734375 0.820312 0.894969
0.726562 0.828125 0.914949
0.734375 0.828125 0.895305
0.742188 0.820312 0.874793
0.75 0.820312 0.85409
0.742188 0.828125 0.875121
0.75 0.828125 0.85441
0.726562 0.835938 0.915278
0.734375 0.835938 0.895627
0.726562 0.84375 0.915588
0.734375 0.84375 0.89593
0.742188 0.835938 0.875436
0.75 0.835938 0.854717
0.742188 0.84375 0.875732
0.75 0.84375 0.855007
0.695312 0.851562 0.988913
0.703125 0.851562 0.971522
0.695312 0.859375 0.989212
0.703125 0.859375 0.971817
0.710938 0.851562 0.953547
0.71875 0.851562 0.934997
0.710938 0.859375 0.953836
0.71875 0.859375 0.935281
0.695312 0.867188 0.989497
0.703125 0.867188 0.972097
0.695312 0.875 0.989762
0.703125 0.875 0.972357
0.710938 0.867188 0.954111
0.71875 0.867188 0.93555
0.710938 0.875 0.954366
0.71875 0.875 0.9358
0.726562 0.851562 0.915885
0.734375 0.851562 0.89622
0.726562 0.859375 0.916162
0.734375 0.859375 0.896491
0.742188 0.851562 0.876016
0.75 0.851562 0.855283
0.742188 0.859375 0.876281
0.75 0.859375 0.855542
0.726562 0.867188 0.916426
0.734375 0.867188 0.89675
0.726562 0.875 0.916671
0.734375 0.875 0.89699
0.742188 0.867188 0.876533
0.75 0.867188 0.855789
0.742188 0.875 0.876768
0.75 0.875 0.856018
0.507812 0.882812 1.21053
0.515625 0.882812 1.20944
0.507812 0.890625 1.21082
0.515625 0.890625 1.20972
0.523438 0.882812 1.20762
0.53125 0.882812 1.20507
0.523438 0.890625 1.2079
0.53125 0.890625 1.20535
0.507812 0.898438 1.21108
0.515625 0.898438 1.20999
0.507812 0.90625 1.21132
0.515625 0.90625 1.21023
0.523438 0.898438 1.20816
0.53125 0.898438 1.20561
0.523438 0.90625 1.2084
0.53125 0.90625 1.20585
0.539062 0.882812 1.20179
0.546875 0.882812 1.19779
0.539062 0.890625 1.20207
0.546875 0.890625 1.19807
0.554688 0.882812 1.19307
0.5625 0.882812 1.18763
0.554688 0.890625 1.19335
0.5625 0.890625 1.18791
0.539062 0.898438 1.20234
0.546875 0.898438 1.19833
0.539062 0.90625 1.20257
0.546875 0.90625 1.19857
0.554688 0.898438 1.19361
0.5625 0.898438 1.18817
0.554688 0.90625 1.19385
0.5625 0.90625 1.1884
0.507812 0.914062 1.21155
0.515625 0.914062 1.21045
0.507812 0.921875 1.21175
0.515625 0.921875 1.21065
0.523438 0.914062 1.20863
0.53125 0.914062 1.20608
0.523438 0.921875 1.20883
0.53125 0.921875 1.20628
0.507812 0.929688 1.21193
0.515625 0.929688 1.21084
0.507812 0.9375 1.21209
0.515625 0.9375 1.211
0.523438 0.929688 1.20901
0.53125 0.929688 1.20646
0.523438 0.9375 1.20917
0.53125 0.9375 1.20662
0.539062 0.914062 1.2028
0.546875 0.914062 1.19879
0.539062 0.921875 1.203
0.546875 0.921875 1.19899
0.554688 0.914062 1.19407
0.5625 0.914062 1.18863
0.554688 0.921875 1.19427
0.5625 0.921875 1.18882
0.539062 0.929688 1.20318
0.546875 0.929688 1.19918
0.539062 0.9375 1.20334
0.546875 0.9375 1.19933
0.554688 0.929688 1.19445
0.5625 0.929688 1.189
0.554688 0.9375 1.19461
0.5625 0.9375 1.18916
0.570312 0.882812 1.18148
0.578125 0.882812 1.17461
0.570312 0.890625 1.18175
0.578125 0.890625 1.17488
0.585938 0.882812 1.16704
0.59375 0.882812 1.15876
0.585938 0.890625 1.16731
0.59375 0.890625 1.15903
0.570312 0.898438 1.18201
0.578125 0.898438 1.17514
0.570312 0.90625 1.18225
0.578125 0.90625 1.17537
0.585938 0.898438 1.16756
0.59375 0.898438 1.15928
0.585938 0.90625 1.1678
0.59375 0.90625 1.15951
0.601562 0.882812 1.14978
0.609375 0.882812 1.14011
0.601562 0.890625 1.15005
0.609375 0.890625 1.14038
0.617188 0.882812 1.12976
0.625 0.882812 1.11872
0.617188 0.890625 1.13002
0.625 0.890625 1.11899
0.601562 0.898438 1.1503
0.609375 0.898438 1.14063
0.601562 0.90625 1.15053
0.609375 0.90625 1.14086
0.617188 0.898438 1.13027
0.625 0.898438 1.11923
0.617188 0.90625 1.1305
0.625 0.90625 1.11945
0.570312 0.914062 1.18247
0.578125 0.914062 1.17559
0.570312 0.921875 1.18266
0.578125 0.921875 1.17579
0.585938 0.914062 1.16801
0.59375 0.914062 1.15973
0.585938 0.921875 1.1682
0.59375 0.921875 1.15992
0.570312 0.929688 1.18284
0.578125 0.929688 1.17597
0.570312 0.9375 1.183
0.578125 0.9375 1.17612
0.585938 0.929688 1.16838
0.59375 0.929688 1.1601
0.585938 0.9375 1.16854
0.59375 0.9375 1.16025
0.601562 0.914062 1.15074
0.609375 0.914062 1.14107
0.601562 0.921875 1.15093
0.609375 0.921875 1.14126
0.617188 0.914062 1.13071
0.625 0.914062 1.11966
0.617188 0.921875 1.13089
0.625 0.921875 1.11985
0.601562 0.929688 1.15111
0.609375 0.929688 1.14143
0.601562 0.9375 1.15126
0.609375 0.9375 1.14158
0.617188 0.929688 1.13106
0.625 0.929688 1.12002
0.617188 0.9375 1.13121
0.625 0.9375 1.12016
0.507812 0.945312 1.21224
0.515625 0.945312 1.21114
0.507812 0.953125 1.21236
0.515625 0.953125 1.21126
0.523438 0.945312 1.20932
0.53125 0.945312 1.20676
0.523438 0.953125 1.20944
0.53125 0.953125 1.20688
0.507812 0.960938 1.21246
0.515625 0.960938 1.21137
0.507812 0.96875 1.21255
0.515625 0.96875 1.21145
0.523438 0.960938 1.20954
0.53125 0.960938 1.20699
0.523438 0.96875 1.20963
0.53125 0.96875 1.20707
0.539062 0.945312 1.20348
0.546875 0.945312 1.19948
0.539062 0.953125 1.2036
0.546875 0.953125 1.1996
0.554688 0.945312 1.19475
0.5625 0.945312 1.1893
0.554688 0.953125 1.19487
0.5625 0.953125 1.18942
0.539062 0.960938 1.20371
0.546875 0.960938 1.1997
0.539062 0.96875 1.20379
0.546875 0.96875 1.19978
0.554688 0.960938 1.19497
0.5625 0.960938 1.18953
0.554688 0.96875 1.19506
0.5625 0.96875 1.18961
0.507812 0.976562 1.21262
0.515625 0.976562 1.21152
0.507812 0.984375 1.21266
0.515625 0.984375 1.21156
0.523438 0.976562 1.20969
0.53125 0.976562 1.20714
0.523438 0.984375 1.20974
0.53125 0.984375 1.20718
0.507812 0.992188 1.21269
0.515625 0.992188 1.21159
0.507812 1 1.2127
0.515625 1 1.2116
0.523438 0.992188 1.20977
0.53125 0.992188 1.20721
0.523438 1 1.20977
0.53125 1 1.20722
0.539062 0.976562 1.20386
0.546875 0.976562 1.19985
0.539062 0.984375 1.2039
0.546875 0.984375 1.1999
0.554688 0.976562 1.19512
0.5625 0.976562 1.18967
0.554688 0.984375 1.19517
0.5625 0.984375 1.18972
0.539062 0.992188 1.20393
0.546875 0.992188 1.19993
0.539062 1 1.20394
0.546875 1 1.19993
0.554688 0.992188 1.1952
0.5625 0.992188 1.18975
0.554688 1 1.1952
0.5625 1 1.18975
0.570312 0.945312 1.18314
0.578125 0.945312 1.17626
0.570312 0.953125 1.18326
0.578125 0.953125 1.17638
0.585938 0.945312 1.16868
0.59375 0.945312 1.16039
0.585938 0.953125 1.16879
0.59375 0.953125 1.1605
0.570312 0.960938 1.18336
0.578125 0.960938 1.17648
0.570312 0.96875 1.18344
0.578125 0.96875 1.17656
0.585938 0.960938 1.1689
0.59375 0.960938 1.16061
0.585938 0.96875 1.16898
0.59375 0.96875 1.16068
0.601562 0.945312 1.1514
0.609375 0.945312 1.14172
0.601562 0.953125 1.15152
0.609375 0.953125 1.14183
0.617188 0.945312 1.13135
0.625 0.945312 1.1203
0.617188 0.953125 1.13146
0.625 0.953125 1.12041
0.601562 0.960938 1.15162
0.609375 0.960938 1.14193
0.601562 0.96875 1.15169
0.609375 0.96875 1.14201
0.617188 0.960938 1.13156
0.625 0.960938 1.12051
0.617188 0.96875 1.13164
0.625 0.96875 1.12058
0.570312 0.976562 1.18351
0.578125 0.976562 1.17663
0.570312 0.984375 1.18355
0.578125 0.984375 1.17667
0.585938 0.976562 1.16904
0.59375 0.976562 1.16075
0.585938 0.984375 1.16908
0.59375 0.984375 1.16079
0.570312 0.992188 1.18358
0.578125 0.992188 1.1767
0.570312 1 1.18359
0.578125 1 1.17671
0.585938 0.992188 1.16911
0.59375 0.992188 1.16082
0.585938 1 1.16912
0.59375 1 1.16083
0.601562 0.976562 1.15176
0.609375 0.976562 1.14207
0.601562 0.984375 1.1518
0.609375 0.984375 1.14212
0.617188 0.976562 1.1317
0.625 0.976562 1.12065
0.617188 0.984375 1.13174
0.625 0.984375 1.12069
0.601562 0.992188 1.15183
0.609375 0.992188 1.14215
0.601562 1 1.15184
0.609375 1 1.14215
0.617188 0.992188 1.13177
0.625 0.992188 1.12072
0.617188 1 1.13178
0.625 1 1.12072
0.632812 0.882812 1.10702
0.640625 0.882812 1.09464
0.632812 0.890625 1.10727
0.640625 0.890625 1.09489
0.648438 0.882812 1.0816
0.65625 0.882812 1.06792
0.648438 0.890625 1.08186
0.65625 0.890625 1.06817
0.632812 0.898438 1.10752
0.640625 0.898438 1.09513
0.632812 0.90625 1.10774
0.640625 0.90625 1.09535
0.648438 0.898438 1.08209
0.65625 0.898438 1.0684
0.648438 0.90625 1.08231
0.65625 0.90625 1.06861
0.664062 0.882812 1.05359
0.671875 0.882812 1.03862
0.664062 0.890625 1.05383
0.671875 0.890625 1.03886
0.679688 0.882812 1.02303
0.6875 0.882812 1.00683
0.679688 0.890625 1.02327
0.6875 0.890625 1.00706
0.664062 0.898438 1.05406
0.671875 0.898438 1.03909
0.664062 0.90625 1.05427
0.671875 0.90625 1.0393
0.679688 0.898438 1.02349
0.6875 0.898438 1.00728
0.679688 0.90625 1.0237
0.6875 0.90625 1.00748
0.632812 0.914062 1.10794
0.640625 0.914062 1.09556
0.632812 0.921875 1.10812
0.640625 0.921875 1.09574
0.648438 0.914062 1.08251
0.65625 0.914062 1.06881
0.648438 0.921875 1.08269
0.65625 0.921875 1.06899
0.632812 0.929688 1.10829
0.640625 0.929688 1.0959
0.632812 0.9375 1.10844
0.640625 0.9375 1.09605
0.648438 0.929688 1.08285
0.65625 0.929688 1.06915
0.648438 0.9375 1.083
0.65625 0.9375 1.06929
0.664062 0.914062 1.05447
0.671875 0.914062 1.03949
0.664062 0.921875 1.05464
0.671875 0.921875 1.03966
0.679688 0.914062 1.02389
0.6875 0.914062 1.00767
0.679688 0.921875 1.02406
0.6875 0.921875 1.00783
0.664062 0.929688 1.0548
0.671875 0.929688 1.03982
0.664062 0.9375 1.05494
0.671875 0.9375 1.03996
0.679688 0.929688 1.02421
0.6875 0.929688 1.00799
0.679688 0.9375 1.02435
0.6875 0.9375 1.00812
0.695312 0.882812 0.990013
0.703125 0.882812 0.972603
0.695312 0.890625 0.990243
0.703125 0.890625 0.97283
0.710938 0.882812 0.954608
0.71875 0.882812 0.936038
0.710938 0.890625 0.95483
0.71875 0.890625 0.936255
0.695312 0.898438 0.99046
0.703125 0.898438 0.973043
0.695312 0.90625 0.990657
0.703125 0.90625 0.973236
0.710938 0.898438 0.955039
0.71875 0.898438 0.936461
0.710938 0.90625 0.955229
0.71875 0.90625 0.936647
0.726562 0.882812 0.916903
0.734375 0.882812 0.897217
0.726562 0.890625 0.917117
0.734375 0.890625 0.897426
0.742188 0.882812 0.87699
0.75 0.882812 0.856235
0.742188 0.890625 0.877194
0.75 0.890625 0.856434
0.726562 0.898438 0.917318
0.734375 0.898438 0.897623
0.726562 0.90625 0.9175
0.734375 0.90625 0.897801
0.742188 0.898438 0.877387
0.75 0.898438 0.856622
0.742188 0.90625 0.877561
0.75 0.90625 0.856792
0.695312 0.914062 0.990841
0.703125 0.914062 0.973417
0.695312 0.921875 0.991004
0.703125 0.921875 0.973578
0.710938 0.914062 0.955407
0.71875 0.914062 0.936821
0.710938 0.921875 0.955564
0.71875 0.921875 0.936975
0.695312 0.929688 0.991156
0.703125 0.929688 0.973726
0.695312 0.9375 0.991287
0.703125 0.9375 0.973855
0.710938 0.929688 0.95571
0.71875 0.929688 0.937118
0.710938 0.9375 0.955836
0.71875 0.9375 0.937242
0.726562 0.914062 0.917671
0.734375 0.914062 0.897968
0.726562 0.921875 0.917822
0.734375 0.921875 0.898116
0.742188 0.914062 0.877724
0.75 0.914062 0.856951
0.742188 0.921875 0.877869
0.75 0.921875 0.857093
0.726562 0.929688 0.917962
0.734375 0.929688 0.898253
0.726562 0.9375 0.918083
0.734375 0.9375 0.898372
0.742188 0.929688 0.878003
0.75 0.929688 0.857223
0.742188 0.9375 0.878119
0.75 0.9375 0.857337
0.632812 0.945312 1.10857
0.640625 0.945312 1.09618
0.632812 0.953125 1.10868
0.640625 0.953125 1.09629
0.648438 0.945312 1.08313
0.65625 0.945312 1.06942
0.648438 0.953125 1.08323
0.65625 0.953125 1.06953
0.632812 0.960938 1.10878
0.640625 0.960938 1.09639
0.632812 0.96875 1.10886
0.640625 0.96875 1.09646
0.648438 0.960938 1.08333
0.65625 0.960938 1.06962
0.648438 0.96875 1.0834
0.65625 0.96875 1.06969
0.664062 0.945312 1.05507
0.671875 0.945312 1.04008
0.664062 0.953125 1.05517
0.671875 0.953125 1.04019
0.679688 0.945312 1.02447
0.6875 0.945312 1.00824
0.679688 0.953125 1.02457
0.6875 0.953125 1.00834
0.664062 0.960938 1.05527
0.671875 0.960938 1.04028
0.664062 0.96875 1.05534
0.671875 0.96875 1.04035
0.679688 0.960938 1.02466
0.6875 0.960938 1.00843
0.679688 0.96875 1.02473
0.6875 0.96875 1.0085
0.632812 0.976562 1.10892
0.640625 0.976562 1.09652
0.632812 0.984375 1.10896
0.640625 0.984375 1.09656
0.648438 0.976562 1.08346
0.65625 0.976562 1.06975
0.648438 0.984375 1.0835
0.65625 0.984375 1.06979
0.632812 0.992188 1.10899
0.640625 0.992188 1.09659
0.632812 1 1.10899
0.640625 1 1.09659
0.648438 0.992188 1.08353
0.65625 0.992188 1.06982
0.648438 1 1.08354
0.65625 1 1.06982
0.664062 0.976562 1.0554
0.671875 0.976562 1.04041
0.664062 0.984375 1.05544
0.671875 0.984375 1.04045
0.679688 0.976562 1.02479
0.6875 0.976562 1.00856
0.679688 0.984375 1.02483
0.6875 0.984375 1.00859
0.664062 0.992188 1.05546
0.671875 0.992188 1.04047
0.664062 1 1.05547
0.671875 1 1.04048
0.679688 0.992188 1.02485
0.6875 0.992188 1.00862
0.679688 1 1.02486
0.6875 1 1.00862
0.695312 0.945312 0.991406
0.703125 0.945312 0.973972
0.695312 0.953125 0.991504
0.703125 0.953125 0.974069
0.710938 0.945312 0.955951
0.71875 0.945312 0.937355
0.710938 0.953125 0.956046
0.71875 0.953125 0.937448
0.695312 0.960938 0.991591
0.703125 0.960938 0.974154
0.695312 0.96875 0.991659
0.703125 0.96875 0.97422
0.710938 0.960938 0.95613
0.71875 0.960938 0.93753
0.710938 0.96875 0.956195
0.71875 0.96875 0.937594
0.726562 0.945312 0.918193
0.734375 0.945312 0.898479
0.726562 0.953125 0.918285
0.734375 0.953125 0.898569
0.742188 0.945312 0.878224
0.75 0.945312 0.85744
0.742188 0.953125 0.878311
0.75 0.953125 0.857525
0.726562 0.960938 0.918366
0.734375 0.960938 0.898648
0.726562 0.96875 0.918428
0.734375 0.96875 0.898709
0.742188 0.960938 0.878389
0.75 0.960938 0.8576
0.742188 0.96875 0.878448
0.75 0.96875 0.857658
0.695312 0.976562 0.991715
0.703125 0.976562 0.974275
0.695312 0.984375 0.99175
0.703125 0.984375 0.97431
0.710938 0.976562 0.956249
0.71875 0.976562 0.937647
0.710938 0.984375 0.956283
0.71875 0.984375 0.937681
0.695312 0.992188 0.991776
0.703125 0.992188 0.974335
0.695312 1 0.991781
0.703125 1 0.97434
0.710938 0.992188 0.956308
0.71875 0.992188 0.937704
0.710938 1 0.956313
0.71875 1 0.937709
0.726562 0.976562 0.91848
0.734375 0.976562 0.898759
0.726562 0.984375 0.918513
0.734375 0.984375 0.898792
0.742188 0.976562 0.878498
0.75 0.976562 0.857707
0.742188 0.984375 0.878529
0.75 0.984375 0.857738
0.726562 0.992188 0.918536
0.734375 0.992188 0.898815
0.726562 1 0.918541
0.734375 1 0.898819
0.742188 0.992188 0.878552
0.75 0.992188 0.85776
0.742188 1 0.878556
0.75 1 0.857764
0.757812 0.757812 0.829806
0.765625 0.757812 0.808167
0.757812 0.765625 0.830244
0.765625 0.765625 0.808593
0.773438 0.757812 0.786041
0.78125 0.757812 0.763441
0.773438 0.765625 0.786455
0.78125 0.765625 0.763843
0.757812 0.773438 0.830667
0.765625 0.773438 0.809005
0.757812 0.78125 0.831073
0.765625 0.78125 0.8094
0.773438 0.773438 0.786856
0.78125 0.773438 0.764233
0.773438 0.78125 0.78724
0.78125 0.78125 0.764606
0.789062 0.757812 0.740381
0.796875 0.757812 0.716876
0.789062 0.765625 0.740772
0.796875 0.765625 0.717254
0.804688 0.757812 0.692938
0.8125 0.757812 0.668584
0.804688 0.765625 0.693304
0.8125 0.765625 0.668936
0.789062 0.773438 0.74115
0.796875 0.773438 0.71762
0.789062 0.78125 0.741511
0.796875 0.78125 0.71797
0.804688 0.773438 0.693657
0.8125 0.773438 0.669277
0.804688 0.78125 0.693996
0.8125 0.78125 0.669604
0.757812 0.789062 0.831465
0.765625 0.789062 0.809782
0.757812 0.796875 0.831839
0.765625 0.796875 0.810146
0.773438 0.789062 0.787612
0.78125 0.789062 0.764967
0.773438 0.796875 0.787966
0.78125 0.796875 0.765311
0.757812 0.804688 0.832199
0.765625 0.804688 0.810497
0.757812 0.8125 0.832542
0.765625 0.8125 0.810831
0.773438 0.804688 0.788307
0.78125 0.804688 0.765643
0.773438 0.8125 0.788632
0.78125 0.8125 0.765958
0.789062 0.789062 0.741861
0.796875 0.789062 0.718309
0.789062 0.796875 0.742195
0.796875 0.796875 0.718632
0.804688 0.789062 0.694323
0.8125 0.789062 0.66992
0.804688 0.796875 0.694636
0.8125 0.796875 0.670221
0.789062 0.804688 0.742517
0.796875 0.804688 0.718943
0.789062 0.8125 0.742823
0.796875 0.8125 0.71924
0.804688 0.804688 0.694937
0.8125 0.804688 0.670512
0.804688 0.8125 0.695223
0.8125 0.8125 0.670788
0.820312 0.757812 0.643826
0.828125 0.757812 0.618681
0.820312 0.765625 0.644166
0.828125 0.765625 0.619007
0.835938 0.757812 0.593163
0.84375 0.757812 0.567288
0.835938 0.765625 0.593476
0.84375 0.765625 0.567587
0.820312 0.773438 0.644494
0.828125 0.773438 0.619323
0.820312 0.78125 0.644809
0.828125 0.78125 0.619625
0.835938 0.773438 0.593779
0.84375 0.773438 0.567876
0.835938 0.78125 0.594068
0.84375 0.78125 0.568154
0.851562 0.757812 0.541071
0.859375 0.757812 0.514528
0.851562 0.765625 0.541356
0.859375 0.765625 0.514799
0.867188 0.757812 0.487675
0.875 0.757812 0.460528
0.867188 0.765625 0.487932
0.875 0.765625 0.460771
0.851562 0.773438 0.541632
0.859375 0.773438 0.515062
0.851562 0.78125 0.541897
0.859375 0.78125 0.515313
0.867188 0.773438 0.488181
0.875 0.773438 0.461006
0.867188 0.78125 0.488419
0.875 0.78125 0.461231
0.820312 0.789062 0.645113
0.828125 0.789062 0.619917
0.820312 0.796875 0.645403
0.828125 0.796875 0.620196
0.835938 0.789062 0.594348
0.84375 0.789062 0.568422
0.835938 0.796875 0.594616
0.84375 0.796875 0.568677
0.820312 0.804688 0.645683
0.828125 0.804688 0.620465
0.820312 0.8125 0.645949
0.828125 0.8125 0.620721
0.835938 0.804688 0.594874
0.84375 0.804688 0.568924
0.835938 0.8125 0.595119
0.84375 0.8125 0.569158
0.851562 0.789062 0.542152
0.859375 0.789062 0.515556
0.851562 0.796875 0.542396
0.859375 0.796875 0.515788
0.867188 0.789062 0.48865
0.875 0.789062 0.461449
0.867188 0.796875 0.48887
0.875 0.796875 0.461656
0.851562 0.804688 0.542631
0.859375 0.804688 0.516012
0.851562 0.8125 0.542855
0.859375 0.8125 0.516224
0.867188 0.804688 0.489081
0.875 0.804688 0.461857
0.867188 0.8125 0.489283
0.875 0.8125 0.462047
0.757812 0.820312 0.832872
0.765625 0.820312 0.811153
0.757812 0.828125 0.833184
0.765625 0.828125 0.811457
0.773438 0.820312 0.788945
0.78125 0.820312 0.766262
0.773438 0.828125 0.789241
0.78125 0.828125 0.766549
0.757812 0.835938 0.833484
0.765625 0.835938 0.811749
0.757812 0.84375 0.833766
0.765625 0.84375 0.812024
0.773438 0.835938 0.789525
0.78125 0.835938 0.766825
0.773438 0.84375 0.789792
0.78125 0.84375 0.767084
0.789062 0.820312 0.743117
0.796875 0.820312 0.719525
0.789062 0.828125 0.743396
0.796875 0.828125 0.719794
0.804688 0.820312 0.695499
0.8125 0.820312 0.671054
0.804688 0.828125 0.69576
0.8125 0.828125 0.671306
0.789062 0.835938 0.743663
0.796875 0.835938 0.720053
0.789062 0.84375 0.743915
0.796875 0.84375 0.720297
0.804688 0.835938 0.69601
0.8125 0.835938 0.671547
0.804688 0.84375 0.696245
0.8125 0.84375 0.671774
0.757812 0.851562 0.834036
0.765625 0.851562 0.812286
0.757812 0.859375 0.834289
0.765625 0.859375 0.812532
0.773438 0.851562 0.790047
0.78125 0.851562 0.767333
0.773438 0.859375 0.790287
0.78125 0.859375 0.767565
0.757812 0.867188 0.834529
0.765625 0.867188 0.812767
0.757812 0.875 0.834752
0.765625 0.875 0.812984
0.773438 0.867188 0.790514
0.78125 0.867188 0.767786
0.773438 0.875 0.790726
0.78125 0.875 0.767992
0.789062 0.851562 0.744156
0.796875 0.851562 0.72053
0.789062 0.859375 0.744381
0.796875 0.859375 0.720748
0.804688 0.851562 0.696471
0.8125 0.851562 0.671992
0.804688 0.859375 0.696682
0.8125 0.859375 0.672195
0.789062 0.867188 0.744595
0.796875 0.867188 0.720956
0.789062 0.875 0.744795
0.796875 0.875 0.721149
0.804688 0.867188 0.696882
0.8125 0.867188 0.672389
0.804688 0.875 0.697069
0.8125 0.875 0.672569
0.820312 0.820312 0.646205
0.828125 0.820312 0.620967
0.820312 0.828125 0.646447
0.828125 0.828125 0.6212
0.835938 0.820312 0.595355
0.84375 0.820312 0.569384
0.835938 0.828125 0.595578
0.84375 0.828125 0.569597
0.820312 0.835938 0.64668
0.828125 0.835938 0.621423
0.820312 0.84375 0.646899
0.828125 0.84375 0.621634
0.835938 0.835938 0.595792
0.84375 0.835938 0.569802
0.835938 0.84375 0.595994
0.84375 0.84375 0.569995
0.851562 0.820312 0.54307
0.859375 0.820312 0.516429
0.851562 0.828125 0.543274
0.859375 0.828125 0.516623
0.867188 0.820312 0.489477
0.875 0.820312 0.46223
0.867188 0.828125 0.48966
0.875 0.828125 0.462403
0.851562 0.835938 0.543469
0.859375 0.835938 0.516808
0.851562 0.84375 0.543653
0.859375 0.84375 0.516983
0.867188 0.835938 0.489837
0.875 0.835938 0.46257
0.867188 0.84375 0.490002
0.875 0.84375 0.462726
0.820312 0.851562 0.647108
0.828125 0.851562 0.621835
0.820312 0.859375 0.647304
0.828125 0.859375 0.622023
0.835938 0.851562 0.596187
0.84375 0.851562 0.57018
0.835938 0.859375 0.596367
0.84375 0.859375 0.570352
0.820312 0.867188 0.647491
0.828125 0.867188 0.622202
0.820312 0.875 0.647664
0.828125 0.875 0.622369
0.835938 0.867188 0.596539
0.84375 0.867188 0.570517
0.835938 0.875 0.596699
0.84375 0.875 0.570669
0.851562 0.851562 0.543829
0.859375 0.851562 0.517151
0.851562 0.859375 0.543994
0.859375 0.859375 0.517307
0.867188 0.851562 0.490161
0.875 0.851562 0.462876
0.867188 0.859375 0.490309
0.875 0.859375 0.463016
0.851562 0.867188 0.54415
0.859375 0.867188 0.517456
0.851562 0.875 0.544296
0.859375 0.875 0.517595
0.867188 0.867188 0.490451
0.875 0.867188 0.46315
0.867188 0.875 0.490582
0.875 0.875 0.463274
0.882812 0.757812 0.433105
0.890625 0.757812 0.40542
0.882812 0.765625 0.433333
0.890625 0.765625 0.405633
0.898438 0.757812 0.377491
0.90625 0.757812 0.349334
0.898438 0.765625 0.37769
0.90625 0.765625 0.349518
0.882812 0.773438 0.433554
0.890625 0.773438 0.40584
0.882812 0.78125 0.433766
0.890625 0.78125 0.406038
0.898438 0.773438 0.377882
0.90625 0.773438 0.349697
0.898438 0.78125 0.378067
0.90625 0.78125 0.349867
0.914062 0.757812 0.320967
0.921875 0.757812 0.292407
0.914062 0.765625 0.321136
0.921875 0.765625 0.292561
0.929688 0.757812 0.263671
0.9375 0.757812 0.234775
0.929688 0.765625 0.26381
0.9375 0.765625 0.234899
0.914062 0.773438 0.3213
0.921875 0.773438 0.29271
0.914062 0.78125 0.321457
0.921875 0.78125 0.292853
0.929688 0.773438 0.263944
0.9375 0.773438 0.235019
0.929688 0.78125 0.264073
0.9375 0.78125 0.235134
0.882812 0.789062 0.43397
0.890625 0.789062 0.40623
0.882812 0.796875 0.434165
0.890625 0.796875 0.406413
0.898438 0.789062 0.378245
0.90625 0.789062 0.350032
0.898438 0.796875 0.378415
0.90625 0.796875 0.35019
0.882812 0.804688 0.434354
0.890625 0.804688 0.406589
0.882812 0.8125 0.434533
0.890625 0.8125 0.406756
0.898438 0.804688 0.378579
0.90625 0.804688 0.350342
0.898438 0.8125 0.378735
0.90625 0.8125 0.350486
0.914062 0.789062 0.321609
0.921875 0.789062 0.292991
0.914062 0.796875 0.321753
0.921875 0.796875 0.293123
0.929688 0.789062 0.264198
0.9375 0.789062 0.235245
0.929688 0.796875 0.264316
0.9375 0.796875 0.23535
0.914062 0.804688 0.321893
0.921875 0.804688 0.29325
0.914062 0.8125 0.322025
0.921875 0.8125 0.293371
0.929688 0.804688 0.264431
0.9375 0.804688 0.235452
0.929688 0.8125 0.26454
0.9375 0.8125 0.235549
0.945312 0.757812 0.205739
0.953125 0.757812 0.176578
0.945312 0.765625 0.205847
0.953125 0.765625 0.176671
0.960938 0.757812 0.147311
0.96875 0.757812 0.117956
0.960938 0.765625 0.147389
0.96875 0.765625 0.118018
0.945312 0.773438 0.205952
0.953125 0.773438 0.176761
0.945312 0.78125 0.206053
0.953125 0.78125 0.176848
0.960938 0.773438 0.147464
0.96875 0.773438 0.118078
0.960938 0.78125 0.147536
0.96875 0.78125 0.118136
0.976562 0.757812 0.088529
0.984375 0.757812 0.059049
0.976562 0.765625 0.0885757
0.984375 0.765625 0.0590801
0.992188 0.757812 0.0295334
1 0.757812 1.47376e-16
0.992188 0.765625 0.029549
1 0.765625 1.47454e-16
0.976562 0.773438 0.0886208
0.984375 0.773438 0.0591102
0.976562 0.78125 0.0886641
0.984375 0.78125 0.0591391
0.992188 0.773438 0.029564
1 0.773438 1.47529e-16
0.992188 0.78125 0.0295785
1 0.78125 1.47601e-16
0.945312 0.789062 0.20615
0.953125 0.789062 0.176931
0.945312 0.796875 0.206243
0.953125 0.796875 0.177011
0.960938 0.789062 0.147606
0.96875 0.789062 0.118191
0.960938 0.796875 0.147672
0.96875 0.796875 0.118245
0.945312 0.804688 0.206332
0.953125 0.804688 0.177087
0.945312 0.8125 0.206417
0.953125 0.8125 0.17716
0.960938 0.804688 0.147736
0.96875 0.804688 0.118296
0.960938 0.8125 0.147797
0.96875 0.8125 0.118345
0.976562 0.789062 0.0887059
0.984375 0.789062 0.059167
0.976562 0.796875 0.0887458
0.984375 0.796875 0.0591936
0.992188 0.789062 0.0295924
1 0.789062 1.4767e-16
0.992188 0.796875 0.0296057
1 0.796875 1.47737e-16
0.976562 0.804688 0.0887843
0.984375 0.804688 0.0592193
0.976562 0.8125 0.0888209
0.984375 0.8125 0.0592437
0.992188 0.804688 0.0296186
1 0.804688 1.47801e-16
0.992188 0.8125 0.0296308
1 0.8125 1.47862e-16
0.882812 0.820312 0.434705
0.890625 0.820312 0.406918
0.882812 0.828125 0.434868
0.890625 0.828125 0.40707
0.898438 0.820312 0.378885
0.90625 0.820312 0.350625
0.898438 0.828125 0.379027
0.90625 0.828125 0.350756
0.882812 0.835938 0.435024
0.890625 0.835938 0.407217
0.882812 0.84375 0.435171
0.890625 0.84375 0.407354
0.898438 0.835938 0.379164
0.90625 0.835938 0.350882
0.898438 0.84375 0.379292
0.90625 0.84375 0.351001
0.914062 0.820312 0.322153
0.921875 0.820312 0.293487
0.914062 0.828125 0.322274
0.921875 0.828125 0.293597
0.929688 0.820312 0.264645
0.9375 0.820312 0.235643
0.929688 0.828125 0.264744
0.9375 0.828125 0.235731
0.914062 0.835938 0.32239
0.921875 0.835938 0.293703
0.914062 0.84375 0.322499
0.921875 0.84375 0.293802
0.929688 0.835938 0.264839
0.9375 0.835938 0.235816
0.929688 0.84375 0.264929
0.9375 0.84375 0.235896
0.882812 0.851562 0.435312
0.890625 0.851562 0.407486
0.882812 0.859375 0.435444
0.890625 0.859375 0.40761
0.898438 0.851562 0.379415
0.90625 0.851562 0.351115
0.898438 0.859375 0.37953
0.90625 0.859375 0.351221
0.882812 0.867188 0.43557
0.890625 0.867188 0.407727
0.882812 0.875 0.435686
0.890625 0.875 0.407836
0.898438 0.867188 0.379639
0.90625 0.867188 0.351322
0.898438 0.875 0.379741
0.90625 0.875 0.351416
0.914062 0.851562 0.322603
0.921875 0.851562 0.293898
0.914062 0.859375 0.322701
0.921875 0.859375 0.293986
0.929688 0.851562 0.265015
0.9375 0.851562 0.235972
0.929688 0.859375 0.265095
0.9375 0.859375 0.236044
0.914062 0.867188 0.322794
0.921875 0.867188 0.294071
0.914062 0.875 0.32288
0.921875 0.875 0.29415
0.929688 0.867188 0.265171
0.9375 0.867188 0.236112
0.929688 0.875 0.265242
0.9375 0.875 0.236175
0.945312 0.820312 0.206499
0.953125 0.820312 0.177231
0.945312 0.828125 0.206576
0.953125 0.828125 0.177297
0.960938 0.820312 0.147856
0.96875 0.820312 0.118392
0.960938 0.828125 0.147911
0.96875 0.828125 0.118436
0.945312 0.835938 0.206651
0.953125 0.835938 0.177361
0.945312 0.84375 0.206721
0.953125 0.84375 0.177421
0.960938 0.835938 0.147964
0.96875 0.835938 0.118478
0.960938 0.84375 0.148014
0.96875 0.84375 0.118519
0.976562 0.820312 0.0888561
0.984375 0.820312 0.0592671
0.976562 0.828125 0.0888894
0.984375 0.828125 0.0592894
0.992188 0.820312 0.0296425
1 0.820312 1.4792e-16
0.992188 0.828125 0.0296536
1 0.828125 1.47976e-16
0.976562 0.835938 0.0889214
0.984375 0.835938 0.0593107
0.976562 0.84375 0.0889515
0.984375 0.84375 0.0593308
0.992188 0.835938 0.0296643
1 0.835938 1.48029e-16
0.992188 0.84375 0.0296743
1 0.84375 1.48079e-16
0.945312 0.851562 0.206788
0.953125 0.851562 0.177478
0.945312 0.859375 0.20685
0.953125 0.859375 0.177532
0.960938 0.851562 0.148062
0.96875 0.851562 0.118557
0.960938 0.859375 0.148107
0.96875 0.859375 0.118593
0.945312 0.867188 0.20691
0.953125 0.867188 0.177583
0.945312 0.875 0.206965
0.953125 0.875 0.177631
0.960938 0.867188 0.14815
0.96875 0.867188 0.118627
0.960938 0.875 0.148189
0.96875 0.875 0.118659
0.976562 0.851562 0.0889803
0.984375 0.851562 0.05935
0.976562 0.859375 0.0890072
0.984375 0.859375 0.0593679
0.992188 0.851562 0.0296839
1 0.851562 1.48127e-16
0.992188 0.859375 0.0296929
1 0.859375 1.48172e-16
0.976562 0.867188 0.0890329
0.984375 0.867188 0.0593851
0.976562 0.875 0.0890567
0.984375 0.875 0.0594009
0.992188 0.867188 0.0297015
1 0.867188 1.48215e-16
0.992188 0.875 0.0297094
1 0.875 1.48255e-16
0.757812 0.882812 0.834964
0.765625 0.882812 0.81319
0.757812 0.890625 0.835158
0.765625 0.890625 0.813379
0.773438 0.882812 0.790926
0.78125 0.882812 0.768186
0.773438 0.890625 0.79111
0.78125 0.890625 0.768365
0.757812 0.898438 0.835341
0.765625 0.898438 0.813558
0.757812 0.90625 0.835507
0.765625 0.90625 0.813719
0.773438 0.898438 0.791284
0.78125 0.898438 0.768533
0.773438 0.90625 0.791441
0.78125 0.90625 0.768686
0.789062 0.882812 0.744983
0.796875 0.882812 0.721332
0.789062 0.890625 0.745157
0.796875 0.890625 0.7215
0.804688 0.882812 0.697246
0.8125 0.882812 0.672739
0.804688 0.890625 0.697408
0.8125 0.890625 0.672896
0.789062 0.898438 0.74532
0.796875 0.898438 0.721658
0.789062 0.90625 0.745468
0.796875 0.90625 0.721801
0.804688 0.898438 0.697561
0.8125 0.898438 0.673044
0.804688 0.90625 0.697699
0.8125 0.90625 0.673177
0.757812 0.914062 0.835662
0.765625 0.914062 0.81387
0.757812 0.921875 0.8358
0.765625 0.921875 0.814005
0.773438 0.914062 0.791588
0.78125 0.914062 0.768829
0.773438 0.921875 0.791719
0.78125 0.921875 0.768956
0.757812 0.929688 0.835928
0.765625 0.929688 0.814129
0.757812 0.9375 0.836038
0.765625 0.9375 0.814236
0.773438 0.929688 0.79184
0.78125 0.929688 0.769073
0.773438 0.9375 0.791944
0.78125 0.9375 0.769175
0.789062 0.914062 0.745607
0.796875 0.914062 0.721935
0.789062 0.921875 0.74573
0.796875 0.921875 0.722054
0.804688 0.914062 0.697829
0.8125 0.914062 0.673302
0.804688 0.921875 0.697944
0.8125 0.921875 0.673413
0.789062 0.929688 0.745843
0.796875 0.929688 0.722165
0.789062 0.9375 0.745942
0.796875 0.9375 0.72226
0.804688 0.929688 0.698051
0.8125 0.929688 0.673516
0.804688 0.9375 0.698143
0.8125 0.9375 0.673605
0.820312 0.882812 0.647828
0.828125 0.882812 0.622526
0.820312 0.890625 0.647979
0.828125 0.890625 0.622671
0.835938 0.882812 0.59685
0.84375 0.882812 0.570814
0.835938 0.890625 0.596989
0.84375 0.890625 0.570947
0.820312 0.898438 0.648121
0.828125 0.898438 0.622808
0.820312 0.90625 0.64825
0.828125 0.90625 0.622932
0.835938 0.898438 0.59712
0.84375 0.898438 0.571072
0.835938 0.90625 0.597238
0.84375 0.90625 0.571185
0.851562 0.882812 0.544434
0.859375 0.882812 0.517726
0.851562 0.890625 0.544561
0.859375 0.890625 0.517847
0.867188 0.882812 0.490706
0.875 0.882812 0.463391
0.867188 0.890625 0.490821
0.875 0.890625 0.463499
0.851562 0.898438 0.54468
0.859375 0.898438 0.51796
0.851562 0.90625 0.544788
0.859375 0.90625 0.518063
0.867188 0.898438 0.490928
0.875 0.898438 0.4636
0.867188 0.90625 0.491026
0.875 0.90625 0.463693
0.820312 0.914062 0.64837
0.828125 0.914062 0.623047
0.820312 0.921875 0.648477
0.828125 0.921875 0.62315
0.835938 0.914062 0.597349
0.84375 0.914062 0.571291
0.835938 0.921875 0.597448
0.84375 0.921875 0.571386
0.820312 0.929688 0.648576
0.828125 0.929688 0.623245
0.820312 0.9375 0.648662
0.828125 0.9375 0.623328
0.835938 0.929688 0.597539
0.84375 0.929688 0.571473
0.835938 0.9375 0.597618
0.84375 0.9375 0.571548
0.851562 0.914062 0.544889
0.859375 0.914062 0.518159
0.851562 0.921875 0.544979
0.859375 0.921875 0.518245
0.867188 0.914062 0.491117
0.875 0.914062 0.463779
0.867188 0.921875 0.491198
0.875 0.921875 0.463855
0.851562 0.929688 0.545062
0.859375 0.929688 0.518324
0.851562 0.9375 0.545134
0.859375 0.9375 0.518392
0.867188 0.929688 0.491273
0.875 0.929688 0.463926
0.867188 0.9375 0.491338
0.875 0.9375 0.463987
0.757812 0.945312 0.836139
0.765625 0.945312 0.814334
0.757812 0.953125 0.836222
0.765625 0.953125 0.814415
0.773438 0.945312 0.792039
0.78125 0.945312 0.769267
0.773438 0.953125 0.792118
0.78125 0.953125 0.769344
0.757812 0.960938 0.836296
0.765625 0.960938 0.814487
0.757812 0.96875 0.836352
0.765625 0.96875 0.814542
0.773438 0.960938 0.792188
0.78125 0.960938 0.769411
0.773438 0.96875 0.792241
0.78125 0.96875 0.769463
0.789062 0.945312 0.746031
0.796875 0.945312 0.722347
0.789062 0.953125 0.746106
0.796875 0.953125 0.722419
0.804688 0.945312 0.698227
0.8125 0.945312 0.673686
0.804688 0.953125 0.698296
0.8125 0.953125 0.673753
0.789062 0.960938 0.746171
0.796875 0.960938 0.722482
0.789062 0.96875 0.746222
0.796875 0.96875 0.722531
0.804688 0.960938 0.698358
0.8125 0.960938 0.673812
0.804688 0.96875 0.698405
0.8125 0.96875 0.673858
0.757812 0.976562 0.836399
0.765625 0.976562 0.814588
0.757812 0.984375 0.83643
0.765625 0.984375 0.814617
0.773438 0.976562 0.792286
0.78125 0.976562 0.769507
0.773438 0.984375 0.792315
0.78125 0.984375 0.769535
0.757812 0.992188 0.836451
0.765625 0.992188 0.814638
0.757812 1 0.836455
0.765625 1 0.814642
0.773438 0.992188 0.792335
0.78125 0.992188 0.769554
0.773438 1 0.792339
0.78125 1 0.769558
0.789062 0.976562 0.746264
0.796875 0.976562 0.722572
0.789062 0.984375 0.746291
0.796875 0.984375 0.722598
0.804688 0.976562 0.698444
0.8125 0.976562 0.673896
0.804688 0.984375 0.698469
0.8125 0.984375 0.67392
0.789062 0.992188 0.74631
0.796875 0.992188 0.722616
0.789062 1 0.746314
0.796875 1 0.72262
0.804688 0.992188 0.698487
0.8125 0.992188 0.673937
0.804688 1 0.698491
0.8125 1 0.673941
0.820312 0.945312 0.64874
0.828125 0.945312 0.623402
0.820312 0.953125 0.648804
0.828125 0.953125 0.623464
0.835938 0.945312 0.59769
0.84375 0.945312 0.571617
0.835938 0.953125 0.597749
0.84375 0.953125 0.571674
0.820312 0.960938 0.648861
0.828125 0.960938 0.623519
0.820312 0.96875 0.648905
0.828125 0.96875 0.623561
0.835938 0.960938 0.597802
0.84375 0.960938 0.571724
0.835938 0.96875 0.597842
0.84375 0.96875 0.571763
0.851562 0.945312 0.5452
0.859375 0.945312 0.518454
0.851562 0.953125 0.545254
0.859375 0.953125 0.518506
0.867188 0.945312 0.491397
0.875 0.945312 0.464043
0.867188 0.953125 0.491446
0.875 0.953125 0.464089
0.851562 0.960938 0.545302
0.859375 0.960938 0.518552
0.851562 0.96875 0.545339
0.859375 0.96875 0.518587
0.867188 0.960938 0.491489
0.875 0.960938 0.46413
0.867188 0.96875 0.491522
0.875 0.96875 0.464161
0.820312 0.976562 0.648942
0.828125 0.976562 0.623597
0.820312 0.984375 0.648965
0.828125 0.984375 0.623619
0.835938 0.976562 0.597876
0.84375 0.976562 0.571795
0.835938 0.984375 0.597898
0.84375 0.984375 0.571816
0.820312 0.992188 0.648982
0.828125 0.992188 0.623635
0.820312 1 0.648985
0.828125 1 0.623638
0.835938 0.992188 0.597913
0.84375 0.992188 0.57183
0.835938 1 0.597916
0.84375 1 0.571833
0.851562 0.976562 0.54537
0.859375 0.976562 0.518616
0.851562 0.984375 0.54539
0.859375 0.984375 0.518635
0.867188 0.976562 0.49155
0.875 0.976562 0.464188
0.867188 0.984375 0.491568
0.875 0.984375 0.464204
0.851562 0.992188 0.545403
0.859375 0.992188 0.518648
0.851562 1 0.545406
0.859375 1 0.518651
0.867188 0.992188 0.49158
0.875 0.992188 0.464216
0.867188 1 0.491583
0.875 1 0.464219
0.882812 0.882812 0.435797
0.890625 0.882812 0.40794
0.882812 0.890625 0.435898
0.890625 0.890625 0.408035
0.898438 0.882812 0.379837
0.90625 0.882812 0.351505
0.898438 0.890625 0.379925
0.90625 0.890625 0.351587
0.882812 0.898438 0.435994
0.890625 0.898438 0.408124
0.882812 0.90625 0.43608
0.890625 0.90625 0.408205
0.898438 0.898438 0.380009
0.90625 0.898438 0.351664
0.898438 0.90625 0.380084
0.90625 0.90625 0.351734
0.914062 0.882812 0.322962
0.921875 0.882812 0.294224
0.914062 0.890625 0.323037
0.921875 0.890625 0.294293
0.929688 0.882812 0.265309
0.9375 0.882812 0.236235
0.929688 0.890625 0.265371
0.9375 0.890625 0.23629
0.914062 0.898438 0.323108
0.921875 0.898438 0.294357
0.914062 0.90625 0.323172
0.921875 0.90625 0.294416
0.929688 0.898438 0.265429
0.9375 0.898438 0.236341
0.929688 0.90625 0.265482
0.9375 0.90625 0.236388
0.882812 0.914062 0.436161
0.890625 0.914062 0.408281
0.882812 0.921875 0.436233
0.890625 0.921875 0.408348
0.898438 0.914062 0.380155
0.90625 0.914062 0.351799
0.898438 0.921875 0.380217
0.90625 0.921875 0.351858
0.882812 0.929688 0.4363
0.890625 0.929688 0.408411
0.882812 0.9375 0.436357
0.890625 0.9375 0.408465
0.898438 0.929688 0.380275
0.90625 0.929688 0.351911
0.898438 0.9375 0.380326
0.90625 0.9375 0.351958
0.914062 0.914062 0.323232
0.921875 0.914062 0.294471
0.914062 0.921875 0.323286
0.921875 0.921875 0.294519
0.929688 0.914062 0.265531
0.9375 0.914062 0.236432
0.929688 0.921875 0.265575
0.9375 0.921875 0.236471
0.914062 0.929688 0.323335
0.921875 0.929688 0.294564
0.914062 0.9375 0.323378
0.921875 0.9375 0.294603
0.929688 0.929688 0.265616
0.9375 0.929688 0.236507
0.929688 0.9375 0.265651
0.9375 0.9375 0.236539
0.945312 0.882812 0.207018
0.953125 0.882812 0.177676
0.945312 0.890625 0.207066
0.953125 0.890625 0.177717
0.960938 0.882812 0.148227
0.96875 0.882812 0.118689
0.960938 0.890625 0.148261
0.96875 0.890625 0.118716
0.945312 0.898438 0.207111
0.953125 0.898438 0.177756
0.945312 0.90625 0.207152
0.953125 0.90625 0.177791
0.960938 0.898438 0.148294
0.96875 0.898438 0.118743
0.960938 0.90625 0.148323
0.96875 0.90625 0.118766
0.976562 0.882812 0.0890793
0.984375 0.882812 0.059416
0.976562 0.890625 0.0891
0.984375 0.890625 0.0594298
0.992188 0.882812 0.0297169
1 0.882812 1.48292e-16
0.992188 0.890625 0.0297239
1 0.890625 1.48327e-16
0.976562 0.898438 0.0891195
0.984375 0.898438 0.0594429
0.976562 0.90625 0.0891372
0.984375 0.90625 0.0594547
0.992188 0.898438 0.0297304
1 0.898438 1.48359e-16
0.992188 0.90625 0.0297363
1 0.90625 1.48389e-16
0.945312 0.914062 0.207191
0.953125 0.914062 0.177824
0.945312 0.921875 0.207225
0.953125 0.921875 0.177854
0.960938 0.914062 0.148351
0.96875 0.914062 0.118788
0.960938 0.921875 0.148375
0.96875 0.921875 0.118808
0.945312 0.929688 0.207257
0.953125 0.929688 0.177881
0.945312 0.9375 0.207284
0.953125 0.9375 0.177904
0.960938 0.929688 0.148398
0.96875 0.929688 0.118826
0.960938 0.9375 0.148418
0.96875 0.9375 0.118842
0.976562 0.914062 0.0891538
0.984375 0.914062 0.0594657
0.976562 0.921875 0.0891685
0.984375 0.921875 0.0594755
0.992188 0.914062 0.0297418
1 0.914062 1.48416e-16
0.992188 0.921875 0.0297467
1 0.921875 1.48441e-16
0.976562 0.929688 0.0891821
0.984375 0.929688 0.0594846
0.976562 0.9375 0.0891939
0.984375 0.9375 0.0594925
0.992188 0.929688 0.0297513
1 0.929688 1.48463e-16
0.992188 0.9375 0.0297552
1 0.9375 1.48483e-16
0.882812 0.945312 0.43641
0.890625 0.945312 0.408514
0.882812 0.953125 0.436453
0.890625 0.953125 0.408554
0.898438 0.945312 0.380371
0.90625 0.945312 0.352
0.898438 0.953125 0.380409
0.90625 0.953125 0.352035
0.882812 0.960938 0.436492
0.890625 0.960938 0.40859
0.882812 0.96875 0.436521
0.890625 0.96875 0.408618
0.898438 0.960938 0.380443
0.90625 0.960938 0.352066
0.898438 0.96875 0.380468
0.90625 0.96875 0.35209
0.914062 0.945312 0.323417
0.921875 0.945312 0.294638
0.914062 0.953125 0.323449
0.921875 0.953125 0.294668
0.929688 0.945312 0.265683
0.9375 0.945312 0.236567
0.929688 0.953125 0.265709
0.9375 0.953125 0.236591
0.914062 0.960938 0.323477
0.921875 0.960938 0.294694
0.914062 0.96875 0.323499
0.921875 0.96875 0.294714
0.929688 0.960938 0.265733
0.9375 0.960938 0.236611
0.929688 0.96875 0.265751
0.9375 0.96875 0.236627
0.882812 0.976562 0.436546
0.890625 0.976562 0.408641
0.882812 0.984375 0.436561
0.890625 0.984375 0.408656
0.898438 0.976562 0.38049
0.90625 0.976562 0.35211
0.898438 0.984375 0.380504
0.90625 0.984375 0.352122
0.882812 0.992188 0.436573
0.890625 0.992188 0.408666
0.882812 1 0.436575
0.890625 1 0.408668
0.898438 0.992188 0.380513
0.90625 0.992188 0.352131
0.898438 1 0.380515
0.90625 1 0.352133
0.914062 0.976562 0.323517
0.921875 0.976562 0.29473
0.914062 0.984375 0.323529
0.921875 0.984375 0.294741
0.929688 0.976562 0.265766
0.9375 0.976562 0.236641
0.929688 0.984375 0.265775
0.9375 0.984375 0.236649
0.914062 0.992188 0.323537
0.921875 0.992188 0.294748
0.914062 1 0.323539
0.921875 1 0.29475
0.929688 0.992188 0.265782
0.9375 0.992188 0.236655
0.929688 1 0.265783
0.9375 1 0.236657
0.945312 0.945312 0.207309
0.953125 0.945312 0.177926
0.945312 0.953125 0.207329
0.953125 0.953125 0.177943
0.960938 0.945312 0.148436
0.96875 0.945312 0.118856
0.960938 0.953125 0.14845
0.96875 0.953125 0.118868
0.945312 0.960938 0.207348
0.953125 0.960938 0.177959
0.945312 0.96875 0.207362
0.953125 0.96875 0.177971
0.960938 0.960938 0.148463
0.96875 0.960938 0.118878
0.960938 0.96875 0.148473
0.96875 0.96875 0.118886
0.976562 0.945312 0.0892046
0.984375 0.945312 0.0594996
0.976562 0.953125 0.0892135
0.984375 0.953125 0.0595055
0.992188 0.945312 0.0297588
1 0.945312 1.48501e-16
0.992188 0.953125 0.0297617
1 0.953125 1.48516e-16
0.976562 0.960938 0.0892213
0.984375 0.960938 0.0595108
0.976562 0.96875 0.0892274
0.984375 0.96875 0.0595148
0.992188 0.960938 0.0297643
1 0.960938 1.48528e-16
0.992188 0.96875 0.0297664
1 0.96875 1.48539e-16
0.945312 0.976562 0.207373
0.953125 0.976562 0.177981
0.945312 0.984375 0.207381
0.953125 0.984375 0.177988
0.960938 0.976562 0.148482
0.96875 0.976562 0.118893
0.960938 0.984375 0.148487
0.96875 0.984375 0.118897
0.945312 0.992188 0.207386
0.953125 0.992188 0.177992
0.945312 1 0.207387
0.953125 1 0.177993
0.960938 0.992188 0.148491
0.96875 0.992188 0.1189
0.960938 1 0.148492
0.96875 1 0.118901
0.976562 0.976562 0.0892324
0.984375 0.976562 0.0595181
0.976562 0.984375 0.0892356
0.984375 0.984375 0.0595203
0.992188 0.976562 0.029768
1 0.976562 1.48547e-16
0.992188 0.984375 0.0297691
1 0.984375 1.48553e-16
0.976562 0.992188 0.0892379
0.984375 0.992188 0.0595218
0.976562 1 0.0892383
0.984375 1 0.0595221
0.992188 0.992188 0.0297699
1 0.992188 1.48556e-16
0.992188 1 0.02977
1 1 1.48557e-16
