# vtk DataFile Version 3.0
#This file was generated by the deal.II library on 2026/6/24 at 23:33:39
ASCII
DATASET UNSTRUCTURED_GRID

POINTS 16384 double
0 0 0
0.015625 0 0
0 0.015625 0
0.015625 0.015625 0
0.015625 0 0
0.03125 0 0
0.015625 0.015625 0
0.03125 0.015625 0
0 0.015625 0
0.015625 0.015625 0
0 0.03125 0
0.015625 0.03125 0
0.015625 0.015625 0
0.03125 0.015625 0
0.015625 0.03125 0
0.03125 0.03125 0
0.03125 0 0
0.046875 0 0
0.03125 0.015625 0
0.046875 0.015625 0
0.046875 0 0
0.0625 0 0
0.046875 0.015625 0
0.0625 0.015625 0
0.03125 0.015625 0
0.046875 0.015625 0
0.03125 0.03125 0
0.046875 0.03125 0
0.046875 0.015625 0
0.0625 0.015625 0
0.046875 0.03125 0
0.0625 0.03125 0
0 0.03125 0
0.015625 0.03125 0
0 0.046875 0
0.015625 0.046875 0
0.015625 0.03125 0
0.03125 0.03125 0
0.015625 0.046875 0
0.03125 0.046875 0
0 0.046875 0
0.015625 0.046875 0
0 0.0625 0
0.015625 0.0625 0
0.015625 0.046875 0
0.03125 0.046875 0
0.015625 0.0625 0
0.03125 0.0625 0
0.03125 0.03125 0
0.046875 0.03125 0
0.03125 0.046875 0
0.046875 0.046875 0
0.046875 0.03125 0
0.0625 0.03125 0
0.046875 0.046875 0
0.0625 0.046875 0
0.03125 0.046875 0
0.046875 0.046875 0
0.03125 0.0625 0
0.046875 0.0625 0
0.046875 0.046875 0
0.0625 0.046875 0
0.046875 0.0625 0
0.0625 0.0625 0
0.0625 0 0
0.078125 0 0
0.0625 0.015625 0
0.078125 0.015625 0
0.078125 0 0
0.09375 0 0
0.078125 0.015625 0
0.09375 0.015625 0
0.0625 0.015625 0
0.078125 0.015625 0
0.0625 0.03125 0
0.078125 0.03125 0
0.078125 0.015625 0
0.09375 0.015625 0
0.078125 0.03125 0
0.09375 0.03125 0
0.09375 0 0
0.109375 0 0
0.09375 0.015625 0
0.109375 0.015625 0
0.109375 0 0
0.125 0 0
0.109375 0.015625 0
0.125 0.015625 0
0.09375 0.015625 0
0.109375 0.015625 0
0.09375 0.03125 0
0.109375 0.03125 0
0.109375 0.015625 0
0.125 0.015625 0
0.109375 0.03125 0
0.125 0.03125 0
0.0625 0.03125 0
0.078125 0.03125 0
0.0625 0.046875 0
0.078125 0.046875 0
0.078125 0.03125 0
0.09375 0.03125 0
0.078125 0.046875 0
0.09375 0.046875 0
0.0625 0.046875 0
0.078125 0.046875 0
0.0625 0.0625 0
0.078125 0.0625 0
0.078125 0.046875 0
0.09375 0.046875 0
0.078125 0.0625 0
0.09375 0.0625 0
0.09375 0.03125 0
0.109375 0.03125 0
0.09375 0.046875 0
0.109375 0.046875 0
0.109375 0.03125 0
0.125 0.03125 0
0.109375 0.046875 0
0.125 0.046875 0
0.09375 0.046875 0
0.109375 0.046875 0
0.09375 0.0625 0
0.109375 0.0625 0
0.109375 0.046875 0
0.125 0.046875 0
0.109375 0.0625 0
0.125 0.0625 0
0 0.0625 0
0.015625 0.0625 0
0 0.078125 0
0.015625 0.078125 0
0.015625 0.0625 0
0.03125 0.0625 0
0.015625 0.078125 0
0.03125 0.078125 0
0 0.078125 0
0.015625 0.078125 0
0 0.09375 0
0.015625 0.09375 0
0.015625 0.078125 0
0.03125 0.078125 0
0.015625 0.09375 0
0.03125 0.09375 0
0.03125 0.0625 0
0.046875 0.0625 0
0.03125 0.078125 0
0.046875 0.078125 0
0.046875 0.0625 0
0.0625 0.0625 0
0.046875 0.078125 0
0.0625 0.078125 0
0.03125 0.078125 0
0.046875 0.078125 0
0.03125 0.09375 0
0.046875 0.09375 0
0.046875 0.078125 0
0.0625 0.078125 0
0.046875 0.09375 0
0.0625 0.09375 0
0 0.09375 0
0.015625 0.09375 0
0 0.109375 0
0.015625 0.109375 0
0.015625 0.09375 0
0.03125 0.09375 0
0.015625 0.109375 0
0.03125 0.109375 0
0 0.109375 0
0.015625 0.109375 0
0 0.125 0
0.015625 0.125 0
0.015625 0.109375 0
0.03125 0.109375 0
0.015625 0.125 0
0.03125 0.125 0
0.03125 0.09375 0
0.046875 0.09375 0
0.03125 0.109375 0
0.046875 0.109375 0
0.046875 0.09375 0
0.0625 0.09375 0
0.046875 0.109375 0
0.0625 0.109375 0
0.03125 0.109375 0
0.046875 0.109375 0
0.03125 0.125 0
0.046875 0.125 0
0.046875 0.109375 0
0.0625 0.109375 0
0.046875 0.125 0
0.0625 0.125 0
0.0625 0.0625 0
0.078125 0.0625 0
0.0625 0.078125 0
0.078125 0.078125 0
0.078125 0.0625 0
0.09375 0.0625 0
0.078125 0.078125 0
0.09375 0.078125 0
0.0625 0.078125 0
0.078125 0.078125 0
0.0625 0.09375 0
0.078125 0.09375 0
0.078125 0.078125 0
0.09375 0.078125 0
0.078125 0.09375 0
0.09375 0.09375 0
0.09375 0.0625 0
0.109375 0.0625 0
0.09375 0.078125 0
0.109375 0.078125 0
0.109375 0.0625 0
0.125 0.0625 0
0.109375 0.078125 0
0.125 0.078125 0
0.09375 0.078125 0
0.109375 0.078125 0
0.09375 0.09375 0
0.109375 0.09375 0
0.109375 0.078125 0
0.125 0.078125 0
0.109375 0.09375 0
0.125 0.09375 0
0.0625 0.09375 0
0.078125 0.09375 0
0.0625 0.109375 0
0.078125 0.109375 0
0.078125 0.09375 0
0.09375 0.09375 0
0.078125 0.109375 0
0.09375 0.109375 0
0.0625 0.109375 0
0.078125 0.109375 0
0.0625 0.125 0
0.078125 0.125 0
0.078125 0.109375 0
0.09375 0.109375 0
0.078125 0.125 0
0.09375 0.125 0
0.09375 0.09375 0
0.109375 0.09375 0
0.09375 0.109375 0
0.109375 0.109375 0
0.109375 0.09375 0
0.125 0.09375 0
0.109375 0.109375 0
0.125 0.109375 0
0.09375 0.109375 0
0.109375 0.109375 0
0.09375 0.125 0
0.109375 0.125 0
0.109375 0.109375 0
0.125 0.109375 0
0.109375 0.125 0
0.125 0.125 0
0.125 0 0
0.140625 0 0
0.125 0.015625 0
0.140625 0.015625 0
0.140625 0 0
0.15625 0 0
0.140625 0.015625 0
0.15625 0.015625 0
0.125 0.015625 0
0.140625 0.015625 0
0.125 0.03125 0
0.140625 0.03125 0
0.140625 0.015625 0
0.15625 0.015625 0
0.140625 0.03125 0
0.15625 0.03125 0
0.15625 0 0
0.171875 0 0
0.15625 0.015625 0
0.171875 0.015625 0
0.171875 0 0
0.1875 0 0
0.171875 0.015625 0
0.1875 0.015625 0
0.15625 0.015625 0
0.171875 0.015625 0
0.15625 0.03125 0
0.171875 0.03125 0
0.171875 0.015625 0
0.1875 0.015625 0
0.171875 0.03125 0
0.1875 0.03125 0
0.125 0.03125 0
0.140625 0.03125 0
0.125 0.046875 0
0.140625 0.046875 0
0.140625 0.03125 0
0.15625 0.03125 0
0.140625 0.046875 0
0.15625 0.046875 0
0.125 0.046875 0
0.140625 0.046875 0
0.125 0.0625 0
0.140625 0.0625 0
0.140625 0.046875 0
0.15625 0.046875 0
0.140625 0.0625 0
0.15625 0.0625 0
0.15625 0.03125 0
0.171875 0.03125 0
0.15625 0.046875 0
0.171875 0.046875 0
0.171875 0.03125 0
0.1875 0.03125 0
0.171875 0.046875 0
0.1875 0.046875 0
0.15625 0.046875 0
0.171875 0.046875 0
0.15625 0.0625 0
0.171875 0.0625 0
0.171875 0.046875 0
0.1875 0.046875 0
0.171875 0.0625 0
0.1875 0.0625 0
0.1875 0 0
0.203125 0 0
0.1875 0.015625 0
0.203125 0.015625 0
0.203125 0 0
0.21875 0 0
0.203125 0.015625 0
0.21875 0.015625 0
0.1875 0.015625 0
0.203125 0.015625 0
0.1875 0.03125 0
0.203125 0.03125 0
0.203125 0.015625 0
0.21875 0.015625 0
0.203125 0.03125 0
0.21875 0.03125 0
0.21875 0 0
0.234375 0 0
0.21875 0.015625 0
0.234375 0.015625 0
0.234375 0 0
0.25 0 0
0.234375 0.015625 0
0.25 0.015625 0
0.21875 0.015625 0
0.234375 0.015625 0
0.21875 0.03125 0
0.234375 0.03125 0
0.234375 0.015625 0
0.25 0.015625 0
0.234375 0.03125 0
0.25 0.03125 0
0.1875 0.03125 0
0.203125 0.03125 0
0.1875 0.046875 0
0.203125 0.046875 0
0.203125 0.03125 0
0.21875 0.03125 0
0.203125 0.046875 0
0.21875 0.046875 0
0.1875 0.046875 0
0.203125 0.046875 0
0.1875 0.0625 0
0.203125 0.0625 0
0.203125 0.046875 0
0.21875 0.046875 0
0.203125 0.0625 0
0.21875 0.0625 0
0.21875 0.03125 0
0.234375 0.03125 0
0.21875 0.046875 0
0.234375 0.046875 0
0.234375 0.03125 0
0.25 0.03125 0
0.234375 0.046875 0
0.25 0.046875 0
0.21875 0.046875 0
0.234375 0.046875 0
0.21875 0.0625 0
0.234375 0.0625 0
0.234375 0.046875 0
0.25 0.046875 0
0.234375 0.0625 0
0.25 0.0625 0
0.125 0.0625 0
0.140625 0.0625 0
0.125 0.078125 0
0.140625 0.078125 0
0.140625 0.0625 0
0.15625 0.0625 0
0.140625 0.078125 0
0.15625 0.078125 0
0.125 0.078125 0
0.140625 0.078125 0
0.125 0.09375 0
0.140625 0.09375 0
0.140625 0.078125 0
0.15625 0.078125 0
0.140625 0.09375 0
0.15625 0.09375 0
0.15625 0.0625 0
0.171875 0.0625 0
0.15625 0.078125 0
0.171875 0.078125 0
0.171875 0.0625 0
0.1875 0.0625 0
0.171875 0.078125 0
0.1875 0.078125 0
0.15625 0.078125 0
0.171875 0.078125 0
0.15625 0.09375 0
0.171875 0.09375 0
0.171875 0.078125 0
0.1875 0.078125 0
0.171875 0.09375 0
0.1875 0.09375 0
0.125 0.09375 0
0.140625 0.09375 0
0.125 0.109375 0
0.140625 0.109375 0
0.140625 0.09375 0
0.15625 0.09375 0
0.140625 0.109375 0
0.15625 0.109375 0
0.125 0.109375 0
0.140625 0.109375 0
0.125 0.125 0
0.140625 0.125 0
0.140625 0.109375 0
0.15625 0.109375 0
0.140625 0.125 0
0.15625 0.125 0
0.15625 0.09375 0
0.171875 0.09375 0
0.15625 0.109375 0
0.171875 0.109375 0
0.171875 0.09375 0
0.1875 0.09375 0
0.171875 0.109375 0
0.1875 0.109375 0
0.15625 0.109375 0
0.171875 0.109375 0
0.15625 0.125 0
0.171875 0.125 0
0.171875 0.109375 0
0.1875 0.109375 0
0.171875 0.125 0
0.1875 0.125 0
0.1875 0.0625 0
0.203125 0.0625 0
0.1875 0.078125 0
0.203125 0.078125 0
0.203125 0.0625 0
0.21875 0.0625 0
0.203125 0.078125 0
0.21875 0.078125 0
0.1875 0.078125 0
0.203125 0.078125 0
0.1875 0.09375 0
0.203125 0.09375 0
0.203125 0.078125 0
0.21875 0.078125 0
0.203125 0.09375 0
0.21875 0.09375 0
0.21875 0.0625 0
0.234375 0.0625 0
0.21875 0.078125 0
0.234375 0.078125 0
0.234375 0.0625 0
0.25 0.0625 0
0.234375 0.078125 0
0.25 0.078125 0
0.21875 0.078125 0
0.234375 0.078125 0
0.21875 0.09375 0
0.234375 0.09375 0
0.234375 0.078125 0
0.25 0.078125 0
0.234375 0.09375 0
0.25 0.09375 0
0.1875 0.09375 0
0.203125 0.09375 0
0.1875 0.109375 0
0.203125 0.109375 0
0.203125 0.09375 0
0.21875 0.09375 0
0.203125 0.109375 0
0.21875 0.109375 0
0.1875 0.109375 0
0.203125 0.109375 0
0.1875 0.125 0
0.203125 0.125 0
0.203125 0.109375 0
0.21875 0.109375 0
0.203125 0.125 0
0.21875 0.125 0
0.21875 0.09375 0
0.234375 0.09375 0
0.21875 0.109375 0
0.234375 0.109375 0
0.234375 0.09375 0
0.25 0.09375 0
0.234375 0.109375 0
0.25 0.109375 0
0.21875 0.109375 0
0.234375 0.109375 0
0.21875 0.125 0
0.234375 0.125 0
0.234375 0.109375 0
0.25 0.109375 0
0.234375 0.125 0
0.25 0.125 0
0 0.125 0
0.015625 0.125 0
0 0.140625 0
0.015625 0.140625 0
0.015625 0.125 0
0.03125 0.125 0
0.015625 0.140625 0
0.03125 0.140625 0
0 0.140625 0
0.015625 0.140625 0
0 0.15625 0
0.015625 0.15625 0
0.015625 0.140625 0
0.03125 0.140625 0
0.015625 0.15625 0
0.03125 0.15625 0
0.03125 0.125 0
0.046875 0.125 0
0.03125 0.140625 0
0.046875 0.140625 0
0.046875 0.125 0
0.0625 0.125 0
0.046875 0.140625 0
0.0625 0.140625 0
0.03125 0.140625 0
0.046875 0.140625 0
0.03125 0.15625 0
0.046875 0.15625 0
0.046875 0.140625 0
0.0625 0.140625 0
0.046875 0.15625 0
0.0625 0.15625 0
0 0.15625 0
0.015625 0.15625 0
0 0.171875 0
0.015625 0.171875 0
0.015625 0.15625 0
0.03125 0.15625 0
0.015625 0.171875 0
0.03125 0.171875 0
0 0.171875 0
0.015625 0.171875 0
0 0.1875 0
0.015625 0.1875 0
0.015625 0.171875 0
0.03125 0.171875 0
0.015625 0.1875 0
0.03125 0.1875 0
0.03125 0.15625 0
0.046875 0.15625 0
0.03125 0.171875 0
0.046875 0.171875 0
0.046875 0.15625 0
0.0625 0.15625 0
0.046875 0.171875 0
0.0625 0.171875 0
0.03125 0.171875 0
0.046875 0.171875 0
0.03125 0.1875 0
0.046875 0.1875 0
0.046875 0.171875 0
0.0625 0.171875 0
0.046875 0.1875 0
0.0625 0.1875 0
0.0625 0.125 0
0.078125 0.125 0
0.0625 0.140625 0
0.078125 0.140625 0
0.078125 0.125 0
0.09375 0.125 0
0.078125 0.140625 0
0.09375 0.140625 0
0.0625 0.140625 0
0.078125 0.140625 0
0.0625 0.15625 0
0.078125 0.15625 0
0.078125 0.140625 0
0.09375 0.140625 0
0.078125 0.15625 0
0.09375 0.15625 0
0.09375 0.125 0
0.109375 0.125 0
0.09375 0.140625 0
0.109375 0.140625 0
0.109375 0.125 0
0.125 0.125 0
0.109375 0.140625 0
0.125 0.140625 0
0.09375 0.140625 0
0.109375 0.140625 0
0.09375 0.15625 0
0.109375 0.15625 0
0.109375 0.140625 0
0.125 0.140625 0
0.109375 0.15625 0
0.125 0.15625 0
0.0625 0.15625 0
0.078125 0.15625 0
0.0625 0.171875 0
0.078125 0.171875 0
0.078125 0.15625 0
0.09375 0.15625 0
0.078125 0.171875 0
0.09375 0.171875 0
0.0625 0.171875 0
0.078125 0.171875 0
0.0625 0.1875 0
0.078125 0.1875 0
0.078125 0.171875 0
0.09375 0.171875 0
0.078125 0.1875 0
0.09375 0.1875 0
0.09375 0.15625 0
0.109375 0.15625 0
0.09375 0.171875 0
0.109375 0.171875 0
0.109375 0.15625 0
0.125 0.15625 0
0.109375 0.171875 0
0.125 0.171875 0
0.09375 0.171875 0
0.109375 0.171875 0
0.09375 0.1875 0
0.109375 0.1875 0
0.109375 0.171875 0
0.125 0.171875 0
0.109375 0.1875 0
0.125 0.1875 0
0 0.1875 0
0.015625 0.1875 0
0 0.203125 0
0.015625 0.203125 0
0.015625 0.1875 0
0.03125 0.1875 0
0.015625 0.203125 0
0.03125 0.203125 0
0 0.203125 0
0.015625 0.203125 0
0 0.21875 0
0.015625 0.21875 0
0.015625 0.203125 0
0.03125 0.203125 0
0.015625 0.21875 0
0.03125 0.21875 0
0.03125 0.1875 0
0.046875 0.1875 0
0.03125 0.203125 0
0.046875 0.203125 0
0.046875 0.1875 0
0.0625 0.1875 0
0.046875 0.203125 0
0.0625 0.203125 0
0.03125 0.203125 0
0.046875 0.203125 0
0.03125 0.21875 0
0.046875 0.21875 0
0.046875 0.203125 0
0.0625 0.203125 0
0.046875 0.21875 0
0.0625 0.21875 0
0 0.21875 0
0.015625 0.21875 0
0 0.234375 0
0.015625 0.234375 0
0.015625 0.21875 0
0.03125 0.21875 0
0.015625 0.234375 0
0.03125 0.234375 0
0 0.234375 0
0.015625 0.234375 0
0 0.25 0
0.015625 0.25 0
0.015625 0.234375 0
0.03125 0.234375 0
0.015625 0.25 0
0.03125 0.25 0
0.03125 0.21875 0
0.046875 0.21875 0
0.03125 0.234375 0
0.046875 0.234375 0
0.046875 0.21875 0
0.0625 0.21875 0
0.046875 0.234375 0
0.0625 0.234375 0
0.03125 0.234375 0
0.046875 0.234375 0
0.03125 0.25 0
0.046875 0.25 0
0.046875 0.234375 0
0.0625 0.234375 0
0.046875 0.25 0
0.0625 0.25 0
0.0625 0.1875 0
0.078125 0.1875 0
0.0625 0.203125 0
0.078125 0.203125 0
0.078125 0.1875 0
0.09375 0.1875 0
0.078125 0.203125 0
0.09375 0.203125 0
0.0625 0.203125 0
0.078125 0.203125 0
0.0625 0.21875 0
0.078125 0.21875 0
0.078125 0.203125 0
0.09375 0.203125 0
0.078125 0.21875 0
0.09375 0.21875 0
0.09375 0.1875 0
0.109375 0.1875 0
0.09375 0.203125 0
0.109375 0.203125 0
0.109375 0.1875 0
0.125 0.1875 0
0.109375 0.203125 0
0.125 0.203125 0
0.09375 0.203125 0
0.109375 0.203125 0
0.09375 0.21875 0
0.109375 0.21875 0
0.109375 0.203125 0
0.125 0.203125 0
0.109375 0.21875 0
0.125 0.21875 0
0.0625 0.21875 0
0.078125 0.21875 0
0.0625 0.234375 0
0.078125 0.234375 0
0.078125 0.21875 0
0.09375 0.21875 0
0.078125 0.234375 0
0.09375 0.234375 0
0.0625 0.234375 0
0.078125 0.234375 0
0.0625 0.25 0
0.078125 0.25 0
0.078125 0.234375 0
0.09375 0.234375 0
0.078125 0.25 0
0.09375 0.25 0
0.09375 0.21875 0
0.109375 0.21875 0
0.09375 0.234375 0
0.109375 0.234375 0
0.109375 0.21875 0
0.125 0.21875 0
0.109375 0.234375 0
0.125 0.234375 0
0.09375 0.234375 0
0.109375 0.234375 0
0.09375 0.25 0
0.109375 0.25 0
0.109375 0.234375 0
0.125 0.234375 0
0.109375 0.25 0
0.125 0.25 0
0.125 0.125 0
0.140625 0.125 0
0.125 0.140625 0
0.140625 0.140625 0
0.140625 0.125 0
0.15625 0.125 0
0.140625 0.140625 0
0.15625 0.140625 0
0.125 0.140625 0
0.140625 0.140625 0
0.125 0.15625 0
0.140625 0.15625 0
0.140625 0.140625 0
0.15625 0.140625 0
0.140625 0.15625 0
0.15625 0.15625 0
0.15625 0.125 0
0.171875 0.125 0
0.15625 0.140625 0
0.171875 0.140625 0
0.171875 0.125 0
0.1875 0.125 0
0.171875 0.140625 0
0.1875 0.140625 0
0.15625 0.140625 0
0.171875 0.140625 0
0.15625 0.15625 0
0.171875 0.15625 0
0.171875 0.140625 0
0.1875 0.140625 0
0.171875 0.15625 0
0.1875 0.15625 0
0.125 0.15625 0
0.140625 0.15625 0
0.125 0.171875 0
0.140625 0.171875 0
0.140625 0.15625 0
0.15625 0.15625 0
0.140625 0.171875 0
0.15625 0.171875 0
0.125 0.171875 0
0.140625 0.171875 0
0.125 0.1875 0
0.140625 0.1875 0
0.140625 0.171875 0
0.15625 0.171875 0
0.140625 0.1875 0
0.15625 0.1875 0
0.15625 0.15625 0
0.171875 0.15625 0
0.15625 0.171875 0
0.171875 0.171875 0
0.171875 0.15625 0
0.1875 0.15625 0
0.171875 0.171875 0
0.1875 0.171875 0
0.15625 0.171875 0
0.171875 0.171875 0
0.15625 0.1875 0
0.171875 0.1875 0
0.171875 0.171875 0
0.1875 0.171875 0
0.171875 0.1875 0
0.1875 0.1875 0
0.1875 0.125 0
0.203125 0.125 0
0.1875 0.140625 0
0.203125 0.140625 0
0.203125 0.125 0
0.21875 0.125 0
0.203125 0.140625 0
0.21875 0.140625 0
0.1875 0.140625 0
0.203125 0.140625 0
0.1875 0.15625 0
0.203125 0.15625 0
0.203125 0.140625 0
0.21875 0.140625 0
0.203125 0.15625 0
0.21875 0.15625 0
0.21875 0.125 0
0.234375 0.125 0
0.21875 0.140625 0
0.234375 0.140625 0
0.234375 0.125 0
0.25 0.125 0
0.234375 0.140625 0
0.25 0.140625 0
0.21875 0.140625 0
0.234375 0.140625 0
0.21875 0.15625 0
0.234375 0.15625 0
0.234375 0.140625 0
0.25 0.140625 0
0.234375 0.15625 0
0.25 0.15625 0
0.1875 0.15625 0
0.203125 0.15625 0
0.1875 0.171875 0
0.203125 0.171875 0
0.203125 0.15625 0
0.21875 0.15625 0
0.203125 0.171875 0
0.21875 0.171875 0
0.1875 0.171875 0
0.203125 0.171875 0
0.1875 0.1875 0
0.203125 0.1875 0
0.203125 0.171875 0
0.21875 0.171875 0
0.203125 0.1875 0
0.21875 0.1875 0
0.21875 0.15625 0
0.234375 0.15625 0
0.21875 0.171875 0
0.234375 0.171875 0
0.234375 0.15625 0
0.25 0.15625 0
0.234375 0.171875 0
0.25 0.171875 0
0.21875 0.171875 0
0.234375 0.171875 0
0.21875 0.1875 0
0.234375 0.1875 0
0.234375 0.171875 0
0.25 0.171875 0
0.234375 0.1875 0
0.25 0.1875 0
0.125 0.1875 0
0.140625 0.1875 0
0.125 0.203125 0
0.140625 0.203125 0
0.140625 0.1875 0
0.15625 0.1875 0
0.140625 0.203125 0
0.15625 0.203125 0
0.125 0.203125 0
0.140625 0.203125 0
0.125 0.21875 0
0.140625 0.21875 0
0.140625 0.203125 0
0.15625 0.203125 0
0.140625 0.21875 0
0.15625 0.21875 0
0.15625 0.1875 0
0.171875 0.1875 0
0.15625 0.203125 0
0.171875 0.203125 0
0.171875 0.1875 0
0.1875 0.1875 0
0.171875 0.203125 0
0.1875 0.203125 0
0.15625 0.203125 0
0.171875 0.203125 0
0.15625 0.21875 0
0.171875 0.21875 0
0.171875 0.203125 0
0.1875 0.203125 0
0.171875 0.21875 0
0.1875 0.21875 0
0.125 0.21875 0
0.140625 0.21875 0
0.125 0.234375 0
0.140625 0.234375 0
0.140625 0.21875 0
0.15625 0.21875 0
0.140625 0.234375 0
0.15625 0.234375 0
0.125 0.234375 0
0.140625 0.234375 0
0.125 0.25 0
0.140625 0.25 0
0.140625 0.234375 0
0.15625 0.234375 0
0.140625 0.25 0
0.15625 0.25 0
0.15625 0.21875 0
0.171875 0.21875 0
0.15625 0.234375 0
0.171875 0.234375 0
0.171875 0.21875 0
0.1875 0.21875 0
0.171875 0.234375 0
0.1875 0.234375 0
0.15625 0.234375 0
0.171875 0.234375 0
0.15625 0.25 0
0.171875 0.25 0
0.171875 0.234375 0
0.1875 0.234375 0
0.171875 0.25 0
0.1875 0.25 0
0.1875 0.1875 0
0.203125 0.1875 0
0.1875 0.203125 0
0.203125 0.203125 0
0.203125 0.1875 0
0.21875 0.1875 0
0.203125 0.203125 0
0.21875 0.203125 0
0.1875 0.203125 0
0.203125 0.203125 0
0.1875 0.21875 0
0.203125 0.21875 0
0.203125 0.203125 0
0.21875 0.203125 0
0.203125 0.21875 0
0.21875 0.21875 0
0.21875 0.1875 0
0.234375 0.1875 0
0.21875 0.203125 0
0.234375 0.203125 0
0.234375 0.1875 0
0.25 0.1875 0
0.234375 0.203125 0
0.25 0.203125 0
0.21875 0.203125 0
0.234375 0.203125 0
0.21875 0.21875 0
0.234375 0.21875 0
0.234375 0.203125 0
0.25 0.203125 0
0.234375 0.21875 0
0.25 0.21875 0
0.1875 0.21875 0
0.203125 0.21875 0
0.1875 0.234375 0
0.203125 0.234375 0
0.203125 0.21875 0
0.21875 0.21875 0
0.203125 0.234375 0
0.21875 0.234375 0
0.1875 0.234375 0
0.203125 0.234375 0
0.1875 0.25 0
0.203125 0.25 0
0.203125 0.234375 0
0.21875 0.234375 0
0.203125 0.25 0
0.21875 0.25 0
0.21875 0.21875 0
0.234375 0.21875 0
0.21875 0.234375 0
0.234375 0.234375 0
0.234375 0.21875 0
0.25 0.21875 0
0.234375 0.234375 0
0.25 0.234375 0
0.21875 0.234375 0
0.234375 0.234375 0
0.21875 0.25 0
0.234375 0.25 0
0.234375 0.234375 0
0.25 0.234375 0
0.234375 0.25 0
0.25 0.25 0
0.25 0 0
0.265625 0 0
0.25 0.015625 0
0.265625 0.015625 0
0.265625 0 0
0.28125 0 0
0.265625 0.015625 0
0.28125 0.015625 0
0.25 0.015625 0
0.265625 0.015625 0
0.25 0.03125 0
0.265625 0.03125 0
0.265625 0.015625 0
0.28125 0.015625 0
0.265625 0.03125 0
0.28125 0.03125 0
0.28125 0 0
0.296875 0 0
0.28125 0.015625 0
0.296875 0.015625 0
0.296875 0 0
0.3125 0 0
0.296875 0.015625 0
0.3125 0.015625 0
0.28125 0.015625 0
0.296875 0.015625 0
0.28125 0.03125 0
0.296875 0.03125 0
0.296875 0.015625 0
0.3125 0.015625 0
0.296875 0.03125 0
0.3125 0.03125 0
0.25 0.03125 0
0.265625 0.03125 0
0.25 0.046875 0
0.265625 0.046875 0
0.265625 0.03125 0
0.28125 0.03125 0
0.265625 0.046875 0
0.28125 0.046875 0
0.25 0.046875 0
0.265625 0.046875 0
0.25 0.0625 0
0.265625 0.0625 0
0.265625 0.046875 0
0.28125 0.046875 0
0.265625 0.0625 0
0.28125 0.0625 0
0.28125 0.03125 0
0.296875 0.03125 0
0.28125 0.046875 0
0.296875 0.046875 0
0.296875 0.03125 0
0.3125 0.03125 0
0.296875 0.046875 0
0.3125 0.046875 0
0.28125 0.046875 0
0.296875 0.046875 0
0.28125 0.0625 0
0.296875 0.0625 0
0.296875 0.046875 0
0.3125 0.046875 0
0.296875 0.0625 0
0.3125 0.0625 0
0.3125 0 0
0.328125 0 0
0.3125 0.015625 0
0.328125 0.015625 0
0.328125 0 0
0.34375 0 0
0.328125 0.015625 0
0.34375 0.015625 0
0.3125 0.015625 0
0.328125 0.015625 0
0.3125 0.03125 0
0.328125 0.03125 0
0.328125 0.015625 0
0.34375 0.015625 0
0.328125 0.03125 0
0.34375 0.03125 0
0.34375 0 0
0.359375 0 0
0.34375 0.015625 0
0.359375 0.015625 0
0.359375 0 0
0.375 0 0
0.359375 0.015625 0
0.375 0.015625 0
0.34375 0.015625 0
0.359375 0.015625 0
0.34375 0.03125 0
0.359375 0.03125 0
0.359375 0.015625 0
0.375 0.015625 0
0.359375 0.03125 0
0.375 0.03125 0
0.3125 0.03125 0
0.328125 0.03125 0
0.3125 0.046875 0
0.328125 0.046875 0
0.328125 0.03125 0
0.34375 0.03125 0
0.328125 0.046875 0
0.34375 0.046875 0
0.3125 0.046875 0
0.328125 0.046875 0
0.3125 0.0625 0
0.328125 0.0625 0
0.328125 0.046875 0
0.34375 0.046875 0
0.328125 0.0625 0
0.34375 0.0625 0
0.34375 0.03125 0
0.359375 0.03125 0
0.34375 0.046875 0
0.359375 0.046875 0
0.359375 0.03125 0
0.375 0.03125 0
0.359375 0.046875 0
0.375 0.046875 0
0.34375 0.046875 0
0.359375 0.046875 0
0.34375 0.0625 0
0.359375 0.0625 0
0.359375 0.046875 0
0.375 0.046875 0
0.359375 0.0625 0
0.375 0.0625 0
0.25 0.0625 0
0.265625 0.0625 0
0.25 0.078125 0
0.265625 0.078125 0
0.265625 0.0625 0
0.28125 0.0625 0
0.265625 0.078125 0
0.28125 0.078125 0
0.25 0.078125 0
0.265625 0.078125 0
0.25 0.09375 0
0.265625 0.09375 0
0.265625 0.078125 0
0.28125 0.078125 0
0.265625 0.09375 0
0.28125 0.09375 0
0.28125 0.0625 0
0.296875 0.0625 0
0.28125 0.078125 0
0.296875 0.078125 0
0.296875 0.0625 0
0.3125 0.0625 0
0.296875 0.078125 0
0.3125 0.078125 0
0.28125 0.078125 0
0.296875 0.078125 0
0.28125 0.09375 0
0.296875 0.09375 0
0.296875 0.078125 0
0.3125 0.078125 0
0.296875 0.09375 0
0.3125 0.09375 0
0.25 0.09375 0
0.265625 0.09375 0
0.25 0.109375 0
0.265625 0.109375 0
0.265625 0.09375 0
0.28125 0.09375 0
0.265625 0.109375 0
0.28125 0.109375 0
0.25 0.109375 0
0.265625 0.109375 0
0.25 0.125 0
0.265625 0.125 0
0.265625 0.109375 0
0.28125 0.109375 0
0.265625 0.125 0
0.28125 0.125 0
0.28125 0.09375 0
0.296875 0.09375 0
0.28125 0.109375 0
0.296875 0.109375 0
0.296875 0.09375 0
0.3125 0.09375 0
0.296875 0.109375 0
0.3125 0.109375 0
0.28125 0.109375 0
0.296875 0.109375 0
0.28125 0.125 0
0.296875 0.125 0
0.296875 0.109375 0
0.3125 0.109375 0
0.296875 0.125 0
0.3125 0.125 0
0.3125 0.0625 0
0.328125 0.0625 0
0.3125 0.078125 0
0.328125 0.078125 0
0.328125 0.0625 0
0.34375 0.0625 0
0.328125 0.078125 0
0.34375 0.078125 0
0.3125 0.078125 0
0.328125 0.078125 0
0.3125 0.09375 0
0.328125 0.09375 0
0.328125 0.078125 0
0.34375 0.078125 0
0.328125 0.09375 0
0.34375 0.09375 0
0.34375 0.0625 0
0.359375 0.0625 0
0.34375 0.078125 0
0.359375 0.078125 0
0.359375 0.0625 0
0.375 0.0625 0
0.359375 0.078125 0
0.375 0.078125 0
0.34375 0.078125 0
0.359375 0.078125 0
0.34375 0.09375 0
0.359375 0.09375 0
0.359375 0.078125 0
0.375 0.078125 0
0.359375 0.09375 0
0.375 0.09375 0
0.3125 0.09375 0
0.328125 0.09375 0
0.3125 0.109375 0
0.328125 0.109375 0
0.328125 0.09375 0
0.34375 0.09375 0
0.328125 0.109375 0
0.34375 0.109375 0
0.3125 0.109375 0
0.328125 0.109375 0
0.3125 0.125 0
0.328125 0.125 0
0.328125 0.109375 0
0.34375 0.109375 0
0.328125 0.125 0
0.34375 0.125 0
0.34375 0.09375 0
0.359375 0.09375 0
0.34375 0.109375 0
0.359375 0.109375 0
0.359375 0.09375 0
0.375 0.09375 0
0.359375 0.109375 0
0.375 0.109375 0
0.34375 0.109375 0
0.359375 0.109375 0
0.34375 0.125 0
0.359375 0.125 0
0.359375 0.109375 0
0.375 0.109375 0
0.359375 0.125 0
0.375 0.125 0
0.375 0 0
0.390625 0 0
0.375 0.015625 0
0.390625 0.015625 0
0.390625 0 0
0.40625 0 0
0.390625 0.015625 0
0.40625 0.015625 0
0.375 0.015625 0
0.390625 0.015625 0
0.375 0.03125 0
0.390625 0.03125 0
0.390625 0.015625 0
0.40625 0.015625 0
0.390625 0.03125 0
0.40625 0.03125 0
0.40625 0 0
0.421875 0 0
0.40625 0.015625 0
0.421875 0.015625 0
0.421875 0 0
0.4375 0 0
0.421875 0.015625 0
0.4375 0.015625 0
0.40625 0.015625 0
0.421875 0.015625 0
0.40625 0.03125 0
0.421875 0.03125 0
0.421875 0.015625 0
0.4375 0.015625 0
0.421875 0.03125 0
0.4375 0.03125 0
0.375 0.03125 0
0.390625 0.03125 0
0.375 0.046875 0
0.390625 0.046875 0
0.390625 0.03125 0
0.40625 0.03125 0
0.390625 0.046875 0
0.40625 0.046875 0
0.375 0.046875 0
0.390625 0.046875 0
0.375 0.0625 0
0.390625 0.0625 0
0.390625 0.046875 0
0.40625 0.046875 0
0.390625 0.0625 0
0.40625 0.0625 0
0.40625 0.03125 0
0.421875 0.03125 0
0.40625 0.046875 0
0.421875 0.046875 0
0.421875 0.03125 0
0.4375 0.03125 0
0.421875 0.046875 0
0.4375 0.046875 0
0.40625 0.046875 0
0.421875 0.046875 0
0.40625 0.0625 0
0.421875 0.0625 0
0.421875 0.046875 0
0.4375 0.046875 0
0.421875 0.0625 0
0.4375 0.0625 0
0.4375 0 0
0.453125 0 0
0.4375 0.015625 0
0.453125 0.015625 0
0.453125 0 0
0.46875 0 0
0.453125 0.015625 0
0.46875 0.015625 0
0.4375 0.015625 0
0.453125 0.015625 0
0.4375 0.03125 0
0.453125 0.03125 0
0.453125 0.015625 0
0.46875 0.015625 0
0.453125 0.03125 0
0.46875 0.03125 0
0.46875 0 0
0.484375 0 0
0.46875 0.015625 0
0.484375 0.015625 0
0.484375 0 0
0.5 0 0
0.484375 0.015625 0
0.5 0.015625 0
0.46875 0.015625 0
0.484375 0.015625 0
0.46875 0.03125 0
0.484375 0.03125 0
0.484375 0.015625 0
0.5 0.015625 0
0.484375 0.03125 0
0.5 0.03125 0
0.4375 0.03125 0
0.453125 0.03125 0
0.4375 0.046875 0
0.453125 0.046875 0
0.453125 0.03125 0
0.46875 0.03125 0
0.453125 0.046875 0
0.46875 0.046875 0
0.4375 0.046875 0
0.453125 0.046875 0
0.4375 0.0625 0
0.453125 0.0625 0
0.453125 0.046875 0
0.46875 0.046875 0
0.453125 0.0625 0
0.46875 0.0625 0
0.46875 0.03125 0
0.484375 0.03125 0
0.46875 0.046875 0
0.484375 0.046875 0
0.484375 0.03125 0
0.5 0.03125 0
0.484375 0.046875 0
0.5 0.046875 0
0.46875 0.046875 0
0.484375 0.046875 0
0.46875 0.0625 0
0.484375 0.0625 0
0.484375 0.046875 0
0.5 0.046875 0
0.484375 0.0625 0
0.5 0.0625 0
0.375 0.0625 0
0.390625 0.0625 0
0.375 0.078125 0
0.390625 0.078125 0
0.390625 0.0625 0
0.40625 0.0625 0
0.390625 0.078125 0
0.40625 0.078125 0
0.375 0.078125 0
0.390625 0.078125 0
0.375 0.09375 0
0.390625 0.09375 0
0.390625 0.078125 0
0.40625 0.078125 0
0.390625 0.09375 0
0.40625 0.09375 0
0.40625 0.0625 0
0.421875 0.0625 0
0.40625 0.078125 0
0.421875 0.078125 0
0.421875 0.0625 0
0.4375 0.0625 0
0.421875 0.078125 0
0.4375 0.078125 0
0.40625 0.078125 0
0.421875 0.078125 0
0.40625 0.09375 0
0.421875 0.09375 0
0.421875 0.078125 0
0.4375 0.078125 0
0.421875 0.09375 0
0.4375 0.09375 0
0.375 0.09375 0
0.390625 0.09375 0
0.375 0.109375 0
0.390625 0.109375 0
0.390625 0.09375 0
0.40625 0.09375 0
0.390625 0.109375 0
0.40625 0.109375 0
0.375 0.109375 0
0.390625 0.109375 0
0.375 0.125 0
0.390625 0.125 0
0.390625 0.109375 0
0.40625 0.109375 0
0.390625 0.125 0
0.40625 0.125 0
0.40625 0.09375 0
0.421875 0.09375 0
0.40625 0.109375 0
0.421875 0.109375 0
0.421875 0.09375 0
0.4375 0.09375 0
0.421875 0.109375 0
0.4375 0.109375 0
0.40625 0.109375 0
0.421875 0.109375 0
0.40625 0.125 0
0.421875 0.125 0
0.421875 0.109375 0
0.4375 0.109375 0
0.421875 0.125 0
0.4375 0.125 0
0.4375 0.0625 0
0.453125 0.0625 0
0.4375 0.078125 0
0.453125 0.078125 0
0.453125 0.0625 0
0.46875 0.0625 0
0.453125 0.078125 0
0.46875 0.078125 0
0.4375 0.078125 0
0.453125 0.078125 0
0.4375 0.09375 0
0.453125 0.09375 0
0.453125 0.078125 0
0.46875 0.078125 0
0.453125 0.09375 0
0.46875 0.09375 0
0.46875 0.0625 0
0.484375 0.0625 0
0.46875 0.078125 0
0.484375 0.078125 0
0.484375 0.0625 0
0.5 0.0625 0
0.484375 0.078125 0
0.5 0.078125 0
0.46875 0.078125 0
0.484375 0.078125 0
0.46875 0.09375 0
0.484375 0.09375 0
0.484375 0.078125 0
0.5 0.078125 0
0.484375 0.09375 0
0.5 0.09375 0
0.4375 0.09375 0
0.453125 0.09375 0
0.4375 0.109375 0
0.453125 0.109375 0
0.453125 0.09375 0
0.46875 0.09375 0
0.453125 0.109375 0
0.46875 0.109375 0
0.4375 0.109375 0
0.453125 0.109375 0
0.4375 0.125 0
0.453125 0.125 0
0.453125 0.109375 0
0.46875 0.109375 0
0.453125 0.125 0
0.46875 0.125 0
0.46875 0.09375 0
0.484375 0.09375 0
0.46875 0.109375 0
0.484375 0.109375 0
0.484375 0.09375 0
0.5 0.09375 0
0.484375 0.109375 0
0.5 0.109375 0
0.46875 0.109375 0
0.484375 0.109375 0
0.46875 0.125 0
0.484375 0.125 0
0.484375 0.109375 0
0.5 0.109375 0
0.484375 0.125 0
0.5 0.125 0
0.25 0.125 0
0.265625 0.125 0
0.25 0.140625 0
0.265625 0.140625 0
0.265625 0.125 0
0.28125 0.125 0
0.265625 0.140625 0
0.28125 0.140625 0
0.25 0.140625 0
0.265625 0.140625 0
0.25 0.15625 0
0.265625 0.15625 0
0.265625 0.140625 0
0.28125 0.140625 0
0.265625 0.15625 0
0.28125 0.15625 0
0.28125 0.125 0
0.296875 0.125 0
0.28125 0.140625 0
0.296875 0.140625 0
0.296875 0.125 0
0.3125 0.125 0
0.296875 0.140625 0
0.3125 0.140625 0
0.28125 0.140625 0
0.296875 0.140625 0
0.28125 0.15625 0
0.296875 0.15625 0
0.296875 0.140625 0
0.3125 0.140625 0
0.296875 0.15625 0
0.3125 0.15625 0
0.25 0.15625 0
0.265625 0.15625 0
0.25 0.171875 0
0.265625 0.171875 0
0.265625 0.15625 0
0.28125 0.15625 0
0.265625 0.171875 0
0.28125 0.171875 0
0.25 0.171875 0
0.265625 0.171875 0
0.25 0.1875 0
0.265625 0.1875 0
0.265625 0.171875 0
0.28125 0.171875 0
0.265625 0.1875 0
0.28125 0.1875 0
0.28125 0.15625 0
0.296875 0.15625 0
0.28125 0.171875 0
0.296875 0.171875 0
0.296875 0.15625 0
0.3125 0.15625 0
0.296875 0.171875 0
0.3125 0.171875 0
0.28125 0.171875 0
0.296875 0.171875 0
0.28125 0.1875 0
0.296875 0.1875 0
0.296875 0.171875 0
0.3125 0.171875 0
0.296875 0.1875 0
0.3125 0.1875 0
0.3125 0.125 0
0.328125 0.125 0
0.3125 0.140625 0
0.328125 0.140625 0
0.328125 0.125 0
0.34375 0.125 0
0.328125 0.140625 0
0.34375 0.140625 0
0.3125 0.140625 0
0.328125 0.140625 0
0.3125 0.15625 0
0.328125 0.15625 0
0.328125 0.140625 0
0.34375 0.140625 0
0.328125 0.15625 0
0.34375 0.15625 0
0.34375 0.125 0
0.359375 0.125 0
0.34375 0.140625 0
0.359375 0.140625 0
0.359375 0.125 0
0.375 0.125 0
0.359375 0.140625 0
0.375 0.140625 0
0.34375 0.140625 0
0.359375 0.140625 0
0.34375 0.15625 0
0.359375 0.15625 0
0.359375 0.140625 0
0.375 0.140625 0
0.359375 0.15625 0
0.375 0.15625 0
0.3125 0.15625 0
0.328125 0.15625 0
0.3125 0.171875 0
0.328125 0.171875 0
0.328125 0.15625 0
0.34375 0.15625 0
0.328125 0.171875 0
0.34375 0.171875 0
0.3125 0.171875 0
0.328125 0.171875 0
0.3125 0.1875 0
0.328125 0.1875 0
0.328125 0.171875 0
0.34375 0.171875 0
0.328125 0.1875 0
0.34375 0.1875 0
0.34375 0.15625 0
0.359375 0.15625 0
0.34375 0.171875 0
0.359375 0.171875 0
0.359375 0.15625 0
0.375 0.15625 0
0.359375 0.171875 0
0.375 0.171875 0
0.34375 0.171875 0
0.359375 0.171875 0
0.34375 0.1875 0
0.359375 0.1875 0
0.359375 0.171875 0
0.375 0.171875 0
0.359375 0.1875 0
0.375 0.1875 0
0.25 0.1875 0
0.265625 0.1875 0
0.25 0.203125 0
0.265625 0.203125 0
0.265625 0.1875 0
0.28125 0.1875 0
0.265625 0.203125 0
0.28125 0.203125 0
0.25 0.203125 0
0.265625 0.203125 0
0.25 0.21875 0
0.265625 0.21875 0
0.265625 0.203125 0
0.28125 0.203125 0
0.265625 0.21875 0
0.28125 0.21875 0
0.28125 0.1875 0
0.296875 0.1875 0
0.28125 0.203125 0
0.296875 0.203125 0
0.296875 0.1875 0
0.3125 0.1875 0
0.296875 0.203125 0
0.3125 0.203125 0
0.28125 0.203125 0
0.296875 0.203125 0
0.28125 0.21875 0
0.296875 0.21875 0
0.296875 0.203125 0
0.3125 0.203125 0
0.296875 0.21875 0
0.3125 0.21875 0
0.25 0.21875 0
0.265625 0.21875 0
0.25 0.234375 0
0.265625 0.234375 0
0.265625 0.21875 0
0.28125 0.21875 0
0.265625 0.234375 0
0.28125 0.234375 0
0.25 0.234375 0
0.265625 0.234375 0
0.25 0.25 0
0.265625 0.25 0
0.265625 0.234375 0
0.28125 0.234375 0
0.265625 0.25 0
0.28125 0.25 0
0.28125 0.21875 0
0.296875 0.21875 0
0.28125 0.234375 0
0.296875 0.234375 0
0.296875 0.21875 0
0.3125 0.21875 0
0.296875 0.234375 0
0.3125 0.234375 0
0.28125 0.234375 0
0.296875 0.234375 0
0.28125 0.25 0
0.296875 0.25 0
0.296875 0.234375 0
0.3125 0.234375 0
0.296875 0.25 0
0.3125 0.25 0
0.3125 0.1875 0
0.328125 0.1875 0
0.3125 0.203125 0
0.328125 0.203125 0
0.328125 0.1875 0
0.34375 0.1875 0
0.328125 0.203125 0
0.34375 0.203125 0
0.3125 0.203125 0
0.328125 0.203125 0
0.3125 0.21875 0
0.328125 0.21875 0
0.328125 0.203125 0
0.34375 0.203125 0
0.328125 0.21875 0
0.34375 0.21875 0
0.34375 0.1875 0
0.359375 0.1875 0
0.34375 0.203125 0
0.359375 0.203125 0
0.359375 0.1875 0
0.375 0.1875 0
0.359375 0.203125 0
0.375 0.203125 0
0.34375 0.203125 0
0.359375 0.203125 0
0.34375 0.21875 0
0.359375 0.21875 0
0.359375 0.203125 0
0.375 0.203125 0
0.359375 0.21875 0
0.375 0.21875 0
0.3125 0.21875 0
0.328125 0.21875 0
0.3125 0.234375 0
0.328125 0.234375 0
0.328125 0.21875 0
0.34375 0.21875 0
0.328125 0.234375 0
0.34375 0.234375 0
0.3125 0.234375 0
0.328125 0.234375 0
0.3125 0.25 0
0.328125 0.25 0
0.328125 0.234375 0
0.34375 0.234375 0
0.328125 0.25 0
0.34375 0.25 0
0.34375 0.21875 0
0.359375 0.21875 0
0.34375 0.234375 0
0.359375 0.234375 0
0.359375 0.21875 0
0.375 0.21875 0
0.359375 0.234375 0
0.375 0.234375 0
0.34375 0.234375 0
0.359375 0.234375 0
0.34375 0.25 0
0.359375 0.25 0
0.359375 0.234375 0
0.375 0.234375 0
0.359375 0.25 0
0.375 0.25 0
0.375 0.125 0
0.390625 0.125 0
0.375 0.140625 0
0.390625 0.140625 0
0.390625 0.125 0
0.40625 0.125 0
0.390625 0.140625 0
0.40625 0.140625 0
0.375 0.140625 0
0.390625 0.140625 0
0.375 0.15625 0
0.390625 0.15625 0
0.390625 0.140625 0
0.40625 0.140625 0
0.390625 0.15625 0
0.40625 0.15625 0
0.40625 0.125 0
0.421875 0.125 0
0.40625 0.140625 0
0.421875 0.140625 0
0.421875 0.125 0
0.4375 0.125 0
0.421875 0.140625 0
0.4375 0.140625 0
0.40625 0.140625 0
0.421875 0.140625 0
0.40625 0.15625 0
0.421875 0.15625 0
0.421875 0.140625 0
0.4375 0.140625 0
0.421875 0.15625 0
0.4375 0.15625 0
0.375 0.15625 0
0.390625 0.15625 0
0.375 0.171875 0
0.390625 0.171875 0
0.390625 0.15625 0
0.40625 0.15625 0
0.390625 0.171875 0
0.40625 0.171875 0
0.375 0.171875 0
0.390625 0.171875 0
0.375 0.1875 0
0.390625 0.1875 0
0.390625 0.171875 0
0.40625 0.171875 0
0.390625 0.1875 0
0.40625 0.1875 0
0.40625 0.15625 0
0.421875 0.15625 0
0.40625 0.171875 0
0.421875 0.171875 0
0.421875 0.15625 0
0.4375 0.15625 0
0.421875 0.171875 0
0.4375 0.171875 0
0.40625 0.171875 0
0.421875 0.171875 0
0.40625 0.1875 0
0.421875 0.1875 0
0.421875 0.171875 0
0.4375 0.171875 0
0.421875 0.1875 0
0.4375 0.1875 0
0.4375 0.125 0
0.453125 0.125 0
0.4375 0.140625 0
0.453125 0.140625 0
0.453125 0.125 0
0.46875 0.125 0
0.453125 0.140625 0
0.46875 0.140625 0
0.4375 0.140625 0
0.453125 0.140625 0
0.4375 0.15625 0
0.453125 0.15625 0
0.453125 0.140625 0
0.46875 0.140625 0
0.453125 0.15625 0
0.46875 0.15625 0
0.46875 0.125 0
0.484375 0.125 0
0.46875 0.140625 0
0.484375 0.140625 0
0.484375 0.125 0
0.5 0.125 0
0.484375 0.140625 0
0.5 0.140625 0
0.46875 0.140625 0
0.484375 0.140625 0
0.46875 0.15625 0
0.484375 0.15625 0
0.484375 0.140625 0
0.5 0.140625 0
0.484375 0.15625 0
0.5 0.15625 0
0.4375 0.15625 0
0.453125 0.15625 0
0.4375 0.171875 0
0.453125 0.171875 0
0.453125 0.15625 0
0.46875 0.15625 0
0.453125 0.171875 0
0.46875 0.171875 0
0.4375 0.171875 0
0.453125 0.171875 0
0.4375 0.1875 0
0.453125 0.1875 0
0.453125 0.171875 0
0.46875 0.171875 0
0.453125 0.1875 0
0.46875 0.1875 0
0.46875 0.15625 0
0.484375 0.15625 0
0.46875 0.171875 0
0.484375 0.171875 0
0.484375 0.15625 0
0.5 0.15625 0
0.484375 0.171875 0
0.5 0.171875 0
0.46875 0.171875 0
0.484375 0.171875 0
0.46875 0.1875 0
0.484375 0.1875 0
0.484375 0.171875 0
0.5 0.171875 0
0.484375 0.1875 0
0.5 0.1875 0
0.375 0.1875 0
0.390625 0.1875 0
0.375 0.203125 0
0.390625 0.203125 0
0.390625 0.1875 0
0.40625 0.1875 0
0.390625 0.203125 0
0.40625 0.203125 0
0.375 0.203125 0
0.390625 0.203125 0
0.375 0.21875 0
0.390625 0.21875 0
0.390625 0.203125 0
0.40625 0.203125 0
0.390625 0.21875 0
0.40625 0.21875 0
0.40625 0.1875 0
0.421875 0.1875 0
0.40625 0.203125 0
0.421875 0.203125 0
0.421875 0.1875 0
0.4375 0.1875 0
0.421875 0.203125 0
0.4375 0.203125 0
0.40625 0.203125 0
0.421875 0.203125 0
0.40625 0.21875 0
0.421875 0.21875 0
0.421875 0.203125 0
0.4375 0.203125 0
0.421875 0.21875 0
0.4375 0.21875 0
0.375 0.21875 0
0.390625 0.21875 0
0.375 0.234375 0
0.390625 0.234375 0
0.390625 0.21875 0
0.40625 0.21875 0
0.390625 0.234375 0
0.40625 0.234375 0
0.375 0.234375 0
0.390625 0.234375 0
0.375 0.25 0
0.390625 0.25 0
0.390625 0.234375 0
0.40625 0.234375 0
0.390625 0.25 0
0.40625 0.25 0
0.40625 0.21875 0
0.421875 0.21875 0
0.40625 0.234375 0
0.421875 0.234375 0
0.421875 0.21875 0
0.4375 0.21875 0
0.421875 0.234375 0
0.4375 0.234375 0
0.40625 0.234375 0
0.421875 0.234375 0
0.40625 0.25 0
0.421875 0.25 0
0.421875 0.234375 0
0.4375 0.234375 0
0.421875 0.25 0
0.4375 0.25 0
0.4375 0.1875 0
0.453125 0.1875 0
0.4375 0.203125 0
0.453125 0.203125 0
0.453125 0.1875 0
0.46875 0.1875 0
0.453125 0.203125 0
0.46875 0.203125 0
0.4375 0.203125 0
0.453125 0.203125 0
0.4375 0.21875 0
0.453125 0.21875 0
0.453125 0.203125 0
0.46875 0.203125 0
0.453125 0.21875 0
0.46875 0.21875 0
0.46875 0.1875 0
0.484375 0.1875 0
0.46875 0.203125 0
0.484375 0.203125 0
0.484375 0.1875 0
0.5 0.1875 0
0.484375 0.203125 0
0.5 0.203125 0
0.46875 0.203125 0
0.484375 0.203125 0
0.46875 0.21875 0
0.484375 0.21875 0
0.484375 0.203125 0
0.5 0.203125 0
0.484375 0.21875 0
0.5 0.21875 0
0.4375 0.21875 0
0.453125 0.21875 0
0.4375 0.234375 0
0.453125 0.234375 0
0.453125 0.21875 0
0.46875 0.21875 0
0.453125 0.234375 0
0.46875 0.234375 0
0.4375 0.234375 0
0.453125 0.234375 0
0.4375 0.25 0
0.453125 0.25 0
0.453125 0.234375 0
0.46875 0.234375 0
0.453125 0.25 0
0.46875 0.25 0
0.46875 0.21875 0
0.484375 0.21875 0
0.46875 0.234375 0
0.484375 0.234375 0
0.484375 0.21875 0
0.5 0.21875 0
0.484375 0.234375 0
0.5 0.234375 0
0.46875 0.234375 0
0.484375 0.234375 0
0.46875 0.25 0
0.484375 0.25 0
0.484375 0.234375 0
0.5 0.234375 0
0.484375 0.25 0
0.5 0.25 0
0 0.25 0
0.015625 0.25 0
0 0.265625 0
0.015625 0.265625 0
0.015625 0.25 0
0.03125 0.25 0
0.015625 0.265625 0
0.03125 0.265625 0
0 0.265625 0
0.015625 0.265625 0
0 0.28125 0
0.015625 0.28125 0
0.015625 0.265625 0
0.03125 0.265625 0
0.015625 0.28125 0
0.03125 0.28125 0
0.03125 0.25 0
0.046875 0.25 0
0.03125 0.265625 0
0.046875 0.265625 0
0.046875 0.25 0
0.0625 0.25 0
0.046875 0.265625 0
0.0625 0.265625 0
0.03125 0.265625 0
0.046875 0.265625 0
0.03125 0.28125 0
0.046875 0.28125 0
0.046875 0.265625 0
0.0625 0.265625 0
0.046875 0.28125 0
0.0625 0.28125 0
0 0.28125 0
0.015625 0.28125 0
0 0.296875 0
0.015625 0.296875 0
0.015625 0.28125 0
0.03125 0.28125 0
0.015625 0.296875 0
0.03125 0.296875 0
0 0.296875 0
0.015625 0.296875 0
0 0.3125 0
0.015625 0.3125 0
0.015625 0.296875 0
0.03125 0.296875 0
0.015625 0.3125 0
0.03125 0.3125 0
0.03125 0.28125 0
0.046875 0.28125 0
0.03125 0.296875 0
0.046875 0.296875 0
0.046875 0.28125 0
0.0625 0.28125 0
0.046875 0.296875 0
0.0625 0.296875 0
0.03125 0.296875 0
0.046875 0.296875 0
0.03125 0.3125 0
0.046875 0.3125 0
0.046875 0.296875 0
0.0625 0.296875 0
0.046875 0.3125 0
0.0625 0.3125 0
0.0625 0.25 0
0.078125 0.25 0
0.0625 0.265625 0
0.078125 0.265625 0
0.078125 0.25 0
0.09375 0.25 0
0.078125 0.265625 0
0.09375 0.265625 0
0.0625 0.265625 0
0.078125 0.265625 0
0.0625 0.28125 0
0.078125 0.28125 0
0.078125 0.265625 0
0.09375 0.265625 0
0.078125 0.28125 0
0.09375 0.28125 0
0.09375 0.25 0
0.109375 0.25 0
0.09375 0.265625 0
0.109375 0.265625 0
0.109375 0.25 0
0.125 0.25 0
0.109375 0.265625 0
0.125 0.265625 0
0.09375 0.265625 0
0.109375 0.265625 0
0.09375 0.28125 0
0.109375 0.28125 0
0.109375 0.265625 0
0.125 0.265625 0
0.109375 0.28125 0
0.125 0.28125 0
0.0625 0.28125 0
0.078125 0.28125 0
0.0625 0.296875 0
0.078125 0.296875 0
0.078125 0.28125 0
0.09375 0.28125 0
0.078125 0.296875 0
0.09375 0.296875 0
0.0625 0.296875 0
0.078125 0.296875 0
0.0625 0.3125 0
0.078125 0.3125 0
0.078125 0.296875 0
0.09375 0.296875 0
0.078125 0.3125 0
0.09375 0.3125 0
0.09375 0.28125 0
0.109375 0.28125 0
0.09375 0.296875 0
0.109375 0.296875 0
0.109375 0.28125 0
0.125 0.28125 0
0.109375 0.296875 0
0.125 0.296875 0
0.09375 0.296875 0
0.109375 0.296875 0
0.09375 0.3125 0
0.109375 0.3125 0
0.109375 0.296875 0
0.125 0.296875 0
0.109375 0.3125 0
0.125 0.3125 0
0 0.3125 0
0.015625 0.3125 0
0 0.328125 0
0.015625 0.328125 0
0.015625 0.3125 0
0.03125 0.3125 0
0.015625 0.328125 0
0.03125 0.328125 0
0 0.328125 0
0.015625 0.328125 0
0 0.34375 0
0.015625 0.34375 0
0.015625 0.328125 0
0.03125 0.328125 0
0.015625 0.34375 0
0.03125 0.34375 0
0.03125 0.3125 0
0.046875 0.3125 0
0.03125 0.328125 0
0.046875 0.328125 0
0.046875 0.3125 0
0.0625 0.3125 0
0.046875 0.328125 0
0.0625 0.328125 0
0.03125 0.328125 0
0.046875 0.328125 0
0.03125 0.34375 0
0.046875 0.34375 0
0.046875 0.328125 0
0.0625 0.328125 0
0.046875 0.34375 0
0.0625 0.34375 0
0 0.34375 0
0.015625 0.34375 0
0 0.359375 0
0.015625 0.359375 0
0.015625 0.34375 0
0.03125 0.34375 0
0.015625 0.359375 0
0.03125 0.359375 0
0 0.359375 0
0.015625 0.359375 0
0 0.375 0
0.015625 0.375 0
0.015625 0.359375 0
0.03125 0.359375 0
0.015625 0.375 0
0.03125 0.375 0
0.03125 0.34375 0
0.046875 0.34375 0
0.03125 0.359375 0
0.046875 0.359375 0
0.046875 0.34375 0
0.0625 0.34375 0
0.046875 0.359375 0
0.0625 0.359375 0
0.03125 0.359375 0
0.046875 0.359375 0
0.03125 0.375 0
0.046875 0.375 0
0.046875 0.359375 0
0.0625 0.359375 0
0.046875 0.375 0
0.0625 0.375 0
0.0625 0.3125 0
0.078125 0.3125 0
0.0625 0.328125 0
0.078125 0.328125 0
0.078125 0.3125 0
0.09375 0.3125 0
0.078125 0.328125 0
0.09375 0.328125 0
0.0625 0.328125 0
0.078125 0.328125 0
0.0625 0.34375 0
0.078125 0.34375 0
0.078125 0.328125 0
0.09375 0.328125 0
0.078125 0.34375 0
0.09375 0.34375 0
0.09375 0.3125 0
0.109375 0.3125 0
0.09375 0.328125 0
0.109375 0.328125 0
0.109375 0.3125 0
0.125 0.3125 0
0.109375 0.328125 0
0.125 0.328125 0
0.09375 0.328125 0
0.109375 0.328125 0
0.09375 0.34375 0
0.109375 0.34375 0
0.109375 0.328125 0
0.125 0.328125 0
0.109375 0.34375 0
0.125 0.34375 0
0.0625 0.34375 0
0.078125 0.34375 0
0.0625 0.359375 0
0.078125 0.359375 0
0.078125 0.34375 0
0.09375 0.34375 0
0.078125 0.359375 0
0.09375 0.359375 0
0.0625 0.359375 0
0.078125 0.359375 0
0.0625 0.375 0
0.078125 0.375 0
0.078125 0.359375 0
0.09375 0.359375 0
0.078125 0.375 0
0.09375 0.375 0
0.09375 0.34375 0
0.109375 0.34375 0
0.09375 0.359375 0
0.109375 0.359375 0
0.109375 0.34375 0
0.125 0.34375 0
0.109375 0.359375 0
0.125 0.359375 0
0.09375 0.359375 0
0.109375 0.359375 0
0.09375 0.375 0
0.109375 0.375 0
0.109375 0.359375 0
0.125 0.359375 0
0.109375 0.375 0
0.125 0.375 0
0.125 0.25 0
0.140625 0.25 0
0.125 0.265625 0
0.140625 0.265625 0
0.140625 0.25 0
0.15625 0.25 0
0.140625 0.265625 0
0.15625 0.265625 0
0.125 0.265625 0
0.140625 0.265625 0
0.125 0.28125 0
0.140625 0.28125 0
0.140625 0.265625 0
0.15625 0.265625 0
0.140625 0.28125 0
0.15625 0.28125 0
0.15625 0.25 0
0.171875 0.25 0
0.15625 0.265625 0
0.171875 0.265625 0
0.171875 0.25 0
0.1875 0.25 0
0.171875 0.265625 0
0.1875 0.265625 0
0.15625 0.265625 0
0.171875 0.265625 0
0.15625 0.28125 0
0.171875 0.28125 0
0.171875 0.265625 0
0.1875 0.265625 0
0.171875 0.28125 0
0.1875 0.28125 0
0.125 0.28125 0
0.140625 0.28125 0
0.125 0.296875 0
0.140625 0.296875 0
0.140625 0.28125 0
0.15625 0.28125 0
0.140625 0.296875 0
0.15625 0.296875 0
0.125 0.296875 0
0.140625 0.296875 0
0.125 0.3125 0
0.140625 0.3125 0
0.140625 0.296875 0
0.15625 0.296875 0
0.140625 0.3125 0
0.15625 0.3125 0
0.15625 0.28125 0
0.171875 0.28125 0
0.15625 0.296875 0
0.171875 0.296875 0
0.171875 0.28125 0
0.1875 0.28125 0
0.171875 0.296875 0
0.1875 0.296875 0
0.15625 0.296875 0
0.171875 0.296875 0
0.15625 0.3125 0
0.171875 0.3125 0
0.171875 0.296875 0
0.1875 0.296875 0
0.171875 0.3125 0
0.1875 0.3125 0
0.1875 0.25 0
0.203125 0.25 0
0.1875 0.265625 0
0.203125 0.265625 0
0.203125 0.25 0
0.21875 0.25 0
0.203125 0.265625 0
0.21875 0.265625 0
0.1875 0.265625 0
0.203125 0.265625 0
0.1875 0.28125 0
0.203125 0.28125 0
0.203125 0.265625 0
0.21875 0.265625 0
0.203125 0.28125 0
0.21875 0.28125 0
0.21875 0.25 0
0.234375 0.25 0
0.21875 0.265625 0
0.234375 0.265625 0
0.234375 0.25 0
0.25 0.25 0
0.234375 0.265625 0
0.25 0.265625 0
0.21875 0.265625 0
0.234375 0.265625 0
0.21875 0.28125 0
0.234375 0.28125 0
0.234375 0.265625 0
0.25 0.265625 0
0.234375 0.28125 0
0.25 0.28125 0
0.1875 0.28125 0
0.203125 0.28125 0
0.1875 0.296875 0
0.203125 0.296875 0
0.203125 0.28125 0
0.21875 0.28125 0
0.203125 0.296875 0
0.21875 0.296875 0
0.1875 0.296875 0
0.203125 0.296875 0
0.1875 0.3125 0
0.203125 0.3125 0
0.203125 0.296875 0
0.21875 0.296875 0
0.203125 0.3125 0
0.21875 0.3125 0
0.21875 0.28125 0
0.234375 0.28125 0
0.21875 0.296875 0
0.234375 0.296875 0
0.234375 0.28125 0
0.25 0.28125 0
0.234375 0.296875 0
0.25 0.296875 0
0.21875 0.296875 0
0.234375 0.296875 0
0.21875 0.3125 0
0.234375 0.3125 0
0.234375 0.296875 0
0.25 0.296875 0
0.234375 0.3125 0
0.25 0.3125 0
0.125 0.3125 0
0.140625 0.3125 0
0.125 0.328125 0
0.140625 0.328125 0
0.140625 0.3125 0
0.15625 0.3125 0
0.140625 0.328125 0
0.15625 0.328125 0
0.125 0.328125 0
0.140625 0.328125 0
0.125 0.34375 0
0.140625 0.34375 0
0.140625 0.328125 0
0.15625 0.328125 0
0.140625 0.34375 0
0.15625 0.34375 0
0.15625 0.3125 0
0.171875 0.3125 0
0.15625 0.328125 0
0.171875 0.328125 0
0.171875 0.3125 0
0.1875 0.3125 0
0.171875 0.328125 0
0.1875 0.328125 0
0.15625 0.328125 0
0.171875 0.328125 0
0.15625 0.34375 0
0.171875 0.34375 0
0.171875 0.328125 0
0.1875 0.328125 0
0.171875 0.34375 0
0.1875 0.34375 0
0.125 0.34375 0
0.140625 0.34375 0
0.125 0.359375 0
0.140625 0.359375 0
0.140625 0.34375 0
0.15625 0.34375 0
0.140625 0.359375 0
0.15625 0.359375 0
0.125 0.359375 0
0.140625 0.359375 0
0.125 0.375 0
0.140625 0.375 0
0.140625 0.359375 0
0.15625 0.359375 0
0.140625 0.375 0
0.15625 0.375 0
0.15625 0.34375 0
0.171875 0.34375 0
0.15625 0.359375 0
0.171875 0.359375 0
0.171875 0.34375 0
0.1875 0.34375 0
0.171875 0.359375 0
0.1875 0.359375 0
0.15625 0.359375 0
0.171875 0.359375 0
0.15625 0.375 0
0.171875 0.375 0
0.171875 0.359375 0
0.1875 0.359375 0
0.171875 0.375 0
0.1875 0.375 0
0.1875 0.3125 0
0.203125 0.3125 0
0.1875 0.328125 0
0.203125 0.328125 0
0.203125 0.3125 0
0.21875 0.3125 0
0.203125 0.328125 0
0.21875 0.328125 0
0.1875 0.328125 0
0.203125 0.328125 0
0.1875 0.34375 0
0.203125 0.34375 0
0.203125 0.328125 0
0.21875 0.328125 0
0.203125 0.34375 0
0.21875 0.34375 0
0.21875 0.3125 0
0.234375 0.3125 0
0.21875 0.328125 0
0.234375 0.328125 0
0.234375 0.3125 0
0.25 0.3125 0
0.234375 0.328125 0
0.25 0.328125 0
0.21875 0.328125 0
0.234375 0.328125 0
0.21875 0.34375 0
0.234375 0.34375 0
0.234375 0.328125 0
0.25 0.328125 0
0.234375 0.34375 0
0.25 0.34375 0
0.1875 0.34375 0
0.203125 0.34375 0
0.1875 0.359375 0
0.203125 0.359375 0
0.203125 0.34375 0
0.21875 0.34375 0
0.203125 0.359375 0
0.21875 0.359375 0
0.1875 0.359375 0
0.203125 0.359375 0
0.1875 0.375 0
0.203125 0.375 0
0.203125 0.359375 0
0.21875 0.359375 0
0.203125 0.375 0
0.21875 0.375 0
0.21875 0.34375 0
0.234375 0.34375 0
0.21875 0.359375 0
0.234375 0.359375 0
0.234375 0.34375 0
0.25 0.34375 0
0.234375 0.359375 0
0.25 0.359375 0
0.21875 0.359375 0
0.234375 0.359375 0
0.21875 0.375 0
0.234375 0.375 0
0.234375 0.359375 0
0.25 0.359375 0
0.234375 0.375 0
0.25 0.375 0
0 0.375 0
0.015625 0.375 0
0 0.390625 0
0.015625 0.390625 0
0.015625 0.375 0
0.03125 0.375 0
0.015625 0.390625 0
0.03125 0.390625 0
0 0.390625 0
0.015625 0.390625 0
0 0.40625 0
0.015625 0.40625 0
0.015625 0.390625 0
0.03125 0.390625 0
0.015625 0.40625 0
0.03125 0.40625 0
0.03125 0.375 0
0.046875 0.375 0
0.03125 0.390625 0
0.046875 0.390625 0
0.046875 0.375 0
0.0625 0.375 0
0.046875 0.390625 0
0.0625 0.390625 0
0.03125 0.390625 0
0.046875 0.390625 0
0.03125 0.40625 0
0.046875 0.40625 0
0.046875 0.390625 0
0.0625 0.390625 0
0.046875 0.40625 0
0.0625 0.40625 0
0 0.40625 0
0.015625 0.40625 0
0 0.421875 0
0.015625 0.421875 0
0.015625 0.40625 0
0.03125 0.40625 0
0.015625 0.421875 0
0.03125 0.421875 0
0 0.421875 0
0.015625 0.421875 0
0 0.4375 0
0.015625 0.4375 0
0.015625 0.421875 0
0.03125 0.421875 0
0.015625 0.4375 0
0.03125 0.4375 0
0.03125 0.40625 0
0.046875 0.40625 0
0.03125 0.421875 0
0.046875 0.421875 0
0.046875 0.40625 0
0.0625 0.40625 0
0.046875 0.421875 0
0.0625 0.421875 0
0.03125 0.421875 0
0.046875 0.421875 0
0.03125 0.4375 0
0.046875 0.4375 0
0.046875 0.421875 0
0.0625 0.421875 0
0.046875 0.4375 0
0.0625 0.4375 0
0.0625 0.375 0
0.078125 0.375 0
0.0625 0.390625 0
0.078125 0.390625 0
0.078125 0.375 0
0.09375 0.375 0
0.078125 0.390625 0
0.09375 0.390625 0
0.0625 0.390625 0
0.078125 0.390625 0
0.0625 0.40625 0
0.078125 0.40625 0
0.078125 0.390625 0
0.09375 0.390625 0
0.078125 0.40625 0
0.09375 0.40625 0
0.09375 0.375 0
0.109375 0.375 0
0.09375 0.390625 0
0.109375 0.390625 0
0.109375 0.375 0
0.125 0.375 0
0.109375 0.390625 0
0.125 0.390625 0
0.09375 0.390625 0
0.109375 0.390625 0
0.09375 0.40625 0
0.109375 0.40625 0
0.109375 0.390625 0
0.125 0.390625 0
0.109375 0.40625 0
0.125 0.40625 0
0.0625 0.40625 0
0.078125 0.40625 0
0.0625 0.421875 0
0.078125 0.421875 0
0.078125 0.40625 0
0.09375 0.40625 0
0.078125 0.421875 0
0.09375 0.421875 0
0.0625 0.421875 0
0.078125 0.421875 0
0.0625 0.4375 0
0.078125 0.4375 0
0.078125 0.421875 0
0.09375 0.421875 0
0.078125 0.4375 0
0.09375 0.4375 0
0.09375 0.40625 0
0.109375 0.40625 0
0.09375 0.421875 0
0.109375 0.421875 0
0.109375 0.40625 0
0.125 0.40625 0
0.109375 0.421875 0
0.125 0.421875 0
0.09375 0.421875 0
0.109375 0.421875 0
0.09375 0.4375 0
0.109375 0.4375 0
0.109375 0.421875 0
0.125 0.421875 0
0.109375 0.4375 0
0.125 0.4375 0
0 0.4375 0
0.015625 0.4375 0
0 0.453125 0
0.015625 0.453125 0
0.015625 0.4375 0
0.03125 0.4375 0
0.015625 0.453125 0
0.03125 0.453125 0
0 0.453125 0
0.015625 0.453125 0
0 0.46875 0
0.015625 0.46875 0
0.015625 0.453125 0
0.03125 0.453125 0
0.015625 0.46875 0
0.03125 0.46875 0
0.03125 0.4375 0
0.046875 0.4375 0
0.03125 0.453125 0
0.046875 0.453125 0
0.046875 0.4375 0
0.0625 0.4375 0
0.046875 0.453125 0
0.0625 0.453125 0
0.03125 0.453125 0
0.046875 0.453125 0
0.03125 0.46875 0
0.046875 0.46875 0
0.046875 0.453125 0
0.0625 0.453125 0
0.046875 0.46875 0
0.0625 0.46875 0
0 0.46875 0
0.015625 0.46875 0
0 0.484375 0
0.015625 0.484375 0
0.015625 0.46875 0
0.03125 0.46875 0
0.015625 0.484375 0
0.03125 0.484375 0
0 0.484375 0
0.015625 0.484375 0
0 0.5 0
0.015625 0.5 0
0.015625 0.484375 0
0.03125 0.484375 0
0.015625 0.5 0
0.03125 0.5 0
0.03125 0.46875 0
0.046875 0.46875 0
0.03125 0.484375 0
0.046875 0.484375 0
0.046875 0.46875 0
0.0625 0.46875 0
0.046875 0.484375 0
0.0625 0.484375 0
0.03125 0.484375 0
0.046875 0.484375 0
0.03125 0.5 0
0.046875 0.5 0
0.046875 0.484375 0
0.0625 0.484375 0
0.046875 0.5 0
0.0625 0.5 0
0.0625 0.4375 0
0.078125 0.4375 0
0.0625 0.453125 0
0.078125 0.453125 0
0.078125 0.4375 0
0.09375 0.4375 0
0.078125 0.453125 0
0.09375 0.453125 0
0.0625 0.453125 0
0.078125 0.453125 0
0.0625 0.46875 0
0.078125 0.46875 0
0.078125 0.453125 0
0.09375 0.453125 0
0.078125 0.46875 0
0.09375 0.46875 0
0.09375 0.4375 0
0.109375 0.4375 0
0.09375 0.453125 0
0.109375 0.453125 0
0.109375 0.4375 0
0.125 0.4375 0
0.109375 0.453125 0
0.125 0.453125 0
0.09375 0.453125 0
0.109375 0.453125 0
0.09375 0.46875 0
0.109375 0.46875 0
0.109375 0.453125 0
0.125 0.453125 0
0.109375 0.46875 0
0.125 0.46875 0
0.0625 0.46875 0
0.078125 0.46875 0
0.0625 0.484375 0
0.078125 0.484375 0
0.078125 0.46875 0
0.09375 0.46875 0
0.078125 0.484375 0
0.09375 0.484375 0
0.0625 0.484375 0
0.078125 0.484375 0
0.0625 0.5 0
0.078125 0.5 0
0.078125 0.484375 0
0.09375 0.484375 0
0.078125 0.5 0
0.09375 0.5 0
0.09375 0.46875 0
0.109375 0.46875 0
0.09375 0.484375 0
0.109375 0.484375 0
0.109375 0.46875 0
0.125 0.46875 0
0.109375 0.484375 0
0.125 0.484375 0
0.09375 0.484375 0
0.109375 0.484375 0
0.09375 0.5 0
0.109375 0.5 0
0.109375 0.484375 0
0.125 0.484375 0
0.109375 0.5 0
0.125 0.5 0
0.125 0.375 0
0.140625 0.375 0
0.125 0.390625 0
0.140625 0.390625 0
0.140625 0.375 0
0.15625 0.375 0
0.140625 0.390625 0
0.15625 0.390625 0
0.125 0.390625 0
0.140625 0.390625 0
0.125 0.40625 0
0.140625 0.40625 0
0.140625 0.390625 0
0.15625 0.390625 0
0.140625 0.40625 0
0.15625 0.40625 0
0.15625 0.375 0
0.171875 0.375 0
0.15625 0.390625 0
0.171875 0.390625 0
0.171875 0.375 0
0.1875 0.375 0
0.171875 0.390625 0
0.1875 0.390625 0
0.15625 0.390625 0
0.171875 0.390625 0
0.15625 0.40625 0
0.171875 0.40625 0
0.171875 0.390625 0
0.1875 0.390625 0
0.171875 0.40625 0
0.1875 0.40625 0
0.125 0.40625 0
0.140625 0.40625 0
0.125 0.421875 0
0.140625 0.421875 0
0.140625 0.40625 0
0.15625 0.40625 0
0.140625 0.421875 0
0.15625 0.421875 0
0.125 0.421875 0
0.140625 0.421875 0
0.125 0.4375 0
0.140625 0.4375 0
0.140625 0.421875 0
0.15625 0.421875 0
0.140625 0.4375 0
0.15625 0.4375 0
0.15625 0.40625 0
0.171875 0.40625 0
0.15625 0.421875 0
0.171875 0.421875 0
0.171875 0.40625 0
0.1875 0.40625 0
0.171875 0.421875 0
0.1875 0.421875 0
0.15625 0.421875 0
0.171875 0.421875 0
0.15625 0.4375 0
0.171875 0.4375 0
0.171875 0.421875 0
0.1875 0.421875 0
0.171875 0.4375 0
0.1875 0.4375 0
0.1875 0.375 0
0.203125 0.375 0
0.1875 0.390625 0
0.203125 0.390625 0
0.203125 0.375 0
0.21875 0.375 0
0.203125 0.390625 0
0.21875 0.390625 0
0.1875 0.390625 0
0.203125 0.390625 0
0.1875 0.40625 0
0.203125 0.40625 0
0.203125 0.390625 0
0.21875 0.390625 0
0.203125 0.40625 0
0.21875 0.40625 0
0.21875 0.375 0
0.234375 0.375 0
0.21875 0.390625 0
0.234375 0.390625 0
0.234375 0.375 0
0.25 0.375 0
0.234375 0.390625 0
0.25 0.390625 0
0.21875 0.390625 0
0.234375 0.390625 0
0.21875 0.40625 0
0.234375 0.40625 0
0.234375 0.390625 0
0.25 0.390625 0
0.234375 0.40625 0
0.25 0.40625 0
0.1875 0.40625 0
0.203125 0.40625 0
0.1875 0.421875 0
0.203125 0.421875 0
0.203125 0.40625 0
0.21875 0.40625 0
0.203125 0.421875 0
0.21875 0.421875 0
0.1875 0.421875 0
0.203125 0.421875 0
0.1875 0.4375 0
0.203125 0.4375 0
0.203125 0.421875 0
0.21875 0.421875 0
0.203125 0.4375 0
0.21875 0.4375 0
0.21875 0.40625 0
0.234375 0.40625 0
0.21875 0.421875 0
0.234375 0.421875 0
0.234375 0.40625 0
0.25 0.40625 0
0.234375 0.421875 0
0.25 0.421875 0
0.21875 0.421875 0
0.234375 0.421875 0
0.21875 0.4375 0
0.234375 0.4375 0
0.234375 0.421875 0
0.25 0.421875 0
0.234375 0.4375 0
0.25 0.4375 0
0.125 0.4375 0
0.140625 0.4375 0
0.125 0.453125 0
0.140625 0.453125 0
0.140625 0.4375 0
0.15625 0.4375 0
0.140625 0.453125 0
0.15625 0.453125 0
0.125 0.453125 0
0.140625 0.453125 0
0.125 0.46875 0
0.140625 0.46875 0
0.140625 0.453125 0
0.15625 0.453125 0
0.140625 0.46875 0
0.15625 0.46875 0
0.15625 0.4375 0
0.171875 0.4375 0
0.15625 0.453125 0
0.171875 0.453125 0
0.171875 0.4375 0
0.1875 0.4375 0
0.171875 0.453125 0
0.1875 0.453125 0
0.15625 0.453125 0
0.171875 0.453125 0
0.15625 0.46875 0
0.171875 0.46875 0
0.171875 0.453125 0
0.1875 0.453125 0
0.171875 0.46875 0
0.1875 0.46875 0
0.125 0.46875 0
0.140625 0.46875 0
0.125 0.484375 0
0.140625 0.484375 0
0.140625 0.46875 0
0.15625 0.46875 0
0.140625 0.484375 0
0.15625 0.484375 0
0.125 0.484375 0
0.140625 0.484375 0
0.125 0.5 0
0.140625 0.5 0
0.140625 0.484375 0
0.15625 0.484375 0
0.140625 0.5 0
0.15625 0.5 0
0.15625 0.46875 0
0.171875 0.46875 0
0.15625 0.484375 0
0.171875 0.484375 0
0.171875 0.46875 0
0.1875 0.46875 0
0.171875 0.484375 0
0.1875 0.484375 0
0.15625 0.484375 0
0.171875 0.484375 0
0.15625 0.5 0
0.171875 0.5 0
0.171875 0.484375 0
0.1875 0.484375 0
0.171875 0.5 0
0.1875 0.5 0
0.1875 0.4375 0
0.203125 0.4375 0
0.1875 0.453125 0
0.203125 0.453125 0
0.203125 0.4375 0
0.21875 0.4375 0
0.203125 0.453125 0
0.21875 0.453125 0
0.1875 0.453125 0
0.203125 0.453125 0
0.1875 0.46875 0
0.203125 0.46875 0
0.203125 0.453125 0
0.21875 0.453125 0
0.203125 0.46875 0
0.21875 0.46875 0
0.21875 0.4375 0
0.234375 0.4375 0
0.21875 0.453125 0
0.234375 0.453125 0
0.234375 0.4375 0
0.25 0.4375 0
0.234375 0.453125 0
0.25 0.453125 0
0.21875 0.453125 0
0.234375 0.453125 0
0.21875 0.46875 0
0.234375 0.46875 0
0.234375 0.453125 0
0.25 0.453125 0
0.234375 0.46875 0
0.25 0.46875 0
0.1875 0.46875 0
0.203125 0.46875 0
0.1875 0.484375 0
0.203125 0.484375 0
0.203125 0.46875 0
0.21875 0.46875 0
0.203125 0.484375 0
0.21875 0.484375 0
0.1875 0.484375 0
0.203125 0.484375 0
0.1875 0.5 0
0.203125 0.5 0
0.203125 0.484375 0
0.21875 0.484375 0
0.203125 0.5 0
0.21875 0.5 0
0.21875 0.46875 0
0.234375 0.46875 0
0.21875 0.484375 0
0.234375 0.484375 0
0.234375 0.46875 0
0.25 0.46875 0
0.234375 0.484375 0
0.25 0.484375 0
0.21875 0.484375 0
0.234375 0.484375 0
0.21875 0.5 0
0.234375 0.5 0
0.234375 0.484375 0
0.25 0.484375 0
0.234375 0.5 0
0.25 0.5 0
0.25 0.25 0
0.265625 0.25 0
0.25 0.265625 0
0.265625 0.265625 0
0.265625 0.25 0
0.28125 0.25 0
0.265625 0.265625 0
0.28125 0.265625 0
0.25 0.265625 0
0.265625 0.265625 0
0.25 0.28125 0
0.265625 0.28125 0
0.265625 0.265625 0
0.28125 0.265625 0
0.265625 0.28125 0
0.28125 0.28125 0
0.28125 0.25 0
0.296875 0.25 0
0.28125 0.265625 0
0.296875 0.265625 0
0.296875 0.25 0
0.3125 0.25 0
0.296875 0.265625 0
0.3125 0.265625 0
0.28125 0.265625 0
0.296875 0.265625 0
0.28125 0.28125 0
0.296875 0.28125 0
0.296875 0.265625 0
0.3125 0.265625 0
0.296875 0.28125 0
0.3125 0.28125 0
0.25 0.28125 0
0.265625 0.28125 0
0.25 0.296875 0
0.265625 0.296875 0
0.265625 0.28125 0
0.28125 0.28125 0
0.265625 0.296875 0
0.28125 0.296875 0
0.25 0.296875 0
0.265625 0.296875 0
0.25 0.3125 0
0.265625 0.3125 0
0.265625 0.296875 0
0.28125 0.296875 0
0.265625 0.3125 0
0.28125 0.3125 0
0.28125 0.28125 0
0.296875 0.28125 0
0.28125 0.296875 0
0.296875 0.296875 0
0.296875 0.28125 0
0.3125 0.28125 0
0.296875 0.296875 0
0.3125 0.296875 0
0.28125 0.296875 0
0.296875 0.296875 0
0.28125 0.3125 0
0.296875 0.3125 0
0.296875 0.296875 0
0.3125 0.296875 0
0.296875 0.3125 0
0.3125 0.3125 0
0.3125 0.25 0
0.328125 0.25 0
0.3125 0.265625 0
0.328125 0.265625 0
0.328125 0.25 0
0.34375 0.25 0
0.328125 0.265625 0
0.34375 0.265625 0
0.3125 0.265625 0
0.328125 0.265625 0
0.3125 0.28125 0
0.328125 0.28125 0
0.328125 0.265625 0
0.34375 0.265625 0
0.328125 0.28125 0
0.34375 0.28125 0
0.34375 0.25 0
0.359375 0.25 0
0.34375 0.265625 0
0.359375 0.265625 0
0.359375 0.25 0
0.375 0.25 0
0.359375 0.265625 0
0.375 0.265625 0
0.34375 0.265625 0
0.359375 0.265625 0
0.34375 0.28125 0
0.359375 0.28125 0
0.359375 0.265625 0
0.375 0.265625 0
0.359375 0.28125 0
0.375 0.28125 0
0.3125 0.28125 0
0.328125 0.28125 0
0.3125 0.296875 0
0.328125 0.296875 0
0.328125 0.28125 0
0.34375 0.28125 0
0.328125 0.296875 0
0.34375 0.296875 0
0.3125 0.296875 0
0.328125 0.296875 0
0.3125 0.3125 0
0.328125 0.3125 0
0.328125 0.296875 0
0.34375 0.296875 0
0.328125 0.3125 0
0.34375 0.3125 0
0.34375 0.28125 0
0.359375 0.28125 0
0.34375 0.296875 0
0.359375 0.296875 0
0.359375 0.28125 0
0.375 0.28125 0
0.359375 0.296875 0
0.375 0.296875 0
0.34375 0.296875 0
0.359375 0.296875 0
0.34375 0.3125 0
0.359375 0.3125 0
0.359375 0.296875 0
0.375 0.296875 0
0.359375 0.3125 0
0.375 0.3125 0
0.25 0.3125 0
0.265625 0.3125 0
0.25 0.328125 0
0.265625 0.328125 0
0.265625 0.3125 0
0.28125 0.3125 0
0.265625 0.328125 0
0.28125 0.328125 0
0.25 0.328125 0
0.265625 0.328125 0
0.25 0.34375 0
0.265625 0.34375 0
0.265625 0.328125 0
0.28125 0.328125 0
0.265625 0.34375 0
0.28125 0.34375 0
0.28125 0.3125 0
0.296875 0.3125 0
0.28125 0.328125 0
0.296875 0.328125 0
0.296875 0.3125 0
0.3125 0.3125 0
0.296875 0.328125 0
0.3125 0.328125 0
0.28125 0.328125 0
0.296875 0.328125 0
0.28125 0.34375 0
0.296875 0.34375 0
0.296875 0.328125 0
0.3125 0.328125 0
0.296875 0.34375 0
0.3125 0.34375 0
0.25 0.34375 0
0.265625 0.34375 0
0.25 0.359375 0
0.265625 0.359375 0
0.265625 0.34375 0
0.28125 0.34375 0
0.265625 0.359375 0
0.28125 0.359375 0
0.25 0.359375 0
0.265625 0.359375 0
0.25 0.375 0
0.265625 0.375 0
0.265625 0.359375 0
0.28125 0.359375 0
0.265625 0.375 0
0.28125 0.375 0
0.28125 0.34375 0
0.296875 0.34375 0
0.28125 0.359375 0
0.296875 0.359375 0
0.296875 0.34375 0
0.3125 0.34375 0
0.296875 0.359375 0
0.3125 0.359375 0
0.28125 0.359375 0
0.296875 0.359375 0
0.28125 0.375 0
0.296875 0.375 0
0.296875 0.359375 0
0.3125 0.359375 0
0.296875 0.375 0
0.3125 0.375 0
0.3125 0.3125 0
0.328125 0.3125 0
0.3125 0.328125 0
0.328125 0.328125 0
0.328125 0.3125 0
0.34375 0.3125 0
0.328125 0.328125 0
0.34375 0.328125 0
0.3125 0.328125 0
0.328125 0.328125 0
0.3125 0.34375 0
0.328125 0.34375 0
0.328125 0.328125 0
0.34375 0.328125 0
0.328125 0.34375 0
0.34375 0.34375 0
0.34375 0.3125 0
0.359375 0.3125 0
0.34375 0.328125 0
0.359375 0.328125 0
0.359375 0.3125 0
0.375 0.3125 0
0.359375 0.328125 0
0.375 0.328125 0
0.34375 0.328125 0
0.359375 0.328125 0
0.34375 0.34375 0
0.359375 0.34375 0
0.359375 0.328125 0
0.375 0.328125 0
0.359375 0.34375 0
0.375 0.34375 0
0.3125 0.34375 0
0.328125 0.34375 0
0.3125 0.359375 0
0.328125 0.359375 0
0.328125 0.34375 0
0.34375 0.34375 0
0.328125 0.359375 0
0.34375 0.359375 0
0.3125 0.359375 0
0.328125 0.359375 0
0.3125 0.375 0
0.328125 0.375 0
0.328125 0.359375 0
0.34375 0.359375 0
0.328125 0.375 0
0.34375 0.375 0
0.34375 0.34375 0
0.359375 0.34375 0
0.34375 0.359375 0
0.359375 0.359375 0
0.359375 0.34375 0
0.375 0.34375 0
0.359375 0.359375 0
0.375 0.359375 0
0.34375 0.359375 0
0.359375 0.359375 0
0.34375 0.375 0
0.359375 0.375 0
0.359375 0.359375 0
0.375 0.359375 0
0.359375 0.375 0
0.375 0.375 0
0.375 0.25 0
0.390625 0.25 0
0.375 0.265625 0
0.390625 0.265625 0
0.390625 0.25 0
0.40625 0.25 0
0.390625 0.265625 0
0.40625 0.265625 0
0.375 0.265625 0
0.390625 0.265625 0
0.375 0.28125 0
0.390625 0.28125 0
0.390625 0.265625 0
0.40625 0.265625 0
0.390625 0.28125 0
0.40625 0.28125 0
0.40625 0.25 0
0.421875 0.25 0
0.40625 0.265625 0
0.421875 0.265625 0
0.421875 0.25 0
0.4375 0.25 0
0.421875 0.265625 0
0.4375 0.265625 0
0.40625 0.265625 0
0.421875 0.265625 0
0.40625 0.28125 0
0.421875 0.28125 0
0.421875 0.265625 0
0.4375 0.265625 0
0.421875 0.28125 0
0.4375 0.28125 0
0.375 0.28125 0
0.390625 0.28125 0
0.375 0.296875 0
0.390625 0.296875 0
0.390625 0.28125 0
0.40625 0.28125 0
0.390625 0.296875 0
0.40625 0.296875 0
0.375 0.296875 0
0.390625 0.296875 0
0.375 0.3125 0
0.390625 0.3125 0
0.390625 0.296875 0
0.40625 0.296875 0
0.390625 0.3125 0
0.40625 0.3125 0
0.40625 0.28125 0
0.421875 0.28125 0
0.40625 0.296875 0
0.421875 0.296875 0
0.421875 0.28125 0
0.4375 0.28125 0
0.421875 0.296875 0
0.4375 0.296875 0
0.40625 0.296875 0
0.421875 0.296875 0
0.40625 0.3125 0
0.421875 0.3125 0
0.421875 0.296875 0
0.4375 0.296875 0
0.421875 0.3125 0
0.4375 0.3125 0
0.4375 0.25 0
0.453125 0.25 0
0.4375 0.265625 0
0.453125 0.265625 0
0.453125 0.25 0
0.46875 0.25 0
0.453125 0.265625 0
0.46875 0.265625 0
0.4375 0.265625 0
0.453125 0.265625 0
0.4375 0.28125 0
0.453125 0.28125 0
0.453125 0.265625 0
0.46875 0.265625 0
0.453125 0.28125 0
0.46875 0.28125 0
0.46875 0.25 0
0.484375 0.25 0
0.46875 0.265625 0
0.484375 0.265625 0
0.484375 0.25 0
0.5 0.25 0
0.484375 0.265625 0
0.5 0.265625 0
0.46875 0.265625 0
0.484375 0.265625 0
0.46875 0.28125 0
0.484375 0.28125 0
0.484375 0.265625 0
0.5 0.265625 0
0.484375 0.28125 0
0.5 0.28125 0
0.4375 0.28125 0
0.453125 0.28125 0
0.4375 0.296875 0
0.453125 0.296875 0
0.453125 0.28125 0
0.46875 0.28125 0
0.453125 0.296875 0
0.46875 0.296875 0
0.4375 0.296875 0
0.453125 0.296875 0
0.4375 0.3125 0
0.453125 0.3125 0
0.453125 0.296875 0
0.46875 0.296875 0
0.453125 0.3125 0
0.46875 0.3125 0
0.46875 0.28125 0
0.484375 0.28125 0
0.46875 0.296875 0
0.484375 0.296875 0
0.484375 0.28125 0
0.5 0.28125 0
0.484375 0.296875 0
0.5 0.296875 0
0.46875 0.296875 0
0.484375 0.296875 0
0.46875 0.3125 0
0.484375 0.3125 0
0.484375 0.296875 0
0.5 0.296875 0
0.484375 0.3125 0
0.5 0.3125 0
0.375 0.3125 0
0.390625 0.3125 0
0.375 0.328125 0
0.390625 0.328125 0
0.390625 0.3125 0
0.40625 0.3125 0
0.390625 0.328125 0
0.40625 0.328125 0
0.375 0.328125 0
0.390625 0.328125 0
0.375 0.34375 0
0.390625 0.34375 0
0.390625 0.328125 0
0.40625 0.328125 0
0.390625 0.34375 0
0.40625 0.34375 0
0.40625 0.3125 0
0.421875 0.3125 0
0.40625 0.328125 0
0.421875 0.328125 0
0.421875 0.3125 0
0.4375 0.3125 0
0.421875 0.328125 0
0.4375 0.328125 0
0.40625 0.328125 0
0.421875 0.328125 0
0.40625 0.34375 0
0.421875 0.34375 0
0.421875 0.328125 0
0.4375 0.328125 0
0.421875 0.34375 0
0.4375 0.34375 0
0.375 0.34375 0
0.390625 0.34375 0
0.375 0.359375 0
0.390625 0.359375 0
0.390625 0.34375 0
0.40625 0.34375 0
0.390625 0.359375 0
0.40625 0.359375 0
0.375 0.359375 0
0.390625 0.359375 0
0.375 0.375 0
0.390625 0.375 0
0.390625 0.359375 0
0.40625 0.359375 0
0.390625 0.375 0
0.40625 0.375 0
0.40625 0.34375 0
0.421875 0.34375 0
0.40625 0.359375 0
0.421875 0.359375 0
0.421875 0.34375 0
0.4375 0.34375 0
0.421875 0.359375 0
0.4375 0.359375 0
0.40625 0.359375 0
0.421875 0.359375 0
0.40625 0.375 0
0.421875 0.375 0
0.421875 0.359375 0
0.4375 0.359375 0
0.421875 0.375 0
0.4375 0.375 0
0.4375 0.3125 0
0.453125 0.3125 0
0.4375 0.328125 0
0.453125 0.328125 0
0.453125 0.3125 0
0.46875 0.3125 0
0.453125 0.328125 0
0.46875 0.328125 0
0.4375 0.328125 0
0.453125 0.328125 0
0.4375 0.34375 0
0.453125 0.34375 0
0.453125 0.328125 0
0.46875 0.328125 0
0.453125 0.34375 0
0.46875 0.34375 0
0.46875 0.3125 0
0.484375 0.3125 0
0.46875 0.328125 0
0.484375 0.328125 0
0.484375 0.3125 0
0.5 0.3125 0
0.484375 0.328125 0
0.5 0.328125 0
0.46875 0.328125 0
0.484375 0.328125 0
0.46875 0.34375 0
0.484375 0.34375 0
0.484375 0.328125 0
0.5 0.328125 0
0.484375 0.34375 0
0.5 0.34375 0
0.4375 0.34375 0
0.453125 0.34375 0
0.4375 0.359375 0
0.453125 0.359375 0
0.453125 0.34375 0
0.46875 0.34375 0
0.453125 0.359375 0
0.46875 0.359375 0
0.4375 0.359375 0
0.453125 0.359375 0
0.4375 0.375 0
0.453125 0.375 0
0.453125 0.359375 0
0.46875 0.359375 0
0.453125 0.375 0
0.46875 0.375 0
0.46875 0.34375 0
0.484375 0.34375 0
0.46875 0.359375 0
0.484375 0.359375 0
0.484375 0.34375 0
0.5 0.34375 0
0.484375 0.359375 0
0.5 0.359375 0
0.46875 0.359375 0
0.484375 0.359375 0
0.46875 0.375 0
0.484375 0.375 0
0.484375 0.359375 0
0.5 0.359375 0
0.484375 0.375 0
0.5 0.375 0
0.25 0.375 0
0.265625 0.375 0
0.25 0.390625 0
0.265625 0.390625 0
0.265625 0.375 0
0.28125 0.375 0
0.265625 0.390625 0
0.28125 0.390625 0
0.25 0.390625 0
0.265625 0.390625 0
0.25 0.40625 0
0.265625 0.40625 0
0.265625 0.390625 0
0.28125 0.390625 0
0.265625 0.40625 0
0.28125 0.40625 0
0.28125 0.375 0
0.296875 0.375 0
0.28125 0.390625 0
0.296875 0.390625 0
0.296875 0.375 0
0.3125 0.375 0
0.296875 0.390625 0
0.3125 0.390625 0
0.28125 0.390625 0
0.296875 0.390625 0
0.28125 0.40625 0
0.296875 0.40625 0
0.296875 0.390625 0
0.3125 0.390625 0
0.296875 0.40625 0
0.3125 0.40625 0
0.25 0.40625 0
0.265625 0.40625 0
0.25 0.421875 0
0.265625 0.421875 0
0.265625 0.40625 0
0.28125 0.40625 0
0.265625 0.421875 0
0.28125 0.421875 0
0.25 0.421875 0
0.265625 0.421875 0
0.25 0.4375 0
0.265625 0.4375 0
0.265625 0.421875 0
0.28125 0.421875 0
0.265625 0.4375 0
0.28125 0.4375 0
0.28125 0.40625 0
0.296875 0.40625 0
0.28125 0.421875 0
0.296875 0.421875 0
0.296875 0.40625 0
0.3125 0.40625 0
0.296875 0.421875 0
0.3125 0.421875 0
0.28125 0.421875 0
0.296875 0.421875 0
0.28125 0.4375 0
0.296875 0.4375 0
0.296875 0.421875 0
0.3125 0.421875 0
0.296875 0.4375 0
0.3125 0.4375 0
0.3125 0.375 0
0.328125 0.375 0
0.3125 0.390625 0
0.328125 0.390625 0
0.328125 0.375 0
0.34375 0.375 0
0.328125 0.390625 0
0.34375 0.390625 0
0.3125 0.390625 0
0.328125 0.390625 0
0.3125 0.40625 0
0.328125 0.40625 0
0.328125 0.390625 0
0.34375 0.390625 0
0.328125 0.40625 0
0.34375 0.40625 0
0.34375 0.375 0
0.359375 0.375 0
0.34375 0.390625 0
0.359375 0.390625 0
0.359375 0.375 0
0.375 0.375 0
0.359375 0.390625 0
0.375 0.390625 0
0.34375 0.390625 0
0.359375 0.390625 0
0.34375 0.40625 0
0.359375 0.40625 0
0.359375 0.390625 0
0.375 0.390625 0
0.359375 0.40625 0
0.375 0.40625 0
0.3125 0.40625 0
0.328125 0.40625 0
0.3125 0.421875 0
0.328125 0.421875 0
0.328125 0.40625 0
0.34375 0.40625 0
0.328125 0.421875 0
0.34375 0.421875 0
0.3125 0.421875 0
0.328125 0.421875 0
0.3125 0.4375 0
0.328125 0.4375 0
0.328125 0.421875 0
0.34375 0.421875 0
0.328125 0.4375 0
0.34375 0.4375 0
0.34375 0.40625 0
0.359375 0.40625 0
0.34375 0.421875 0
0.359375 0.421875 0
0.359375 0.40625 0
0.375 0.40625 0
0.359375 0.421875 0
0.375 0.421875 0
0.34375 0.421875 0
0.359375 0.421875 0
0.34375 0.4375 0
0.359375 0.4375 0
0.359375 0.421875 0
0.375 0.421875 0
0.359375 0.4375 0
0.375 0.4375 0
0.25 0.4375 0
0.265625 0.4375 0
0.25 0.453125 0
0.265625 0.453125 0
0.265625 0.4375 0
0.28125 0.4375 0
0.265625 0.453125 0
0.28125 0.453125 0
0.25 0.453125 0
0.265625 0.453125 0
0.25 0.46875 0
0.265625 0.46875 0
0.265625 0.453125 0
0.28125 0.453125 0
0.265625 0.46875 0
0.28125 0.46875 0
0.28125 0.4375 0
0.296875 0.4375 0
0.28125 0.453125 0
0.296875 0.453125 0
0.296875 0.4375 0
0.3125 0.4375 0
0.296875 0.453125 0
0.3125 0.453125 0
0.28125 0.453125 0
0.296875 0.453125 0
0.28125 0.46875 0
0.296875 0.46875 0
0.296875 0.453125 0
0.3125 0.453125 0
0.296875 0.46875 0
0.3125 0.46875 0
0.25 0.46875 0
0.265625 0.46875 0
0.25 0.484375 0
0.265625 0.484375 0
0.265625 0.46875 0
0.28125 0.46875 0
0.265625 0.484375 0
0.28125 0.484375 0
0.25 0.484375 0
0.265625 0.484375 0
0.25 0.5 0
0.265625 0.5 0
0.265625 0.484375 0
0.28125 0.484375 0
0.265625 0.5 0
0.28125 0.5 0
0.28125 0.46875 0
0.296875 0.46875 0
0.28125 0.484375 0
0.296875 0.484375 0
0.296875 0.46875 0
0.3125 0.46875 0
0.296875 0.484375 0
0.3125 0.484375 0
0.28125 0.484375 0
0.296875 0.484375 0
0.28125 0.5 0
0.296875 0.5 0
0.296875 0.484375 0
0.3125 0.484375 0
0.296875 0.5 0
0.3125 0.5 0
0.3125 0.4375 0
0.328125 0.4375 0
0.3125 0.453125 0
0.328125 0.453125 0
0.328125 0.4375 0
0.34375 0.4375 0
0.328125 0.453125 0
0.34375 0.453125 0
0.3125 0.453125 0
0.328125 0.453125 0
0.3125 0.46875 0
0.328125 0.46875 0
0.328125 0.453125 0
0.34375 0.453125 0
0.328125 0.46875 0
0.34375 0.46875 0
0.34375 0.4375 0
0.359375 0.4375 0
0.34375 0.453125 0
0.359375 0.453125 0
0.359375 0.4375 0
0.375 0.4375 0
0.359375 0.453125 0
0.375 0.453125 0
0.34375 0.453125 0
0.359375 0.453125 0
0.34375 0.46875 0
0.359375 0.46875 0
0.359375 0.453125 0
0.375 0.453125 0
0.359375 0.46875 0
0.375 0.46875 0
0.3125 0.46875 0
0.328125 0.46875 0
0.3125 0.484375 0
0.328125 0.484375 0
0.328125 0.46875 0
0.34375 0.46875 0
0.328125 0.484375 0
0.34375 0.484375 0
0.3125 0.484375 0
0.328125 0.484375 0
0.3125 0.5 0
0.328125 0.5 0
0.328125 0.484375 0
0.34375 0.484375 0
0.328125 0.5 0
0.34375 0.5 0
0.34375 0.46875 0
0.359375 0.46875 0
0.34375 0.484375 0
0.359375 0.484375 0
0.359375 0.46875 0
0.375 0.46875 0
0.359375 0.484375 0
0.375 0.484375 0
0.34375 0.484375 0
0.359375 0.484375 0
0.34375 0.5 0
0.359375 0.5 0
0.359375 0.484375 0
0.375 0.484375 0
0.359375 0.5 0
0.375 0.5 0
0.375 0.375 0
0.390625 0.375 0
0.375 0.390625 0
0.390625 0.390625 0
0.390625 0.375 0
0.40625 0.375 0
0.390625 0.390625 0
0.40625 0.390625 0
0.375 0.390625 0
0.390625 0.390625 0
0.375 0.40625 0
0.390625 0.40625 0
0.390625 0.390625 0
0.40625 0.390625 0
0.390625 0.40625 0
0.40625 0.40625 0
0.40625 0.375 0
0.421875 0.375 0
0.40625 0.390625 0
0.421875 0.390625 0
0.421875 0.375 0
0.4375 0.375 0
0.421875 0.390625 0
0.4375 0.390625 0
0.40625 0.390625 0
0.421875 0.390625 0
0.40625 0.40625 0
0.421875 0.40625 0
0.421875 0.390625 0
0.4375 0.390625 0
0.421875 0.40625 0
0.4375 0.40625 0
0.375 0.40625 0
0.390625 0.40625 0
0.375 0.421875 0
0.390625 0.421875 0
0.390625 0.40625 0
0.40625 0.40625 0
0.390625 0.421875 0
0.40625 0.421875 0
0.375 0.421875 0
0.390625 0.421875 0
0.375 0.4375 0
0.390625 0.4375 0
0.390625 0.421875 0
0.40625 0.421875 0
0.390625 0.4375 0
0.40625 0.4375 0
0.40625 0.40625 0
0.421875 0.40625 0
0.40625 0.421875 0
0.421875 0.421875 0
0.421875 0.40625 0
0.4375 0.40625 0
0.421875 0.421875 0
0.4375 0.421875 0
0.40625 0.421875 0
0.421875 0.421875 0
0.40625 0.4375 0
0.421875 0.4375 0
0.421875 0.421875 0
0.4375 0.421875 0
0.421875 0.4375 0
0.4375 0.4375 0
0.4375 0.375 0
0.453125 0.375 0
0.4375 0.390625 0
0.453125 0.390625 0
0.453125 0.375 0
0.46875 0.375 0
0.453125 0.390625 0
0.46875 0.390625 0
0.4375 0.390625 0
0.453125 0.390625 0
0.4375 0.40625 0
0.453125 0.40625 0
0.453125 0.390625 0
0.46875 0.390625 0
0.453125 0.40625 0
0.46875 0.40625 0
0.46875 0.375 0
0.484375 0.375 0
0.46875 0.390625 0
0.484375 0.390625 0
0.484375 0.375 0
0.5 0.375 0
0.484375 0.390625 0
0.5 0.390625 0
0.46875 0.390625 0
0.484375 0.390625 0
0.46875 0.40625 0
0.484375 0.40625 0
0.484375 0.390625 0
0.5 0.390625 0
0.484375 0.40625 0
0.5 0.40625 0
0.4375 0.40625 0
0.453125 0.40625 0
0.4375 0.421875 0
0.453125 0.421875 0
0.453125 0.40625 0
0.46875 0.40625 0
0.453125 0.421875 0
0.46875 0.421875 0
0.4375 0.421875 0
0.453125 0.421875 0
0.4375 0.4375 0
0.453125 0.4375 0
0.453125 0.421875 0
0.46875 0.421875 0
0.453125 0.4375 0
0.46875 0.4375 0
0.46875 0.40625 0
0.484375 0.40625 0
0.46875 0.421875 0
0.484375 0.421875 0
0.484375 0.40625 0
0.5 0.40625 0
0.484375 0.421875 0
0.5 0.421875 0
0.46875 0.421875 0
0.484375 0.421875 0
0.46875 0.4375 0
0.484375 0.4375 0
0.484375 0.421875 0
0.5 0.421875 0
0.484375 0.4375 0
0.5 0.4375 0
0.375 0.4375 0
0.390625 0.4375 0
0.375 0.453125 0
0.390625 0.453125 0
0.390625 0.4375 0
0.40625 0.4375 0
0.390625 0.453125 0
0.40625 0.453125 0
0.375 0.453125 0
0.390625 0.453125 0
0.375 0.46875 0
0.390625 0.46875 0
0.390625 0.453125 0
0.40625 0.453125 0
0.390625 0.46875 0
0.40625 0.46875 0
0.40625 0.4375 0
0.421875 0.4375 0
0.40625 0.453125 0
0.421875 0.453125 0
0.421875 0.4375 0
0.4375 0.4375 0
0.421875 0.453125 0
0.4375 0.453125 0
0.40625 0.453125 0
0.421875 0.453125 0
0.40625 0.46875 0
0.421875 0.46875 0
0.421875 0.453125 0
0.4375 0.453125 0
0.421875 0.46875 0
0.4375 0.46875 0
0.375 0.46875 0
0.390625 0.46875 0
0.375 0.484375 0
0.390625 0.484375 0
0.390625 0.46875 0
0.40625 0.46875 0
0.390625 0.484375 0
0.40625 0.484375 0
0.375 0.484375 0
0.390625 0.484375 0
0.375 0.5 0
0.390625 0.5 0
0.390625 0.484375 0
0.40625 0.484375 0
0.390625 0.5 0
0.40625 0.5 0
0.40625 0.46875 0
0.421875 0.46875 0
0.40625 0.484375 0
0.421875 0.484375 0
0.421875 0.46875 0
0.4375 0.46875 0
0.421875 0.484375 0
0.4375 0.484375 0
0.40625 0.484375 0
0.421875 0.484375 0
0.40625 0.5 0
0.421875 0.5 0
0.421875 0.484375 0
0.4375 0.484375 0
0.421875 0.5 0
0.4375 0.5 0
0.4375 0.4375 0
0.453125 0.4375 0
0.4375 0.453125 0
0.453125 0.453125 0
0.453125 0.4375 0
0.46875 0.4375 0
0.453125 0.453125 0
0.46875 0.453125 0
0.4375 0.453125 0
0.453125 0.453125 0
0.4375 0.46875 0
0.453125 0.46875 0
0.453125 0.453125 0
0.46875 0.453125 0
0.453125 0.46875 0
0.46875 0.46875 0
0.46875 0.4375 0
0.484375 0.4375 0
0.46875 0.453125 0
0.484375 0.453125 0
0.484375 0.4375 0
0.5 0.4375 0
0.484375 0.453125 0
0.5 0.453125 0
0.46875 0.453125 0
0.484375 0.453125 0
0.46875 0.46875 0
0.484375 0.46875 0
0.484375 0.453125 0
0.5 0.453125 0
0.484375 0.46875 0
0.5 0.46875 0
0.4375 0.46875 0
0.453125 0.46875 0
0.4375 0.484375 0
0.453125 0.484375 0
0.453125 0.46875 0
0.46875 0.46875 0
0.453125 0.484375 0
0.46875 0.484375 0
0.4375 0.484375 0
0.453125 0.484375 0
0.4375 0.5 0
0.453125 0.5 0
0.453125 0.484375 0
0.46875 0.484375 0
0.453125 0.5 0
0.46875 0.5 0
0.46875 0.46875 0
0.484375 0.46875 0
0.46875 0.484375 0
0.484375 0.484375 0
0.484375 0.46875 0
0.5 0.46875 0
0.484375 0.484375 0
0.5 0.484375 0
0.46875 0.484375 0
0.484375 0.484375 0
0.46875 0.5 0
0.484375 0.5 0
0.484375 0.484375 0
0.5 0.484375 0
0.484375 0.5 0
0.5 0.5 0
0.5 0 0
0.515625 0 0
0.5 0.015625 0
0.515625 0.015625 0
0.515625 0 0
0.53125 0 0
0.515625 0.015625 0
0.53125 0.015625 0
0.5 0.015625 0
0.515625 0.015625 0
0.5 0.03125 0
0.515625 0.03125 0
0.515625 0.015625 0
0.53125 0.015625 0
0.515625 0.03125 0
0.53125 0.03125 0
0.53125 0 0
0.546875 0 0
0.53125 0.015625 0
0.546875 0.015625 0
0.546875 0 0
0.5625 0 0
0.546875 0.015625 0
0.5625 0.015625 0
0.53125 0.015625 0
0.546875 0.015625 0
0.53125 0.03125 0
0.546875 0.03125 0
0.546875 0.015625 0
0.5625 0.015625 0
0.546875 0.03125 0
0.5625 0.03125 0
0.5 0.03125 0
0.515625 0.03125 0
0.5 0.046875 0
0.515625 0.046875 0
0.515625 0.03125 0
0.53125 0.03125 0
0.515625 0.046875 0
0.53125 0.046875 0
0.5 0.046875 0
0.515625 0.046875 0
0.5 0.0625 0
0.515625 0.0625 0
0.515625 0.046875 0
0.53125 0.046875 0
0.515625 0.0625 0
0.53125 0.0625 0
0.53125 0.03125 0
0.546875 0.03125 0
0.53125 0.046875 0
0.546875 0.046875 0
0.546875 0.03125 0
0.5625 0.03125 0
0.546875 0.046875 0
0.5625 0.046875 0
0.53125 0.046875 0
0.546875 0.046875 0
0.53125 0.0625 0
0.546875 0.0625 0
0.546875 0.046875 0
0.5625 0.046875 0
0.546875 0.0625 0
0.5625 0.0625 0
0.5625 0 0
0.578125 0 0
0.5625 0.015625 0
0.578125 0.015625 0
0.578125 0 0
0.59375 0 0
0.578125 0.015625 0
0.59375 0.015625 0
0.5625 0.015625 0
0.578125 0.015625 0
0.5625 0.03125 0
0.578125 0.03125 0
0.578125 0.015625 0
0.59375 0.015625 0
0.578125 0.03125 0
0.59375 0.03125 0
0.59375 0 0
0.609375 0 0
0.59375 0.015625 0
0.609375 0.015625 0
0.609375 0 0
0.625 0 0
0.609375 0.015625 0
0.625 0.015625 0
0.59375 0.015625 0
0.609375 0.015625 0
0.59375 0.03125 0
0.609375 0.03125 0
0.609375 0.015625 0
0.625 0.015625 0
0.609375 0.03125 0
0.625 0.03125 0
0.5625 0.03125 0
0.578125 0.03125 0
0.5625 0.046875 0
0.578125 0.046875 0
0.578125 0.03125 0
0.59375 0.03125 0
0.578125 0.046875 0
0.59375 0.046875 0
0.5625 0.046875 0
0.578125 0.046875 0
0.5625 0.0625 0
0.578125 0.0625 0
0.578125 0.046875 0
0.59375 0.046875 0
0.578125 0.0625 0
0.59375 0.0625 0
0.59375 0.03125 0
0.609375 0.03125 0
0.59375 0.046875 0
0.609375 0.046875 0
0.609375 0.03125 0
0.625 0.03125 0
0.609375 0.046875 0
0.625 0.046875 0
0.59375 0.046875 0
0.609375 0.046875 0
0.59375 0.0625 0
0.609375 0.0625 0
0.609375 0.046875 0
0.625 0.046875 0
0.609375 0.0625 0
0.625 0.0625 0
0.5 0.0625 0
0.515625 0.0625 0
0.5 0.078125 0
0.515625 0.078125 0
0.515625 0.0625 0
0.53125 0.0625 0
0.515625 0.078125 0
0.53125 0.078125 0
0.5 0.078125 0
0.515625 0.078125 0
0.5 0.09375 0
0.515625 0.09375 0
0.515625 0.078125 0
0.53125 0.078125 0
0.515625 0.09375 0
0.53125 0.09375 0
0.53125 0.0625 0
0.546875 0.0625 0
0.53125 0.078125 0
0.546875 0.078125 0
0.546875 0.0625 0
0.5625 0.0625 0
0.546875 0.078125 0
0.5625 0.078125 0
0.53125 0.078125 0
0.546875 0.078125 0
0.53125 0.09375 0
0.546875 0.09375 0
0.546875 0.078125 0
0.5625 0.078125 0
0.546875 0.09375 0
0.5625 0.09375 0
0.5 0.09375 0
0.515625 0.09375 0
0.5 0.109375 0
0.515625 0.109375 0
0.515625 0.09375 0
0.53125 0.09375 0
0.515625 0.109375 0
0.53125 0.109375 0
0.5 0.109375 0
0.515625 0.109375 0
0.5 0.125 0
0.515625 0.125 0
0.515625 0.109375 0
0.53125 0.109375 0
0.515625 0.125 0
0.53125 0.125 0
0.53125 0.09375 0
0.546875 0.09375 0
0.53125 0.109375 0
0.546875 0.109375 0
0.546875 0.09375 0
0.5625 0.09375 0
0.546875 0.109375 0
0.5625 0.109375 0
0.53125 0.109375 0
0.546875 0.109375 0
0.53125 0.125 0
0.546875 0.125 0
0.546875 0.109375 0
0.5625 0.109375 0
0.546875 0.125 0
0.5625 0.125 0
0.5625 0.0625 0
0.578125 0.0625 0
0.5625 0.078125 0
0.578125 0.078125 0
0.578125 0.0625 0
0.59375 0.0625 0
0.578125 0.078125 0
0.59375 0.078125 0
0.5625 0.078125 0
0.578125 0.078125 0
0.5625 0.09375 0
0.578125 0.09375 0
0.578125 0.078125 0
0.59375 0.078125 0
0.578125 0.09375 0
0.59375 0.09375 0
0.59375 0.0625 0
0.609375 0.0625 0
0.59375 0.078125 0
0.609375 0.078125 0
0.609375 0.0625 0
0.625 0.0625 0
0.609375 0.078125 0
0.625 0.078125 0
0.59375 0.078125 0
0.609375 0.078125 0
0.59375 0.09375 0
0.609375 0.09375 0
0.609375 0.078125 0
0.625 0.078125 0
0.609375 0.09375 0
0.625 0.09375 0
0.5625 0.09375 0
0.578125 0.09375 0
0.5625 0.109375 0
0.578125 0.109375 0
0.578125 0.09375 0
0.59375 0.09375 0
0.578125 0.109375 0
0.59375 0.109375 0
0.5625 0.109375 0
0.578125 0.109375 0
0.5625 0.125 0
0.578125 0.125 0
0.578125 0.109375 0
0.59375 0.109375 0
0.578125 0.125 0
0.59375 0.125 0
0.59375 0.09375 0
0.609375 0.09375 0
0.59375 0.109375 0
0.609375 0.109375 0
0.609375 0.09375 0
0.625 0.09375 0
0.609375 0.109375 0
0.625 0.109375 0
0.59375 0.109375 0
0.609375 0.109375 0
0.59375 0.125 0
0.609375 0.125 0
0.609375 0.109375 0
0.625 0.109375 0
0.609375 0.125 0
0.625 0.125 0
0.625 0 0
0.640625 0 0
0.625 0.015625 0
0.640625 0.015625 0
0.640625 0 0
0.65625 0 0
0.640625 0.015625 0
0.65625 0.015625 0
0.625 0.015625 0
0.640625 0.015625 0
0.625 0.03125 0
0.640625 0.03125 0
0.640625 0.015625 0
0.65625 0.015625 0
0.640625 0.03125 0
0.65625 0.03125 0
0.65625 0 0
0.671875 0 0
0.65625 0.015625 0
0.671875 0.015625 0
0.671875 0 0
0.6875 0 0
0.671875 0.015625 0
0.6875 0.015625 0
0.65625 0.015625 0
0.671875 0.015625 0
0.65625 0.03125 0
0.671875 0.03125 0
0.671875 0.015625 0
0.6875 0.015625 0
0.671875 0.03125 0
0.6875 0.03125 0
0.625 0.03125 0
0.640625 0.03125 0
0.625 0.046875 0
0.640625 0.046875 0
0.640625 0.03125 0
0.65625 0.03125 0
0.640625 0.046875 0
0.65625 0.046875 0
0.625 0.046875 0
0.640625 0.046875 0
0.625 0.0625 0
0.640625 0.0625 0
0.640625 0.046875 0
0.65625 0.046875 0
0.640625 0.0625 0
0.65625 0.0625 0
0.65625 0.03125 0
0.671875 0.03125 0
0.65625 0.046875 0
0.671875 0.046875 0
0.671875 0.03125 0
0.6875 0.03125 0
0.671875 0.046875 0
0.6875 0.046875 0
0.65625 0.046875 0
0.671875 0.046875 0
0.65625 0.0625 0
0.671875 0.0625 0
0.671875 0.046875 0
0.6875 0.046875 0
0.671875 0.0625 0
0.6875 0.0625 0
0.6875 0 0
0.703125 0 0
0.6875 0.015625 0
0.703125 0.015625 0
0.703125 0 0
0.71875 0 0
0.703125 0.015625 0
0.71875 0.015625 0
0.6875 0.015625 0
0.703125 0.015625 0
0.6875 0.03125 0
0.703125 0.03125 0
0.703125 0.015625 0
0.71875 0.015625 0
0.703125 0.03125 0
0.71875 0.03125 0
0.71875 0 0
0.734375 0 0
0.71875 0.015625 0
0.734375 0.015625 0
0.734375 0 0
0.75 0 0
0.734375 0.015625 0
0.75 0.015625 0
0.71875 0.015625 0
0.734375 0.015625 0
0.71875 0.03125 0
0.734375 0.03125 0
0.734375 0.015625 0
0.75 0.015625 0
0.734375 0.03125 0
0.75 0.03125 0
0.6875 0.03125 0
0.703125 0.03125 0
0.6875 0.046875 0
0.703125 0.046875 0
0.703125 0.03125 0
0.71875 0.03125 0
0.703125 0.046875 0
0.71875 0.046875 0
0.6875 0.046875 0
0.703125 0.046875 0
0.6875 0.0625 0
0.703125 0.0625 0
0.703125 0.046875 0
0.71875 0.046875 0
0.703125 0.0625 0
0.71875 0.0625 0
0.71875 0.03125 0
0.734375 0.03125 0
0.71875 0.046875 0
0.734375 0.046875 0
0.734375 0.03125 0
0.75 0.03125 0
0.734375 0.046875 0
0.75 0.046875 0
0.71875 0.046875 0
0.734375 0.046875 0
0.71875 0.0625 0
0.734375 0.0625 0
0.734375 0.046875 0
0.75 0.046875 0
0.734375 0.0625 0
0.75 0.0625 0
0.625 0.0625 0
0.640625 0.0625 0
0.625 0.078125 0
0.640625 0.078125 0
0.640625 0.0625 0
0.65625 0.0625 0
0.640625 0.078125 0
0.65625 0.078125 0
0.625 0.078125 0
0.640625 0.078125 0
0.625 0.09375 0
0.640625 0.09375 0
0.640625 0.078125 0
0.65625 0.078125 0
0.640625 0.09375 0
0.65625 0.09375 0
0.65625 0.0625 0
0.671875 0.0625 0
0.65625 0.078125 0
0.671875 0.078125 0
0.671875 0.0625 0
0.6875 0.0625 0
0.671875 0.078125 0
0.6875 0.078125 0
0.65625 0.078125 0
0.671875 0.078125 0
0.65625 0.09375 0
0.671875 0.09375 0
0.671875 0.078125 0
0.6875 0.078125 0
0.671875 0.09375 0
0.6875 0.09375 0
0.625 0.09375 0
0.640625 0.09375 0
0.625 0.109375 0
0.640625 0.109375 0
0.640625 0.09375 0
0.65625 0.09375 0
0.640625 0.109375 0
0.65625 0.109375 0
0.625 0.109375 0
0.640625 0.109375 0
0.625 0.125 0
0.640625 0.125 0
0.640625 0.109375 0
0.65625 0.109375 0
0.640625 0.125 0
0.65625 0.125 0
0.65625 0.09375 0
0.671875 0.09375 0
0.65625 0.109375 0
0.671875 0.109375 0
0.671875 0.09375 0
0.6875 0.09375 0
0.671875 0.109375 0
0.6875 0.109375 0
0.65625 0.109375 0
0.671875 0.109375 0
0.65625 0.125 0
0.671875 0.125 0
0.671875 0.109375 0
0.6875 0.109375 0
0.671875 0.125 0
0.6875 0.125 0
0.6875 0.0625 0
0.703125 0.0625 0
0.6875 0.078125 0
0.703125 0.078125 0
0.703125 0.0625 0
0.71875 0.0625 0
0.703125 0.078125 0
0.71875 0.078125 0
0.6875 0.078125 0
0.703125 0.078125 0
0.6875 0.09375 0
0.703125 0.09375 0
0.703125 0.078125 0
0.71875 0.078125 0
0.703125 0.09375 0
0.71875 0.09375 0
0.71875 0.0625 0
0.734375 0.0625 0
0.71875 0.078125 0
0.734375 0.078125 0
0.734375 0.0625 0
0.75 0.0625 0
0.734375 0.078125 0
0.75 0.078125 0
0.71875 0.078125 0
0.734375 0.078125 0
0.71875 0.09375 0
0.734375 0.09375 0
0.734375 0.078125 0
0.75 0.078125 0
0.734375 0.09375 0
0.75 0.09375 0
0.6875 0.09375 0
0.703125 0.09375 0
0.6875 0.109375 0
0.703125 0.109375 0
0.703125 0.09375 0
0.71875 0.09375 0
0.703125 0.109375 0
0.71875 0.109375 0
0.6875 0.109375 0
0.703125 0.109375 0
0.6875 0.125 0
0.703125 0.125 0
0.703125 0.109375 0
0.71875 0.109375 0
0.703125 0.125 0
0.71875 0.125 0
0.71875 0.09375 0
0.734375 0.09375 0
0.71875 0.109375 0
0.734375 0.109375 0
0.734375 0.09375 0
0.75 0.09375 0
0.734375 0.109375 0
0.75 0.109375 0
0.71875 0.109375 0
0.734375 0.109375 0
0.71875 0.125 0
0.734375 0.125 0
0.734375 0.109375 0
0.75 0.109375 0
0.734375 0.125 0
0.75 0.125 0
0.5 0.125 0
0.515625 0.125 0
0.5 0.140625 0
0.515625 0.140625 0
0.515625 0.125 0
0.53125 0.125 0
0.515625 0.140625 0
0.53125 0.140625 0
0.5 0.140625 0
0.515625 0.140625 0
0.5 0.15625 0
0.515625 0.15625 0
0.515625 0.140625 0
0.53125 0.140625 0
0.515625 0.15625 0
0.53125 0.15625 0
0.53125 0.125 0
0.546875 0.125 0
0.53125 0.140625 0
0.546875 0.140625 0
0.546875 0.125 0
0.5625 0.125 0
0.546875 0.140625 0
0.5625 0.140625 0
0.53125 0.140625 0
0.546875 0.140625 0
0.53125 0.15625 0
0.546875 0.15625 0
0.546875 0.140625 0
0.5625 0.140625 0
0.546875 0.15625 0
0.5625 0.15625 0
0.5 0.15625 0
0.515625 0.15625 0
0.5 0.171875 0
0.515625 0.171875 0
0.515625 0.15625 0
0.53125 0.15625 0
0.515625 0.171875 0
0.53125 0.171875 0
0.5 0.171875 0
0.515625 0.171875 0
0.5 0.1875 0
0.515625 0.1875 0
0.515625 0.171875 0
0.53125 0.171875 0
0.515625 0.1875 0
0.53125 0.1875 0
0.53125 0.15625 0
0.546875 0.15625 0
0.53125 0.171875 0
0.546875 0.171875 0
0.546875 0.15625 0
0.5625 0.15625 0
0.546875 0.171875 0
0.5625 0.171875 0
0.53125 0.171875 0
0.546875 0.171875 0
0.53125 0.1875 0
0.546875 0.1875 0
0.546875 0.171875 0
0.5625 0.171875 0
0.546875 0.1875 0
0.5625 0.1875 0
0.5625 0.125 0
0.578125 0.125 0
0.5625 0.140625 0
0.578125 0.140625 0
0.578125 0.125 0
0.59375 0.125 0
0.578125 0.140625 0
0.59375 0.140625 0
0.5625 0.140625 0
0.578125 0.140625 0
0.5625 0.15625 0
0.578125 0.15625 0
0.578125 0.140625 0
0.59375 0.140625 0
0.578125 0.15625 0
0.59375 0.15625 0
0.59375 0.125 0
0.609375 0.125 0
0.59375 0.140625 0
0.609375 0.140625 0
0.609375 0.125 0
0.625 0.125 0
0.609375 0.140625 0
0.625 0.140625 0
0.59375 0.140625 0
0.609375 0.140625 0
0.59375 0.15625 0
0.609375 0.15625 0
0.609375 0.140625 0
0.625 0.140625 0
0.609375 0.15625 0
0.625 0.15625 0
0.5625 0.15625 0
0.578125 0.15625 0
0.5625 0.171875 0
0.578125 0.171875 0
0.578125 0.15625 0
0.59375 0.15625 0
0.578125 0.171875 0
0.59375 0.171875 0
0.5625 0.171875 0
0.578125 0.171875 0
0.5625 0.1875 0
0.578125 0.1875 0
0.578125 0.171875 0
0.59375 0.171875 0
0.578125 0.1875 0
0.59375 0.1875 0
0.59375 0.15625 0
0.609375 0.15625 0
0.59375 0.171875 0
0.609375 0.171875 0
0.609375 0.15625 0
0.625 0.15625 0
0.609375 0.171875 0
0.625 0.171875 0
0.59375 0.171875 0
0.609375 0.171875 0
0.59375 0.1875 0
0.609375 0.1875 0
0.609375 0.171875 0
0.625 0.171875 0
0.609375 0.1875 0
0.625 0.1875 0
0.5 0.1875 0
0.515625 0.1875 0
0.5 0.203125 0
0.515625 0.203125 0
0.515625 0.1875 0
0.53125 0.1875 0
0.515625 0.203125 0
0.53125 0.203125 0
0.5 0.203125 0
0.515625 0.203125 0
0.5 0.21875 0
0.515625 0.21875 0
0.515625 0.203125 0
0.53125 0.203125 0
0.515625 0.21875 0
0.53125 0.21875 0
0.53125 0.1875 0
0.546875 0.1875 0
0.53125 0.203125 0
0.546875 0.203125 0
0.546875 0.1875 0
0.5625 0.1875 0
0.546875 0.203125 0
0.5625 0.203125 0
0.53125 0.203125 0
0.546875 0.203125 0
0.53125 0.21875 0
0.546875 0.21875 0
0.546875 0.203125 0
0.5625 0.203125 0
0.546875 0.21875 0
0.5625 0.21875 0
0.5 0.21875 0
0.515625 0.21875 0
0.5 0.234375 0
0.515625 0.234375 0
0.515625 0.21875 0
0.53125 0.21875 0
0.515625 0.234375 0
0.53125 0.234375 0
0.5 0.234375 0
0.515625 0.234375 0
0.5 0.25 0
0.515625 0.25 0
0.515625 0.234375 0
0.53125 0.234375 0
0.515625 0.25 0
0.53125 0.25 0
0.53125 0.21875 0
0.546875 0.21875 0
0.53125 0.234375 0
0.546875 0.234375 0
0.546875 0.21875 0
0.5625 0.21875 0
0.546875 0.234375 0
0.5625 0.234375 0
0.53125 0.234375 0
0.546875 0.234375 0
0.53125 0.25 0
0.546875 0.25 0
0.546875 0.234375 0
0.5625 0.234375 0
0.546875 0.25 0
0.5625 0.25 0
0.5625 0.1875 0
0.578125 0.1875 0
0.5625 0.203125 0
0.578125 0.203125 0
0.578125 0.1875 0
0.59375 0.1875 0
0.578125 0.203125 0
0.59375 0.203125 0
0.5625 0.203125 0
0.578125 0.203125 0
0.5625 0.21875 0
0.578125 0.21875 0
0.578125 0.203125 0
0.59375 0.203125 0
0.578125 0.21875 0
0.59375 0.21875 0
0.59375 0.1875 0
0.609375 0.1875 0
0.59375 0.203125 0
0.609375 0.203125 0
0.609375 0.1875 0
0.625 0.1875 0
0.609375 0.203125 0
0.625 0.203125 0
0.59375 0.203125 0
0.609375 0.203125 0
0.59375 0.21875 0
0.609375 0.21875 0
0.609375 0.203125 0
0.625 0.203125 0
0.609375 0.21875 0
0.625 0.21875 0
0.5625 0.21875 0
0.578125 0.21875 0
0.5625 0.234375 0
0.578125 0.234375 0
0.578125 0.21875 0
0.59375 0.21875 0
0.578125 0.234375 0
0.59375 0.234375 0
0.5625 0.234375 0
0.578125 0.234375 0
0.5625 0.25 0
0.578125 0.25 0
0.578125 0.234375 0
0.59375 0.234375 0
0.578125 0.25 0
0.59375 0.25 0
0.59375 0.21875 0
0.609375 0.21875 0
0.59375 0.234375 0
0.609375 0.234375 0
0.609375 0.21875 0
0.625 0.21875 0
0.609375 0.234375 0
0.625 0.234375 0
0.59375 0.234375 0
0.609375 0.234375 0
0.59375 0.25 0
0.609375 0.25 0
0.609375 0.234375 0
0.625 0.234375 0
0.609375 0.25 0
0.625 0.25 0
0.625 0.125 0
0.640625 0.125 0
0.625 0.140625 0
0.640625 0.140625 0
0.640625 0.125 0
0.65625 0.125 0
0.640625 0.140625 0
0.65625 0.140625 0
0.625 0.140625 0
0.640625 0.140625 0
0.625 0.15625 0
0.640625 0.15625 0
0.640625 0.140625 0
0.65625 0.140625 0
0.640625 0.15625 0
0.65625 0.15625 0
0.65625 0.125 0
0.671875 0.125 0
0.65625 0.140625 0
0.671875 0.140625 0
0.671875 0.125 0
0.6875 0.125 0
0.671875 0.140625 0
0.6875 0.140625 0
0.65625 0.140625 0
0.671875 0.140625 0
0.65625 0.15625 0
0.671875 0.15625 0
0.671875 0.140625 0
0.6875 0.140625 0
0.671875 0.15625 0
0.6875 0.15625 0
0.625 0.15625 0
0.640625 0.15625 0
0.625 0.171875 0
0.640625 0.171875 0
0.640625 0.15625 0
0.65625 0.15625 0
0.640625 0.171875 0
0.65625 0.171875 0
0.625 0.171875 0
0.640625 0.171875 0
0.625 0.1875 0
0.640625 0.1875 0
0.640625 0.171875 0
0.65625 0.171875 0
0.640625 0.1875 0
0.65625 0.1875 0
0.65625 0.15625 0
0.671875 0.15625 0
0.65625 0.171875 0
0.671875 0.171875 0
0.671875 0.15625 0
0.6875 0.15625 0
0.671875 0.171875 0
0.6875 0.171875 0
0.65625 0.171875 0
0.671875 0.171875 0
0.65625 0.1875 0
0.671875 0.1875 0
0.671875 0.171875 0
0.6875 0.171875 0
0.671875 0.1875 0
0.6875 0.1875 0
0.6875 0.125 0
0.703125 0.125 0
0.6875 0.140625 0
0.703125 0.140625 0
0.703125 0.125 0
0.71875 0.125 0
0.703125 0.140625 0
0.71875 0.140625 0
0.6875 0.140625 0
0.703125 0.140625 0
0.6875 0.15625 0
0.703125 0.15625 0
0.703125 0.140625 0
0.71875 0.140625 0
0.703125 0.15625 0
0.71875 0.15625 0
0.71875 0.125 0
0.734375 0.125 0
0.71875 0.140625 0
0.734375 0.140625 0
0.734375 0.125 0
0.75 0.125 0
0.734375 0.140625 0
0.75 0.140625 0
0.71875 0.140625 0
0.734375 0.140625 0
0.71875 0.15625 0
0.734375 0.15625 0
0.734375 0.140625 0
0.75 0.140625 0
0.734375 0.15625 0
0.75 0.15625 0
0.6875 0.15625 0
0.703125 0.15625 0
0.6875 0.171875 0
0.703125 0.171875 0
0.703125 0.15625 0
0.71875 0.15625 0
0.703125 0.171875 0
0.71875 0.171875 0
0.6875 0.171875 0
0.703125 0.171875 0
0.6875 0.1875 0
0.703125 0.1875 0
0.703125 0.171875 0
0.71875 0.171875 0
0.703125 0.1875 0
0.71875 0.1875 0
0.71875 0.15625 0
0.734375 0.15625 0
0.71875 0.171875 0
0.734375 0.171875 0
0.734375 0.15625 0
0.75 0.15625 0
0.734375 0.171875 0
0.75 0.171875 0
0.71875 0.171875 0
0.734375 0.171875 0
0.71875 0.1875 0
0.734375 0.1875 0
0.734375 0.171875 0
0.75 0.171875 0
0.734375 0.1875 0
0.75 0.1875 0
0.625 0.1875 0
0.640625 0.1875 0
0.625 0.203125 0
0.640625 0.203125 0
0.640625 0.1875 0
0.65625 0.1875 0
0.640625 0.203125 0
0.65625 0.203125 0
0.625 0.203125 0
0.640625 0.203125 0
0.625 0.21875 0
0.640625 0.21875 0
0.640625 0.203125 0
0.65625 0.203125 0
0.640625 0.21875 0
0.65625 0.21875 0
0.65625 0.1875 0
0.671875 0.1875 0
0.65625 0.203125 0
0.671875 0.203125 0
0.671875 0.1875 0
0.6875 0.1875 0
0.671875 0.203125 0
0.6875 0.203125 0
0.65625 0.203125 0
0.671875 0.203125 0
0.65625 0.21875 0
0.671875 0.21875 0
0.671875 0.203125 0
0.6875 0.203125 0
0.671875 0.21875 0
0.6875 0.21875 0
0.625 0.21875 0
0.640625 0.21875 0
0.625 0.234375 0
0.640625 0.234375 0
0.640625 0.21875 0
0.65625 0.21875 0
0.640625 0.234375 0
0.65625 0.234375 0
0.625 0.234375 0
0.640625 0.234375 0
0.625 0.25 0
0.640625 0.25 0
0.640625 0.234375 0
0.65625 0.234375 0
0.640625 0.25 0
0.65625 0.25 0
0.65625 0.21875 0
0.671875 0.21875 0
0.65625 0.234375 0
0.671875 0.234375 0
0.671875 0.21875 0
0.6875 0.21875 0
0.671875 0.234375 0
0.6875 0.234375 0
0.65625 0.234375 0
0.671875 0.234375 0
0.65625 0.25 0
0.671875 0.25 0
0.671875 0.234375 0
0.6875 0.234375 0
0.671875 0.25 0
0.6875 0.25 0
0.6875 0.1875 0
0.703125 0.1875 0
0.6875 0.203125 0
0.703125 0.203125 0
0.703125 0.1875 0
0.71875 0.1875 0
0.703125 0.203125 0
0.71875 0.203125 0
0.6875 0.203125 0
0.703125 0.203125 0
0.6875 0.21875 0
0.703125 0.21875 0
0.703125 0.203125 0
0.71875 0.203125 0
0.703125 0.21875 0
0.71875 0.21875 0
0.71875 0.1875 0
0.734375 0.1875 0
0.71875 0.203125 0
0.734375 0.203125 0
0.734375 0.1875 0
0.75 0.1875 0
0.734375 0.203125 0
0.75 0.203125 0
0.71875 0.203125 0
0.734375 0.203125 0
0.71875 0.21875 0
0.734375 0.21875 0
0.734375 0.203125 0
0.75 0.203125 0
0.734375 0.21875 0
0.75 0.21875 0
0.6875 0.21875 0
0.703125 0.21875 0
0.6875 0.234375 0
0.703125 0.234375 0
0.703125 0.21875 0
0.71875 0.21875 0
0.703125 0.234375 0
0.71875 0.234375 0
0.6875 0.234375 0
0.703125 0.234375 0
0.6875 0.25 0
0.703125 0.25 0
0.703125 0.234375 0
0.71875 0.234375 0
0.703125 0.25 0
0.71875 0.25 0
0.71875 0.21875 0
0.734375 0.21875 0
0.71875 0.234375 0
0.734375 0.234375 0
0.734375 0.21875 0
0.75 0.21875 0
0.734375 0.234375 0
0.75 0.234375 0
0.71875 0.234375 0
0.734375 0.234375 0
0.71875 0.25 0
0.734375 0.25 0
0.734375 0.234375 0
0.75 0.234375 0
0.734375 0.25 0
0.75 0.25 0
0.75 0 0
0.765625 0 0
0.75 0.015625 0
0.765625 0.015625 0
0.765625 0 0
0.78125 0 0
0.765625 0.015625 0
0.78125 0.015625 0
0.75 0.015625 0
0.765625 0.015625 0
0.75 0.03125 0
0.765625 0.03125 0
0.765625 0.015625 0
0.78125 0.015625 0
0.765625 0.03125 0
0.78125 0.03125 0
0.78125 0 0
0.796875 0 0
0.78125 0.015625 0
0.796875 0.015625 0
0.796875 0 0
0.8125 0 0
0.796875 0.015625 0
0.8125 0.015625 0
0.78125 0.015625 0
0.796875 0.015625 0
0.78125 0.03125 0
0.796875 0.03125 0
0.796875 0.015625 0
0.8125 0.015625 0
0.796875 0.03125 0
0.8125 0.03125 0
0.75 0.03125 0
0.765625 0.03125 0
0.75 0.046875 0
0.765625 0.046875 0
0.765625 0.03125 0
0.78125 0.03125 0
0.765625 0.046875 0
0.78125 0.046875 0
0.75 0.046875 0
0.765625 0.046875 0
0.75 0.0625 0
0.765625 0.0625 0
0.765625 0.046875 0
0.78125 0.046875 0
0.765625 0.0625 0
0.78125 0.0625 0
0.78125 0.03125 0
0.796875 0.03125 0
0.78125 0.046875 0
0.796875 0.046875 0
0.796875 0.03125 0
0.8125 0.03125 0
0.796875 0.046875 0
0.8125 0.046875 0
0.78125 0.046875 0
0.796875 0.046875 0
0.78125 0.0625 0
0.796875 0.0625 0
0.796875 0.046875 0
0.8125 0.046875 0
0.796875 0.0625 0
0.8125 0.0625 0
0.8125 0 0
0.828125 0 0
0.8125 0.015625 0
0.828125 0.015625 0
0.828125 0 0
0.84375 0 0
0.828125 0.015625 0
0.84375 0.015625 0
0.8125 0.015625 0
0.828125 0.015625 0
0.8125 0.03125 0
0.828125 0.03125 0
0.828125 0.015625 0
0.84375 0.015625 0
0.828125 0.03125 0
0.84375 0.03125 0
0.84375 0 0
0.859375 0 0
0.84375 0.015625 0
0.859375 0.015625 0
0.859375 0 0
0.875 0 0
0.859375 0.015625 0
0.875 0.015625 0
0.84375 0.015625 0
0.859375 0.015625 0
0.84375 0.03125 0
0.859375 0.03125 0
0.859375 0.015625 0
0.875 0.015625 0
0.859375 0.03125 0
0.875 0.03125 0
0.8125 0.03125 0
0.828125 0.03125 0
0.8125 0.046875 0
0.828125 0.046875 0
0.828125 0.03125 0
0.84375 0.03125 0
0.828125 0.046875 0
0.84375 0.046875 0
0.8125 0.046875 0
0.828125 0.046875 0
0.8125 0.0625 0
0.828125 0.0625 0
0.828125 0.046875 0
0.84375 0.046875 0
0.828125 0.0625 0
0.84375 0.0625 0
0.84375 0.03125 0
0.859375 0.03125 0
0.84375 0.046875 0
0.859375 0.046875 0
0.859375 0.03125 0
0.875 0.03125 0
0.859375 0.046875 0
0.875 0.046875 0
0.84375 0.046875 0
0.859375 0.046875 0
0.84375 0.0625 0
0.859375 0.0625 0
0.859375 0.046875 0
0.875 0.046875 0
0.859375 0.0625 0
0.875 0.0625 0
0.75 0.0625 0
0.765625 0.0625 0
0.75 0.078125 0
0.765625 0.078125 0
0.765625 0.0625 0
0.78125 0.0625 0
0.765625 0.078125 0
0.78125 0.078125 0
0.75 0.078125 0
0.765625 0.078125 0
0.75 0.09375 0
0.765625 0.09375 0
0.765625 0.078125 0
0.78125 0.078125 0
0.765625 0.09375 0
0.78125 0.09375 0
0.78125 0.0625 0
0.796875 0.0625 0
0.78125 0.078125 0
0.796875 0.078125 0
0.796875 0.0625 0
0.8125 0.0625 0
0.796875 0.078125 0
0.8125 0.078125 0
0.78125 0.078125 0
0.796875 0.078125 0
0.78125 0.09375 0
0.796875 0.09375 0
0.796875 0.078125 0
0.8125 0.078125 0
0.796875 0.09375 0
0.8125 0.09375 0
0.75 0.09375 0
0.765625 0.09375 0
0.75 0.109375 0
0.765625 0.109375 0
0.765625 0.09375 0
0.78125 0.09375 0
0.765625 0.109375 0
0.78125 0.109375 0
0.75 0.109375 0
0.765625 0.109375 0
0.75 0.125 0
0.765625 0.125 0
0.765625 0.109375 0
0.78125 0.109375 0
0.765625 0.125 0
0.78125 0.125 0
0.78125 0.09375 0
0.796875 0.09375 0
0.78125 0.109375 0
0.796875 0.109375 0
0.796875 0.09375 0
0.8125 0.09375 0
0.796875 0.109375 0
0.8125 0.109375 0
0.78125 0.109375 0
0.796875 0.109375 0
0.78125 0.125 0
0.796875 0.125 0
0.796875 0.109375 0
0.8125 0.109375 0
0.796875 0.125 0
0.8125 0.125 0
0.8125 0.0625 0
0.828125 0.0625 0
0.8125 0.078125 0
0.828125 0.078125 0
0.828125 0.0625 0
0.84375 0.0625 0
0.828125 0.078125 0
0.84375 0.078125 0
0.8125 0.078125 0
0.828125 0.078125 0
0.8125 0.09375 0
0.828125 0.09375 0
0.828125 0.078125 0
0.84375 0.078125 0
0.828125 0.09375 0
0.84375 0.09375 0
0.84375 0.0625 0
0.859375 0.0625 0
0.84375 0.078125 0
0.859375 0.078125 0
0.859375 0.0625 0
0.875 0.0625 0
0.859375 0.078125 0
0.875 0.078125 0
0.84375 0.078125 0
0.859375 0.078125 0
0.84375 0.09375 0
0.859375 0.09375 0
0.859375 0.078125 0
0.875 0.078125 0
0.859375 0.09375 0
0.875 0.09375 0
0.8125 0.09375 0
0.828125 0.09375 0
0.8125 0.109375 0
0.828125 0.109375 0
0.828125 0.09375 0
0.84375 0.09375 0
0.828125 0.109375 0
0.84375 0.109375 0
0.8125 0.109375 0
0.828125 0.109375 0
0.8125 0.125 0
0.828125 0.125 0
0.828125 0.109375 0
0.84375 0.109375 0
0.828125 0.125 0
0.84375 0.125 0
0.84375 0.09375 0
0.859375 0.09375 0
0.84375 0.109375 0
0.859375 0.109375 0
0.859375 0.09375 0
0.875 0.09375 0
0.859375 0.109375 0
0.875 0.109375 0
0.84375 0.109375 0
0.859375 0.109375 0
0.84375 0.125 0
0.859375 0.125 0
0.859375 0.109375 0
0.875 0.109375 0
0.859375 0.125 0
0.875 0.125 0
0.875 0 0
0.890625 0 0
0.875 0.015625 0
0.890625 0.015625 0
0.890625 0 0
0.90625 0 0
0.890625 0.015625 0
0.90625 0.015625 0
0.875 0.015625 0
0.890625 0.015625 0
0.875 0.03125 0
0.890625 0.03125 0
0.890625 0.015625 0
0.90625 0.015625 0
0.890625 0.03125 0
0.90625 0.03125 0
0.90625 0 0
0.921875 0 0
0.90625 0.015625 0
0.921875 0.015625 0
0.921875 0 0
0.9375 0 0
0.921875 0.015625 0
0.9375 0.015625 0
0.90625 0.015625 0
0.921875 0.015625 0
0.90625 0.03125 0
0.921875 0.03125 0
0.921875 0.015625 0
0.9375 0.015625 0
0.921875 0.03125 0
0.9375 0.03125 0
0.875 0.03125 0
0.890625 0.03125 0
0.875 0.046875 0
0.890625 0.046875 0
0.890625 0.03125 0
0.90625 0.03125 0
0.890625 0.046875 0
0.90625 0.046875 0
0.875 0.046875 0
0.890625 0.046875 0
0.875 0.0625 0
0.890625 0.0625 0
0.890625 0.046875 0
0.90625 0.046875 0
0.890625 0.0625 0
0.90625 0.0625 0
0.90625 0.03125 0
0.921875 0.03125 0
0.90625 0.046875 0
0.921875 0.046875 0
0.921875 0.03125 0
0.9375 0.03125 0
0.921875 0.046875 0
0.9375 0.046875 0
0.90625 0.046875 0
0.921875 0.046875 0
0.90625 0.0625 0
0.921875 0.0625 0
0.921875 0.046875 0
0.9375 0.046875 0
0.921875 0.0625 0
0.9375 0.0625 0
0.9375 0 0
0.953125 0 0
0.9375 0.015625 0
0.953125 0.015625 0
0.953125 0 0
0.96875 0 0
0.953125 0.015625 0
0.96875 0.015625 0
0.9375 0.015625 0
0.953125 0.015625 0
0.9375 0.03125 0
0.953125 0.03125 0
0.953125 0.015625 0
0.96875 0.015625 0
0.953125 0.03125 0
0.96875 0.03125 0
0.96875 0 0
0.984375 0 0
0.96875 0.015625 0
0.984375 0.015625 0
0.984375 0 0
1 0 0
0.984375 0.015625 0
1 0.015625 0
0.96875 0.015625 0
0.984375 0.015625 0
0.96875 0.03125 0
0.984375 0.03125 0
0.984375 0.015625 0
1 0.015625 0
0.984375 0.03125 0
1 0.03125 0
0.9375 0.03125 0
0.953125 0.03125 0
0.9375 0.046875 0
0.953125 0.046875 0
0.953125 0.03125 0
0.96875 0.03125 0
0.953125 0.046875 0
0.96875 0.046875 0
0.9375 0.046875 0
0.953125 0.046875 0
0.9375 0.0625 0
0.953125 0.0625 0
0.953125 0.046875 0
0.96875 0.046875 0
0.953125 0.0625 0
0.96875 0.0625 0
0.96875 0.03125 0
0.984375 0.03125 0
0.96875 0.046875 0
0.984375 0.046875 0
0.984375 0.03125 0
1 0.03125 0
0.984375 0.046875 0
1 0.046875 0
0.96875 0.046875 0
0.984375 0.046875 0
0.96875 0.0625 0
0.984375 0.0625 0
0.984375 0.046875 0
1 0.046875 0
0.984375 0.0625 0
1 0.0625 0
0.875 0.0625 0
0.890625 0.0625 0
0.875 0.078125 0
0.890625 0.078125 0
0.890625 0.0625 0
0.90625 0.0625 0
0.890625 0.078125 0
0.90625 0.078125 0
0.875 0.078125 0
0.890625 0.078125 0
0.875 0.09375 0
0.890625 0.09375 0
0.890625 0.078125 0
0.90625 0.078125 0
0.890625 0.09375 0
0.90625 0.09375 0
0.90625 0.0625 0
0.921875 0.0625 0
0.90625 0.078125 0
0.921875 0.078125 0
0.921875 0.0625 0
0.9375 0.0625 0
0.921875 0.078125 0
0.9375 0.078125 0
0.90625 0.078125 0
0.921875 0.078125 0
0.90625 0.09375 0
0.921875 0.09375 0
0.921875 0.078125 0
0.9375 0.078125 0
0.921875 0.09375 0
0.9375 0.09375 0
0.875 0.09375 0
0.890625 0.09375 0
0.875 0.109375 0
0.890625 0.109375 0
0.890625 0.09375 0
0.90625 0.09375 0
0.890625 0.109375 0
0.90625 0.109375 0
0.875 0.109375 0
0.890625 0.109375 0
0.875 0.125 0
0.890625 0.125 0
0.890625 0.109375 0
0.90625 0.109375 0
0.890625 0.125 0
0.90625 0.125 0
0.90625 0.09375 0
0.921875 0.09375 0
0.90625 0.109375 0
0.921875 0.109375 0
0.921875 0.09375 0
0.9375 0.09375 0
0.921875 0.109375 0
0.9375 0.109375 0
0.90625 0.109375 0
0.921875 0.109375 0
0.90625 0.125 0
0.921875 0.125 0
0.921875 0.109375 0
0.9375 0.109375 0
0.921875 0.125 0
0.9375 0.125 0
0.9375 0.0625 0
0.953125 0.0625 0
0.9375 0.078125 0
0.953125 0.078125 0
0.953125 0.0625 0
0.96875 0.0625 0
0.953125 0.078125 0
0.96875 0.078125 0
0.9375 0.078125 0
0.953125 0.078125 0
0.9375 0.09375 0
0.953125 0.09375 0
0.953125 0.078125 0
0.96875 0.078125 0
0.953125 0.09375 0
0.96875 0.09375 0
0.96875 0.0625 0
0.984375 0.0625 0
0.96875 0.078125 0
0.984375 0.078125 0
0.984375 0.0625 0
1 0.0625 0
0.984375 0.078125 0
1 0.078125 0
0.96875 0.078125 0
0.984375 0.078125 0
0.96875 0.09375 0
0.984375 0.09375 0
0.984375 0.078125 0
1 0.078125 0
0.984375 0.09375 0
1 0.09375 0
0.9375 0.09375 0
0.953125 0.09375 0
0.9375 0.109375 0
0.953125 0.109375 0
0.953125 0.09375 0
0.96875 0.09375 0
0.953125 0.109375 0
0.96875 0.109375 0
0.9375 0.109375 0
0.953125 0.109375 0
0.9375 0.125 0
0.953125 0.125 0
0.953125 0.109375 0
0.96875 0.109375 0
0.953125 0.125 0
0.96875 0.125 0
0.96875 0.09375 0
0.984375 0.09375 0
0.96875 0.109375 0
0.984375 0.109375 0
0.984375 0.09375 0
1 0.09375 0
0.984375 0.109375 0
1 0.109375 0
0.96875 0.109375 0
0.984375 0.109375 0
0.96875 0.125 0
0.984375 0.125 0
0.984375 0.109375 0
1 0.109375 0
0.984375 0.125 0
1 0.125 0
0.75 0.125 0
0.765625 0.125 0
0.75 0.140625 0
0.765625 0.140625 0
0.765625 0.125 0
0.78125 0.125 0
0.765625 0.140625 0
0.78125 0.140625 0
0.75 0.140625 0
0.765625 0.140625 0
0.75 0.15625 0
0.765625 0.15625 0
0.765625 0.140625 0
0.78125 0.140625 0
0.765625 0.15625 0
0.78125 0.15625 0
0.78125 0.125 0
0.796875 0.125 0
0.78125 0.140625 0
0.796875 0.140625 0
0.796875 0.125 0
0.8125 0.125 0
0.796875 0.140625 0
0.8125 0.140625 0
0.78125 0.140625 0
0.796875 0.140625 0
0.78125 0.15625 0
0.796875 0.15625 0
0.796875 0.140625 0
0.8125 0.140625 0
0.796875 0.15625 0
0.8125 0.15625 0
0.75 0.15625 0
0.765625 0.15625 0
0.75 0.171875 0
0.765625 0.171875 0
0.765625 0.15625 0
0.78125 0.15625 0
0.765625 0.171875 0
0.78125 0.171875 0
0.75 0.171875 0
0.765625 0.171875 0
0.75 0.1875 0
0.765625 0.1875 0
0.765625 0.171875 0
0.78125 0.171875 0
0.765625 0.1875 0
0.78125 0.1875 0
0.78125 0.15625 0
0.796875 0.15625 0
0.78125 0.171875 0
0.796875 0.171875 0
0.796875 0.15625 0
0.8125 0.15625 0
0.796875 0.171875 0
0.8125 0.171875 0
0.78125 0.171875 0
0.796875 0.171875 0
0.78125 0.1875 0
0.796875 0.1875 0
0.796875 0.171875 0
0.8125 0.171875 0
0.796875 0.1875 0
0.8125 0.1875 0
0.8125 0.125 0
0.828125 0.125 0
0.8125 0.140625 0
0.828125 0.140625 0
0.828125 0.125 0
0.84375 0.125 0
0.828125 0.140625 0
0.84375 0.140625 0
0.8125 0.140625 0
0.828125 0.140625 0
0.8125 0.15625 0
0.828125 0.15625 0
0.828125 0.140625 0
0.84375 0.140625 0
0.828125 0.15625 0
0.84375 0.15625 0
0.84375 0.125 0
0.859375 0.125 0
0.84375 0.140625 0
0.859375 0.140625 0
0.859375 0.125 0
0.875 0.125 0
0.859375 0.140625 0
0.875 0.140625 0
0.84375 0.140625 0
0.859375 0.140625 0
0.84375 0.15625 0
0.859375 0.15625 0
0.859375 0.140625 0
0.875 0.140625 0
0.859375 0.15625 0
0.875 0.15625 0
0.8125 0.15625 0
0.828125 0.15625 0
0.8125 0.171875 0
0.828125 0.171875 0
0.828125 0.15625 0
0.84375 0.15625 0
0.828125 0.171875 0
0.84375 0.171875 0
0.8125 0.171875 0
0.828125 0.171875 0
0.8125 0.1875 0
0.828125 0.1875 0
0.828125 0.171875 0
0.84375 0.171875 0
0.828125 0.1875 0
0.84375 0.1875 0
0.84375 0.15625 0
0.859375 0.15625 0
0.84375 0.171875 0
0.859375 0.171875 0
0.859375 0.15625 0
0.875 0.15625 0
0.859375 0.171875 0
0.875 0.171875 0
0.84375 0.171875 0
0.859375 0.171875 0
0.84375 0.1875 0
0.859375 0.1875 0
0.859375 0.171875 0
0.875 0.171875 0
0.859375 0.1875 0
0.875 0.1875 0
0.75 0.1875 0
0.765625 0.1875 0
0.75 0.203125 0
0.765625 0.203125 0
0.765625 0.1875 0
0.78125 0.1875 0
0.765625 0.203125 0
0.78125 0.203125 0
0.75 0.203125 0
0.765625 0.203125 0
0.75 0.21875 0
0.765625 0.21875 0
0.765625 0.203125 0
0.78125 0.203125 0
0.765625 0.21875 0
0.78125 0.21875 0
0.78125 0.1875 0
0.796875 0.1875 0
0.78125 0.203125 0
0.796875 0.203125 0
0.796875 0.1875 0
0.8125 0.1875 0
0.796875 0.203125 0
0.8125 0.203125 0
0.78125 0.203125 0
0.796875 0.203125 0
0.78125 0.21875 0
0.796875 0.21875 0
0.796875 0.203125 0
0.8125 0.203125 0
0.796875 0.21875 0
0.8125 0.21875 0
0.75 0.21875 0
0.765625 0.21875 0
0.75 0.234375 0
0.765625 0.234375 0
0.765625 0.21875 0
0.78125 0.21875 0
0.765625 0.234375 0
0.78125 0.234375 0
0.75 0.234375 0
0.765625 0.234375 0
0.75 0.25 0
0.765625 0.25 0
0.765625 0.234375 0
0.78125 0.234375 0
0.765625 0.25 0
0.78125 0.25 0
0.78125 0.21875 0
0.796875 0.21875 0
0.78125 0.234375 0
0.796875 0.234375 0
0.796875 0.21875 0
0.8125 0.21875 0
0.796875 0.234375 0
0.8125 0.234375 0
0.78125 0.234375 0
0.796875 0.234375 0
0.78125 0.25 0
0.796875 0.25 0
0.796875 0.234375 0
0.8125 0.234375 0
0.796875 0.25 0
0.8125 0.25 0
0.8125 0.1875 0
0.828125 0.1875 0
0.8125 0.203125 0
0.828125 0.203125 0
0.828125 0.1875 0
0.84375 0.1875 0
0.828125 0.203125 0
0.84375 0.203125 0
0.8125 0.203125 0
0.828125 0.203125 0
0.8125 0.21875 0
0.828125 0.21875 0
0.828125 0.203125 0
0.84375 0.203125 0
0.828125 0.21875 0
0.84375 0.21875 0
0.84375 0.1875 0
0.859375 0.1875 0
0.84375 0.203125 0
0.859375 0.203125 0
0.859375 0.1875 0
0.875 0.1875 0
0.859375 0.203125 0
0.875 0.203125 0
0.84375 0.203125 0
0.859375 0.203125 0
0.84375 0.21875 0
0.859375 0.21875 0
0.859375 0.203125 0
0.875 0.203125 0
0.859375 0.21875 0
0.875 0.21875 0
0.8125 0.21875 0
0.828125 0.21875 0
0.8125 0.234375 0
0.828125 0.234375 0
0.828125 0.21875 0
0.84375 0.21875 0
0.828125 0.234375 0
0.84375 0.234375 0
0.8125 0.234375 0
0.828125 0.234375 0
0.8125 0.25 0
0.828125 0.25 0
0.828125 0.234375 0
0.84375 0.234375 0
0.828125 0.25 0
0.84375 0.25 0
0.84375 0.21875 0
0.859375 0.21875 0
0.84375 0.234375 0
0.859375 0.234375 0
0.859375 0.21875 0
0.875 0.21875 0
0.859375 0.234375 0
0.875 0.234375 0
0.84375 0.234375 0
0.859375 0.234375 0
0.84375 0.25 0
0.859375 0.25 0
0.859375 0.234375 0
0.875 0.234375 0
0.859375 0.25 0
0.875 0.25 0
0.875 0.125 0
0.890625 0.125 0
0.875 0.140625 0
0.890625 0.140625 0
0.890625 0.125 0
0.90625 0.125 0
0.890625 0.140625 0
0.90625 0.140625 0
0.875 0.140625 0
0.890625 0.140625 0
0.875 0.15625 0
0.890625 0.15625 0
0.890625 0.140625 0
0.90625 0.140625 0
0.890625 0.15625 0
0.90625 0.15625 0
0.90625 0.125 0
0.921875 0.125 0
0.90625 0.140625 0
0.921875 0.140625 0
0.921875 0.125 0
0.9375 0.125 0
0.921875 0.140625 0
0.9375 0.140625 0
0.90625 0.140625 0
0.921875 0.140625 0
0.90625 0.15625 0
0.921875 0.15625 0
0.921875 0.140625 0
0.9375 0.140625 0
0.921875 0.15625 0
0.9375 0.15625 0
0.875 0.15625 0
0.890625 0.15625 0
0.875 0.171875 0
0.890625 0.171875 0
0.890625 0.15625 0
0.90625 0.15625 0
0.890625 0.171875 0
0.90625 0.171875 0
0.875 0.171875 0
0.890625 0.171875 0
0.875 0.1875 0
0.890625 0.1875 0
0.890625 0.171875 0
0.90625 0.171875 0
0.890625 0.1875 0
0.90625 0.1875 0
0.90625 0.15625 0
0.921875 0.15625 0
0.90625 0.171875 0
0.921875 0.171875 0
0.921875 0.15625 0
0.9375 0.15625 0
0.921875 0.171875 0
0.9375 0.171875 0
0.90625 0.171875 0
0.921875 0.171875 0
0.90625 0.1875 0
0.921875 0.1875 0
0.921875 0.171875 0
0.9375 0.171875 0
0.921875 0.1875 0
0.9375 0.1875 0
0.9375 0.125 0
0.953125 0.125 0
0.9375 0.140625 0
0.953125 0.140625 0
0.953125 0.125 0
0.96875 0.125 0
0.953125 0.140625 0
0.96875 0.140625 0
0.9375 0.140625 0
0.953125 0.140625 0
0.9375 0.15625 0
0.953125 0.15625 0
0.953125 0.140625 0
0.96875 0.140625 0
0.953125 0.15625 0
0.96875 0.15625 0
0.96875 0.125 0
0.984375 0.125 0
0.96875 0.140625 0
0.984375 0.140625 0
0.984375 0.125 0
1 0.125 0
0.984375 0.140625 0
1 0.140625 0
0.96875 0.140625 0
0.984375 0.140625 0
0.96875 0.15625 0
0.984375 0.15625 0
0.984375 0.140625 0
1 0.140625 0
0.984375 0.15625 0
1 0.15625 0
0.9375 0.15625 0
0.953125 0.15625 0
0.9375 0.171875 0
0.953125 0.171875 0
0.953125 0.15625 0
0.96875 0.15625 0
0.953125 0.171875 0
0.96875 0.171875 0
0.9375 0.171875 0
0.953125 0.171875 0
0.9375 0.1875 0
0.953125 0.1875 0
0.953125 0.171875 0
0.96875 0.171875 0
0.953125 0.1875 0
0.96875 0.1875 0
0.96875 0.15625 0
0.984375 0.15625 0
0.96875 0.171875 0
0.984375 0.171875 0
0.984375 0.15625 0
1 0.15625 0
0.984375 0.171875 0
1 0.171875 0
0.96875 0.171875 0
0.984375 0.171875 0
0.96875 0.1875 0
0.984375 0.1875 0
0.984375 0.171875 0
1 0.171875 0
0.984375 0.1875 0
1 0.1875 0
0.875 0.1875 0
0.890625 0.1875 0
0.875 0.203125 0
0.890625 0.203125 0
0.890625 0.1875 0
0.90625 0.1875 0
0.890625 0.203125 0
0.90625 0.203125 0
0.875 0.203125 0
0.890625 0.203125 0
0.875 0.21875 0
0.890625 0.21875 0
0.890625 0.203125 0
0.90625 0.203125 0
0.890625 0.21875 0
0.90625 0.21875 0
0.90625 0.1875 0
0.921875 0.1875 0
0.90625 0.203125 0
0.921875 0.203125 0
0.921875 0.1875 0
0.9375 0.1875 0
0.921875 0.203125 0
0.9375 0.203125 0
0.90625 0.203125 0
0.921875 0.203125 0
0.90625 0.21875 0
0.921875 0.21875 0
0.921875 0.203125 0
0.9375 0.203125 0
0.921875 0.21875 0
0.9375 0.21875 0
0.875 0.21875 0
0.890625 0.21875 0
0.875 0.234375 0
0.890625 0.234375 0
0.890625 0.21875 0
0.90625 0.21875 0
0.890625 0.234375 0
0.90625 0.234375 0
0.875 0.234375 0
0.890625 0.234375 0
0.875 0.25 0
0.890625 0.25 0
0.890625 0.234375 0
0.90625 0.234375 0
0.890625 0.25 0
0.90625 0.25 0
0.90625 0.21875 0
0.921875 0.21875 0
0.90625 0.234375 0
0.921875 0.234375 0
0.921875 0.21875 0
0.9375 0.21875 0
0.921875 0.234375 0
0.9375 0.234375 0
0.90625 0.234375 0
0.921875 0.234375 0
0.90625 0.25 0
0.921875 0.25 0
0.921875 0.234375 0
0.9375 0.234375 0
0.921875 0.25 0
0.9375 0.25 0
0.9375 0.1875 0
0.953125 0.1875 0
0.9375 0.203125 0
0.953125 0.203125 0
0.953125 0.1875 0
0.96875 0.1875 0
0.953125 0.203125 0
0.96875 0.203125 0
0.9375 0.203125 0
0.953125 0.203125 0
0.9375 0.21875 0
0.953125 0.21875 0
0.953125 0.203125 0
0.96875 0.203125 0
0.953125 0.21875 0
0.96875 0.21875 0
0.96875 0.1875 0
0.984375 0.1875 0
0.96875 0.203125 0
0.984375 0.203125 0
0.984375 0.1875 0
1 0.1875 0
0.984375 0.203125 0
1 0.203125 0
0.96875 0.203125 0
0.984375 0.203125 0
0.96875 0.21875 0
0.984375 0.21875 0
0.984375 0.203125 0
1 0.203125 0
0.984375 0.21875 0
1 0.21875 0
0.9375 0.21875 0
0.953125 0.21875 0
0.9375 0.234375 0
0.953125 0.234375 0
0.953125 0.21875 0
0.96875 0.21875 0
0.953125 0.234375 0
0.96875 0.234375 0
0.9375 0.234375 0
0.953125 0.234375 0
0.9375 0.25 0
0.953125 0.25 0
0.953125 0.234375 0
0.96875 0.234375 0
0.953125 0.25 0
0.96875 0.25 0
0.96875 0.21875 0
0.984375 0.21875 0
0.96875 0.234375 0
0.984375 0.234375 0
0.984375 0.21875 0
1 0.21875 0
0.984375 0.234375 0
1 0.234375 0
0.96875 0.234375 0
0.984375 0.234375 0
0.96875 0.25 0
0.984375 0.25 0
0.984375 0.234375 0
1 0.234375 0
0.984375 0.25 0
1 0.25 0
0.5 0.25 0
0.515625 0.25 0
0.5 0.265625 0
0.515625 0.265625 0
0.515625 0.25 0
0.53125 0.25 0
0.515625 0.265625 0
0.53125 0.265625 0
0.5 0.265625 0
0.515625 0.265625 0
0.5 0.28125 0
0.515625 0.28125 0
0.515625 0.265625 0
0.53125 0.265625 0
0.515625 0.28125 0
0.53125 0.28125 0
0.53125 0.25 0
0.546875 0.25 0
0.53125 0.265625 0
0.546875 0.265625 0
0.546875 0.25 0
0.5625 0.25 0
0.546875 0.265625 0
0.5625 0.265625 0
0.53125 0.265625 0
0.546875 0.265625 0
0.53125 0.28125 0
0.546875 0.28125 0
0.546875 0.265625 0
0.5625 0.265625 0
0.546875 0.28125 0
0.5625 0.28125 0
0.5 0.28125 0
0.515625 0.28125 0
0.5 0.296875 0
0.515625 0.296875 0
0.515625 0.28125 0
0.53125 0.28125 0
0.515625 0.296875 0
0.53125 0.296875 0
0.5 0.296875 0
0.515625 0.296875 0
0.5 0.3125 0
0.515625 0.3125 0
0.515625 0.296875 0
0.53125 0.296875 0
0.515625 0.3125 0
0.53125 0.3125 0
0.53125 0.28125 0
0.546875 0.28125 0
0.53125 0.296875 0
0.546875 0.296875 0
0.546875 0.28125 0
0.5625 0.28125 0
0.546875 0.296875 0
0.5625 0.296875 0
0.53125 0.296875 0
0.546875 0.296875 0
0.53125 0.3125 0
0.546875 0.3125 0
0.546875 0.296875 0
0.5625 0.296875 0
0.546875 0.3125 0
0.5625 0.3125 0
0.5625 0.25 0
0.578125 0.25 0
0.5625 0.265625 0
0.578125 0.265625 0
0.578125 0.25 0
0.59375 0.25 0
0.578125 0.265625 0
0.59375 0.265625 0
0.5625 0.265625 0
0.578125 0.265625 0
0.5625 0.28125 0
0.578125 0.28125 0
0.578125 0.265625 0
0.59375 0.265625 0
0.578125 0.28125 0
0.59375 0.28125 0
0.59375 0.25 0
0.609375 0.25 0
0.59375 0.265625 0
0.609375 0.265625 0
0.609375 0.25 0
0.625 0.25 0
0.609375 0.265625 0
0.625 0.265625 0
0.59375 0.265625 0
0.609375 0.265625 0
0.59375 0.28125 0
0.609375 0.28125 0
0.609375 0.265625 0
0.625 0.265625 0
0.609375 0.28125 0
0.625 0.28125 0
0.5625 0.28125 0
0.578125 0.28125 0
0.5625 0.296875 0
0.578125 0.296875 0
0.578125 0.28125 0
0.59375 0.28125 0
0.578125 0.296875 0
0.59375 0.296875 0
0.5625 0.296875 0
0.578125 0.296875 0
0.5625 0.3125 0
0.578125 0.3125 0
0.578125 0.296875 0
0.59375 0.296875 0
0.578125 0.3125 0
0.59375 0.3125 0
0.59375 0.28125 0
0.609375 0.28125 0
0.59375 0.296875 0
0.609375 0.296875 0
0.609375 0.28125 0
0.625 0.28125 0
0.609375 0.296875 0
0.625 0.296875 0
0.59375 0.296875 0
0.609375 0.296875 0
0.59375 0.3125 0
0.609375 0.3125 0
0.609375 0.296875 0
0.625 0.296875 0
0.609375 0.3125 0
0.625 0.3125 0
0.5 0.3125 0
0.515625 0.3125 0
0.5 0.328125 0
0.515625 0.328125 0
0.515625 0.3125 0
0.53125 0.3125 0
0.515625 0.328125 0
0.53125 0.328125 0
0.5 0.328125 0
0.515625 0.328125 0
0.5 0.34375 0
0.515625 0.34375 0
0.515625 0.328125 0
0.53125 0.328125 0
0.515625 0.34375 0
0.53125 0.34375 0
0.53125 0.3125 0
0.546875 0.3125 0
0.53125 0.328125 0
0.546875 0.328125 0
0.546875 0.3125 0
0.5625 0.3125 0
0.546875 0.328125 0
0.5625 0.328125 0
0.53125 0.328125 0
0.546875 0.328125 0
0.53125 0.34375 0
0.546875 0.34375 0
0.546875 0.328125 0
0.5625 0.328125 0
0.546875 0.34375 0
0.5625 0.34375 0
0.5 0.34375 0
0.515625 0.34375 0
0.5 0.359375 0
0.515625 0.359375 0
0.515625 0.34375 0
0.53125 0.34375 0
0.515625 0.359375 0
0.53125 0.359375 0
0.5 0.359375 0
0.515625 0.359375 0
0.5 0.375 0
0.515625 0.375 0
0.515625 0.359375 0
0.53125 0.359375 0
0.515625 0.375 0
0.53125 0.375 0
0.53125 0.34375 0
0.546875 0.34375 0
0.53125 0.359375 0
0.546875 0.359375 0
0.546875 0.34375 0
0.5625 0.34375 0
0.546875 0.359375 0
0.5625 0.359375 0
0.53125 0.359375 0
0.546875 0.359375 0
0.53125 0.375 0
0.546875 0.375 0
0.546875 0.359375 0
0.5625 0.359375 0
0.546875 0.375 0
0.5625 0.375 0
0.5625 0.3125 0
0.578125 0.3125 0
0.5625 0.328125 0
0.578125 0.328125 0
0.578125 0.3125 0
0.59375 0.3125 0
0.578125 0.328125 0
0.59375 0.328125 0
0.5625 0.328125 0
0.578125 0.328125 0
0.5625 0.34375 0
0.578125 0.34375 0
0.578125 0.328125 0
0.59375 0.328125 0
0.578125 0.34375 0
0.59375 0.34375 0
0.59375 0.3125 0
0.609375 0.3125 0
0.59375 0.328125 0
0.609375 0.328125 0
0.609375 0.3125 0
0.625 0.3125 0
0.609375 0.328125 0
0.625 0.328125 0
0.59375 0.328125 0
0.609375 0.328125 0
0.59375 0.34375 0
0.609375 0.34375 0
0.609375 0.328125 0
0.625 0.328125 0
0.609375 0.34375 0
0.625 0.34375 0
0.5625 0.34375 0
0.578125 0.34375 0
0.5625 0.359375 0
0.578125 0.359375 0
0.578125 0.34375 0
0.59375 0.34375 0
0.578125 0.359375 0
0.59375 0.359375 0
0.5625 0.359375 0
0.578125 0.359375 0
0.5625 0.375 0
0.578125 0.375 0
0.578125 0.359375 0
0.59375 0.359375 0
0.578125 0.375 0
0.59375 0.375 0
0.59375 0.34375 0
0.609375 0.34375 0
0.59375 0.359375 0
0.609375 0.359375 0
0.609375 0.34375 0
0.625 0.34375 0
0.609375 0.359375 0
0.625 0.359375 0
0.59375 0.359375 0
0.609375 0.359375 0
0.59375 0.375 0
0.609375 0.375 0
0.609375 0.359375 0
0.625 0.359375 0
0.609375 0.375 0
0.625 0.375 0
0.625 0.25 0
0.640625 0.25 0
0.625 0.265625 0
0.640625 0.265625 0
0.640625 0.25 0
0.65625 0.25 0
0.640625 0.265625 0
0.65625 0.265625 0
0.625 0.265625 0
0.640625 0.265625 0
0.625 0.28125 0
0.640625 0.28125 0
0.640625 0.265625 0
0.65625 0.265625 0
0.640625 0.28125 0
0.65625 0.28125 0
0.65625 0.25 0
0.671875 0.25 0
0.65625 0.265625 0
0.671875 0.265625 0
0.671875 0.25 0
0.6875 0.25 0
0.671875 0.265625 0
0.6875 0.265625 0
0.65625 0.265625 0
0.671875 0.265625 0
0.65625 0.28125 0
0.671875 0.28125 0
0.671875 0.265625 0
0.6875 0.265625 0
0.671875 0.28125 0
0.6875 0.28125 0
0.625 0.28125 0
0.640625 0.28125 0
0.625 0.296875 0
0.640625 0.296875 0
0.640625 0.28125 0
0.65625 0.28125 0
0.640625 0.296875 0
0.65625 0.296875 0
0.625 0.296875 0
0.640625 0.296875 0
0.625 0.3125 0
0.640625 0.3125 0
0.640625 0.296875 0
0.65625 0.296875 0
0.640625 0.3125 0
0.65625 0.3125 0
0.65625 0.28125 0
0.671875 0.28125 0
0.65625 0.296875 0
0.671875 0.296875 0
0.671875 0.28125 0
0.6875 0.28125 0
0.671875 0.296875 0
0.6875 0.296875 0
0.65625 0.296875 0
0.671875 0.296875 0
0.65625 0.3125 0
0.671875 0.3125 0
0.671875 0.296875 0
0.6875 0.296875 0
0.671875 0.3125 0
0.6875 0.3125 0
0.6875 0.25 0
0.703125 0.25 0
0.6875 0.265625 0
0.703125 0.265625 0
0.703125 0.25 0
0.71875 0.25 0
0.703125 0.265625 0
0.71875 0.265625 0
0.6875 0.265625 0
0.703125 0.265625 0
0.6875 0.28125 0
0.703125 0.28125 0
0.703125 0.265625 0
0.71875 0.265625 0
0.703125 0.28125 0
0.71875 0.28125 0
0.71875 0.25 0
0.734375 0.25 0
0.71875 0.265625 0
0.734375 0.265625 0
0.734375 0.25 0
0.75 0.25 0
0.734375 0.265625 0
0.75 0.265625 0
0.71875 0.265625 0
0.734375 0.265625 0
0.71875 0.28125 0
0.734375 0.28125 0
0.734375 0.265625 0
0.75 0.265625 0
0.734375 0.28125 0
0.75 0.28125 0
0.6875 0.28125 0
0.703125 0.28125 0
0.6875 0.296875 0
0.703125 0.296875 0
0.703125 0.28125 0
0.71875 0.28125 0
0.703125 0.296875 0
0.71875 0.296875 0
0.6875 0.296875 0
0.703125 0.296875 0
0.6875 0.3125 0
0.703125 0.3125 0
0.703125 0.296875 0
0.71875 0.296875 0
0.703125 0.3125 0
0.71875 0.3125 0
0.71875 0.28125 0
0.734375 0.28125 0
0.71875 0.296875 0
0.734375 0.296875 0
0.734375 0.28125 0
0.75 0.28125 0
0.734375 0.296875 0
0.75 0.296875 0
0.71875 0.296875 0
0.734375 0.296875 0
0.71875 0.3125 0
0.734375 0.3125 0
0.734375 0.296875 0
0.75 0.296875 0
0.734375 0.3125 0
0.75 0.3125 0
0.625 0.3125 0
0.640625 0.3125 0
0.625 0.328125 0
0.640625 0.328125 0
0.640625 0.3125 0
0.65625 0.3125 0
0.640625 0.328125 0
0.65625 0.328125 0
0.625 0.328125 0
0.640625 0.328125 0
0.625 0.34375 0
0.640625 0.34375 0
0.640625 0.328125 0
0.65625 0.328125 0
0.640625 0.34375 0
0.65625 0.34375 0
0.65625 0.3125 0
0.671875 0.3125 0
0.65625 0.328125 0
0.671875 0.328125 0
0.671875 0.3125 0
0.6875 0.3125 0
0.671875 0.328125 0
0.6875 0.328125 0
0.65625 0.328125 0
0.671875 0.328125 0
0.65625 0.34375 0
0.671875 0.34375 0
0.671875 0.328125 0
0.6875 0.328125 0
0.671875 0.34375 0
0.6875 0.34375 0
0.625 0.34375 0
0.640625 0.34375 0
0.625 0.359375 0
0.640625 0.359375 0
0.640625 0.34375 0
0.65625 0.34375 0
0.640625 0.359375 0
0.65625 0.359375 0
0.625 0.359375 0
0.640625 0.359375 0
0.625 0.375 0
0.640625 0.375 0
0.640625 0.359375 0
0.65625 0.359375 0
0.640625 0.375 0
0.65625 0.375 0
0.65625 0.34375 0
0.671875 0.34375 0
0.65625 0.359375 0
0.671875 0.359375 0
0.671875 0.34375 0
0.6875 0.34375 0
0.671875 0.359375 0
0.6875 0.359375 0
0.65625 0.359375 0
0.671875 0.359375 0
0.65625 0.375 0
0.671875 0.375 0
0.671875 0.359375 0
0.6875 0.359375 0
0.671875 0.375 0
0.6875 0.375 0
0.6875 0.3125 0
0.703125 0.3125 0
0.6875 0.328125 0
0.703125 0.328125 0
0.703125 0.3125 0
0.71875 0.3125 0
0.703125 0.328125 0
0.71875 0.328125 0
0.6875 0.328125 0
0.703125 0.328125 0
0.6875 0.34375 0
0.703125 0.34375 0
0.703125 0.328125 0
0.71875 0.328125 0
0.703125 0.34375 0
0.71875 0.34375 0
0.71875 0.3125 0
0.734375 0.3125 0
0.71875 0.328125 0
0.734375 0.328125 0
0.734375 0.3125 0
0.75 0.3125 0
0.734375 0.328125 0
0.75 0.328125 0
0.71875 0.328125 0
0.734375 0.328125 0
0.71875 0.34375 0
0.734375 0.34375 0
0.734375 0.328125 0
0.75 0.328125 0
0.734375 0.34375 0
0.75 0.34375 0
0.6875 0.34375 0
0.703125 0.34375 0
0.6875 0.359375 0
0.703125 0.359375 0
0.703125 0.34375 0
0.71875 0.34375 0
0.703125 0.359375 0
0.71875 0.359375 0
0.6875 0.359375 0
0.703125 0.359375 0
0.6875 0.375 0
0.703125 0.375 0
0.703125 0.359375 0
0.71875 0.359375 0
0.703125 0.375 0
0.71875 0.375 0
0.71875 0.34375 0
0.734375 0.34375 0
0.71875 0.359375 0
0.734375 0.359375 0
0.734375 0.34375 0
0.75 0.34375 0
0.734375 0.359375 0
0.75 0.359375 0
0.71875 0.359375 0
0.734375 0.359375 0
0.71875 0.375 0
0.734375 0.375 0
0.734375 0.359375 0
0.75 0.359375 0
0.734375 0.375 0
0.75 0.375 0
0.5 0.375 0
0.515625 0.375 0
0.5 0.390625 0
0.515625 0.390625 0
0.515625 0.375 0
0.53125 0.375 0
0.515625 0.390625 0
0.53125 0.390625 0
0.5 0.390625 0
0.515625 0.390625 0
0.5 0.40625 0
0.515625 0.40625 0
0.515625 0.390625 0
0.53125 0.390625 0
0.515625 0.40625 0
0.53125 0.40625 0
0.53125 0.375 0
0.546875 0.375 0
0.53125 0.390625 0
0.546875 0.390625 0
0.546875 0.375 0
0.5625 0.375 0
0.546875 0.390625 0
0.5625 0.390625 0
0.53125 0.390625 0
0.546875 0.390625 0
0.53125 0.40625 0
0.546875 0.40625 0
0.546875 0.390625 0
0.5625 0.390625 0
0.546875 0.40625 0
0.5625 0.40625 0
0.5 0.40625 0
0.515625 0.40625 0
0.5 0.421875 0
0.515625 0.421875 0
0.515625 0.40625 0
0.53125 0.40625 0
0.515625 0.421875 0
0.53125 0.421875 0
0.5 0.421875 0
0.515625 0.421875 0
0.5 0.4375 0
0.515625 0.4375 0
0.515625 0.421875 0
0.53125 0.421875 0
0.515625 0.4375 0
0.53125 0.4375 0
0.53125 0.40625 0
0.546875 0.40625 0
0.53125 0.421875 0
0.546875 0.421875 0
0.546875 0.40625 0
0.5625 0.40625 0
0.546875 0.421875 0
0.5625 0.421875 0
0.53125 0.421875 0
0.546875 0.421875 0
0.53125 0.4375 0
0.546875 0.4375 0
0.546875 0.421875 0
0.5625 0.421875 0
0.546875 0.4375 0
0.5625 0.4375 0
0.5625 0.375 0
0.578125 0.375 0
0.5625 0.390625 0
0.578125 0.390625 0
0.578125 0.375 0
0.59375 0.375 0
0.578125 0.390625 0
0.59375 0.390625 0
0.5625 0.390625 0
0.578125 0.390625 0
0.5625 0.40625 0
0.578125 0.40625 0
0.578125 0.390625 0
0.59375 0.390625 0
0.578125 0.40625 0
0.59375 0.40625 0
0.59375 0.375 0
0.609375 0.375 0
0.59375 0.390625 0
0.609375 0.390625 0
0.609375 0.375 0
0.625 0.375 0
0.609375 0.390625 0
0.625 0.390625 0
0.59375 0.390625 0
0.609375 0.390625 0
0.59375 0.40625 0
0.609375 0.40625 0
0.609375 0.390625 0
0.625 0.390625 0
0.609375 0.40625 0
0.625 0.40625 0
0.5625 0.40625 0
0.578125 0.40625 0
0.5625 0.421875 0
0.578125 0.421875 0
0.578125 0.40625 0
0.59375 0.40625 0
0.578125 0.421875 0
0.59375 0.421875 0
0.5625 0.421875 0
0.578125 0.421875 0
0.5625 0.4375 0
0.578125 0.4375 0
0.578125 0.421875 0
0.59375 0.421875 0
0.578125 0.4375 0
0.59375 0.4375 0
0.59375 0.40625 0
0.609375 0.40625 0
0.59375 0.421875 0
0.609375 0.421875 0
0.609375 0.40625 0
0.625 0.40625 0
0.609375 0.421875 0
0.625 0.421875 0
0.59375 0.421875 0
0.609375 0.421875 0
0.59375 0.4375 0
0.609375 0.4375 0
0.609375 0.421875 0
0.625 0.421875 0
0.609375 0.4375 0
0.625 0.4375 0
0.5 0.4375 0
0.515625 0.4375 0
0.5 0.453125 0
0.515625 0.453125 0
0.515625 0.4375 0
0.53125 0.4375 0
0.515625 0.453125 0
0.53125 0.453125 0
0.5 0.453125 0
0.515625 0.453125 0
0.5 0.46875 0
0.515625 0.46875 0
0.515625 0.453125 0
0.53125 0.453125 0
0.515625 0.46875 0
0.53125 0.46875 0
0.53125 0.4375 0
0.546875 0.4375 0
0.53125 0.453125 0
0.546875 0.453125 0
0.546875 0.4375 0
0.5625 0.4375 0
0.546875 0.453125 0
0.5625 0.453125 0
0.53125 0.453125 0
0.546875 0.453125 0
0.53125 0.46875 0
0.546875 0.46875 0
0.546875 0.453125 0
0.5625 0.453125 0
0.546875 0.46875 0
0.5625 0.46875 0
0.5 0.46875 0
0.515625 0.46875 0
0.5 0.484375 0
0.515625 0.484375 0
0.515625 0.46875 0
0.53125 0.46875 0
0.515625 0.484375 0
0.53125 0.484375 0
0.5 0.484375 0
0.515625 0.484375 0
0.5 0.5 0
0.515625 0.5 0
0.515625 0.484375 0
0.53125 0.484375 0
0.515625 0.5 0
0.53125 0.5 0
0.53125 0.46875 0
0.546875 0.46875 0
0.53125 0.484375 0
0.546875 0.484375 0
0.546875 0.46875 0
0.5625 0.46875 0
0.546875 0.484375 0
0.5625 0.484375 0
0.53125 0.484375 0
0.546875 0.484375 0
0.53125 0.5 0
0.546875 0.5 0
0.546875 0.484375 0
0.5625 0.484375 0
0.546875 0.5 0
0.5625 0.5 0
0.5625 0.4375 0
0.578125 0.4375 0
0.5625 0.453125 0
0.578125 0.453125 0
0.578125 0.4375 0
0.59375 0.4375 0
0.578125 0.453125 0
0.59375 0.453125 0
0.5625 0.453125 0
0.578125 0.453125 0
0.5625 0.46875 0
0.578125 0.46875 0
0.578125 0.453125 0
0.59375 0.453125 0
0.578125 0.46875 0
0.59375 0.46875 0
0.59375 0.4375 0
0.609375 0.4375 0
0.59375 0.453125 0
0.609375 0.453125 0
0.609375 0.4375 0
0.625 0.4375 0
0.609375 0.453125 0
0.625 0.453125 0
0.59375 0.453125 0
0.609375 0.453125 0
0.59375 0.46875 0
0.609375 0.46875 0
0.609375 0.453125 0
0.625 0.453125 0
0.609375 0.46875 0
0.625 0.46875 0
0.5625 0.46875 0
0.578125 0.46875 0
0.5625 0.484375 0
0.578125 0.484375 0
0.578125 0.46875 0
0.59375 0.46875 0
0.578125 0.484375 0
0.59375 0.484375 0
0.5625 0.484375 0
0.578125 0.484375 0
0.5625 0.5 0
0.578125 0.5 0
0.578125 0.484375 0
0.59375 0.484375 0
0.578125 0.5 0
0.59375 0.5 0
0.59375 0.46875 0
0.609375 0.46875 0
0.59375 0.484375 0
0.609375 0.484375 0
0.609375 0.46875 0
0.625 0.46875 0
0.609375 0.484375 0
0.625 0.484375 0
0.59375 0.484375 0
0.609375 0.484375 0
0.59375 0.5 0
0.609375 0.5 0
0.609375 0.484375 0
0.625 0.484375 0
0.609375 0.5 0
0.625 0.5 0
0.625 0.375 0
0.640625 0.375 0
0.625 0.390625 0
0.640625 0.390625 0
0.640625 0.375 0
0.65625 0.375 0
0.640625 0.390625 0
0.65625 0.390625 0
0.625 0.390625 0
0.640625 0.390625 0
0.625 0.40625 0
0.640625 0.40625 0
0.640625 0.390625 0
0.65625 0.390625 0
0.640625 0.40625 0
0.65625 0.40625 0
0.65625 0.375 0
0.671875 0.375 0
0.65625 0.390625 0
0.671875 0.390625 0
0.671875 0.375 0
0.6875 0.375 0
0.671875 0.390625 0
0.6875 0.390625 0
0.65625 0.390625 0
0.671875 0.390625 0
0.65625 0.40625 0
0.671875 0.40625 0
0.671875 0.390625 0
0.6875 0.390625 0
0.671875 0.40625 0
0.6875 0.40625 0
0.625 0.40625 0
0.640625 0.40625 0
0.625 0.421875 0
0.640625 0.421875 0
0.640625 0.40625 0
0.65625 0.40625 0
0.640625 0.421875 0
0.65625 0.421875 0
0.625 0.421875 0
0.640625 0.421875 0
0.625 0.4375 0
0.640625 0.4375 0
0.640625 0.421875 0
0.65625 0.421875 0
0.640625 0.4375 0
0.65625 0.4375 0
0.65625 0.40625 0
0.671875 0.40625 0
0.65625 0.421875 0
0.671875 0.421875 0
0.671875 0.40625 0
0.6875 0.40625 0
0.671875 0.421875 0
0.6875 0.421875 0
0.65625 0.421875 0
0.671875 0.421875 0
0.65625 0.4375 0
0.671875 0.4375 0
0.671875 0.421875 0
0.6875 0.421875 0
0.671875 0.4375 0
0.6875 0.4375 0
0.6875 0.375 0
0.703125 0.375 0
0.6875 0.390625 0
0.703125 0.390625 0
0.703125 0.375 0
0.71875 0.375 0
0.703125 0.390625 0
0.71875 0.390625 0
0.6875 0.390625 0
0.703125 0.390625 0
0.6875 0.40625 0
0.703125 0.40625 0
0.703125 0.390625 0
0.71875 0.390625 0
0.703125 0.40625 0
0.71875 0.40625 0
0.71875 0.375 0
0.734375 0.375 0
0.71875 0.390625 0
0.734375 0.390625 0
0.734375 0.375 0
0.75 0.375 0
0.734375 0.390625 0
0.75 0.390625 0
0.71875 0.390625 0
0.734375 0.390625 0
0.71875 0.40625 0
0.734375 0.40625 0
0.734375 0.390625 0
0.75 0.390625 0
0.734375 0.40625 0
0.75 0.40625 0
0.6875 0.40625 0
0.703125 0.40625 0
0.6875 0.421875 0
0.703125 0.421875 0
0.703125 0.40625 0
0.71875 0.40625 0
0.703125 0.421875 0
0.71875 0.421875 0
0.6875 0.421875 0
0.703125 0.421875 0
0.6875 0.4375 0
0.703125 0.4375 0
0.703125 0.421875 0
0.71875 0.421875 0
0.703125 0.4375 0
0.71875 0.4375 0
0.71875 0.40625 0
0.734375 0.40625 0
0.71875 0.421875 0
0.734375 0.421875 0
0.734375 0.40625 0
0.75 0.40625 0
0.734375 0.421875 0
0.75 0.421875 0
0.71875 0.421875 0
0.734375 0.421875 0
0.71875 0.4375 0
0.734375 0.4375 0
0.734375 0.421875 0
0.75 0.421875 0
0.734375 0.4375 0
0.75 0.4375 0
0.625 0.4375 0
0.640625 0.4375 0
0.625 0.453125 0
0.640625 0.453125 0
0.640625 0.4375 0
0.65625 0.4375 0
0.640625 0.453125 0
0.65625 0.453125 0
0.625 0.453125 0
0.640625 0.453125 0
0.625 0.46875 0
0.640625 0.46875 0
0.640625 0.453125 0
0.65625 0.453125 0
0.640625 0.46875 0
0.65625 0.46875 0
0.65625 0.4375 0
0.671875 0.4375 0
0.65625 0.453125 0
0.671875 0.453125 0
0.671875 0.4375 0
0.6875 0.4375 0
0.671875 0.453125 0
0.6875 0.453125 0
0.65625 0.453125 0
0.671875 0.453125 0
0.65625 0.46875 0
0.671875 0.46875 0
0.671875 0.453125 0
0.6875 0.453125 0
0.671875 0.46875 0
0.6875 0.46875 0
0.625 0.46875 0
0.640625 0.46875 0
0.625 0.484375 0
0.640625 0.484375 0
0.640625 0.46875 0
0.65625 0.46875 0
0.640625 0.484375 0
0.65625 0.484375 0
0.625 0.484375 0
0.640625 0.484375 0
0.625 0.5 0
0.640625 0.5 0
0.640625 0.484375 0
0.65625 0.484375 0
0.640625 0.5 0
0.65625 0.5 0
0.65625 0.46875 0
0.671875 0.46875 0
0.65625 0.484375 0
0.671875 0.484375 0
0.671875 0.46875 0
0.6875 0.46875 0
0.671875 0.484375 0
0.6875 0.484375 0
0.65625 0.484375 0
0.671875 0.484375 0
0.65625 0.5 0
0.671875 0.5 0
0.671875 0.484375 0
0.6875 0.484375 0
0.671875 0.5 0
0.6875 0.5 0
0.6875 0.4375 0
0.703125 0.4375 0
0.6875 0.453125 0
0.703125 0.453125 0
0.703125 0.4375 0
0.71875 0.4375 0
0.703125 0.453125 0
0.71875 0.453125 0
0.6875 0.453125 0
0.703125 0.453125 0
0.6875 0.46875 0
0.703125 0.46875 0
0.703125 0.453125 0
0.71875 0.453125 0
0.703125 0.46875 0
0.71875 0.46875 0
0.71875 0.4375 0
0.734375 0.4375 0
0.71875 0.453125 0
0.734375 0.453125 0
0.734375 0.4375 0
0.75 0.4375 0
0.734375 0.453125 0
0.75 0.453125 0
0.71875 0.453125 0
0.734375 0.453125 0
0.71875 0.46875 0
0.734375 0.46875 0
0.734375 0.453125 0
0.75 0.453125 0
0.734375 0.46875 0
0.75 0.46875 0
0.6875 0.46875 0
0.703125 0.46875 0
0.6875 0.484375 0
0.703125 0.484375 0
0.703125 0.46875 0
0.71875 0.46875 0
0.703125 0.484375 0
0.71875 0.484375 0
0.6875 0.484375 0
0.703125 0.484375 0
0.6875 0.5 0
0.703125 0.5 0
0.703125 0.484375 0
0.71875 0.484375 0
0.703125 0.5 0
0.71875 0.5 0
0.71875 0.46875 0
0.734375 0.46875 0
0.71875 0.484375 0
0.734375 0.484375 0
0.734375 0.46875 0
0.75 0.46875 0
0.734375 0.484375 0
0.75 0.484375 0
0.71875 0.484375 0
0.734375 0.484375 0
0.71875 0.5 0
0.734375 0.5 0
0.734375 0.484375 0
0.75 0.484375 0
0.734375 0.5 0
0.75 0.5 0
0.75 0.25 0
0.765625 0.25 0
0.75 0.265625 0
0.765625 0.265625 0
0.765625 0.25 0
0.78125 0.25 0
0.765625 0.265625 0
0.78125 0.265625 0
0.75 0.265625 0
0.765625 0.265625 0
0.75 0.28125 0
0.765625 0.28125 0
0.765625 0.265625 0
0.78125 0.265625 0
0.765625 0.28125 0
0.78125 0.28125 0
0.78125 0.25 0
0.796875 0.25 0
0.78125 0.265625 0
0.796875 0.265625 0
0.796875 0.25 0
0.8125 0.25 0
0.796875 0.265625 0
0.8125 0.265625 0
0.78125 0.265625 0
0.796875 0.265625 0
0.78125 0.28125 0
0.796875 0.28125 0
0.796875 0.265625 0
0.8125 0.265625 0
0.796875 0.28125 0
0.8125 0.28125 0
0.75 0.28125 0
0.765625 0.28125 0
0.75 0.296875 0
0.765625 0.296875 0
0.765625 0.28125 0
0.78125 0.28125 0
0.765625 0.296875 0
0.78125 0.296875 0
0.75 0.296875 0
0.765625 0.296875 0
0.75 0.3125 0
0.765625 0.3125 0
0.765625 0.296875 0
0.78125 0.296875 0
0.765625 0.3125 0
0.78125 0.3125 0
0.78125 0.28125 0
0.796875 0.28125 0
0.78125 0.296875 0
0.796875 0.296875 0
0.796875 0.28125 0
0.8125 0.28125 0
0.796875 0.296875 0
0.8125 0.296875 0
0.78125 0.296875 0
0.796875 0.296875 0
0.78125 0.3125 0
0.796875 0.3125 0
0.796875 0.296875 0
0.8125 0.296875 0
0.796875 0.3125 0
0.8125 0.3125 0
0.8125 0.25 0
0.828125 0.25 0
0.8125 0.265625 0
0.828125 0.265625 0
0.828125 0.25 0
0.84375 0.25 0
0.828125 0.265625 0
0.84375 0.265625 0
0.8125 0.265625 0
0.828125 0.265625 0
0.8125 0.28125 0
0.828125 0.28125 0
0.828125 0.265625 0
0.84375 0.265625 0
0.828125 0.28125 0
0.84375 0.28125 0
0.84375 0.25 0
0.859375 0.25 0
0.84375 0.265625 0
0.859375 0.265625 0
0.859375 0.25 0
0.875 0.25 0
0.859375 0.265625 0
0.875 0.265625 0
0.84375 0.265625 0
0.859375 0.265625 0
0.84375 0.28125 0
0.859375 0.28125 0
0.859375 0.265625 0
0.875 0.265625 0
0.859375 0.28125 0
0.875 0.28125 0
0.8125 0.28125 0
0.828125 0.28125 0
0.8125 0.296875 0
0.828125 0.296875 0
0.828125 0.28125 0
0.84375 0.28125 0
0.828125 0.296875 0
0.84375 0.296875 0
0.8125 0.296875 0
0.828125 0.296875 0
0.8125 0.3125 0
0.828125 0.3125 0
0.828125 0.296875 0
0.84375 0.296875 0
0.828125 0.3125 0
0.84375 0.3125 0
0.84375 0.28125 0
0.859375 0.28125 0
0.84375 0.296875 0
0.859375 0.296875 0
0.859375 0.28125 0
0.875 0.28125 0
0.859375 0.296875 0
0.875 0.296875 0
0.84375 0.296875 0
0.859375 0.296875 0
0.84375 0.3125 0
0.859375 0.3125 0
0.859375 0.296875 0
0.875 0.296875 0
0.859375 0.3125 0
0.875 0.3125 0
0.75 0.3125 0
0.765625 0.3125 0
0.75 0.328125 0
0.765625 0.328125 0
0.765625 0.3125 0
0.78125 0.3125 0
0.765625 0.328125 0
0.78125 0.328125 0
0.75 0.328125 0
0.765625 0.328125 0
0.75 0.34375 0
0.765625 0.34375 0
0.765625 0.328125 0
0.78125 0.328125 0
0.765625 0.34375 0
0.78125 0.34375 0
0.78125 0.3125 0
0.796875 0.3125 0
0.78125 0.328125 0
0.796875 0.328125 0
0.796875 0.3125 0
0.8125 0.3125 0
0.796875 0.328125 0
0.8125 0.328125 0
0.78125 0.328125 0
0.796875 0.328125 0
0.78125 0.34375 0
0.796875 0.34375 0
0.796875 0.328125 0
0.8125 0.328125 0
0.796875 0.34375 0
0.8125 0.34375 0
0.75 0.34375 0
0.765625 0.34375 0
0.75 0.359375 0
0.765625 0.359375 0
0.765625 0.34375 0
0.78125 0.34375 0
0.765625 0.359375 0
0.78125 0.359375 0
0.75 0.359375 0
0.765625 0.359375 0
0.75 0.375 0
0.765625 0.375 0
0.765625 0.359375 0
0.78125 0.359375 0
0.765625 0.375 0
0.78125 0.375 0
0.78125 0.34375 0
0.796875 0.34375 0
0.78125 0.359375 0
0.796875 0.359375 0
0.796875 0.34375 0
0.8125 0.34375 0
0.796875 0.359375 0
0.8125 0.359375 0
0.78125 0.359375 0
0.796875 0.359375 0
0.78125 0.375 0
0.796875 0.375 0
0.796875 0.359375 0
0.8125 0.359375 0
0.796875 0.375 0
0.8125 0.375 0
0.8125 0.3125 0
0.828125 0.3125 0
0.8125 0.328125 0
0.828125 0.328125 0
0.828125 0.3125 0
0.84375 0.3125 0
0.828125 0.328125 0
0.84375 0.328125 0
0.8125 0.328125 0
0.828125 0.328125 0
0.8125 0.34375 0
0.828125 0.34375 0
0.828125 0.328125 0
0.84375 0.328125 0
0.828125 0.34375 0
0.84375 0.34375 0
0.84375 0.3125 0
0.859375 0.3125 0
0.84375 0.328125 0
0.859375 0.328125 0
0.859375 0.3125 0
0.875 0.3125 0
0.859375 0.328125 0
0.875 0.328125 0
0.84375 0.328125 0
0.859375 0.328125 0
0.84375 0.34375 0
0.859375 0.34375 0
0.859375 0.328125 0
0.875 0.328125 0
0.859375 0.34375 0
0.875 0.34375 0
0.8125 0.34375 0
0.828125 0.34375 0
0.8125 0.359375 0
0.828125 0.359375 0
0.828125 0.34375 0
0.84375 0.34375 0
0.828125 0.359375 0
0.84375 0.359375 0
0.8125 0.359375 0
0.828125 0.359375 0
0.8125 0.375 0
0.828125 0.375 0
0.828125 0.359375 0
0.84375 0.359375 0
0.828125 0.375 0
0.84375 0.375 0
0.84375 0.34375 0
0.859375 0.34375 0
0.84375 0.359375 0
0.859375 0.359375 0
0.859375 0.34375 0
0.875 0.34375 0
0.859375 0.359375 0
0.875 0.359375 0
0.84375 0.359375 0
0.859375 0.359375 0
0.84375 0.375 0
0.859375 0.375 0
0.859375 0.359375 0
0.875 0.359375 0
0.859375 0.375 0
0.875 0.375 0
0.875 0.25 0
0.890625 0.25 0
0.875 0.265625 0
0.890625 0.265625 0
0.890625 0.25 0
0.90625 0.25 0
0.890625 0.265625 0
0.90625 0.265625 0
0.875 0.265625 0
0.890625 0.265625 0
0.875 0.28125 0
0.890625 0.28125 0
0.890625 0.265625 0
0.90625 0.265625 0
0.890625 0.28125 0
0.90625 0.28125 0
0.90625 0.25 0
0.921875 0.25 0
0.90625 0.265625 0
0.921875 0.265625 0
0.921875 0.25 0
0.9375 0.25 0
0.921875 0.265625 0
0.9375 0.265625 0
0.90625 0.265625 0
0.921875 0.265625 0
0.90625 0.28125 0
0.921875 0.28125 0
0.921875 0.265625 0
0.9375 0.265625 0
0.921875 0.28125 0
0.9375 0.28125 0
0.875 0.28125 0
0.890625 0.28125 0
0.875 0.296875 0
0.890625 0.296875 0
0.890625 0.28125 0
0.90625 0.28125 0
0.890625 0.296875 0
0.90625 0.296875 0
0.875 0.296875 0
0.890625 0.296875 0
0.875 0.3125 0
0.890625 0.3125 0
0.890625 0.296875 0
0.90625 0.296875 0
0.890625 0.3125 0
0.90625 0.3125 0
0.90625 0.28125 0
0.921875 0.28125 0
0.90625 0.296875 0
0.921875 0.296875 0
0.921875 0.28125 0
0.9375 0.28125 0
0.921875 0.296875 0
0.9375 0.296875 0
0.90625 0.296875 0
0.921875 0.296875 0
0.90625 0.3125 0
0.921875 0.3125 0
0.921875 0.296875 0
0.9375 0.296875 0
0.921875 0.3125 0
0.9375 0.3125 0
0.9375 0.25 0
0.953125 0.25 0
0.9375 0.265625 0
0.953125 0.265625 0
0.953125 0.25 0
0.96875 0.25 0
0.953125 0.265625 0
0.96875 0.265625 0
0.9375 0.265625 0
0.953125 0.265625 0
0.9375 0.28125 0
0.953125 0.28125 0
0.953125 0.265625 0
0.96875 0.265625 0
0.953125 0.28125 0
0.96875 0.28125 0
0.96875 0.25 0
0.984375 0.25 0
0.96875 0.265625 0
0.984375 0.265625 0
0.984375 0.25 0
1 0.25 0
0.984375 0.265625 0
1 0.265625 0
0.96875 0.265625 0
0.984375 0.265625 0
0.96875 0.28125 0
0.984375 0.28125 0
0.984375 0.265625 0
1 0.265625 0
0.984375 0.28125 0
1 0.28125 0
0.9375 0.28125 0
0.953125 0.28125 0
0.9375 0.296875 0
0.953125 0.296875 0
0.953125 0.28125 0
0.96875 0.28125 0
0.953125 0.296875 0
0.96875 0.296875 0
0.9375 0.296875 0
0.953125 0.296875 0
0.9375 0.3125 0
0.953125 0.3125 0
0.953125 0.296875 0
0.96875 0.296875 0
0.953125 0.3125 0
0.96875 0.3125 0
0.96875 0.28125 0
0.984375 0.28125 0
0.96875 0.296875 0
0.984375 0.296875 0
0.984375 0.28125 0
1 0.28125 0
0.984375 0.296875 0
1 0.296875 0
0.96875 0.296875 0
0.984375 0.296875 0
0.96875 0.3125 0
0.984375 0.3125 0
0.984375 0.296875 0
1 0.296875 0
0.984375 0.3125 0
1 0.3125 0
0.875 0.3125 0
0.890625 0.3125 0
0.875 0.328125 0
0.890625 0.328125 0
0.890625 0.3125 0
0.90625 0.3125 0
0.890625 0.328125 0
0.90625 0.328125 0
0.875 0.328125 0
0.890625 0.328125 0
0.875 0.34375 0
0.890625 0.34375 0
0.890625 0.328125 0
0.90625 0.328125 0
0.890625 0.34375 0
0.90625 0.34375 0
0.90625 0.3125 0
0.921875 0.3125 0
0.90625 0.328125 0
0.921875 0.328125 0
0.921875 0.3125 0
0.9375 0.3125 0
0.921875 0.328125 0
0.9375 0.328125 0
0.90625 0.328125 0
0.921875 0.328125 0
0.90625 0.34375 0
0.921875 0.34375 0
0.921875 0.328125 0
0.9375 0.328125 0
0.921875 0.34375 0
0.9375 0.34375 0
0.875 0.34375 0
0.890625 0.34375 0
0.875 0.359375 0
0.890625 0.359375 0
0.890625 0.34375 0
0.90625 0.34375 0
0.890625 0.359375 0
0.90625 0.359375 0
0.875 0.359375 0
0.890625 0.359375 0
0.875 0.375 0
0.890625 0.375 0
0.890625 0.359375 0
0.90625 0.359375 0
0.890625 0.375 0
0.90625 0.375 0
0.90625 0.34375 0
0.921875 0.34375 0
0.90625 0.359375 0
0.921875 0.359375 0
0.921875 0.34375 0
0.9375 0.34375 0
0.921875 0.359375 0
0.9375 0.359375 0
0.90625 0.359375 0
0.921875 0.359375 0
0.90625 0.375 0
0.921875 0.375 0
0.921875 0.359375 0
0.9375 0.359375 0
0.921875 0.375 0
0.9375 0.375 0
0.9375 0.3125 0
0.953125 0.3125 0
0.9375 0.328125 0
0.953125 0.328125 0
0.953125 0.3125 0
0.96875 0.3125 0
0.953125 0.328125 0
0.96875 0.328125 0
0.9375 0.328125 0
0.953125 0.328125 0
0.9375 0.34375 0
0.953125 0.34375 0
0.953125 0.328125 0
0.96875 0.328125 0
0.953125 0.34375 0
0.96875 0.34375 0
0.96875 0.3125 0
0.984375 0.3125 0
0.96875 0.328125 0
0.984375 0.328125 0
0.984375 0.3125 0
1 0.3125 0
0.984375 0.328125 0
1 0.328125 0
0.96875 0.328125 0
0.984375 0.328125 0
0.96875 0.34375 0
0.984375 0.34375 0
0.984375 0.328125 0
1 0.328125 0
0.984375 0.34375 0
1 0.34375 0
0.9375 0.34375 0
0.953125 0.34375 0
0.9375 0.359375 0
0.953125 0.359375 0
0.953125 0.34375 0
0.96875 0.34375 0
0.953125 0.359375 0
0.96875 0.359375 0
0.9375 0.359375 0
0.953125 0.359375 0
0.9375 0.375 0
0.953125 0.375 0
0.953125 0.359375 0
0.96875 0.359375 0
0.953125 0.375 0
0.96875 0.375 0
0.96875 0.34375 0
0.984375 0.34375 0
0.96875 0.359375 0
0.984375 0.359375 0
0.984375 0.34375 0
1 0.34375 0
0.984375 0.359375 0
1 0.359375 0
0.96875 0.359375 0
0.984375 0.359375 0
0.96875 0.375 0
0.984375 0.375 0
0.984375 0.359375 0
1 0.359375 0
0.984375 0.375 0
1 0.375 0
0.75 0.375 0
0.765625 0.375 0
0.75 0.390625 0
0.765625 0.390625 0
0.765625 0.375 0
0.78125 0.375 0
0.765625 0.390625 0
0.78125 0.390625 0
0.75 0.390625 0
0.765625 0.390625 0
0.75 0.40625 0
0.765625 0.40625 0
0.765625 0.390625 0
0.78125 0.390625 0
0.765625 0.40625 0
0.78125 0.40625 0
0.78125 0.375 0
0.796875 0.375 0
0.78125 0.390625 0
0.796875 0.390625 0
0.796875 0.375 0
0.8125 0.375 0
0.796875 0.390625 0
0.8125 0.390625 0
0.78125 0.390625 0
0.796875 0.390625 0
0.78125 0.40625 0
0.796875 0.40625 0
0.796875 0.390625 0
0.8125 0.390625 0
0.796875 0.40625 0
0.8125 0.40625 0
0.75 0.40625 0
0.765625 0.40625 0
0.75 0.421875 0
0.765625 0.421875 0
0.765625 0.40625 0
0.78125 0.40625 0
0.765625 0.421875 0
0.78125 0.421875 0
0.75 0.421875 0
0.765625 0.421875 0
0.75 0.4375 0
0.765625 0.4375 0
0.765625 0.421875 0
0.78125 0.421875 0
0.765625 0.4375 0
0.78125 0.4375 0
0.78125 0.40625 0
0.796875 0.40625 0
0.78125 0.421875 0
0.796875 0.421875 0
0.796875 0.40625 0
0.8125 0.40625 0
0.796875 0.421875 0
0.8125 0.421875 0
0.78125 0.421875 0
0.796875 0.421875 0
0.78125 0.4375 0
0.796875 0.4375 0
0.796875 0.421875 0
0.8125 0.421875 0
0.796875 0.4375 0
0.8125 0.4375 0
0.8125 0.375 0
0.828125 0.375 0
0.8125 0.390625 0
0.828125 0.390625 0
0.828125 0.375 0
0.84375 0.375 0
0.828125 0.390625 0
0.84375 0.390625 0
0.8125 0.390625 0
0.828125 0.390625 0
0.8125 0.40625 0
0.828125 0.40625 0
0.828125 0.390625 0
0.84375 0.390625 0
0.828125 0.40625 0
0.84375 0.40625 0
0.84375 0.375 0
0.859375 0.375 0
0.84375 0.390625 0
0.859375 0.390625 0
0.859375 0.375 0
0.875 0.375 0
0.859375 0.390625 0
0.875 0.390625 0
0.84375 0.390625 0
0.859375 0.390625 0
0.84375 0.40625 0
0.859375 0.40625 0
0.859375 0.390625 0
0.875 0.390625 0
0.859375 0.40625 0
0.875 0.40625 0
0.8125 0.40625 0
0.828125 0.40625 0
0.8125 0.421875 0
0.828125 0.421875 0
0.828125 0.40625 0
0.84375 0.40625 0
0.828125 0.421875 0
0.84375 0.421875 0
0.8125 0.421875 0
0.828125 0.421875 0
0.8125 0.4375 0
0.828125 0.4375 0
0.828125 0.421875 0
0.84375 0.421875 0
0.828125 0.4375 0
0.84375 0.4375 0
0.84375 0.40625 0
0.859375 0.40625 0
0.84375 0.421875 0
0.859375 0.421875 0
0.859375 0.40625 0
0.875 0.40625 0
0.859375 0.421875 0
0.875 0.421875 0
0.84375 0.421875 0
0.859375 0.421875 0
0.84375 0.4375 0
0.859375 0.4375 0
0.859375 0.421875 0
0.875 0.421875 0
0.859375 0.4375 0
0.875 0.4375 0
0.75 0.4375 0
0.765625 0.4375 0
0.75 0.453125 0
0.765625 0.453125 0
0.765625 0.4375 0
0.78125 0.4375 0
0.765625 0.453125 0
0.78125 0.453125 0
0.75 0.453125 0
0.765625 0.453125 0
0.75 0.46875 0
0.765625 0.46875 0
0.765625 0.453125 0
0.78125 0.453125 0
0.765625 0.46875 0
0.78125 0.46875 0
0.78125 0.4375 0
0.796875 0.4375 0
0.78125 0.453125 0
0.796875 0.453125 0
0.796875 0.4375 0
0.8125 0.4375 0
0.796875 0.453125 0
0.8125 0.453125 0
0.78125 0.453125 0
0.796875 0.453125 0
0.78125 0.46875 0
0.796875 0.46875 0
0.796875 0.453125 0
0.8125 0.453125 0
0.796875 0.46875 0
0.8125 0.46875 0
0.75 0.46875 0
0.765625 0.46875 0
0.75 0.484375 0
0.765625 0.484375 0
0.765625 0.46875 0
0.78125 0.46875 0
0.765625 0.484375 0
0.78125 0.484375 0
0.75 0.484375 0
0.765625 0.484375 0
0.75 0.5 0
0.765625 0.5 0
0.765625 0.484375 0
0.78125 0.484375 0
0.765625 0.5 0
0.78125 0.5 0
0.78125 0.46875 0
0.796875 0.46875 0
0.78125 0.484375 0
0.796875 0.484375 0
0.796875 0.46875 0
0.8125 0.46875 0
0.796875 0.484375 0
0.8125 0.484375 0
0.78125 0.484375 0
0.796875 0.484375 0
0.78125 0.5 0
0.796875 0.5 0
0.796875 0.484375 0
0.8125 0.484375 0
0.796875 0.5 0
0.8125 0.5 0
0.8125 0.4375 0
0.828125 0.4375 0
0.8125 0.453125 0
0.828125 0.453125 0
0.828125 0.4375 0
0.84375 0.4375 0
0.828125 0.453125 0
0.84375 0.453125 0
0.8125 0.453125 0
0.828125 0.453125 0
0.8125 0.46875 0
0.828125 0.46875 0
0.828125 0.453125 0
0.84375 0.453125 0
0.828125 0.46875 0
0.84375 0.46875 0
0.84375 0.4375 0
0.859375 0.4375 0
0.84375 0.453125 0
0.859375 0.453125 0
0.859375 0.4375 0
0.875 0.4375 0
0.859375 0.453125 0
0.875 0.453125 0
0.84375 0.453125 0
0.859375 0.453125 0
0.84375 0.46875 0
0.859375 0.46875 0
0.859375 0.453125 0
0.875 0.453125 0
0.859375 0.46875 0
0.875 0.46875 0
0.8125 0.46875 0
0.828125 0.46875 0
0.8125 0.484375 0
0.828125 0.484375 0
0.828125 0.46875 0
0.84375 0.46875 0
0.828125 0.484375 0
0.84375 0.484375 0
0.8125 0.484375 0
0.828125 0.484375 0
0.8125 0.5 0
0.828125 0.5 0
0.828125 0.484375 0
0.84375 0.484375 0
0.828125 0.5 0
0.84375 0.5 0
0.84375 0.46875 0
0.859375 0.46875 0
0.84375 0.484375 0
0.859375 0.484375 0
0.859375 0.46875 0
0.875 0.46875 0
0.859375 0.484375 0
0.875 0.484375 0
0.84375 0.484375 0
0.859375 0.484375 0
0.84375 0.5 0
0.859375 0.5 0
0.859375 0.484375 0
0.875 0.484375 0
0.859375 0.5 0
0.875 0.5 0
0.875 0.375 0
0.890625 0.375 0
0.875 0.390625 0
0.890625 0.390625 0
0.890625 0.375 0
0.90625 0.375 0
0.890625 0.390625 0
0.90625 0.390625 0
0.875 0.390625 0
0.890625 0.390625 0
0.875 0.40625 0
0.890625 0.40625 0
0.890625 0.390625 0
0.90625 0.390625 0
0.890625 0.40625 0
0.90625 0.40625 0
0.90625 0.375 0
0.921875 0.375 0
0.90625 0.390625 0
0.921875 0.390625 0
0.921875 0.375 0
0.9375 0.375 0
0.921875 0.390625 0
0.9375 0.390625 0
0.90625 0.390625 0
0.921875 0.390625 0
0.90625 0.40625 0
0.921875 0.40625 0
0.921875 0.390625 0
0.9375 0.390625 0
0.921875 0.40625 0
0.9375 0.40625 0
0.875 0.40625 0
0.890625 0.40625 0
0.875 0.421875 0
0.890625 0.421875 0
0.890625 0.40625 0
0.90625 0.40625 0
0.890625 0.421875 0
0.90625 0.421875 0
0.875 0.421875 0
0.890625 0.421875 0
0.875 0.4375 0
0.890625 0.4375 0
0.890625 0.421875 0
0.90625 0.421875 0
0.890625 0.4375 0
0.90625 0.4375 0
0.90625 0.40625 0
0.921875 0.40625 0
0.90625 0.421875 0
0.921875 0.421875 0
0.921875 0.40625 0
0.9375 0.40625 0
0.921875 0.421875 0
0.9375 0.421875 0
0.90625 0.421875 0
0.921875 0.421875 0
0.90625 0.4375 0
0.921875 0.4375 0
0.921875 0.421875 0
0.9375 0.421875 0
0.921875 0.4375 0
0.9375 0.4375 0
0.9375 0.375 0
0.953125 0.375 0
0.9375 0.390625 0
0.953125 0.390625 0
0.953125 0.375 0
0.96875 0.375 0
0.953125 0.390625 0
0.96875 0.390625 0
0.9375 0.390625 0
0.953125 0.390625 0
0.9375 0.40625 0
0.953125 0.40625 0
0.953125 0.390625 0
0.96875 0.390625 0
0.953125 0.40625 0
0.96875 0.40625 0
0.96875 0.375 0
0.984375 0.375 0
0.96875 0.390625 0
0.984375 0.390625 0
0.984375 0.375 0
1 0.375 0
0.984375 0.390625 0
1 0.390625 0
0.96875 0.390625 0
0.984375 0.390625 0
0.96875 0.40625 0
0.984375 0.40625 0
0.984375 0.390625 0
1 0.390625 0
0.984375 0.40625 0
1 0.40625 0
0.9375 0.40625 0
0.953125 0.40625 0
0.9375 0.421875 0
0.953125 0.421875 0
0.953125 0.40625 0
0.96875 0.40625 0
0.953125 0.421875 0
0.96875 0.421875 0
0.9375 0.421875 0
0.953125 0.421875 0
0.9375 0.4375 0
0.953125 0.4375 0
0.953125 0.421875 0
0.96875 0.421875 0
0.953125 0.4375 0
0.96875 0.4375 0
0.96875 0.40625 0
0.984375 0.40625 0
0.96875 0.421875 0
0.984375 0.421875 0
0.984375 0.40625 0
1 0.40625 0
0.984375 0.421875 0
1 0.421875 0
0.96875 0.421875 0
0.984375 0.421875 0
0.96875 0.4375 0
0.984375 0.4375 0
0.984375 0.421875 0
1 0.421875 0
0.984375 0.4375 0
1 0.4375 0
0.875 0.4375 0
0.890625 0.4375 0
0.875 0.453125 0
0.890625 0.453125 0
0.890625 0.4375 0
0.90625 0.4375 0
0.890625 0.453125 0
0.90625 0.453125 0
0.875 0.453125 0
0.890625 0.453125 0
0.875 0.46875 0
0.890625 0.46875 0
0.890625 0.453125 0
0.90625 0.453125 0
0.890625 0.46875 0
0.90625 0.46875 0
0.90625 0.4375 0
0.921875 0.4375 0
0.90625 0.453125 0
0.921875 0.453125 0
0.921875 0.4375 0
0.9375 0.4375 0
0.921875 0.453125 0
0.9375 0.453125 0
0.90625 0.453125 0
0.921875 0.453125 0
0.90625 0.46875 0
0.921875 0.46875 0
0.921875 0.453125 0
0.9375 0.453125 0
0.921875 0.46875 0
0.9375 0.46875 0
0.875 0.46875 0
0.890625 0.46875 0
0.875 0.484375 0
0.890625 0.484375 0
0.890625 0.46875 0
0.90625 0.46875 0
0.890625 0.484375 0
0.90625 0.484375 0
0.875 0.484375 0
0.890625 0.484375 0
0.875 0.5 0
0.890625 0.5 0
0.890625 0.484375 0
0.90625 0.484375 0
0.890625 0.5 0
0.90625 0.5 0
0.90625 0.46875 0
0.921875 0.46875 0
0.90625 0.484375 0
0.921875 0.484375 0
0.921875 0.46875 0
0.9375 0.46875 0
0.921875 0.484375 0
0.9375 0.484375 0
0.90625 0.484375 0
0.921875 0.484375 0
0.90625 0.5 0
0.921875 0.5 0
0.921875 0.484375 0
0.9375 0.484375 0
0.921875 0.5 0
0.9375 0.5 0
0.9375 0.4375 0
0.953125 0.4375 0
0.9375 0.453125 0
0.953125 0.453125 0
0.953125 0.4375 0
0.96875 0.4375 0
0.953125 0.453125 0
0.96875 0.453125 0
0.9375 0.453125 0
0.953125 0.453125 0
0.9375 0.46875 0
0.953125 0.46875 0
0.953125 0.453125 0
0.96875 0.453125 0
0.953125 0.46875 0
0.96875 0.46875 0
0.96875 0.4375 0
0.984375 0.4375 0
0.96875 0.453125 0
0.984375 0.453125 0
0.984375 0.4375 0
1 0.4375 0
0.984375 0.453125 0
1 0.453125 0
0.96875 0.453125 0
0.984375 0.453125 0
0.96875 0.46875 0
0.984375 0.46875 0
0.984375 0.453125 0
1 0.453125 0
0.984375 0.46875 0
1 0.46875 0
0.9375 0.46875 0
0.953125 0.46875 0
0.9375 0.484375 0
0.953125 0.484375 0
0.953125 0.46875 0
0.96875 0.46875 0
0.953125 0.484375 0
0.96875 0.484375 0
0.9375 0.484375 0
0.953125 0.484375 0
0.9375 0.5 0
0.953125 0.5 0
0.953125 0.484375 0
0.96875 0.484375 0
0.953125 0.5 0
0.96875 0.5 0
0.96875 0.46875 0
0.984375 0.46875 0
0.96875 0.484375 0
0.984375 0.484375 0
0.984375 0.46875 0
1 0.46875 0
0.984375 0.484375 0
1 0.484375 0
0.96875 0.484375 0
0.984375 0.484375 0
0.96875 0.5 0
0.984375 0.5 0
0.984375 0.484375 0
1 0.484375 0
0.984375 0.5 0
1 0.5 0
0 0.5 0
0.015625 0.5 0
0 0.515625 0
0.015625 0.515625 0
0.015625 0.5 0
0.03125 0.5 0
0.015625 0.515625 0
0.03125 0.515625 0
0 0.515625 0
0.015625 0.515625 0
0 0.53125 0
0.015625 0.53125 0
0.015625 0.515625 0
0.03125 0.515625 0
0.015625 0.53125 0
0.03125 0.53125 0
0.03125 0.5 0
0.046875 0.5 0
0.03125 0.515625 0
0.046875 0.515625 0
0.046875 0.5 0
0.0625 0.5 0
0.046875 0.515625 0
0.0625 0.515625 0
0.03125 0.515625 0
0.046875 0.515625 0
0.03125 0.53125 0
0.046875 0.53125 0
0.046875 0.515625 0
0.0625 0.515625 0
0.046875 0.53125 0
0.0625 0.53125 0
0 0.53125 0
0.015625 0.53125 0
0 0.546875 0
0.015625 0.546875 0
0.015625 0.53125 0
0.03125 0.53125 0
0.015625 0.546875 0
0.03125 0.546875 0
0 0.546875 0
0.015625 0.546875 0
0 0.5625 0
0.015625 0.5625 0
0.015625 0.546875 0
0.03125 0.546875 0
0.015625 0.5625 0
0.03125 0.5625 0
0.03125 0.53125 0
0.046875 0.53125 0
0.03125 0.546875 0
0.046875 0.546875 0
0.046875 0.53125 0
0.0625 0.53125 0
0.046875 0.546875 0
0.0625 0.546875 0
0.03125 0.546875 0
0.046875 0.546875 0
0.03125 0.5625 0
0.046875 0.5625 0
0.046875 0.546875 0
0.0625 0.546875 0
0.046875 0.5625 0
0.0625 0.5625 0
0.0625 0.5 0
0.078125 0.5 0
0.0625 0.515625 0
0.078125 0.515625 0
0.078125 0.5 0
0.09375 0.5 0
0.078125 0.515625 0
0.09375 0.515625 0
0.0625 0.515625 0
0.078125 0.515625 0
0.0625 0.53125 0
0.078125 0.53125 0
0.078125 0.515625 0
0.09375 0.515625 0
0.078125 0.53125 0
0.09375 0.53125 0
0.09375 0.5 0
0.109375 0.5 0
0.09375 0.515625 0
0.109375 0.515625 0
0.109375 0.5 0
0.125 0.5 0
0.109375 0.515625 0
0.125 0.515625 0
0.09375 0.515625 0
0.109375 0.515625 0
0.09375 0.53125 0
0.109375 0.53125 0
0.109375 0.515625 0
0.125 0.515625 0
0.109375 0.53125 0
0.125 0.53125 0
0.0625 0.53125 0
0.078125 0.53125 0
0.0625 0.546875 0
0.078125 0.546875 0
0.078125 0.53125 0
0.09375 0.53125 0
0.078125 0.546875 0
0.09375 0.546875 0
0.0625 0.546875 0
0.078125 0.546875 0
0.0625 0.5625 0
0.078125 0.5625 0
0.078125 0.546875 0
0.09375 0.546875 0
0.078125 0.5625 0
0.09375 0.5625 0
0.09375 0.53125 0
0.109375 0.53125 0
0.09375 0.546875 0
0.109375 0.546875 0
0.109375 0.53125 0
0.125 0.53125 0
0.109375 0.546875 0
0.125 0.546875 0
0.09375 0.546875 0
0.109375 0.546875 0
0.09375 0.5625 0
0.109375 0.5625 0
0.109375 0.546875 0
0.125 0.546875 0
0.109375 0.5625 0
0.125 0.5625 0
0 0.5625 0
0.015625 0.5625 0
0 0.578125 0
0.015625 0.578125 0
0.015625 0.5625 0
0.03125 0.5625 0
0.015625 0.578125 0
0.03125 0.578125 0
0 0.578125 0
0.015625 0.578125 0
0 0.59375 0
0.015625 0.59375 0
0.015625 0.578125 0
0.03125 0.578125 0
0.015625 0.59375 0
0.03125 0.59375 0
0.03125 0.5625 0
0.046875 0.5625 0
0.03125 0.578125 0
0.046875 0.578125 0
0.046875 0.5625 0
0.0625 0.5625 0
0.046875 0.578125 0
0.0625 0.578125 0
0.03125 0.578125 0
0.046875 0.578125 0
0.03125 0.59375 0
0.046875 0.59375 0
0.046875 0.578125 0
0.0625 0.578125 0
0.046875 0.59375 0
0.0625 0.59375 0
0 0.59375 0
0.015625 0.59375 0
0 0.609375 0
0.015625 0.609375 0
0.015625 0.59375 0
0.03125 0.59375 0
0.015625 0.609375 0
0.03125 0.609375 0
0 0.609375 0
0.015625 0.609375 0
0 0.625 0
0.015625 0.625 0
0.015625 0.609375 0
0.03125 0.609375 0
0.015625 0.625 0
0.03125 0.625 0
0.03125 0.59375 0
0.046875 0.59375 0
0.03125 0.609375 0
0.046875 0.609375 0
0.046875 0.59375 0
0.0625 0.59375 0
0.046875 0.609375 0
0.0625 0.609375 0
0.03125 0.609375 0
0.046875 0.609375 0
0.03125 0.625 0
0.046875 0.625 0
0.046875 0.609375 0
0.0625 0.609375 0
0.046875 0.625 0
0.0625 0.625 0
0.0625 0.5625 0
0.078125 0.5625 0
0.0625 0.578125 0
0.078125 0.578125 0
0.078125 0.5625 0
0.09375 0.5625 0
0.078125 0.578125 0
0.09375 0.578125 0
0.0625 0.578125 0
0.078125 0.578125 0
0.0625 0.59375 0
0.078125 0.59375 0
0.078125 0.578125 0
0.09375 0.578125 0
0.078125 0.59375 0
0.09375 0.59375 0
0.09375 0.5625 0
0.109375 0.5625 0
0.09375 0.578125 0
0.109375 0.578125 0
0.109375 0.5625 0
0.125 0.5625 0
0.109375 0.578125 0
0.125 0.578125 0
0.09375 0.578125 0
0.109375 0.578125 0
0.09375 0.59375 0
0.109375 0.59375 0
0.109375 0.578125 0
0.125 0.578125 0
0.109375 0.59375 0
0.125 0.59375 0
0.0625 0.59375 0
0.078125 0.59375 0
0.0625 0.609375 0
0.078125 0.609375 0
0.078125 0.59375 0
0.09375 0.59375 0
0.078125 0.609375 0
0.09375 0.609375 0
0.0625 0.609375 0
0.078125 0.609375 0
0.0625 0.625 0
0.078125 0.625 0
0.078125 0.609375 0
0.09375 0.609375 0
0.078125 0.625 0
0.09375 0.625 0
0.09375 0.59375 0
0.109375 0.59375 0
0.09375 0.609375 0
0.109375 0.609375 0
0.109375 0.59375 0
0.125 0.59375 0
0.109375 0.609375 0
0.125 0.609375 0
0.09375 0.609375 0
0.109375 0.609375 0
0.09375 0.625 0
0.109375 0.625 0
0.109375 0.609375 0
0.125 0.609375 0
0.109375 0.625 0
0.125 0.625 0
0.125 0.5 0
0.140625 0.5 0
0.125 0.515625 0
0.140625 0.515625 0
0.140625 0.5 0
0.15625 0.5 0
0.140625 0.515625 0
0.15625 0.515625 0
0.125 0.515625 0
0.140625 0.515625 0
0.125 0.53125 0
0.140625 0.53125 0
0.140625 0.515625 0
0.15625 0.515625 0
0.140625 0.53125 0
0.15625 0.53125 0
0.15625 0.5 0
0.171875 0.5 0
0.15625 0.515625 0
0.171875 0.515625 0
0.171875 0.5 0
0.1875 0.5 0
0.171875 0.515625 0
0.1875 0.515625 0
0.15625 0.515625 0
0.171875 0.515625 0
0.15625 0.53125 0
0.171875 0.53125 0
0.171875 0.515625 0
0.1875 0.515625 0
0.171875 0.53125 0
0.1875 0.53125 0
0.125 0.53125 0
0.140625 0.53125 0
0.125 0.546875 0
0.140625 0.546875 0
0.140625 0.53125 0
0.15625 0.53125 0
0.140625 0.546875 0
0.15625 0.546875 0
0.125 0.546875 0
0.140625 0.546875 0
0.125 0.5625 0
0.140625 0.5625 0
0.140625 0.546875 0
0.15625 0.546875 0
0.140625 0.5625 0
0.15625 0.5625 0
0.15625 0.53125 0
0.171875 0.53125 0
0.15625 0.546875 0
0.171875 0.546875 0
0.171875 0.53125 0
0.1875 0.53125 0
0.171875 0.546875 0
0.1875 0.546875 0
0.15625 0.546875 0
0.171875 0.546875 0
0.15625 0.5625 0
0.171875 0.5625 0
0.171875 0.546875 0
0.1875 0.546875 0
0.171875 0.5625 0
0.1875 0.5625 0
0.1875 0.5 0
0.203125 0.5 0
0.1875 0.515625 0
0.203125 0.515625 0
0.203125 0.5 0
0.21875 0.5 0
0.203125 0.515625 0
0.21875 0.515625 0
0.1875 0.515625 0
0.203125 0.515625 0
0.1875 0.53125 0
0.203125 0.53125 0
0.203125 0.515625 0
0.21875 0.515625 0
0.203125 0.53125 0
0.21875 0.53125 0
0.21875 0.5 0
0.234375 0.5 0
0.21875 0.515625 0
0.234375 0.515625 0
0.234375 0.5 0
0.25 0.5 0
0.234375 0.515625 0
0.25 0.515625 0
0.21875 0.515625 0
0.234375 0.515625 0
0.21875 0.53125 0
0.234375 0.53125 0
0.234375 0.515625 0
0.25 0.515625 0
0.234375 0.53125 0
0.25 0.53125 0
0.1875 0.53125 0
0.203125 0.53125 0
0.1875 0.546875 0
0.203125 0.546875 0
0.203125 0.53125 0
0.21875 0.53125 0
0.203125 0.546875 0
0.21875 0.546875 0
0.1875 0.546875 0
0.203125 0.546875 0
0.1875 0.5625 0
0.203125 0.5625 0
0.203125 0.546875 0
0.21875 0.546875 0
0.203125 0.5625 0
0.21875 0.5625 0
0.21875 0.53125 0
0.234375 0.53125 0
0.21875 0.546875 0
0.234375 0.546875 0
0.234375 0.53125 0
0.25 0.53125 0
0.234375 0.546875 0
0.25 0.546875 0
0.21875 0.546875 0
0.234375 0.546875 0
0.21875 0.5625 0
0.234375 0.5625 0
0.234375 0.546875 0
0.25 0.546875 0
0.234375 0.5625 0
0.25 0.5625 0
0.125 0.5625 0
0.140625 0.5625 0
0.125 0.578125 0
0.140625 0.578125 0
0.140625 0.5625 0
0.15625 0.5625 0
0.140625 0.578125 0
0.15625 0.578125 0
0.125 0.578125 0
0.140625 0.578125 0
0.125 0.59375 0
0.140625 0.59375 0
0.140625 0.578125 0
0.15625 0.578125 0
0.140625 0.59375 0
0.15625 0.59375 0
0.15625 0.5625 0
0.171875 0.5625 0
0.15625 0.578125 0
0.171875 0.578125 0
0.171875 0.5625 0
0.1875 0.5625 0
0.171875 0.578125 0
0.1875 0.578125 0
0.15625 0.578125 0
0.171875 0.578125 0
0.15625 0.59375 0
0.171875 0.59375 0
0.171875 0.578125 0
0.1875 0.578125 0
0.171875 0.59375 0
0.1875 0.59375 0
0.125 0.59375 0
0.140625 0.59375 0
0.125 0.609375 0
0.140625 0.609375 0
0.140625 0.59375 0
0.15625 0.59375 0
0.140625 0.609375 0
0.15625 0.609375 0
0.125 0.609375 0
0.140625 0.609375 0
0.125 0.625 0
0.140625 0.625 0
0.140625 0.609375 0
0.15625 0.609375 0
0.140625 0.625 0
0.15625 0.625 0
0.15625 0.59375 0
0.171875 0.59375 0
0.15625 0.609375 0
0.171875 0.609375 0
0.171875 0.59375 0
0.1875 0.59375 0
0.171875 0.609375 0
0.1875 0.609375 0
0.15625 0.609375 0
0.171875 0.609375 0
0.15625 0.625 0
0.171875 0.625 0
0.171875 0.609375 0
0.1875 0.609375 0
0.171875 0.625 0
0.1875 0.625 0
0.1875 0.5625 0
0.203125 0.5625 0
0.1875 0.578125 0
0.203125 0.578125 0
0.203125 0.5625 0
0.21875 0.5625 0
0.203125 0.578125 0
0.21875 0.578125 0
0.1875 0.578125 0
0.203125 0.578125 0
0.1875 0.59375 0
0.203125 0.59375 0
0.203125 0.578125 0
0.21875 0.578125 0
0.203125 0.59375 0
0.21875 0.59375 0
0.21875 0.5625 0
0.234375 0.5625 0
0.21875 0.578125 0
0.234375 0.578125 0
0.234375 0.5625 0
0.25 0.5625 0
0.234375 0.578125 0
0.25 0.578125 0
0.21875 0.578125 0
0.234375 0.578125 0
0.21875 0.59375 0
0.234375 0.59375 0
0.234375 0.578125 0
0.25 0.578125 0
0.234375 0.59375 0
0.25 0.59375 0
0.1875 0.59375 0
0.203125 0.59375 0
0.1875 0.609375 0
0.203125 0.609375 0
0.203125 0.59375 0
0.21875 0.59375 0
0.203125 0.609375 0
0.21875 0.609375 0
0.1875 0.609375 0
0.203125 0.609375 0
0.1875 0.625 0
0.203125 0.625 0
0.203125 0.609375 0
0.21875 0.609375 0
0.203125 0.625 0
0.21875 0.625 0
0.21875 0.59375 0
0.234375 0.59375 0
0.21875 0.609375 0
0.234375 0.609375 0
0.234375 0.59375 0
0.25 0.59375 0
0.234375 0.609375 0
0.25 0.609375 0
0.21875 0.609375 0
0.234375 0.609375 0
0.21875 0.625 0
0.234375 0.625 0
0.234375 0.609375 0
0.25 0.609375 0
0.234375 0.625 0
0.25 0.625 0
0 0.625 0
0.015625 0.625 0
0 0.640625 0
0.015625 0.640625 0
0.015625 0.625 0
0.03125 0.625 0
0.015625 0.640625 0
0.03125 0.640625 0
0 0.640625 0
0.015625 0.640625 0
0 0.65625 0
0.015625 0.65625 0
0.015625 0.640625 0
0.03125 0.640625 0
0.015625 0.65625 0
0.03125 0.65625 0
0.03125 0.625 0
0.046875 0.625 0
0.03125 0.640625 0
0.046875 0.640625 0
0.046875 0.625 0
0.0625 0.625 0
0.046875 0.640625 0
0.0625 0.640625 0
0.03125 0.640625 0
0.046875 0.640625 0
0.03125 0.65625 0
0.046875 0.65625 0
0.046875 0.640625 0
0.0625 0.640625 0
0.046875 0.65625 0
0.0625 0.65625 0
0 0.65625 0
0.015625 0.65625 0
0 0.671875 0
0.015625 0.671875 0
0.015625 0.65625 0
0.03125 0.65625 0
0.015625 0.671875 0
0.03125 0.671875 0
0 0.671875 0
0.015625 0.671875 0
0 0.6875 0
0.015625 0.6875 0
0.015625 0.671875 0
0.03125 0.671875 0
0.015625 0.6875 0
0.03125 0.6875 0
0.03125 0.65625 0
0.046875 0.65625 0
0.03125 0.671875 0
0.046875 0.671875 0
0.046875 0.65625 0
0.0625 0.65625 0
0.046875 0.671875 0
0.0625 0.671875 0
0.03125 0.671875 0
0.046875 0.671875 0
0.03125 0.6875 0
0.046875 0.6875 0
0.046875 0.671875 0
0.0625 0.671875 0
0.046875 0.6875 0
0.0625 0.6875 0
0.0625 0.625 0
0.078125 0.625 0
0.0625 0.640625 0
0.078125 0.640625 0
0.078125 0.625 0
0.09375 0.625 0
0.078125 0.640625 0
0.09375 0.640625 0
0.0625 0.640625 0
0.078125 0.640625 0
0.0625 0.65625 0
0.078125 0.65625 0
0.078125 0.640625 0
0.09375 0.640625 0
0.078125 0.65625 0
0.09375 0.65625 0
0.09375 0.625 0
0.109375 0.625 0
0.09375 0.640625 0
0.109375 0.640625 0
0.109375 0.625 0
0.125 0.625 0
0.109375 0.640625 0
0.125 0.640625 0
0.09375 0.640625 0
0.109375 0.640625 0
0.09375 0.65625 0
0.109375 0.65625 0
0.109375 0.640625 0
0.125 0.640625 0
0.109375 0.65625 0
0.125 0.65625 0
0.0625 0.65625 0
0.078125 0.65625 0
0.0625 0.671875 0
0.078125 0.671875 0
0.078125 0.65625 0
0.09375 0.65625 0
0.078125 0.671875 0
0.09375 0.671875 0
0.0625 0.671875 0
0.078125 0.671875 0
0.0625 0.6875 0
0.078125 0.6875 0
0.078125 0.671875 0
0.09375 0.671875 0
0.078125 0.6875 0
0.09375 0.6875 0
0.09375 0.65625 0
0.109375 0.65625 0
0.09375 0.671875 0
0.109375 0.671875 0
0.109375 0.65625 0
0.125 0.65625 0
0.109375 0.671875 0
0.125 0.671875 0
0.09375 0.671875 0
0.109375 0.671875 0
0.09375 0.6875 0
0.109375 0.6875 0
0.109375 0.671875 0
0.125 0.671875 0
0.109375 0.6875 0
0.125 0.6875 0
0 0.6875 0
0.015625 0.6875 0
0 0.703125 0
0.015625 0.703125 0
0.015625 0.6875 0
0.03125 0.6875 0
0.015625 0.703125 0
0.03125 0.703125 0
0 0.703125 0
0.015625 0.703125 0
0 0.71875 0
0.015625 0.71875 0
0.015625 0.703125 0
0.03125 0.703125 0
0.015625 0.71875 0
0.03125 0.71875 0
0.03125 0.6875 0
0.046875 0.6875 0
0.03125 0.703125 0
0.046875 0.703125 0
0.046875 0.6875 0
0.0625 0.6875 0
0.046875 0.703125 0
0.0625 0.703125 0
0.03125 0.703125 0
0.046875 0.703125 0
0.03125 0.71875 0
0.046875 0.71875 0
0.046875 0.703125 0
0.0625 0.703125 0
0.046875 0.71875 0
0.0625 0.71875 0
0 0.71875 0
0.015625 0.71875 0
0 0.734375 0
0.015625 0.734375 0
0.015625 0.71875 0
0.03125 0.71875 0
0.015625 0.734375 0
0.03125 0.734375 0
0 0.734375 0
0.015625 0.734375 0
0 0.75 0
0.015625 0.75 0
0.015625 0.734375 0
0.03125 0.734375 0
0.015625 0.75 0
0.03125 0.75 0
0.03125 0.71875 0
0.046875 0.71875 0
0.03125 0.734375 0
0.046875 0.734375 0
0.046875 0.71875 0
0.0625 0.71875 0
0.046875 0.734375 0
0.0625 0.734375 0
0.03125 0.734375 0
0.046875 0.734375 0
0.03125 0.75 0
0.046875 0.75 0
0.046875 0.734375 0
0.0625 0.734375 0
0.046875 0.75 0
0.0625 0.75 0
0.0625 0.6875 0
0.078125 0.6875 0
0.0625 0.703125 0
0.078125 0.703125 0
0.078125 0.6875 0
0.09375 0.6875 0
0.078125 0.703125 0
0.09375 0.703125 0
0.0625 0.703125 0
0.078125 0.703125 0
0.0625 0.71875 0
0.078125 0.71875 0
0.078125 0.703125 0
0.09375 0.703125 0
0.078125 0.71875 0
0.09375 0.71875 0
0.09375 0.6875 0
0.109375 0.6875 0
0.09375 0.703125 0
0.109375 0.703125 0
0.109375 0.6875 0
0.125 0.6875 0
0.109375 0.703125 0
0.125 0.703125 0
0.09375 0.703125 0
0.109375 0.703125 0
0.09375 0.71875 0
0.109375 0.71875 0
0.109375 0.703125 0
0.125 0.703125 0
0.109375 0.71875 0
0.125 0.71875 0
0.0625 0.71875 0
0.078125 0.71875 0
0.0625 0.734375 0
0.078125 0.734375 0
0.078125 0.71875 0
0.09375 0.71875 0
0.078125 0.734375 0
0.09375 0.734375 0
0.0625 0.734375 0
0.078125 0.734375 0
0.0625 0.75 0
0.078125 0.75 0
0.078125 0.734375 0
0.09375 0.734375 0
0.078125 0.75 0
0.09375 0.75 0
0.09375 0.71875 0
0.109375 0.71875 0
0.09375 0.734375 0
0.109375 0.734375 0
0.109375 0.71875 0
0.125 0.71875 0
0.109375 0.734375 0
0.125 0.734375 0
0.09375 0.734375 0
0.109375 0.734375 0
0.09375 0.75 0
0.109375 0.75 0
0.109375 0.734375 0
0.125 0.734375 0
0.109375 0.75 0
0.125 0.75 0
0.125 0.625 0
0.140625 0.625 0
0.125 0.640625 0
0.140625 0.640625 0
0.140625 0.625 0
0.15625 0.625 0
0.140625 0.640625 0
0.15625 0.640625 0
0.125 0.640625 0
0.140625 0.640625 0
0.125 0.65625 0
0.140625 0.65625 0
0.140625 0.640625 0
0.15625 0.640625 0
0.140625 0.65625 0
0.15625 0.65625 0
0.15625 0.625 0
0.171875 0.625 0
0.15625 0.640625 0
0.171875 0.640625 0
0.171875 0.625 0
0.1875 0.625 0
0.171875 0.640625 0
0.1875 0.640625 0
0.15625 0.640625 0
0.171875 0.640625 0
0.15625 0.65625 0
0.171875 0.65625 0
0.171875 0.640625 0
0.1875 0.640625 0
0.171875 0.65625 0
0.1875 0.65625 0
0.125 0.65625 0
0.140625 0.65625 0
0.125 0.671875 0
0.140625 0.671875 0
0.140625 0.65625 0
0.15625 0.65625 0
0.140625 0.671875 0
0.15625 0.671875 0
0.125 0.671875 0
0.140625 0.671875 0
0.125 0.6875 0
0.140625 0.6875 0
0.140625 0.671875 0
0.15625 0.671875 0
0.140625 0.6875 0
0.15625 0.6875 0
0.15625 0.65625 0
0.171875 0.65625 0
0.15625 0.671875 0
0.171875 0.671875 0
0.171875 0.65625 0
0.1875 0.65625 0
0.171875 0.671875 0
0.1875 0.671875 0
0.15625 0.671875 0
0.171875 0.671875 0
0.15625 0.6875 0
0.171875 0.6875 0
0.171875 0.671875 0
0.1875 0.671875 0
0.171875 0.6875 0
0.1875 0.6875 0
0.1875 0.625 0
0.203125 0.625 0
0.1875 0.640625 0
0.203125 0.640625 0
0.203125 0.625 0
0.21875 0.625 0
0.203125 0.640625 0
0.21875 0.640625 0
0.1875 0.640625 0
0.203125 0.640625 0
0.1875 0.65625 0
0.203125 0.65625 0
0.203125 0.640625 0
0.21875 0.640625 0
0.203125 0.65625 0
0.21875 0.65625 0
0.21875 0.625 0
0.234375 0.625 0
0.21875 0.640625 0
0.234375 0.640625 0
0.234375 0.625 0
0.25 0.625 0
0.234375 0.640625 0
0.25 0.640625 0
0.21875 0.640625 0
0.234375 0.640625 0
0.21875 0.65625 0
0.234375 0.65625 0
0.234375 0.640625 0
0.25 0.640625 0
0.234375 0.65625 0
0.25 0.65625 0
0.1875 0.65625 0
0.203125 0.65625 0
0.1875 0.671875 0
0.203125 0.671875 0
0.203125 0.65625 0
0.21875 0.65625 0
0.203125 0.671875 0
0.21875 0.671875 0
0.1875 0.671875 0
0.203125 0.671875 0
0.1875 0.6875 0
0.203125 0.6875 0
0.203125 0.671875 0
0.21875 0.671875 0
0.203125 0.6875 0
0.21875 0.6875 0
0.21875 0.65625 0
0.234375 0.65625 0
0.21875 0.671875 0
0.234375 0.671875 0
0.234375 0.65625 0
0.25 0.65625 0
0.234375 0.671875 0
0.25 0.671875 0
0.21875 0.671875 0
0.234375 0.671875 0
0.21875 0.6875 0
0.234375 0.6875 0
0.234375 0.671875 0
0.25 0.671875 0
0.234375 0.6875 0
0.25 0.6875 0
0.125 0.6875 0
0.140625 0.6875 0
0.125 0.703125 0
0.140625 0.703125 0
0.140625 0.6875 0
0.15625 0.6875 0
0.140625 0.703125 0
0.15625 0.703125 0
0.125 0.703125 0
0.140625 0.703125 0
0.125 0.71875 0
0.140625 0.71875 0
0.140625 0.703125 0
0.15625 0.703125 0
0.140625 0.71875 0
0.15625 0.71875 0
0.15625 0.6875 0
0.171875 0.6875 0
0.15625 0.703125 0
0.171875 0.703125 0
0.171875 0.6875 0
0.1875 0.6875 0
0.171875 0.703125 0
0.1875 0.703125 0
0.15625 0.703125 0
0.171875 0.703125 0
0.15625 0.71875 0
0.171875 0.71875 0
0.171875 0.703125 0
0.1875 0.703125 0
0.171875 0.71875 0
0.1875 0.71875 0
0.125 0.71875 0
0.140625 0.71875 0
0.125 0.734375 0
0.140625 0.734375 0
0.140625 0.71875 0
0.15625 0.71875 0
0.140625 0.734375 0
0.15625 0.734375 0
0.125 0.734375 0
0.140625 0.734375 0
0.125 0.75 0
0.140625 0.75 0
0.140625 0.734375 0
0.15625 0.734375 0
0.140625 0.75 0
0.15625 0.75 0
0.15625 0.71875 0
0.171875 0.71875 0
0.15625 0.734375 0
0.171875 0.734375 0
0.171875 0.71875 0
0.1875 0.71875 0
0.171875 0.734375 0
0.1875 0.734375 0
0.15625 0.734375 0
0.171875 0.734375 0
0.15625 0.75 0
0.171875 0.75 0
0.171875 0.734375 0
0.1875 0.734375 0
0.171875 0.75 0
0.1875 0.75 0
0.1875 0.6875 0
0.203125 0.6875 0
0.1875 0.703125 0
0.203125 0.703125 0
0.203125 0.6875 0
0.21875 0.6875 0
0.203125 0.703125 0
0.21875 0.703125 0
0.1875 0.703125 0
0.203125 0.703125 0
0.1875 0.71875 0
0.203125 0.71875 0
0.203125 0.703125 0
0.21875 0.703125 0
0.203125 0.71875 0
0.21875 0.71875 0
0.21875 0.6875 0
0.234375 0.6875 0
0.21875 0.703125 0
0.234375 0.703125 0
0.234375 0.6875 0
0.25 0.6875 0
0.234375 0.703125 0
0.25 0.703125 0
0.21875 0.703125 0
0.234375 0.703125 0
0.21875 0.71875 0
0.234375 0.71875 0
0.234375 0.703125 0
0.25 0.703125 0
0.234375 0.71875 0
0.25 0.71875 0
0.1875 0.71875 0
0.203125 0.71875 0
0.1875 0.734375 0
0.203125 0.734375 0
0.203125 0.71875 0
0.21875 0.71875 0
0.203125 0.734375 0
0.21875 0.734375 0
0.1875 0.734375 0
0.203125 0.734375 0
0.1875 0.75 0
0.203125 0.75 0
0.203125 0.734375 0
0.21875 0.734375 0
0.203125 0.75 0
0.21875 0.75 0
0.21875 0.71875 0
0.234375 0.71875 0
0.21875 0.734375 0
0.234375 0.734375 0
0.234375 0.71875 0
0.25 0.71875 0
0.234375 0.734375 0
0.25 0.734375 0
0.21875 0.734375 0
0.234375 0.734375 0
0.21875 0.75 0
0.234375 0.75 0
0.234375 0.734375 0
0.25 0.734375 0
0.234375 0.75 0
0.25 0.75 0
0.25 0.5 0
0.265625 0.5 0
0.25 0.515625 0
0.265625 0.515625 0
0.265625 0.5 0
0.28125 0.5 0
0.265625 0.515625 0
0.28125 0.515625 0
0.25 0.515625 0
0.265625 0.515625 0
0.25 0.53125 0
0.265625 0.53125 0
0.265625 0.515625 0
0.28125 0.515625 0
0.265625 0.53125 0
0.28125 0.53125 0
0.28125 0.5 0
0.296875 0.5 0
0.28125 0.515625 0
0.296875 0.515625 0
0.296875 0.5 0
0.3125 0.5 0
0.296875 0.515625 0
0.3125 0.515625 0
0.28125 0.515625 0
0.296875 0.515625 0
0.28125 0.53125 0
0.296875 0.53125 0
0.296875 0.515625 0
0.3125 0.515625 0
0.296875 0.53125 0
0.3125 0.53125 0
0.25 0.53125 0
0.265625 0.53125 0
0.25 0.546875 0
0.265625 0.546875 0
0.265625 0.53125 0
0.28125 0.53125 0
0.265625 0.546875 0
0.28125 0.546875 0
0.25 0.546875 0
0.265625 0.546875 0
0.25 0.5625 0
0.265625 0.5625 0
0.265625 0.546875 0
0.28125 0.546875 0
0.265625 0.5625 0
0.28125 0.5625 0
0.28125 0.53125 0
0.296875 0.53125 0
0.28125 0.546875 0
0.296875 0.546875 0
0.296875 0.53125 0
0.3125 0.53125 0
0.296875 0.546875 0
0.3125 0.546875 0
0.28125 0.546875 0
0.296875 0.546875 0
0.28125 0.5625 0
0.296875 0.5625 0
0.296875 0.546875 0
0.3125 0.546875 0
0.296875 0.5625 0
0.3125 0.5625 0
0.3125 0.5 0
0.328125 0.5 0
0.3125 0.515625 0
0.328125 0.515625 0
0.328125 0.5 0
0.34375 0.5 0
0.328125 0.515625 0
0.34375 0.515625 0
0.3125 0.515625 0
0.328125 0.515625 0
0.3125 0.53125 0
0.328125 0.53125 0
0.328125 0.515625 0
0.34375 0.515625 0
0.328125 0.53125 0
0.34375 0.53125 0
0.34375 0.5 0
0.359375 0.5 0
0.34375 0.515625 0
0.359375 0.515625 0
0.359375 0.5 0
0.375 0.5 0
0.359375 0.515625 0
0.375 0.515625 0
0.34375 0.515625 0
0.359375 0.515625 0
0.34375 0.53125 0
0.359375 0.53125 0
0.359375 0.515625 0
0.375 0.515625 0
0.359375 0.53125 0
0.375 0.53125 0
0.3125 0.53125 0
0.328125 0.53125 0
0.3125 0.546875 0
0.328125 0.546875 0
0.328125 0.53125 0
0.34375 0.53125 0
0.328125 0.546875 0
0.34375 0.546875 0
0.3125 0.546875 0
0.328125 0.546875 0
0.3125 0.5625 0
0.328125 0.5625 0
0.328125 0.546875 0
0.34375 0.546875 0
0.328125 0.5625 0
0.34375 0.5625 0
0.34375 0.53125 0
0.359375 0.53125 0
0.34375 0.546875 0
0.359375 0.546875 0
0.359375 0.53125 0
0.375 0.53125 0
0.359375 0.546875 0
0.375 0.546875 0
0.34375 0.546875 0
0.359375 0.546875 0
0.34375 0.5625 0
0.359375 0.5625 0
0.359375 0.546875 0
0.375 0.546875 0
0.359375 0.5625 0
0.375 0.5625 0
0.25 0.5625 0
0.265625 0.5625 0
0.25 0.578125 0
0.265625 0.578125 0
0.265625 0.5625 0
0.28125 0.5625 0
0.265625 0.578125 0
0.28125 0.578125 0
0.25 0.578125 0
0.265625 0.578125 0
0.25 0.59375 0
0.265625 0.59375 0
0.265625 0.578125 0
0.28125 0.578125 0
0.265625 0.59375 0
0.28125 0.59375 0
0.28125 0.5625 0
0.296875 0.5625 0
0.28125 0.578125 0
0.296875 0.578125 0
0.296875 0.5625 0
0.3125 0.5625 0
0.296875 0.578125 0
0.3125 0.578125 0
0.28125 0.578125 0
0.296875 0.578125 0
0.28125 0.59375 0
0.296875 0.59375 0
0.296875 0.578125 0
0.3125 0.578125 0
0.296875 0.59375 0
0.3125 0.59375 0
0.25 0.59375 0
0.265625 0.59375 0
0.25 0.609375 0
0.265625 0.609375 0
0.265625 0.59375 0
0.28125 0.59375 0
0.265625 0.609375 0
0.28125 0.609375 0
0.25 0.609375 0
0.265625 0.609375 0
0.25 0.625 0
0.265625 0.625 0
0.265625 0.609375 0
0.28125 0.609375 0
0.265625 0.625 0
0.28125 0.625 0
0.28125 0.59375 0
0.296875 0.59375 0
0.28125 0.609375 0
0.296875 0.609375 0
0.296875 0.59375 0
0.3125 0.59375 0
0.296875 0.609375 0
0.3125 0.609375 0
0.28125 0.609375 0
0.296875 0.609375 0
0.28125 0.625 0
0.296875 0.625 0
0.296875 0.609375 0
0.3125 0.609375 0
0.296875 0.625 0
0.3125 0.625 0
0.3125 0.5625 0
0.328125 0.5625 0
0.3125 0.578125 0
0.328125 0.578125 0
0.328125 0.5625 0
0.34375 0.5625 0
0.328125 0.578125 0
0.34375 0.578125 0
0.3125 0.578125 0
0.328125 0.578125 0
0.3125 0.59375 0
0.328125 0.59375 0
0.328125 0.578125 0
0.34375 0.578125 0
0.328125 0.59375 0
0.34375 0.59375 0
0.34375 0.5625 0
0.359375 0.5625 0
0.34375 0.578125 0
0.359375 0.578125 0
0.359375 0.5625 0
0.375 0.5625 0
0.359375 0.578125 0
0.375 0.578125 0
0.34375 0.578125 0
0.359375 0.578125 0
0.34375 0.59375 0
0.359375 0.59375 0
0.359375 0.578125 0
0.375 0.578125 0
0.359375 0.59375 0
0.375 0.59375 0
0.3125 0.59375 0
0.328125 0.59375 0
0.3125 0.609375 0
0.328125 0.609375 0
0.328125 0.59375 0
0.34375 0.59375 0
0.328125 0.609375 0
0.34375 0.609375 0
0.3125 0.609375 0
0.328125 0.609375 0
0.3125 0.625 0
0.328125 0.625 0
0.328125 0.609375 0
0.34375 0.609375 0
0.328125 0.625 0
0.34375 0.625 0
0.34375 0.59375 0
0.359375 0.59375 0
0.34375 0.609375 0
0.359375 0.609375 0
0.359375 0.59375 0
0.375 0.59375 0
0.359375 0.609375 0
0.375 0.609375 0
0.34375 0.609375 0
0.359375 0.609375 0
0.34375 0.625 0
0.359375 0.625 0
0.359375 0.609375 0
0.375 0.609375 0
0.359375 0.625 0
0.375 0.625 0
0.375 0.5 0
0.390625 0.5 0
0.375 0.515625 0
0.390625 0.515625 0
0.390625 0.5 0
0.40625 0.5 0
0.390625 0.515625 0
0.40625 0.515625 0
0.375 0.515625 0
0.390625 0.515625 0
0.375 0.53125 0
0.390625 0.53125 0
0.390625 0.515625 0
0.40625 0.515625 0
0.390625 0.53125 0
0.40625 0.53125 0
0.40625 0.5 0
0.421875 0.5 0
0.40625 0.515625 0
0.421875 0.515625 0
0.421875 0.5 0
0.4375 0.5 0
0.421875 0.515625 0
0.4375 0.515625 0
0.40625 0.515625 0
0.421875 0.515625 0
0.40625 0.53125 0
0.421875 0.53125 0
0.421875 0.515625 0
0.4375 0.515625 0
0.421875 0.53125 0
0.4375 0.53125 0
0.375 0.53125 0
0.390625 0.53125 0
0.375 0.546875 0
0.390625 0.546875 0
0.390625 0.53125 0
0.40625 0.53125 0
0.390625 0.546875 0
0.40625 0.546875 0
0.375 0.546875 0
0.390625 0.546875 0
0.375 0.5625 0
0.390625 0.5625 0
0.390625 0.546875 0
0.40625 0.546875 0
0.390625 0.5625 0
0.40625 0.5625 0
0.40625 0.53125 0
0.421875 0.53125 0
0.40625 0.546875 0
0.421875 0.546875 0
0.421875 0.53125 0
0.4375 0.53125 0
0.421875 0.546875 0
0.4375 0.546875 0
0.40625 0.546875 0
0.421875 0.546875 0
0.40625 0.5625 0
0.421875 0.5625 0
0.421875 0.546875 0
0.4375 0.546875 0
0.421875 0.5625 0
0.4375 0.5625 0
0.4375 0.5 0
0.453125 0.5 0
0.4375 0.515625 0
0.453125 0.515625 0
0.453125 0.5 0
0.46875 0.5 0
0.453125 0.515625 0
0.46875 0.515625 0
0.4375 0.515625 0
0.453125 0.515625 0
0.4375 0.53125 0
0.453125 0.53125 0
0.453125 0.515625 0
0.46875 0.515625 0
0.453125 0.53125 0
0.46875 0.53125 0
0.46875 0.5 0
0.484375 0.5 0
0.46875 0.515625 0
0.484375 0.515625 0
0.484375 0.5 0
0.5 0.5 0
0.484375 0.515625 0
0.5 0.515625 0
0.46875 0.515625 0
0.484375 0.515625 0
0.46875 0.53125 0
0.484375 0.53125 0
0.484375 0.515625 0
0.5 0.515625 0
0.484375 0.53125 0
0.5 0.53125 0
0.4375 0.53125 0
0.453125 0.53125 0
0.4375 0.546875 0
0.453125 0.546875 0
0.453125 0.53125 0
0.46875 0.53125 0
0.453125 0.546875 0
0.46875 0.546875 0
0.4375 0.546875 0
0.453125 0.546875 0
0.4375 0.5625 0
0.453125 0.5625 0
0.453125 0.546875 0
0.46875 0.546875 0
0.453125 0.5625 0
0.46875 0.5625 0
0.46875 0.53125 0
0.484375 0.53125 0
0.46875 0.546875 0
0.484375 0.546875 0
0.484375 0.53125 0
0.5 0.53125 0
0.484375 0.546875 0
0.5 0.546875 0
0.46875 0.546875 0
0.484375 0.546875 0
0.46875 0.5625 0
0.484375 0.5625 0
0.484375 0.546875 0
0.5 0.546875 0
0.484375 0.5625 0
0.5 0.5625 0
0.375 0.5625 0
0.390625 0.5625 0
0.375 0.578125 0
0.390625 0.578125 0
0.390625 0.5625 0
0.40625 0.5625 0
0.390625 0.578125 0
0.40625 0.578125 0
0.375 0.578125 0
0.390625 0.578125 0
0.375 0.59375 0
0.390625 0.59375 0
0.390625 0.578125 0
0.40625 0.578125 0
0.390625 0.59375 0
0.40625 0.59375 0
0.40625 0.5625 0
0.421875 0.5625 0
0.40625 0.578125 0
0.421875 0.578125 0
0.421875 0.5625 0
0.4375 0.5625 0
0.421875 0.578125 0
0.4375 0.578125 0
0.40625 0.578125 0
0.421875 0.578125 0
0.40625 0.59375 0
0.421875 0.59375 0
0.421875 0.578125 0
0.4375 0.578125 0
0.421875 0.59375 0
0.4375 0.59375 0
0.375 0.59375 0
0.390625 0.59375 0
0.375 0.609375 0
0.390625 0.609375 0
0.390625 0.59375 0
0.40625 0.59375 0
0.390625 0.609375 0
0.40625 0.609375 0
0.375 0.609375 0
0.390625 0.609375 0
0.375 0.625 0
0.390625 0.625 0
0.390625 0.609375 0
0.40625 0.609375 0
0.390625 0.625 0
0.40625 0.625 0
0.40625 0.59375 0
0.421875 0.59375 0
0.40625 0.609375 0
0.421875 0.609375 0
0.421875 0.59375 0
0.4375 0.59375 0
0.421875 0.609375 0
0.4375 0.609375 0
0.40625 0.609375 0
0.421875 0.609375 0
0.40625 0.625 0
0.421875 0.625 0
0.421875 0.609375 0
0.4375 0.609375 0
0.421875 0.625 0
0.4375 0.625 0
0.4375 0.5625 0
0.453125 0.5625 0
0.4375 0.578125 0
0.453125 0.578125 0
0.453125 0.5625 0
0.46875 0.5625 0
0.453125 0.578125 0
0.46875 0.578125 0
0.4375 0.578125 0
0.453125 0.578125 0
0.4375 0.59375 0
0.453125 0.59375 0
0.453125 0.578125 0
0.46875 0.578125 0
0.453125 0.59375 0
0.46875 0.59375 0
0.46875 0.5625 0
0.484375 0.5625 0
0.46875 0.578125 0
0.484375 0.578125 0
0.484375 0.5625 0
0.5 0.5625 0
0.484375 0.578125 0
0.5 0.578125 0
0.46875 0.578125 0
0.484375 0.578125 0
0.46875 0.59375 0
0.484375 0.59375 0
0.484375 0.578125 0
0.5 0.578125 0
0.484375 0.59375 0
0.5 0.59375 0
0.4375 0.59375 0
0.453125 0.59375 0
0.4375 0.609375 0
0.453125 0.609375 0
0.453125 0.59375 0
0.46875 0.59375 0
0.453125 0.609375 0
0.46875 0.609375 0
0.4375 0.609375 0
0.453125 0.609375 0
0.4375 0.625 0
0.453125 0.625 0
0.453125 0.609375 0
0.46875 0.609375 0
0.453125 0.625 0
0.46875 0.625 0
0.46875 0.59375 0
0.484375 0.59375 0
0.46875 0.609375 0
0.484375 0.609375 0
0.484375 0.59375 0
0.5 0.59375 0
0.484375 0.609375 0
0.5 0.609375 0
0.46875 0.609375 0
0.484375 0.609375 0
0.46875 0.625 0
0.484375 0.625 0
0.484375 0.609375 0
0.5 0.609375 0
0.484375 0.625 0
0.5 0.625 0
0.25 0.625 0
0.265625 0.625 0
0.25 0.640625 0
0.265625 0.640625 0
0.265625 0.625 0
0.28125 0.625 0
0.265625 0.640625 0
0.28125 0.640625 0
0.25 0.640625 0
0.265625 0.640625 0
0.25 0.65625 0
0.265625 0.65625 0
0.265625 0.640625 0
0.28125 0.640625 0
0.265625 0.65625 0
0.28125 0.65625 0
0.28125 0.625 0
0.296875 0.625 0
0.28125 0.640625 0
0.296875 0.640625 0
0.296875 0.625 0
0.3125 0.625 0
0.296875 0.640625 0
0.3125 0.640625 0
0.28125 0.640625 0
0.296875 0.640625 0
0.28125 0.65625 0
0.296875 0.65625 0
0.296875 0.640625 0
0.3125 0.640625 0
0.296875 0.65625 0
0.3125 0.65625 0
0.25 0.65625 0
0.265625 0.65625 0
0.25 0.671875 0
0.265625 0.671875 0
0.265625 0.65625 0
0.28125 0.65625 0
0.265625 0.671875 0
0.28125 0.671875 0
0.25 0.671875 0
0.265625 0.671875 0
0.25 0.6875 0
0.265625 0.6875 0
0.265625 0.671875 0
0.28125 0.671875 0
0.265625 0.6875 0
0.28125 0.6875 0
0.28125 0.65625 0
0.296875 0.65625 0
0.28125 0.671875 0
0.296875 0.671875 0
0.296875 0.65625 0
0.3125 0.65625 0
0.296875 0.671875 0
0.3125 0.671875 0
0.28125 0.671875 0
0.296875 0.671875 0
0.28125 0.6875 0
0.296875 0.6875 0
0.296875 0.671875 0
0.3125 0.671875 0
0.296875 0.6875 0
0.3125 0.6875 0
0.3125 0.625 0
0.328125 0.625 0
0.3125 0.640625 0
0.328125 0.640625 0
0.328125 0.625 0
0.34375 0.625 0
0.328125 0.640625 0
0.34375 0.640625 0
0.3125 0.640625 0
0.328125 0.640625 0
0.3125 0.65625 0
0.328125 0.65625 0
0.328125 0.640625 0
0.34375 0.640625 0
0.328125 0.65625 0
0.34375 0.65625 0
0.34375 0.625 0
0.359375 0.625 0
0.34375 0.640625 0
0.359375 0.640625 0
0.359375 0.625 0
0.375 0.625 0
0.359375 0.640625 0
0.375 0.640625 0
0.34375 0.640625 0
0.359375 0.640625 0
0.34375 0.65625 0
0.359375 0.65625 0
0.359375 0.640625 0
0.375 0.640625 0
0.359375 0.65625 0
0.375 0.65625 0
0.3125 0.65625 0
0.328125 0.65625 0
0.3125 0.671875 0
0.328125 0.671875 0
0.328125 0.65625 0
0.34375 0.65625 0
0.328125 0.671875 0
0.34375 0.671875 0
0.3125 0.671875 0
0.328125 0.671875 0
0.3125 0.6875 0
0.328125 0.6875 0
0.328125 0.671875 0
0.34375 0.671875 0
0.328125 0.6875 0
0.34375 0.6875 0
0.34375 0.65625 0
0.359375 0.65625 0
0.34375 0.671875 0
0.359375 0.671875 0
0.359375 0.65625 0
0.375 0.65625 0
0.359375 0.671875 0
0.375 0.671875 0
0.34375 0.671875 0
0.359375 0.671875 0
0.34375 0.6875 0
0.359375 0.6875 0
0.359375 0.671875 0
0.375 0.671875 0
0.359375 0.6875 0
0.375 0.6875 0
0.25 0.6875 0
0.265625 0.6875 0
0.25 0.703125 0
0.265625 0.703125 0
0.265625 0.6875 0
0.28125 0.6875 0
0.265625 0.703125 0
0.28125 0.703125 0
0.25 0.703125 0
0.265625 0.703125 0
0.25 0.71875 0
0.265625 0.71875 0
0.265625 0.703125 0
0.28125 0.703125 0
0.265625 0.71875 0
0.28125 0.71875 0
0.28125 0.6875 0
0.296875 0.6875 0
0.28125 0.703125 0
0.296875 0.703125 0
0.296875 0.6875 0
0.3125 0.6875 0
0.296875 0.703125 0
0.3125 0.703125 0
0.28125 0.703125 0
0.296875 0.703125 0
0.28125 0.71875 0
0.296875 0.71875 0
0.296875 0.703125 0
0.3125 0.703125 0
0.296875 0.71875 0
0.3125 0.71875 0
0.25 0.71875 0
0.265625 0.71875 0
0.25 0.734375 0
0.265625 0.734375 0
0.265625 0.71875 0
0.28125 0.71875 0
0.265625 0.734375 0
0.28125 0.734375 0
0.25 0.734375 0
0.265625 0.734375 0
0.25 0.75 0
0.265625 0.75 0
0.265625 0.734375 0
0.28125 0.734375 0
0.265625 0.75 0
0.28125 0.75 0
0.28125 0.71875 0
0.296875 0.71875 0
0.28125 0.734375 0
0.296875 0.734375 0
0.296875 0.71875 0
0.3125 0.71875 0
0.296875 0.734375 0
0.3125 0.734375 0
0.28125 0.734375 0
0.296875 0.734375 0
0.28125 0.75 0
0.296875 0.75 0
0.296875 0.734375 0
0.3125 0.734375 0
0.296875 0.75 0
0.3125 0.75 0
0.3125 0.6875 0
0.328125 0.6875 0
0.3125 0.703125 0
0.328125 0.703125 0
0.328125 0.6875 0
0.34375 0.6875 0
0.328125 0.703125 0
0.34375 0.703125 0
0.3125 0.703125 0
0.328125 0.703125 0
0.3125 0.71875 0
0.328125 0.71875 0
0.328125 0.703125 0
0.34375 0.703125 0
0.328125 0.71875 0
0.34375 0.71875 0
0.34375 0.6875 0
0.359375 0.6875 0
0.34375 0.703125 0
0.359375 0.703125 0
0.359375 0.6875 0
0.375 0.6875 0
0.359375 0.703125 0
0.375 0.703125 0
0.34375 0.703125 0
0.359375 0.703125 0
0.34375 0.71875 0
0.359375 0.71875 0
0.359375 0.703125 0
0.375 0.703125 0
0.359375 0.71875 0
0.375 0.71875 0
0.3125 0.71875 0
0.328125 0.71875 0
0.3125 0.734375 0
0.328125 0.734375 0
0.328125 0.71875 0
0.34375 0.71875 0
0.328125 0.734375 0
0.34375 0.734375 0
0.3125 0.734375 0
0.328125 0.734375 0
0.3125 0.75 0
0.328125 0.75 0
0.328125 0.734375 0
0.34375 0.734375 0
0.328125 0.75 0
0.34375 0.75 0
0.34375 0.71875 0
0.359375 0.71875 0
0.34375 0.734375 0
0.359375 0.734375 0
0.359375 0.71875 0
0.375 0.71875 0
0.359375 0.734375 0
0.375 0.734375 0
0.34375 0.734375 0
0.359375 0.734375 0
0.34375 0.75 0
0.359375 0.75 0
0.359375 0.734375 0
0.375 0.734375 0
0.359375 0.75 0
0.375 0.75 0
0.375 0.625 0
0.390625 0.625 0
0.375 0.640625 0
0.390625 0.640625 0
0.390625 0.625 0
0.40625 0.625 0
0.390625 0.640625 0
0.40625 0.640625 0
0.375 0.640625 0
0.390625 0.640625 0
0.375 0.65625 0
0.390625 0.65625 0
0.390625 0.640625 0
0.40625 0.640625 0
0.390625 0.65625 0
0.40625 0.65625 0
0.40625 0.625 0
0.421875 0.625 0
0.40625 0.640625 0
0.421875 0.640625 0
0.421875 0.625 0
0.4375 0.625 0
0.421875 0.640625 0
0.4375 0.640625 0
0.40625 0.640625 0
0.421875 0.640625 0
0.40625 0.65625 0
0.421875 0.65625 0
0.421875 0.640625 0
0.4375 0.640625 0
0.421875 0.65625 0
0.4375 0.65625 0
0.375 0.65625 0
0.390625 0.65625 0
0.375 0.671875 0
0.390625 0.671875 0
0.390625 0.65625 0
0.40625 0.65625 0
0.390625 0.671875 0
0.40625 0.671875 0
0.375 0.671875 0
0.390625 0.671875 0
0.375 0.6875 0
0.390625 0.6875 0
0.390625 0.671875 0
0.40625 0.671875 0
0.390625 0.6875 0
0.40625 0.6875 0
0.40625 0.65625 0
0.421875 0.65625 0
0.40625 0.671875 0
0.421875 0.671875 0
0.421875 0.65625 0
0.4375 0.65625 0
0.421875 0.671875 0
0.4375 0.671875 0
0.40625 0.671875 0
0.421875 0.671875 0
0.40625 0.6875 0
0.421875 0.6875 0
0.421875 0.671875 0
0.4375 0.671875 0
0.421875 0.6875 0
0.4375 0.6875 0
0.4375 0.625 0
0.453125 0.625 0
0.4375 0.640625 0
0.453125 0.640625 0
0.453125 0.625 0
0.46875 0.625 0
0.453125 0.640625 0
0.46875 0.640625 0
0.4375 0.640625 0
0.453125 0.640625 0
0.4375 0.65625 0
0.453125 0.65625 0
0.453125 0.640625 0
0.46875 0.640625 0
0.453125 0.65625 0
0.46875 0.65625 0
0.46875 0.625 0
0.484375 0.625 0
0.46875 0.640625 0
0.484375 0.640625 0
0.484375 0.625 0
0.5 0.625 0
0.484375 0.640625 0
0.5 0.640625 0
0.46875 0.640625 0
0.484375 0.640625 0
0.46875 0.65625 0
0.484375 0.65625 0
0.484375 0.640625 0
0.5 0.640625 0
0.484375 0.65625 0
0.5 0.65625 0
0.4375 0.65625 0
0.453125 0.65625 0
0.4375 0.671875 0
0.453125 0.671875 0
0.453125 0.65625 0
0.46875 0.65625 0
0.453125 0.671875 0
0.46875 0.671875 0
0.4375 0.671875 0
0.453125 0.671875 0
0.4375 0.6875 0
0.453125 0.6875 0
0.453125 0.671875 0
0.46875 0.671875 0
0.453125 0.6875 0
0.46875 0.6875 0
0.46875 0.65625 0
0.484375 0.65625 0
0.46875 0.671875 0
0.484375 0.671875 0
0.484375 0.65625 0
0.5 0.65625 0
0.484375 0.671875 0
0.5 0.671875 0
0.46875 0.671875 0
0.484375 0.671875 0
0.46875 0.6875 0
0.484375 0.6875 0
0.484375 0.671875 0
0.5 0.671875 0
0.484375 0.6875 0
0.5 0.6875 0
0.375 0.6875 0
0.390625 0.6875 0
0.375 0.703125 0
0.390625 0.703125 0
0.390625 0.6875 0
0.40625 0.6875 0
0.390625 0.703125 0
0.40625 0.703125 0
0.375 0.703125 0
0.390625 0.703125 0
0.375 0.71875 0
0.390625 0.71875 0
0.390625 0.703125 0
0.40625 0.703125 0
0.390625 0.71875 0
0.40625 0.71875 0
0.40625 0.6875 0
0.421875 0.6875 0
0.40625 0.703125 0
0.421875 0.703125 0
0.421875 0.6875 0
0.4375 0.6875 0
0.421875 0.703125 0
0.4375 0.703125 0
0.40625 0.703125 0
0.421875 0.703125 0
0.40625 0.71875 0
0.421875 0.71875 0
0.421875 0.703125 0
0.4375 0.703125 0
0.421875 0.71875 0
0.4375 0.71875 0
0.375 0.71875 0
0.390625 0.71875 0
0.375 0.734375 0
0.390625 0.734375 0
0.390625 0.71875 0
0.40625 0.71875 0
0.390625 0.734375 0
0.40625 0.734375 0
0.375 0.734375 0
0.390625 0.734375 0
0.375 0.75 0
0.390625 0.75 0
0.390625 0.734375 0
0.40625 0.734375 0
0.390625 0.75 0
0.40625 0.75 0
0.40625 0.71875 0
0.421875 0.71875 0
0.40625 0.734375 0
0.421875 0.734375 0
0.421875 0.71875 0
0.4375 0.71875 0
0.421875 0.734375 0
0.4375 0.734375 0
0.40625 0.734375 0
0.421875 0.734375 0
0.40625 0.75 0
0.421875 0.75 0
0.421875 0.734375 0
0.4375 0.734375 0
0.421875 0.75 0
0.4375 0.75 0
0.4375 0.6875 0
0.453125 0.6875 0
0.4375 0.703125 0
0.453125 0.703125 0
0.453125 0.6875 0
0.46875 0.6875 0
0.453125 0.703125 0
0.46875 0.703125 0
0.4375 0.703125 0
0.453125 0.703125 0
0.4375 0.71875 0
0.453125 0.71875 0
0.453125 0.703125 0
0.46875 0.703125 0
0.453125 0.71875 0
0.46875 0.71875 0
0.46875 0.6875 0
0.484375 0.6875 0
0.46875 0.703125 0
0.484375 0.703125 0
0.484375 0.6875 0
0.5 0.6875 0
0.484375 0.703125 0
0.5 0.703125 0
0.46875 0.703125 0
0.484375 0.703125 0
0.46875 0.71875 0
0.484375 0.71875 0
0.484375 0.703125 0
0.5 0.703125 0
0.484375 0.71875 0
0.5 0.71875 0
0.4375 0.71875 0
0.453125 0.71875 0
0.4375 0.734375 0
0.453125 0.734375 0
0.453125 0.71875 0
0.46875 0.71875 0
0.453125 0.734375 0
0.46875 0.734375 0
0.4375 0.734375 0
0.453125 0.734375 0
0.4375 0.75 0
0.453125 0.75 0
0.453125 0.734375 0
0.46875 0.734375 0
0.453125 0.75 0
0.46875 0.75 0
0.46875 0.71875 0
0.484375 0.71875 0
0.46875 0.734375 0
0.484375 0.734375 0
0.484375 0.71875 0
0.5 0.71875 0
0.484375 0.734375 0
0.5 0.734375 0
0.46875 0.734375 0
0.484375 0.734375 0
0.46875 0.75 0
0.484375 0.75 0
0.484375 0.734375 0
0.5 0.734375 0
0.484375 0.75 0
0.5 0.75 0
0 0.75 0
0.015625 0.75 0
0 0.765625 0
0.015625 0.765625 0
0.015625 0.75 0
0.03125 0.75 0
0.015625 0.765625 0
0.03125 0.765625 0
0 0.765625 0
0.015625 0.765625 0
0 0.78125 0
0.015625 0.78125 0
0.015625 0.765625 0
0.03125 0.765625 0
0.015625 0.78125 0
0.03125 0.78125 0
0.03125 0.75 0
0.046875 0.75 0
0.03125 0.765625 0
0.046875 0.765625 0
0.046875 0.75 0
0.0625 0.75 0
0.046875 0.765625 0
0.0625 0.765625 0
0.03125 0.765625 0
0.046875 0.765625 0
0.03125 0.78125 0
0.046875 0.78125 0
0.046875 0.765625 0
0.0625 0.765625 0
0.046875 0.78125 0
0.0625 0.78125 0
0 0.78125 0
0.015625 0.78125 0
0 0.796875 0
0.015625 0.796875 0
0.015625 0.78125 0
0.03125 0.78125 0
0.015625 0.796875 0
0.03125 0.796875 0
0 0.796875 0
0.015625 0.796875 0
0 0.8125 0
0.015625 0.8125 0
0.015625 0.796875 0
0.03125 0.796875 0
0.015625 0.8125 0
0.03125 0.8125 0
0.03125 0.78125 0
0.046875 0.78125 0
0.03125 0.796875 0
0.046875 0.796875 0
0.046875 0.78125 0
0.0625 0.78125 0
0.046875 0.796875 0
0.0625 0.796875 0
0.03125 0.796875 0
0.046875 0.796875 0
0.03125 0.8125 0
0.046875 0.8125 0
0.046875 0.796875 0
0.0625 0.796875 0
0.046875 0.8125 0
0.0625 0.8125 0
0.0625 0.75 0
0.078125 0.75 0
0.0625 0.765625 0
0.078125 0.765625 0
0.078125 0.75 0
0.09375 0.75 0
0.078125 0.765625 0
0.09375 0.765625 0
0.0625 0.765625 0
0.078125 0.765625 0
0.0625 0.78125 0
0.078125 0.78125 0
0.078125 0.765625 0
0.09375 0.765625 0
0.078125 0.78125 0
0.09375 0.78125 0
0.09375 0.75 0
0.109375 0.75 0
0.09375 0.765625 0
0.109375 0.765625 0
0.109375 0.75 0
0.125 0.75 0
0.109375 0.765625 0
0.125 0.765625 0
0.09375 0.765625 0
0.109375 0.765625 0
0.09375 0.78125 0
0.109375 0.78125 0
0.109375 0.765625 0
0.125 0.765625 0
0.109375 0.78125 0
0.125 0.78125 0
0.0625 0.78125 0
0.078125 0.78125 0
0.0625 0.796875 0
0.078125 0.796875 0
0.078125 0.78125 0
0.09375 0.78125 0
0.078125 0.796875 0
0.09375 0.796875 0
0.0625 0.796875 0
0.078125 0.796875 0
0.0625 0.8125 0
0.078125 0.8125 0
0.078125 0.796875 0
0.09375 0.796875 0
0.078125 0.8125 0
0.09375 0.8125 0
0.09375 0.78125 0
0.109375 0.78125 0
0.09375 0.796875 0
0.109375 0.796875 0
0.109375 0.78125 0
0.125 0.78125 0
0.109375 0.796875 0
0.125 0.796875 0
0.09375 0.796875 0
0.109375 0.796875 0
0.09375 0.8125 0
0.109375 0.8125 0
0.109375 0.796875 0
0.125 0.796875 0
0.109375 0.8125 0
0.125 0.8125 0
0 0.8125 0
0.015625 0.8125 0
0 0.828125 0
0.015625 0.828125 0
0.015625 0.8125 0
0.03125 0.8125 0
0.015625 0.828125 0
0.03125 0.828125 0
0 0.828125 0
0.015625 0.828125 0
0 0.84375 0
0.015625 0.84375 0
0.015625 0.828125 0
0.03125 0.828125 0
0.015625 0.84375 0
0.03125 0.84375 0
0.03125 0.8125 0
0.046875 0.8125 0
0.03125 0.828125 0
0.046875 0.828125 0
0.046875 0.8125 0
0.0625 0.8125 0
0.046875 0.828125 0
0.0625 0.828125 0
0.03125 0.828125 0
0.046875 0.828125 0
0.03125 0.84375 0
0.046875 0.84375 0
0.046875 0.828125 0
0.0625 0.828125 0
0.046875 0.84375 0
0.0625 0.84375 0
0 0.84375 0
0.015625 0.84375 0
0 0.859375 0
0.015625 0.859375 0
0.015625 0.84375 0
0.03125 0.84375 0
0.015625 0.859375 0
0.03125 0.859375 0
0 0.859375 0
0.015625 0.859375 0
0 0.875 0
0.015625 0.875 0
0.015625 0.859375 0
0.03125 0.859375 0
0.015625 0.875 0
0.03125 0.875 0
0.03125 0.84375 0
0.046875 0.84375 0
0.03125 0.859375 0
0.046875 0.859375 0
0.046875 0.84375 0
0.0625 0.84375 0
0.046875 0.859375 0
0.0625 0.859375 0
0.03125 0.859375 0
0.046875 0.859375 0
0.03125 0.875 0
0.046875 0.875 0
0.046875 0.859375 0
0.0625 0.859375 0
0.046875 0.875 0
0.0625 0.875 0
0.0625 0.8125 0
0.078125 0.8125 0
0.0625 0.828125 0
0.078125 0.828125 0
0.078125 0.8125 0
0.09375 0.8125 0
0.078125 0.828125 0
0.09375 0.828125 0
0.0625 0.828125 0
0.078125 0.828125 0
0.0625 0.84375 0
0.078125 0.84375 0
0.078125 0.828125 0
0.09375 0.828125 0
0.078125 0.84375 0
0.09375 0.84375 0
0.09375 0.8125 0
0.109375 0.8125 0
0.09375 0.828125 0
0.109375 0.828125 0
0.109375 0.8125 0
0.125 0.8125 0
0.109375 0.828125 0
0.125 0.828125 0
0.09375 0.828125 0
0.109375 0.828125 0
0.09375 0.84375 0
0.109375 0.84375 0
0.109375 0.828125 0
0.125 0.828125 0
0.109375 0.84375 0
0.125 0.84375 0
0.0625 0.84375 0
0.078125 0.84375 0
0.0625 0.859375 0
0.078125 0.859375 0
0.078125 0.84375 0
0.09375 0.84375 0
0.078125 0.859375 0
0.09375 0.859375 0
0.0625 0.859375 0
0.078125 0.859375 0
0.0625 0.875 0
0.078125 0.875 0
0.078125 0.859375 0
0.09375 0.859375 0
0.078125 0.875 0
0.09375 0.875 0
0.09375 0.84375 0
0.109375 0.84375 0
0.09375 0.859375 0
0.109375 0.859375 0
0.109375 0.84375 0
0.125 0.84375 0
0.109375 0.859375 0
0.125 0.859375 0
0.09375 0.859375 0
0.109375 0.859375 0
0.09375 0.875 0
0.109375 0.875 0
0.109375 0.859375 0
0.125 0.859375 0
0.109375 0.875 0
0.125 0.875 0
0.125 0.75 0
0.140625 0.75 0
0.125 0.765625 0
0.140625 0.765625 0
0.140625 0.75 0
0.15625 0.75 0
0.140625 0.765625 0
0.15625 0.765625 0
0.125 0.765625 0
0.140625 0.765625 0
0.125 0.78125 0
0.140625 0.78125 0
0.140625 0.765625 0
0.15625 0.765625 0
0.140625 0.78125 0
0.15625 0.78125 0
0.15625 0.75 0
0.171875 0.75 0
0.15625 0.765625 0
0.171875 0.765625 0
0.171875 0.75 0
0.1875 0.75 0
0.171875 0.765625 0
0.1875 0.765625 0
0.15625 0.765625 0
0.171875 0.765625 0
0.15625 0.78125 0
0.171875 0.78125 0
0.171875 0.765625 0
0.1875 0.765625 0
0.171875 0.78125 0
0.1875 0.78125 0
0.125 0.78125 0
0.140625 0.78125 0
0.125 0.796875 0
0.140625 0.796875 0
0.140625 0.78125 0
0.15625 0.78125 0
0.140625 0.796875 0
0.15625 0.796875 0
0.125 0.796875 0
0.140625 0.796875 0
0.125 0.8125 0
0.140625 0.8125 0
0.140625 0.796875 0
0.15625 0.796875 0
0.140625 0.8125 0
0.15625 0.8125 0
0.15625 0.78125 0
0.171875 0.78125 0
0.15625 0.796875 0
0.171875 0.796875 0
0.171875 0.78125 0
0.1875 0.78125 0
0.171875 0.796875 0
0.1875 0.796875 0
0.15625 0.796875 0
0.171875 0.796875 0
0.15625 0.8125 0
0.171875 0.8125 0
0.171875 0.796875 0
0.1875 0.796875 0
0.171875 0.8125 0
0.1875 0.8125 0
0.1875 0.75 0
0.203125 0.75 0
0.1875 0.765625 0
0.203125 0.765625 0
0.203125 0.75 0
0.21875 0.75 0
0.203125 0.765625 0
0.21875 0.765625 0
0.1875 0.765625 0
0.203125 0.765625 0
0.1875 0.78125 0
0.203125 0.78125 0
0.203125 0.765625 0
0.21875 0.765625 0
0.203125 0.78125 0
0.21875 0.78125 0
0.21875 0.75 0
0.234375 0.75 0
0.21875 0.765625 0
0.234375 0.765625 0
0.234375 0.75 0
0.25 0.75 0
0.234375 0.765625 0
0.25 0.765625 0
0.21875 0.765625 0
0.234375 0.765625 0
0.21875 0.78125 0
0.234375 0.78125 0
0.234375 0.765625 0
0.25 0.765625 0
0.234375 0.78125 0
0.25 0.78125 0
0.1875 0.78125 0
0.203125 0.78125 0
0.1875 0.796875 0
0.203125 0.796875 0
0.203125 0.78125 0
0.21875 0.78125 0
0.203125 0.796875 0
0.21875 0.796875 0
0.1875 0.796875 0
0.203125 0.796875 0
0.1875 0.8125 0
0.203125 0.8125 0
0.203125 0.796875 0
0.21875 0.796875 0
0.203125 0.8125 0
0.21875 0.8125 0
0.21875 0.78125 0
0.234375 0.78125 0
0.21875 0.796875 0
0.234375 0.796875 0
0.234375 0.78125 0
0.25 0.78125 0
0.234375 0.796875 0
0.25 0.796875 0
0.21875 0.796875 0
0.234375 0.796875 0
0.21875 0.8125 0
0.234375 0.8125 0
0.234375 0.796875 0
0.25 0.796875 0
0.234375 0.8125 0
0.25 0.8125 0
0.125 0.8125 0
0.140625 0.8125 0
0.125 0.828125 0
0.140625 0.828125 0
0.140625 0.8125 0
0.15625 0.8125 0
0.140625 0.828125 0
0.15625 0.828125 0
0.125 0.828125 0
0.140625 0.828125 0
0.125 0.84375 0
0.140625 0.84375 0
0.140625 0.828125 0
0.15625 0.828125 0
0.140625 0.84375 0
0.15625 0.84375 0
0.15625 0.8125 0
0.171875 0.8125 0
0.15625 0.828125 0
0.171875 0.828125 0
0.171875 0.8125 0
0.1875 0.8125 0
0.171875 0.828125 0
0.1875 0.828125 0
0.15625 0.828125 0
0.171875 0.828125 0
0.15625 0.84375 0
0.171875 0.84375 0
0.171875 0.828125 0
0.1875 0.828125 0
0.171875 0.84375 0
0.1875 0.84375 0
0.125 0.84375 0
0.140625 0.84375 0
0.125 0.859375 0
0.140625 0.859375 0
0.140625 0.84375 0
0.15625 0.84375 0
0.140625 0.859375 0
0.15625 0.859375 0
0.125 0.859375 0
0.140625 0.859375 0
0.125 0.875 0
0.140625 0.875 0
0.140625 0.859375 0
0.15625 0.859375 0
0.140625 0.875 0
0.15625 0.875 0
0.15625 0.84375 0
0.171875 0.84375 0
0.15625 0.859375 0
0.171875 0.859375 0
0.171875 0.84375 0
0.1875 0.84375 0
0.171875 0.859375 0
0.1875 0.859375 0
0.15625 0.859375 0
0.171875 0.859375 0
0.15625 0.875 0
0.171875 0.875 0
0.171875 0.859375 0
0.1875 0.859375 0
0.171875 0.875 0
0.1875 0.875 0
0.1875 0.8125 0
0.203125 0.8125 0
0.1875 0.828125 0
0.203125 0.828125 0
0.203125 0.8125 0
0.21875 0.8125 0
0.203125 0.828125 0
0.21875 0.828125 0
0.1875 0.828125 0
0.203125 0.828125 0
0.1875 0.84375 0
0.203125 0.84375 0
0.203125 0.828125 0
0.21875 0.828125 0
0.203125 0.84375 0
0.21875 0.84375 0
0.21875 0.8125 0
0.234375 0.8125 0
0.21875 0.828125 0
0.234375 0.828125 0
0.234375 0.8125 0
0.25 0.8125 0
0.234375 0.828125 0
0.25 0.828125 0
0.21875 0.828125 0
0.234375 0.828125 0
0.21875 0.84375 0
0.234375 0.84375 0
0.234375 0.828125 0
0.25 0.828125 0
0.234375 0.84375 0
0.25 0.84375 0
0.1875 0.84375 0
0.203125 0.84375 0
0.1875 0.859375 0
0.203125 0.859375 0
0.203125 0.84375 0
0.21875 0.84375 0
0.203125 0.859375 0
0.21875 0.859375 0
0.1875 0.859375 0
0.203125 0.859375 0
0.1875 0.875 0
0.203125 0.875 0
0.203125 0.859375 0
0.21875 0.859375 0
0.203125 0.875 0
0.21875 0.875 0
0.21875 0.84375 0
0.234375 0.84375 0
0.21875 0.859375 0
0.234375 0.859375 0
0.234375 0.84375 0
0.25 0.84375 0
0.234375 0.859375 0
0.25 0.859375 0
0.21875 0.859375 0
0.234375 0.859375 0
0.21875 0.875 0
0.234375 0.875 0
0.234375 0.859375 0
0.25 0.859375 0
0.234375 0.875 0
0.25 0.875 0
0 0.875 0
0.015625 0.875 0
0 0.890625 0
0.015625 0.890625 0
0.015625 0.875 0
0.03125 0.875 0
0.015625 0.890625 0
0.03125 0.890625 0
0 0.890625 0
0.015625 0.890625 0
0 0.90625 0
0.015625 0.90625 0
0.015625 0.890625 0
0.03125 0.890625 0
0.015625 0.90625 0
0.03125 0.90625 0
0.03125 0.875 0
0.046875 0.875 0
0.03125 0.890625 0
0.046875 0.890625 0
0.046875 0.875 0
0.0625 0.875 0
0.046875 0.890625 0
0.0625 0.890625 0
0.03125 0.890625 0
0.046875 0.890625 0
0.03125 0.90625 0
0.046875 0.90625 0
0.046875 0.890625 0
0.0625 0.890625 0
0.046875 0.90625 0
0.0625 0.90625 0
0 0.90625 0
0.015625 0.90625 0
0 0.921875 0
0.015625 0.921875 0
0.015625 0.90625 0
0.03125 0.90625 0
0.015625 0.921875 0
0.03125 0.921875 0
0 0.921875 0
0.015625 0.921875 0
0 0.9375 0
0.015625 0.9375 0
0.015625 0.921875 0
0.03125 0.921875 0
0.015625 0.9375 0
0.03125 0.9375 0
0.03125 0.90625 0
0.046875 0.90625 0
0.03125 0.921875 0
0.046875 0.921875 0
0.046875 0.90625 0
0.0625 0.90625 0
0.046875 0.921875 0
0.0625 0.921875 0
0.03125 0.921875 0
0.046875 0.921875 0
0.03125 0.9375 0
0.046875 0.9375 0
0.046875 0.921875 0
0.0625 0.921875 0
0.046875 0.9375 0
0.0625 0.9375 0
0.0625 0.875 0
0.078125 0.875 0
0.0625 0.890625 0
0.078125 0.890625 0
0.078125 0.875 0
0.09375 0.875 0
0.078125 0.890625 0
0.09375 0.890625 0
0.0625 0.890625 0
0.078125 0.890625 0
0.0625 0.90625 0
0.078125 0.90625 0
0.078125 0.890625 0
0.09375 0.890625 0
0.078125 0.90625 0
0.09375 0.90625 0
0.09375 0.875 0
0.109375 0.875 0
0.09375 0.890625 0
0.109375 0.890625 0
0.109375 0.875 0
0.125 0.875 0
0.109375 0.890625 0
0.125 0.890625 0
0.09375 0.890625 0
0.109375 0.890625 0
0.09375 0.90625 0
0.109375 0.90625 0
0.109375 0.890625 0
0.125 0.890625 0
0.109375 0.90625 0
0.125 0.90625 0
0.0625 0.90625 0
0.078125 0.90625 0
0.0625 0.921875 0
0.078125 0.921875 0
0.078125 0.90625 0
0.09375 0.90625 0
0.078125 0.921875 0
0.09375 0.921875 0
0.0625 0.921875 0
0.078125 0.921875 0
0.0625 0.9375 0
0.078125 0.9375 0
0.078125 0.921875 0
0.09375 0.921875 0
0.078125 0.9375 0
0.09375 0.9375 0
0.09375 0.90625 0
0.109375 0.90625 0
0.09375 0.921875 0
0.109375 0.921875 0
0.109375 0.90625 0
0.125 0.90625 0
0.109375 0.921875 0
0.125 0.921875 0
0.09375 0.921875 0
0.109375 0.921875 0
0.09375 0.9375 0
0.109375 0.9375 0
0.109375 0.921875 0
0.125 0.921875 0
0.109375 0.9375 0
0.125 0.9375 0
0 0.9375 0
0.015625 0.9375 0
0 0.953125 0
0.015625 0.953125 0
0.015625 0.9375 0
0.03125 0.9375 0
0.015625 0.953125 0
0.03125 0.953125 0
0 0.953125 0
0.015625 0.953125 0
0 0.96875 0
0.015625 0.96875 0
0.015625 0.953125 0
0.03125 0.953125 0
0.015625 0.96875 0
0.03125 0.96875 0
0.03125 0.9375 0
0.046875 0.9375 0
0.03125 0.953125 0
0.046875 0.953125 0
0.046875 0.9375 0
0.0625 0.9375 0
0.046875 0.953125 0
0.0625 0.953125 0
0.03125 0.953125 0
0.046875 0.953125 0
0.03125 0.96875 0
0.046875 0.96875 0
0.046875 0.953125 0
0.0625 0.953125 0
0.046875 0.96875 0
0.0625 0.96875 0
0 0.96875 0
0.015625 0.96875 0
0 0.984375 0
0.015625 0.984375 0
0.015625 0.96875 0
0.03125 0.96875 0
0.015625 0.984375 0
0.03125 0.984375 0
0 0.984375 0
0.015625 0.984375 0
0 1 0
0.015625 1 0
0.015625 0.984375 0
0.03125 0.984375 0
0.015625 1 0
0.03125 1 0
0.03125 0.96875 0
0.046875 0.96875 0
0.03125 0.984375 0
0.046875 0.984375 0
0.046875 0.96875 0
0.0625 0.96875 0
0.046875 0.984375 0
0.0625 0.984375 0
0.03125 0.984375 0
0.046875 0.984375 0
0.03125 1 0
0.046875 1 0
0.046875 0.984375 0
0.0625 0.984375 0
0.046875 1 0
0.0625 1 0
0.0625 0.9375 0
0.078125 0.9375 0
0.0625 0.953125 0
0.078125 0.953125 0
0.078125 0.9375 0
0.09375 0.9375 0
0.078125 0.953125 0
0.09375 0.953125 0
0.0625 0.953125 0
0.078125 0.953125 0
0.0625 0.96875 0
0.078125 0.96875 0
0.078125 0.953125 0
0.09375 0.953125 0
0.078125 0.96875 0
0.09375 0.96875 0
0.09375 0.9375 0
0.109375 0.9375 0
0.09375 0.953125 0
0.109375 0.953125 0
0.109375 0.9375 0
0.125 0.9375 0
0.109375 0.953125 0
0.125 0.953125 0
0.09375 0.953125 0
0.109375 0.953125 0
0.09375 0.96875 0
0.109375 0.96875 0
0.109375 0.953125 0
0.125 0.953125 0
0.109375 0.96875 0
0.125 0.96875 0
0.0625 0.96875 0
0.078125 0.96875 0
0.0625 0.984375 0
0.078125 0.984375 0
0.078125 0.96875 0
0.09375 0.96875 0
0.078125 0.984375 0
0.09375 0.984375 0
0.0625 0.984375 0
0.078125 0.984375 0
0.0625 1 0
0.078125 1 0
0.078125 0.984375 0
0.09375 0.984375 0
0.078125 1 0
0.09375 1 0
0.09375 0.96875 0
0.109375 0.96875 0
0.09375 0.984375 0
0.109375 0.984375 0
0.109375 0.96875 0
0.125 0.96875 0
0.109375 0.984375 0
0.125 0.984375 0
0.09375 0.984375 0
0.109375 0.984375 0
0.09375 1 0
0.109375 1 0
0.109375 0.984375 0
0.125 0.984375 0
0.109375 1 0
0.125 1 0
0.125 0.875 0
0.140625 0.875 0
0.125 0.890625 0
0.140625 0.890625 0
0.140625 0.875 0
0.15625 0.875 0
0.140625 0.890625 0
0.15625 0.890625 0
0.125 0.890625 0
0.140625 0.890625 0
0.125 0.90625 0
0.140625 0.90625 0
0.140625 0.890625 0
0.15625 0.890625 0
0.140625 0.90625 0
0.15625 0.90625 0
0.15625 0.875 0
0.171875 0.875 0
0.15625 0.890625 0
0.171875 0.890625 0
0.171875 0.875 0
0.1875 0.875 0
0.171875 0.890625 0
0.1875 0.890625 0
0.15625 0.890625 0
0.171875 0.890625 0
0.15625 0.90625 0
0.171875 0.90625 0
0.171875 0.890625 0
0.1875 0.890625 0
0.171875 0.90625 0
0.1875 0.90625 0
0.125 0.90625 0
0.140625 0.90625 0
0.125 0.921875 0
0.140625 0.921875 0
0.140625 0.90625 0
0.15625 0.90625 0
0.140625 0.921875 0
0.15625 0.921875 0
0.125 0.921875 0
0.140625 0.921875 0
0.125 0.9375 0
0.140625 0.9375 0
0.140625 0.921875 0
0.15625 0.921875 0
0.140625 0.9375 0
0.15625 0.9375 0
0.15625 0.90625 0
0.171875 0.90625 0
0.15625 0.921875 0
0.171875 0.921875 0
0.171875 0.90625 0
0.1875 0.90625 0
0.171875 0.921875 0
0.1875 0.921875 0
0.15625 0.921875 0
0.171875 0.921875 0
0.15625 0.9375 0
0.171875 0.9375 0
0.171875 0.921875 0
0.1875 0.921875 0
0.171875 0.9375 0
0.1875 0.9375 0
0.1875 0.875 0
0.203125 0.875 0
0.1875 0.890625 0
0.203125 0.890625 0
0.203125 0.875 0
0.21875 0.875 0
0.203125 0.890625 0
0.21875 0.890625 0
0.1875 0.890625 0
0.203125 0.890625 0
0.1875 0.90625 0
0.203125 0.90625 0
0.203125 0.890625 0
0.21875 0.890625 0
0.203125 0.90625 0
0.21875 0.90625 0
0.21875 0.875 0
0.234375 0.875 0
0.21875 0.890625 0
0.234375 0.890625 0
0.234375 0.875 0
0.25 0.875 0
0.234375 0.890625 0
0.25 0.890625 0
0.21875 0.890625 0
0.234375 0.890625 0
0.21875 0.90625 0
0.234375 0.90625 0
0.234375 0.890625 0
0.25 0.890625 0
0.234375 0.90625 0
0.25 0.90625 0
0.1875 0.90625 0
0.203125 0.90625 0
0.1875 0.921875 0
0.203125 0.921875 0
0.203125 0.90625 0
0.21875 0.90625 0
0.203125 0.921875 0
0.21875 0.921875 0
0.1875 0.921875 0
0.203125 0.921875 0
0.1875 0.9375 0
0.203125 0.9375 0
0.203125 0.921875 0
0.21875 0.921875 0
0.203125 0.9375 0
0.21875 0.9375 0
0.21875 0.90625 0
0.234375 0.90625 0
0.21875 0.921875 0
0.234375 0.921875 0
0.234375 0.90625 0
0.25 0.90625 0
0.234375 0.921875 0
0.25 0.921875 0
0.21875 0.921875 0
0.234375 0.921875 0
0.21875 0.9375 0
0.234375 0.9375 0
0.234375 0.921875 0
0.25 0.921875 0
0.234375 0.9375 0
0.25 0.9375 0
0.125 0.9375 0
0.140625 0.9375 0
0.125 0.953125 0
0.140625 0.953125 0
0.140625 0.9375 0
0.15625 0.9375 0
0.140625 0.953125 0
0.15625 0.953125 0
0.125 0.953125 0
0.140625 0.953125 0
0.125 0.96875 0
0.140625 0.96875 0
0.140625 0.953125 0
0.15625 0.953125 0
0.140625 0.96875 0
0.15625 0.96875 0
0.15625 0.9375 0
0.171875 0.9375 0
0.15625 0.953125 0
0.171875 0.953125 0
0.171875 0.9375 0
0.1875 0.9375 0
0.171875 0.953125 0
0.1875 0.953125 0
0.15625 0.953125 0
0.171875 0.953125 0
0.15625 0.96875 0
0.171875 0.96875 0
0.171875 0.953125 0
0.1875 0.953125 0
0.171875 0.96875 0
0.1875 0.96875 0
0.125 0.96875 0
0.140625 0.96875 0
0.125 0.984375 0
0.140625 0.984375 0
0.140625 0.96875 0
0.15625 0.96875 0
0.140625 0.984375 0
0.15625 0.984375 0
0.125 0.984375 0
0.140625 0.984375 0
0.125 1 0
0.140625 1 0
0.140625 0.984375 0
0.15625 0.984375 0
0.140625 1 0
0.15625 1 0
0.15625 0.96875 0
0.171875 0.96875 0
0.15625 0.984375 0
0.171875 0.984375 0
0.171875 0.96875 0
0.1875 0.96875 0
0.171875 0.984375 0
0.1875 0.984375 0
0.15625 0.984375 0
0.171875 0.984375 0
0.15625 1 0
0.171875 1 0
0.171875 0.984375 0
0.1875 0.984375 0
0.171875 1 0
0.1875 1 0
0.1875 0.9375 0
0.203125 0.9375 0
0.1875 0.953125 0
0.203125 0.953125 0
0.203125 0.9375 0
0.21875 0.9375 0
0.203125 0.953125 0
0.21875 0.953125 0
0.1875 0.953125 0
0.203125 0.953125 0
0.1875 0.96875 0
0.203125 0.96875 0
0.203125 0.953125 0
0.21875 0.953125 0
0.203125 0.96875 0
0.21875 0.96875 0
0.21875 0.9375 0
0.234375 0.9375 0
0.21875 0.953125 0
0.234375 0.953125 0
0.234375 0.9375 0
0.25 0.9375 0
0.234375 0.953125 0
0.25 0.953125 0
0.21875 0.953125 0
0.234375 0.953125 0
0.21875 0.96875 0
0.234375 0.96875 0
0.234375 0.953125 0
0.25 0.953125 0
0.234375 0.96875 0
0.25 0.96875 0
0.1875 0.96875 0
0.203125 0.96875 0
0.1875 0.984375 0
0.203125 0.984375 0
0.203125 0.96875 0
0.21875 0.96875 0
0.203125 0.984375 0
0.21875 0.984375 0
0.1875 0.984375 0
0.203125 0.984375 0
0.1875 1 0
0.203125 1 0
0.203125 0.984375 0
0.21875 0.984375 0
0.203125 1 0
0.21875 1 0
0.21875 0.96875 0
0.234375 0.96875 0
0.21875 0.984375 0
0.234375 0.984375 0
0.234375 0.96875 0
0.25 0.96875 0
0.234375 0.984375 0
0.25 0.984375 0
0.21875 0.984375 0
0.234375 0.984375 0
0.21875 1 0
0.234375 1 0
0.234375 0.984375 0
0.25 0.984375 0
0.234375 1 0
0.25 1 0
0.25 0.75 0
0.265625 0.75 0
0.25 0.765625 0
0.265625 0.765625 0
0.265625 0.75 0
0.28125 0.75 0
0.265625 0.765625 0
0.28125 0.765625 0
0.25 0.765625 0
0.265625 0.765625 0
0.25 0.78125 0
0.265625 0.78125 0
0.265625 0.765625 0
0.28125 0.765625 0
0.265625 0.78125 0
0.28125 0.78125 0
0.28125 0.75 0
0.296875 0.75 0
0.28125 0.765625 0
0.296875 0.765625 0
0.296875 0.75 0
0.3125 0.75 0
0.296875 0.765625 0
0.3125 0.765625 0
0.28125 0.765625 0
0.296875 0.765625 0
0.28125 0.78125 0
0.296875 0.78125 0
0.296875 0.765625 0
0.3125 0.765625 0
0.296875 0.78125 0
0.3125 0.78125 0
0.25 0.78125 0
0.265625 0.78125 0
0.25 0.796875 0
0.265625 0.796875 0
0.265625 0.78125 0
0.28125 0.78125 0
0.265625 0.796875 0
0.28125 0.796875 0
0.25 0.796875 0
0.265625 0.796875 0
0.25 0.8125 0
0.265625 0.8125 0
0.265625 0.796875 0
0.28125 0.796875 0
0.265625 0.8125 0
0.28125 0.8125 0
0.28125 0.78125 0
0.296875 0.78125 0
0.28125 0.796875 0
0.296875 0.796875 0
0.296875 0.78125 0
0.3125 0.78125 0
0.296875 0.796875 0
0.3125 0.796875 0
0.28125 0.796875 0
0.296875 0.796875 0
0.28125 0.8125 0
0.296875 0.8125 0
0.296875 0.796875 0
0.3125 0.796875 0
0.296875 0.8125 0
0.3125 0.8125 0
0.3125 0.75 0
0.328125 0.75 0
0.3125 0.765625 0
0.328125 0.765625 0
0.328125 0.75 0
0.34375 0.75 0
0.328125 0.765625 0
0.34375 0.765625 0
0.3125 0.765625 0
0.328125 0.765625 0
0.3125 0.78125 0
0.328125 0.78125 0
0.328125 0.765625 0
0.34375 0.765625 0
0.328125 0.78125 0
0.34375 0.78125 0
0.34375 0.75 0
0.359375 0.75 0
0.34375 0.765625 0
0.359375 0.765625 0
0.359375 0.75 0
0.375 0.75 0
0.359375 0.765625 0
0.375 0.765625 0
0.34375 0.765625 0
0.359375 0.765625 0
0.34375 0.78125 0
0.359375 0.78125 0
0.359375 0.765625 0
0.375 0.765625 0
0.359375 0.78125 0
0.375 0.78125 0
0.3125 0.78125 0
0.328125 0.78125 0
0.3125 0.796875 0
0.328125 0.796875 0
0.328125 0.78125 0
0.34375 0.78125 0
0.328125 0.796875 0
0.34375 0.796875 0
0.3125 0.796875 0
0.328125 0.796875 0
0.3125 0.8125 0
0.328125 0.8125 0
0.328125 0.796875 0
0.34375 0.796875 0
0.328125 0.8125 0
0.34375 0.8125 0
0.34375 0.78125 0
0.359375 0.78125 0
0.34375 0.796875 0
0.359375 0.796875 0
0.359375 0.78125 0
0.375 0.78125 0
0.359375 0.796875 0
0.375 0.796875 0
0.34375 0.796875 0
0.359375 0.796875 0
0.34375 0.8125 0
0.359375 0.8125 0
0.359375 0.796875 0
0.375 0.796875 0
0.359375 0.8125 0
0.375 0.8125 0
0.25 0.8125 0
0.265625 0.8125 0
0.25 0.828125 0
0.265625 0.828125 0
0.265625 0.8125 0
0.28125 0.8125 0
0.265625 0.828125 0
0.28125 0.828125 0
0.25 0.828125 0
0.265625 0.828125 0
0.25 0.84375 0
0.265625 0.84375 0
0.265625 0.828125 0
0.28125 0.828125 0
0.265625 0.84375 0
0.28125 0.84375 0
0.28125 0.8125 0
0.296875 0.8125 0
0.28125 0.828125 0
0.296875 0.828125 0
0.296875 0.8125 0
0.3125 0.8125 0
0.296875 0.828125 0
0.3125 0.828125 0
0.28125 0.828125 0
0.296875 0.828125 0
0.28125 0.84375 0
0.296875 0.84375 0
0.296875 0.828125 0
0.3125 0.828125 0
0.296875 0.84375 0
0.3125 0.84375 0
0.25 0.84375 0
0.265625 0.84375 0
0.25 0.859375 0
0.265625 0.859375 0
0.265625 0.84375 0
0.28125 0.84375 0
0.265625 0.859375 0
0.28125 0.859375 0
0.25 0.859375 0
0.265625 0.859375 0
0.25 0.875 0
0.265625 0.875 0
0.265625 0.859375 0
0.28125 0.859375 0
0.265625 0.875 0
0.28125 0.875 0
0.28125 0.84375 0
0.296875 0.84375 0
0.28125 0.859375 0
0.296875 0.859375 0
0.296875 0.84375 0
0.3125 0.84375 0
0.296875 0.859375 0
0.3125 0.859375 0
0.28125 0.859375 0
0.296875 0.859375 0
0.28125 0.875 0
0.296875 0.875 0
0.296875 0.859375 0
0.3125 0.859375 0
0.296875 0.875 0
0.3125 0.875 0
0.3125 0.8125 0
0.328125 0.8125 0
0.3125 0.828125 0
0.328125 0.828125 0
0.328125 0.8125 0
0.34375 0.8125 0
0.328125 0.828125 0
0.34375 0.828125 0
0.3125 0.828125 0
0.328125 0.828125 0
0.3125 0.84375 0
0.328125 0.84375 0
0.328125 0.828125 0
0.34375 0.828125 0
0.328125 0.84375 0
0.34375 0.84375 0
0.34375 0.8125 0
0.359375 0.8125 0
0.34375 0.828125 0
0.359375 0.828125 0
0.359375 0.8125 0
0.375 0.8125 0
0.359375 0.828125 0
0.375 0.828125 0
0.34375 0.828125 0
0.359375 0.828125 0
0.34375 0.84375 0
0.359375 0.84375 0
0.359375 0.828125 0
0.375 0.828125 0
0.359375 0.84375 0
0.375 0.84375 0
0.3125 0.84375 0
0.328125 0.84375 0
0.3125 0.859375 0
0.328125 0.859375 0
0.328125 0.84375 0
0.34375 0.84375 0
0.328125 0.859375 0
0.34375 0.859375 0
0.3125 0.859375 0
0.328125 0.859375 0
0.3125 0.875 0
0.328125 0.875 0
0.328125 0.859375 0
0.34375 0.859375 0
0.328125 0.875 0
0.34375 0.875 0
0.34375 0.84375 0
0.359375 0.84375 0
0.34375 0.859375 0
0.359375 0.859375 0
0.359375 0.84375 0
0.375 0.84375 0
0.359375 0.859375 0
0.375 0.859375 0
0.34375 0.859375 0
0.359375 0.859375 0
0.34375 0.875 0
0.359375 0.875 0
0.359375 0.859375 0
0.375 0.859375 0
0.359375 0.875 0
0.375 0.875 0
0.375 0.75 0
0.390625 0.75 0
0.375 0.765625 0
0.390625 0.765625 0
0.390625 0.75 0
0.40625 0.75 0
0.390625 0.765625 0
0.40625 0.765625 0
0.375 0.765625 0
0.390625 0.765625 0
0.375 0.78125 0
0.390625 0.78125 0
0.390625 0.765625 0
0.40625 0.765625 0
0.390625 0.78125 0
0.40625 0.78125 0
0.40625 0.75 0
0.421875 0.75 0
0.40625 0.765625 0
0.421875 0.765625 0
0.421875 0.75 0
0.4375 0.75 0
0.421875 0.765625 0
0.4375 0.765625 0
0.40625 0.765625 0
0.421875 0.765625 0
0.40625 0.78125 0
0.421875 0.78125 0
0.421875 0.765625 0
0.4375 0.765625 0
0.421875 0.78125 0
0.4375 0.78125 0
0.375 0.78125 0
0.390625 0.78125 0
0.375 0.796875 0
0.390625 0.796875 0
0.390625 0.78125 0
0.40625 0.78125 0
0.390625 0.796875 0
0.40625 0.796875 0
0.375 0.796875 0
0.390625 0.796875 0
0.375 0.8125 0
0.390625 0.8125 0
0.390625 0.796875 0
0.40625 0.796875 0
0.390625 0.8125 0
0.40625 0.8125 0
0.40625 0.78125 0
0.421875 0.78125 0
0.40625 0.796875 0
0.421875 0.796875 0
0.421875 0.78125 0
0.4375 0.78125 0
0.421875 0.796875 0
0.4375 0.796875 0
0.40625 0.796875 0
0.421875 0.796875 0
0.40625 0.8125 0
0.421875 0.8125 0
0.421875 0.796875 0
0.4375 0.796875 0
0.421875 0.8125 0
0.4375 0.8125 0
0.4375 0.75 0
0.453125 0.75 0
0.4375 0.765625 0
0.453125 0.765625 0
0.453125 0.75 0
0.46875 0.75 0
0.453125 0.765625 0
0.46875 0.765625 0
0.4375 0.765625 0
0.453125 0.765625 0
0.4375 0.78125 0
0.453125 0.78125 0
0.453125 0.765625 0
0.46875 0.765625 0
0.453125 0.78125 0
0.46875 0.78125 0
0.46875 0.75 0
0.484375 0.75 0
0.46875 0.765625 0
0.484375 0.765625 0
0.484375 0.75 0
0.5 0.75 0
0.484375 0.765625 0
0.5 0.765625 0
0.46875 0.765625 0
0.484375 0.765625 0
0.46875 0.78125 0
0.484375 0.78125 0
0.484375 0.765625 0
0.5 0.765625 0
0.484375 0.78125 0
0.5 0.78125 0
0.4375 0.78125 0
0.453125 0.78125 0
0.4375 0.796875 0
0.453125 0.796875 0
0.453125 0.78125 0
0.46875 0.78125 0
0.453125 0.796875 0
0.46875 0.796875 0
0.4375 0.796875 0
0.453125 0.796875 0
0.4375 0.8125 0
0.453125 0.8125 0
0.453125 0.796875 0
0.46875 0.796875 0
0.453125 0.8125 0
0.46875 0.8125 0
0.46875 0.78125 0
0.484375 0.78125 0
0.46875 0.796875 0
0.484375 0.796875 0
0.484375 0.78125 0
0.5 0.78125 0
0.484375 0.796875 0
0.5 0.796875 0
0.46875 0.796875 0
0.484375 0.796875 0
0.46875 0.8125 0
0.484375 0.8125 0
0.484375 0.796875 0
0.5 0.796875 0
0.484375 0.8125 0
0.5 0.8125 0
0.375 0.8125 0
0.390625 0.8125 0
0.375 0.828125 0
0.390625 0.828125 0
0.390625 0.8125 0
0.40625 0.8125 0
0.390625 0.828125 0
0.40625 0.828125 0
0.375 0.828125 0
0.390625 0.828125 0
0.375 0.84375 0
0.390625 0.84375 0
0.390625 0.828125 0
0.40625 0.828125 0
0.390625 0.84375 0
0.40625 0.84375 0
0.40625 0.8125 0
0.421875 0.8125 0
0.40625 0.828125 0
0.421875 0.828125 0
0.421875 0.8125 0
0.4375 0.8125 0
0.421875 0.828125 0
0.4375 0.828125 0
0.40625 0.828125 0
0.421875 0.828125 0
0.40625 0.84375 0
0.421875 0.84375 0
0.421875 0.828125 0
0.4375 0.828125 0
0.421875 0.84375 0
0.4375 0.84375 0
0.375 0.84375 0
0.390625 0.84375 0
0.375 0.859375 0
0.390625 0.859375 0
0.390625 0.84375 0
0.40625 0.84375 0
0.390625 0.859375 0
0.40625 0.859375 0
0.375 0.859375 0
0.390625 0.859375 0
0.375 0.875 0
0.390625 0.875 0
0.390625 0.859375 0
0.40625 0.859375 0
0.390625 0.875 0
0.40625 0.875 0
0.40625 0.84375 0
0.421875 0.84375 0
0.40625 0.859375 0
0.421875 0.859375 0
0.421875 0.84375 0
0.4375 0.84375 0
0.421875 0.859375 0
0.4375 0.859375 0
0.40625 0.859375 0
0.421875 0.859375 0
0.40625 0.875 0
0.421875 0.875 0
0.421875 0.859375 0
0.4375 0.859375 0
0.421875 0.875 0
0.4375 0.875 0
0.4375 0.8125 0
0.453125 0.8125 0
0.4375 0.828125 0
0.453125 0.828125 0
0.453125 0.8125 0
0.46875 0.8125 0
0.453125 0.828125 0
0.46875 0.828125 0
0.4375 0.828125 0
0.453125 0.828125 0
0.4375 0.84375 0
0.453125 0.84375 0
0.453125 0.828125 0
0.46875 0.828125 0
0.453125 0.84375 0
0.46875 0.84375 0
0.46875 0.8125 0
0.484375 0.8125 0
0.46875 0.828125 0
0.484375 0.828125 0
0.484375 0.8125 0
0.5 0.8125 0
0.484375 0.828125 0
0.5 0.828125 0
0.46875 0.828125 0
0.484375 0.828125 0
0.46875 0.84375 0
0.484375 0.84375 0
0.484375 0.828125 0
0.5 0.828125 0
0.484375 0.84375 0
0.5 0.84375 0
0.4375 0.84375 0
0.453125 0.84375 0
0.4375 0.859375 0
0.453125 0.859375 0
0.453125 0.84375 0
0.46875 0.84375 0
0.453125 0.859375 0
0.46875 0.859375 0
0.4375 0.859375 0
0.453125 0.859375 0
0.4375 0.875 0
0.453125 0.875 0
0.453125 0.859375 0
0.46875 0.859375 0
0.453125 0.875 0
0.46875 0.875 0
0.46875 0.84375 0
0.484375 0.84375 0
0.46875 0.859375 0
0.484375 0.859375 0
0.484375 0.84375 0
0.5 0.84375 0
0.484375 0.859375 0
0.5 0.859375 0
0.46875 0.859375 0
0.484375 0.859375 0
0.46875 0.875 0
0.484375 0.875 0
0.484375 0.859375 0
0.5 0.859375 0
0.484375 0.875 0
0.5 0.875 0
0.25 0.875 0
0.265625 0.875 0
0.25 0.890625 0
0.265625 0.890625 0
0.265625 0.875 0
0.28125 0.875 0
0.265625 0.890625 0
0.28125 0.890625 0
0.25 0.890625 0
0.265625 0.890625 0
0.25 0.90625 0
0.265625 0.90625 0
0.265625 0.890625 0
0.28125 0.890625 0
0.265625 0.90625 0
0.28125 0.90625 0
0.28125 0.875 0
0.296875 0.875 0
0.28125 0.890625 0
0.296875 0.890625 0
0.296875 0.875 0
0.3125 0.875 0
0.296875 0.890625 0
0.3125 0.890625 0
0.28125 0.890625 0
0.296875 0.890625 0
0.28125 0.90625 0
0.296875 0.90625 0
0.296875 0.890625 0
0.3125 0.890625 0
0.296875 0.90625 0
0.3125 0.90625 0
0.25 0.90625 0
0.265625 0.90625 0
0.25 0.921875 0
0.265625 0.921875 0
0.265625 0.90625 0
0.28125 0.90625 0
0.265625 0.921875 0
0.28125 0.921875 0
0.25 0.921875 0
0.265625 0.921875 0
0.25 0.9375 0
0.265625 0.9375 0
0.265625 0.921875 0
0.28125 0.921875 0
0.265625 0.9375 0
0.28125 0.9375 0
0.28125 0.90625 0
0.296875 0.90625 0
0.28125 0.921875 0
0.296875 0.921875 0
0.296875 0.90625 0
0.3125 0.90625 0
0.296875 0.921875 0
0.3125 0.921875 0
0.28125 0.921875 0
0.296875 0.921875 0
0.28125 0.9375 0
0.296875 0.9375 0
0.296875 0.921875 0
0.3125 0.921875 0
0.296875 0.9375 0
0.3125 0.9375 0
0.3125 0.875 0
0.328125 0.875 0
0.3125 0.890625 0
0.328125 0.890625 0
0.328125 0.875 0
0.34375 0.875 0
0.328125 0.890625 0
0.34375 0.890625 0
0.3125 0.890625 0
0.328125 0.890625 0
0.3125 0.90625 0
0.328125 0.90625 0
0.328125 0.890625 0
0.34375 0.890625 0
0.328125 0.90625 0
0.34375 0.90625 0
0.34375 0.875 0
0.359375 0.875 0
0.34375 0.890625 0
0.359375 0.890625 0
0.359375 0.875 0
0.375 0.875 0
0.359375 0.890625 0
0.375 0.890625 0
0.34375 0.890625 0
0.359375 0.890625 0
0.34375 0.90625 0
0.359375 0.90625 0
0.359375 0.890625 0
0.375 0.890625 0
0.359375 0.90625 0
0.375 0.90625 0
0.3125 0.90625 0
0.328125 0.90625 0
0.3125 0.921875 0
0.328125 0.921875 0
0.328125 0.90625 0
0.34375 0.90625 0
0.328125 0.921875 0
0.34375 0.921875 0
0.3125 0.921875 0
0.328125 0.921875 0
0.3125 0.9375 0
0.328125 0.9375 0
0.328125 0.921875 0
0.34375 0.921875 0
0.328125 0.9375 0
0.34375 0.9375 0
0.34375 0.90625 0
0.359375 0.90625 0
0.34375 0.921875 0
0.359375 0.921875 0
0.359375 0.90625 0
0.375 0.90625 0
0.359375 0.921875 0
0.375 0.921875 0
0.34375 0.921875 0
0.359375 0.921875 0
0.34375 0.9375 0
0.359375 0.9375 0
0.359375 0.921875 0
0.375 0.921875 0
0.359375 0.9375 0
0.375 0.9375 0
0.25 0.9375 0
0.265625 0.9375 0
0.25 0.953125 0
0.265625 0.953125 0
0.265625 0.9375 0
0.28125 0.9375 0
0.265625 0.953125 0
0.28125 0.953125 0
0.25 0.953125 0
0.265625 0.953125 0
0.25 0.96875 0
0.265625 0.96875 0
0.265625 0.953125 0
0.28125 0.953125 0
0.265625 0.96875 0
0.28125 0.96875 0
0.28125 0.9375 0
0.296875 0.9375 0
0.28125 0.953125 0
0.296875 0.953125 0
0.296875 0.9375 0
0.3125 0.9375 0
0.296875 0.953125 0
0.3125 0.953125 0
0.28125 0.953125 0
0.296875 0.953125 0
0.28125 0.96875 0
0.296875 0.96875 0
0.296875 0.953125 0
0.3125 0.953125 0
0.296875 0.96875 0
0.3125 0.96875 0
0.25 0.96875 0
0.265625 0.96875 0
0.25 0.984375 0
0.265625 0.984375 0
0.265625 0.96875 0
0.28125 0.96875 0
0.265625 0.984375 0
0.28125 0.984375 0
0.25 0.984375 0
0.265625 0.984375 0
0.25 1 0
0.265625 1 0
0.265625 0.984375 0
0.28125 0.984375 0
0.265625 1 0
0.28125 1 0
0.28125 0.96875 0
0.296875 0.96875 0
0.28125 0.984375 0
0.296875 0.984375 0
0.296875 0.96875 0
0.3125 0.96875 0
0.296875 0.984375 0
0.3125 0.984375 0
0.28125 0.984375 0
0.296875 0.984375 0
0.28125 1 0
0.296875 1 0
0.296875 0.984375 0
0.3125 0.984375 0
0.296875 1 0
0.3125 1 0
0.3125 0.9375 0
0.328125 0.9375 0
0.3125 0.953125 0
0.328125 0.953125 0
0.328125 0.9375 0
0.34375 0.9375 0
0.328125 0.953125 0
0.34375 0.953125 0
0.3125 0.953125 0
0.328125 0.953125 0
0.3125 0.96875 0
0.328125 0.96875 0
0.328125 0.953125 0
0.34375 0.953125 0
0.328125 0.96875 0
0.34375 0.96875 0
0.34375 0.9375 0
0.359375 0.9375 0
0.34375 0.953125 0
0.359375 0.953125 0
0.359375 0.9375 0
0.375 0.9375 0
0.359375 0.953125 0
0.375 0.953125 0
0.34375 0.953125 0
0.359375 0.953125 0
0.34375 0.96875 0
0.359375 0.96875 0
0.359375 0.953125 0
0.375 0.953125 0
0.359375 0.96875 0
0.375 0.96875 0
0.3125 0.96875 0
0.328125 0.96875 0
0.3125 0.984375 0
0.328125 0.984375 0
0.328125 0.96875 0
0.34375 0.96875 0
0.328125 0.984375 0
0.34375 0.984375 0
0.3125 0.984375 0
0.328125 0.984375 0
0.3125 1 0
0.328125 1 0
0.328125 0.984375 0
0.34375 0.984375 0
0.328125 1 0
0.34375 1 0
0.34375 0.96875 0
0.359375 0.96875 0
0.34375 0.984375 0
0.359375 0.984375 0
0.359375 0.96875 0
0.375 0.96875 0
0.359375 0.984375 0
0.375 0.984375 0
0.34375 0.984375 0
0.359375 0.984375 0
0.34375 1 0
0.359375 1 0
0.359375 0.984375 0
0.375 0.984375 0
0.359375 1 0
0.375 1 0
0.375 0.875 0
0.390625 0.875 0
0.375 0.890625 0
0.390625 0.890625 0
0.390625 0.875 0
0.40625 0.875 0
0.390625 0.890625 0
0.40625 0.890625 0
0.375 0.890625 0
0.390625 0.890625 0
0.375 0.90625 0
0.390625 0.90625 0
0.390625 0.890625 0
0.40625 0.890625 0
0.390625 0.90625 0
0.40625 0.90625 0
0.40625 0.875 0
0.421875 0.875 0
0.40625 0.890625 0
0.421875 0.890625 0
0.421875 0.875 0
0.4375 0.875 0
0.421875 0.890625 0
0.4375 0.890625 0
0.40625 0.890625 0
0.421875 0.890625 0
0.40625 0.90625 0
0.421875 0.90625 0
0.421875 0.890625 0
0.4375 0.890625 0
0.421875 0.90625 0
0.4375 0.90625 0
0.375 0.90625 0
0.390625 0.90625 0
0.375 0.921875 0
0.390625 0.921875 0
0.390625 0.90625 0
0.40625 0.90625 0
0.390625 0.921875 0
0.40625 0.921875 0
0.375 0.921875 0
0.390625 0.921875 0
0.375 0.9375 0
0.390625 0.9375 0
0.390625 0.921875 0
0.40625 0.921875 0
0.390625 0.9375 0
0.40625 0.9375 0
0.40625 0.90625 0
0.421875 0.90625 0
0.40625 0.921875 0
0.421875 0.921875 0
0.421875 0.90625 0
0.4375 0.90625 0
0.421875 0.921875 0
0.4375 0.921875 0
0.40625 0.921875 0
0.421875 0.921875 0
0.40625 0.9375 0
0.421875 0.9375 0
0.421875 0.921875 0
0.4375 0.921875 0
0.421875 0.9375 0
0.4375 0.9375 0
0.4375 0.875 0
0.453125 0.875 0
0.4375 0.890625 0
0.453125 0.890625 0
0.453125 0.875 0
0.46875 0.875 0
0.453125 0.890625 0
0.46875 0.890625 0
0.4375 0.890625 0
0.453125 0.890625 0
0.4375 0.90625 0
0.453125 0.90625 0
0.453125 0.890625 0
0.46875 0.890625 0
0.453125 0.90625 0
0.46875 0.90625 0
0.46875 0.875 0
0.484375 0.875 0
0.46875 0.890625 0
0.484375 0.890625 0
0.484375 0.875 0
0.5 0.875 0
0.484375 0.890625 0
0.5 0.890625 0
0.46875 0.890625 0
0.484375 0.890625 0
0.46875 0.90625 0
0.484375 0.90625 0
0.484375 0.890625 0
0.5 0.890625 0
0.484375 0.90625 0
0.5 0.90625 0
0.4375 0.90625 0
0.453125 0.90625 0
0.4375 0.921875 0
0.453125 0.921875 0
0.453125 0.90625 0
0.46875 0.90625 0
0.453125 0.921875 0
0.46875 0.921875 0
0.4375 0.921875 0
0.453125 0.921875 0
0.4375 0.9375 0
0.453125 0.9375 0
0.453125 0.921875 0
0.46875 0.921875 0
0.453125 0.9375 0
0.46875 0.9375 0
0.46875 0.90625 0
0.484375 0.90625 0
0.46875 0.921875 0
0.484375 0.921875 0
0.484375 0.90625 0
0.5 0.90625 0
0.484375 0.921875 0
0.5 0.921875 0
0.46875 0.921875 0
0.484375 0.921875 0
0.46875 0.9375 0
0.484375 0.9375 0
0.484375 0.921875 0
0.5 0.921875 0
0.484375 0.9375 0
0.5 0.9375 0
0.375 0.9375 0
0.390625 0.9375 0
0.375 0.953125 0
0.390625 0.953125 0
0.390625 0.9375 0
0.40625 0.9375 0
0.390625 0.953125 0
0.40625 0.953125 0
0.375 0.953125 0
0.390625 0.953125 0
0.375 0.96875 0
0.390625 0.96875 0
0.390625 0.953125 0
0.40625 0.953125 0
0.390625 0.96875 0
0.40625 0.96875 0
0.40625 0.9375 0
0.421875 0.9375 0
0.40625 0.953125 0
0.421875 0.953125 0
0.421875 0.9375 0
0.4375 0.9375 0
0.421875 0.953125 0
0.4375 0.953125 0
0.40625 0.953125 0
0.421875 0.953125 0
0.40625 0.96875 0
0.421875 0.96875 0
0.421875 0.953125 0
0.4375 0.953125 0
0.421875 0.96875 0
0.4375 0.96875 0
0.375 0.96875 0
0.390625 0.96875 0
0.375 0.984375 0
0.390625 0.984375 0
0.390625 0.96875 0
0.40625 0.96875 0
0.390625 0.984375 0
0.40625 0.984375 0
0.375 0.984375 0
0.390625 0.984375 0
0.375 1 0
0.390625 1 0
0.390625 0.984375 0
0.40625 0.984375 0
0.390625 1 0
0.40625 1 0
0.40625 0.96875 0
0.421875 0.96875 0
0.40625 0.984375 0
0.421875 0.984375 0
0.421875 0.96875 0
0.4375 0.96875 0
0.421875 0.984375 0
0.4375 0.984375 0
0.40625 0.984375 0
0.421875 0.984375 0
0.40625 1 0
0.421875 1 0
0.421875 0.984375 0
0.4375 0.984375 0
0.421875 1 0
0.4375 1 0
0.4375 0.9375 0
0.453125 0.9375 0
0.4375 0.953125 0
0.453125 0.953125 0
0.453125 0.9375 0
0.46875 0.9375 0
0.453125 0.953125 0
0.46875 0.953125 0
0.4375 0.953125 0
0.453125 0.953125 0
0.4375 0.96875 0
0.453125 0.96875 0
0.453125 0.953125 0
0.46875 0.953125 0
0.453125 0.96875 0
0.46875 0.96875 0
0.46875 0.9375 0
0.484375 0.9375 0
0.46875 0.953125 0
0.484375 0.953125 0
0.484375 0.9375 0
0.5 0.9375 0
0.484375 0.953125 0
0.5 0.953125 0
0.46875 0.953125 0
0.484375 0.953125 0
0.46875 0.96875 0
0.484375 0.96875 0
0.484375 0.953125 0
0.5 0.953125 0
0.484375 0.96875 0
0.5 0.96875 0
0.4375 0.96875 0
0.453125 0.96875 0
0.4375 0.984375 0
0.453125 0.984375 0
0.453125 0.96875 0
0.46875 0.96875 0
0.453125 0.984375 0
0.46875 0.984375 0
0.4375 0.984375 0
0.453125 0.984375 0
0.4375 1 0
0.453125 1 0
0.453125 0.984375 0
0.46875 0.984375 0
0.453125 1 0
0.46875 1 0
0.46875 0.96875 0
0.484375 0.96875 0
0.46875 0.984375 0
0.484375 0.984375 0
0.484375 0.96875 0
0.5 0.96875 0
0.484375 0.984375 0
0.5 0.984375 0
0.46875 0.984375 0
0.484375 0.984375 0
0.46875 1 0
0.484375 1 0
0.484375 0.984375 0
0.5 0.984375 0
0.484375 1 0
0.5 1 0
0.5 0.5 0
0.515625 0.5 0
0.5 0.515625 0
0.515625 0.515625 0
0.515625 0.5 0
0.53125 0.5 0
0.515625 0.515625 0
0.53125 0.515625 0
0.5 0.515625 0
0.515625 0.515625 0
0.5 0.53125 0
0.515625 0.53125 0
0.515625 0.515625 0
0.53125 0.515625 0
0.515625 0.53125 0
0.53125 0.53125 0
0.53125 0.5 0
0.546875 0.5 0
0.53125 0.515625 0
0.546875 0.515625 0
0.546875 0.5 0
0.5625 0.5 0
0.546875 0.515625 0
0.5625 0.515625 0
0.53125 0.515625 0
0.546875 0.515625 0
0.53125 0.53125 0
0.546875 0.53125 0
0.546875 0.515625 0
0.5625 0.515625 0
0.546875 0.53125 0
0.5625 0.53125 0
0.5 0.53125 0
0.515625 0.53125 0
0.5 0.546875 0
0.515625 0.546875 0
0.515625 0.53125 0
0.53125 0.53125 0
0.515625 0.546875 0
0.53125 0.546875 0
0.5 0.546875 0
0.515625 0.546875 0
0.5 0.5625 0
0.515625 0.5625 0
0.515625 0.546875 0
0.53125 0.546875 0
0.515625 0.5625 0
0.53125 0.5625 0
0.53125 0.53125 0
0.546875 0.53125 0
0.53125 0.546875 0
0.546875 0.546875 0
0.546875 0.53125 0
0.5625 0.53125 0
0.546875 0.546875 0
0.5625 0.546875 0
0.53125 0.546875 0
0.546875 0.546875 0
0.53125 0.5625 0
0.546875 0.5625 0
0.546875 0.546875 0
0.5625 0.546875 0
0.546875 0.5625 0
0.5625 0.5625 0
0.5625 0.5 0
0.578125 0.5 0
0.5625 0.515625 0
0.578125 0.515625 0
0.578125 0.5 0
0.59375 0.5 0
0.578125 0.515625 0
0.59375 0.515625 0
0.5625 0.515625 0
0.578125 0.515625 0
0.5625 0.53125 0
0.578125 0.53125 0
0.578125 0.515625 0
0.59375 0.515625 0
0.578125 0.53125 0
0.59375 0.53125 0
0.59375 0.5 0
0.609375 0.5 0
0.59375 0.515625 0
0.609375 0.515625 0
0.609375 0.5 0
0.625 0.5 0
0.609375 0.515625 0
0.625 0.515625 0
0.59375 0.515625 0
0.609375 0.515625 0
0.59375 0.53125 0
0.609375 0.53125 0
0.609375 0.515625 0
0.625 0.515625 0
0.609375 0.53125 0
0.625 0.53125 0
0.5625 0.53125 0
0.578125 0.53125 0
0.5625 0.546875 0
0.578125 0.546875 0
0.578125 0.53125 0
0.59375 0.53125 0
0.578125 0.546875 0
0.59375 0.546875 0
0.5625 0.546875 0
0.578125 0.546875 0
0.5625 0.5625 0
0.578125 0.5625 0
0.578125 0.546875 0
0.59375 0.546875 0
0.578125 0.5625 0
0.59375 0.5625 0
0.59375 0.53125 0
0.609375 0.53125 0
0.59375 0.546875 0
0.609375 0.546875 0
0.609375 0.53125 0
0.625 0.53125 0
0.609375 0.546875 0
0.625 0.546875 0
0.59375 0.546875 0
0.609375 0.546875 0
0.59375 0.5625 0
0.609375 0.5625 0
0.609375 0.546875 0
0.625 0.546875 0
0.609375 0.5625 0
0.625 0.5625 0
0.5 0.5625 0
0.515625 0.5625 0
0.5 0.578125 0
0.515625 0.578125 0
0.515625 0.5625 0
0.53125 0.5625 0
0.515625 0.578125 0
0.53125 0.578125 0
0.5 0.578125 0
0.515625 0.578125 0
0.5 0.59375 0
0.515625 0.59375 0
0.515625 0.578125 0
0.53125 0.578125 0
0.515625 0.59375 0
0.53125 0.59375 0
0.53125 0.5625 0
0.546875 0.5625 0
0.53125 0.578125 0
0.546875 0.578125 0
0.546875 0.5625 0
0.5625 0.5625 0
0.546875 0.578125 0
0.5625 0.578125 0
0.53125 0.578125 0
0.546875 0.578125 0
0.53125 0.59375 0
0.546875 0.59375 0
0.546875 0.578125 0
0.5625 0.578125 0
0.546875 0.59375 0
0.5625 0.59375 0
0.5 0.59375 0
0.515625 0.59375 0
0.5 0.609375 0
0.515625 0.609375 0
0.515625 0.59375 0
0.53125 0.59375 0
0.515625 0.609375 0
0.53125 0.609375 0
0.5 0.609375 0
0.515625 0.609375 0
0.5 0.625 0
0.515625 0.625 0
0.515625 0.609375 0
0.53125 0.609375 0
0.515625 0.625 0
0.53125 0.625 0
0.53125 0.59375 0
0.546875 0.59375 0
0.53125 0.609375 0
0.546875 0.609375 0
0.546875 0.59375 0
0.5625 0.59375 0
0.546875 0.609375 0
0.5625 0.609375 0
0.53125 0.609375 0
0.546875 0.609375 0
0.53125 0.625 0
0.546875 0.625 0
0.546875 0.609375 0
0.5625 0.609375 0
0.546875 0.625 0
0.5625 0.625 0
0.5625 0.5625 0
0.578125 0.5625 0
0.5625 0.578125 0
0.578125 0.578125 0
0.578125 0.5625 0
0.59375 0.5625 0
0.578125 0.578125 0
0.59375 0.578125 0
0.5625 0.578125 0
0.578125 0.578125 0
0.5625 0.59375 0
0.578125 0.59375 0
0.578125 0.578125 0
0.59375 0.578125 0
0.578125 0.59375 0
0.59375 0.59375 0
0.59375 0.5625 0
0.609375 0.5625 0
0.59375 0.578125 0
0.609375 0.578125 0
0.609375 0.5625 0
0.625 0.5625 0
0.609375 0.578125 0
0.625 0.578125 0
0.59375 0.578125 0
0.609375 0.578125 0
0.59375 0.59375 0
0.609375 0.59375 0
0.609375 0.578125 0
0.625 0.578125 0
0.609375 0.59375 0
0.625 0.59375 0
0.5625 0.59375 0
0.578125 0.59375 0
0.5625 0.609375 0
0.578125 0.609375 0
0.578125 0.59375 0
0.59375 0.59375 0
0.578125 0.609375 0
0.59375 0.609375 0
0.5625 0.609375 0
0.578125 0.609375 0
0.5625 0.625 0
0.578125 0.625 0
0.578125 0.609375 0
0.59375 0.609375 0
0.578125 0.625 0
0.59375 0.625 0
0.59375 0.59375 0
0.609375 0.59375 0
0.59375 0.609375 0
0.609375 0.609375 0
0.609375 0.59375 0
0.625 0.59375 0
0.609375 0.609375 0
0.625 0.609375 0
0.59375 0.609375 0
0.609375 0.609375 0
0.59375 0.625 0
0.609375 0.625 0
0.609375 0.609375 0
0.625 0.609375 0
0.609375 0.625 0
0.625 0.625 0
0.625 0.5 0
0.640625 0.5 0
0.625 0.515625 0
0.640625 0.515625 0
0.640625 0.5 0
0.65625 0.5 0
0.640625 0.515625 0
0.65625 0.515625 0
0.625 0.515625 0
0.640625 0.515625 0
0.625 0.53125 0
0.640625 0.53125 0
0.640625 0.515625 0
0.65625 0.515625 0
0.640625 0.53125 0
0.65625 0.53125 0
0.65625 0.5 0
0.671875 0.5 0
0.65625 0.515625 0
0.671875 0.515625 0
0.671875 0.5 0
0.6875 0.5 0
0.671875 0.515625 0
0.6875 0.515625 0
0.65625 0.515625 0
0.671875 0.515625 0
0.65625 0.53125 0
0.671875 0.53125 0
0.671875 0.515625 0
0.6875 0.515625 0
0.671875 0.53125 0
0.6875 0.53125 0
0.625 0.53125 0
0.640625 0.53125 0
0.625 0.546875 0
0.640625 0.546875 0
0.640625 0.53125 0
0.65625 0.53125 0
0.640625 0.546875 0
0.65625 0.546875 0
0.625 0.546875 0
0.640625 0.546875 0
0.625 0.5625 0
0.640625 0.5625 0
0.640625 0.546875 0
0.65625 0.546875 0
0.640625 0.5625 0
0.65625 0.5625 0
0.65625 0.53125 0
0.671875 0.53125 0
0.65625 0.546875 0
0.671875 0.546875 0
0.671875 0.53125 0
0.6875 0.53125 0
0.671875 0.546875 0
0.6875 0.546875 0
0.65625 0.546875 0
0.671875 0.546875 0
0.65625 0.5625 0
0.671875 0.5625 0
0.671875 0.546875 0
0.6875 0.546875 0
0.671875 0.5625 0
0.6875 0.5625 0
0.6875 0.5 0
0.703125 0.5 0
0.6875 0.515625 0
0.703125 0.515625 0
0.703125 0.5 0
0.71875 0.5 0
0.703125 0.515625 0
0.71875 0.515625 0
0.6875 0.515625 0
0.703125 0.515625 0
0.6875 0.53125 0
0.703125 0.53125 0
0.703125 0.515625 0
0.71875 0.515625 0
0.703125 0.53125 0
0.71875 0.53125 0
0.71875 0.5 0
0.734375 0.5 0
0.71875 0.515625 0
0.734375 0.515625 0
0.734375 0.5 0
0.75 0.5 0
0.734375 0.515625 0
0.75 0.515625 0
0.71875 0.515625 0
0.734375 0.515625 0
0.71875 0.53125 0
0.734375 0.53125 0
0.734375 0.515625 0
0.75 0.515625 0
0.734375 0.53125 0
0.75 0.53125 0
0.6875 0.53125 0
0.703125 0.53125 0
0.6875 0.546875 0
0.703125 0.546875 0
0.703125 0.53125 0
0.71875 0.53125 0
0.703125 0.546875 0
0.71875 0.546875 0
0.6875 0.546875 0
0.703125 0.546875 0
0.6875 0.5625 0
0.703125 0.5625 0
0.703125 0.546875 0
0.71875 0.546875 0
0.703125 0.5625 0
0.71875 0.5625 0
0.71875 0.53125 0
0.734375 0.53125 0
0.71875 0.546875 0
0.734375 0.546875 0
0.734375 0.53125 0
0.75 0.53125 0
0.734375 0.546875 0
0.75 0.546875 0
0.71875 0.546875 0
0.734375 0.546875 0
0.71875 0.5625 0
0.734375 0.5625 0
0.734375 0.546875 0
0.75 0.546875 0
0.734375 0.5625 0
0.75 0.5625 0
0.625 0.5625 0
0.640625 0.5625 0
0.625 0.578125 0
0.640625 0.578125 0
0.640625 0.5625 0
0.65625 0.5625 0
0.640625 0.578125 0
0.65625 0.578125 0
0.625 0.578125 0
0.640625 0.578125 0
0.625 0.59375 0
0.640625 0.59375 0
0.640625 0.578125 0
0.65625 0.578125 0
0.640625 0.59375 0
0.65625 0.59375 0
0.65625 0.5625 0
0.671875 0.5625 0
0.65625 0.578125 0
0.671875 0.578125 0
0.671875 0.5625 0
0.6875 0.5625 0
0.671875 0.578125 0
0.6875 0.578125 0
0.65625 0.578125 0
0.671875 0.578125 0
0.65625 0.59375 0
0.671875 0.59375 0
0.671875 0.578125 0
0.6875 0.578125 0
0.671875 0.59375 0
0.6875 0.59375 0
0.625 0.59375 0
0.640625 0.59375 0
0.625 0.609375 0
0.640625 0.609375 0
0.640625 0.59375 0
0.65625 0.59375 0
0.640625 0.609375 0
0.65625 0.609375 0
0.625 0.609375 0
0.640625 0.609375 0
0.625 0.625 0
0.640625 0.625 0
0.640625 0.609375 0
0.65625 0.609375 0
0.640625 0.625 0
0.65625 0.625 0
0.65625 0.59375 0
0.671875 0.59375 0
0.65625 0.609375 0
0.671875 0.609375 0
0.671875 0.59375 0
0.6875 0.59375 0
0.671875 0.609375 0
0.6875 0.609375 0
0.65625 0.609375 0
0.671875 0.609375 0
0.65625 0.625 0
0.671875 0.625 0
0.671875 0.609375 0
0.6875 0.609375 0
0.671875 0.625 0
0.6875 0.625 0
0.6875 0.5625 0
0.703125 0.5625 0
0.6875 0.578125 0
0.703125 0.578125 0
0.703125 0.5625 0
0.71875 0.5625 0
0.703125 0.578125 0
0.71875 0.578125 0
0.6875 0.578125 0
0.703125 0.578125 0
0.6875 0.59375 0
0.703125 0.59375 0
0.703125 0.578125 0
0.71875 0.578125 0
0.703125 0.59375 0
0.71875 0.59375 0
0.71875 0.5625 0
0.734375 0.5625 0
0.71875 0.578125 0
0.734375 0.578125 0
0.734375 0.5625 0
0.75 0.5625 0
0.734375 0.578125 0
0.75 0.578125 0
0.71875 0.578125 0
0.734375 0.578125 0
0.71875 0.59375 0
0.734375 0.59375 0
0.734375 0.578125 0
0.75 0.578125 0
0.734375 0.59375 0
0.75 0.59375 0
0.6875 0.59375 0
0.703125 0.59375 0
0.6875 0.609375 0
0.703125 0.609375 0
0.703125 0.59375 0
0.71875 0.59375 0
0.703125 0.609375 0
0.71875 0.609375 0
0.6875 0.609375 0
0.703125 0.609375 0
0.6875 0.625 0
0.703125 0.625 0
0.703125 0.609375 0
0.71875 0.609375 0
0.703125 0.625 0
0.71875 0.625 0
0.71875 0.59375 0
0.734375 0.59375 0
0.71875 0.609375 0
0.734375 0.609375 0
0.734375 0.59375 0
0.75 0.59375 0
0.734375 0.609375 0
0.75 0.609375 0
0.71875 0.609375 0
0.734375 0.609375 0
0.71875 0.625 0
0.734375 0.625 0
0.734375 0.609375 0
0.75 0.609375 0
0.734375 0.625 0
0.75 0.625 0
0.5 0.625 0
0.515625 0.625 0
0.5 0.640625 0
0.515625 0.640625 0
0.515625 0.625 0
0.53125 0.625 0
0.515625 0.640625 0
0.53125 0.640625 0
0.5 0.640625 0
0.515625 0.640625 0
0.5 0.65625 0
0.515625 0.65625 0
0.515625 0.640625 0
0.53125 0.640625 0
0.515625 0.65625 0
0.53125 0.65625 0
0.53125 0.625 0
0.546875 0.625 0
0.53125 0.640625 0
0.546875 0.640625 0
0.546875 0.625 0
0.5625 0.625 0
0.546875 0.640625 0
0.5625 0.640625 0
0.53125 0.640625 0
0.546875 0.640625 0
0.53125 0.65625 0
0.546875 0.65625 0
0.546875 0.640625 0
0.5625 0.640625 0
0.546875 0.65625 0
0.5625 0.65625 0
0.5 0.65625 0
0.515625 0.65625 0
0.5 0.671875 0
0.515625 0.671875 0
0.515625 0.65625 0
0.53125 0.65625 0
0.515625 0.671875 0
0.53125 0.671875 0
0.5 0.671875 0
0.515625 0.671875 0
0.5 0.6875 0
0.515625 0.6875 0
0.515625 0.671875 0
0.53125 0.671875 0
0.515625 0.6875 0
0.53125 0.6875 0
0.53125 0.65625 0
0.546875 0.65625 0
0.53125 0.671875 0
0.546875 0.671875 0
0.546875 0.65625 0
0.5625 0.65625 0
0.546875 0.671875 0
0.5625 0.671875 0
0.53125 0.671875 0
0.546875 0.671875 0
0.53125 0.6875 0
0.546875 0.6875 0
0.546875 0.671875 0
0.5625 0.671875 0
0.546875 0.6875 0
0.5625 0.6875 0
0.5625 0.625 0
0.578125 0.625 0
0.5625 0.640625 0
0.578125 0.640625 0
0.578125 0.625 0
0.59375 0.625 0
0.578125 0.640625 0
0.59375 0.640625 0
0.5625 0.640625 0
0.578125 0.640625 0
0.5625 0.65625 0
0.578125 0.65625 0
0.578125 0.640625 0
0.59375 0.640625 0
0.578125 0.65625 0
0.59375 0.65625 0
0.59375 0.625 0
0.609375 0.625 0
0.59375 0.640625 0
0.609375 0.640625 0
0.609375 0.625 0
0.625 0.625 0
0.609375 0.640625 0
0.625 0.640625 0
0.59375 0.640625 0
0.609375 0.640625 0
0.59375 0.65625 0
0.609375 0.65625 0
0.609375 0.640625 0
0.625 0.640625 0
0.609375 0.65625 0
0.625 0.65625 0
0.5625 0.65625 0
0.578125 0.65625 0
0.5625 0.671875 0
0.578125 0.671875 0
0.578125 0.65625 0
0.59375 0.65625 0
0.578125 0.671875 0
0.59375 0.671875 0
0.5625 0.671875 0
0.578125 0.671875 0
0.5625 0.6875 0
0.578125 0.6875 0
0.578125 0.671875 0
0.59375 0.671875 0
0.578125 0.6875 0
0.59375 0.6875 0
0.59375 0.65625 0
0.609375 0.65625 0
0.59375 0.671875 0
0.609375 0.671875 0
0.609375 0.65625 0
0.625 0.65625 0
0.609375 0.671875 0
0.625 0.671875 0
0.59375 0.671875 0
0.609375 0.671875 0
0.59375 0.6875 0
0.609375 0.6875 0
0.609375 0.671875 0
0.625 0.671875 0
0.609375 0.6875 0
0.625 0.6875 0
0.5 0.6875 0
0.515625 0.6875 0
0.5 0.703125 0
0.515625 0.703125 0
0.515625 0.6875 0
0.53125 0.6875 0
0.515625 0.703125 0
0.53125 0.703125 0
0.5 0.703125 0
0.515625 0.703125 0
0.5 0.71875 0
0.515625 0.71875 0
0.515625 0.703125 0
0.53125 0.703125 0
0.515625 0.71875 0
0.53125 0.71875 0
0.53125 0.6875 0
0.546875 0.6875 0
0.53125 0.703125 0
0.546875 0.703125 0
0.546875 0.6875 0
0.5625 0.6875 0
0.546875 0.703125 0
0.5625 0.703125 0
0.53125 0.703125 0
0.546875 0.703125 0
0.53125 0.71875 0
0.546875 0.71875 0
0.546875 0.703125 0
0.5625 0.703125 0
0.546875 0.71875 0
0.5625 0.71875 0
0.5 0.71875 0
0.515625 0.71875 0
0.5 0.734375 0
0.515625 0.734375 0
0.515625 0.71875 0
0.53125 0.71875 0
0.515625 0.734375 0
0.53125 0.734375 0
0.5 0.734375 0
0.515625 0.734375 0
0.5 0.75 0
0.515625 0.75 0
0.515625 0.734375 0
0.53125 0.734375 0
0.515625 0.75 0
0.53125 0.75 0
0.53125 0.71875 0
0.546875 0.71875 0
0.53125 0.734375 0
0.546875 0.734375 0
0.546875 0.71875 0
0.5625 0.71875 0
0.546875 0.734375 0
0.5625 0.734375 0
0.53125 0.734375 0
0.546875 0.734375 0
0.53125 0.75 0
0.546875 0.75 0
0.546875 0.734375 0
0.5625 0.734375 0
0.546875 0.75 0
0.5625 0.75 0
0.5625 0.6875 0
0.578125 0.6875 0
0.5625 0.703125 0
0.578125 0.703125 0
0.578125 0.6875 0
0.59375 0.6875 0
0.578125 0.703125 0
0.59375 0.703125 0
0.5625 0.703125 0
0.578125 0.703125 0
0.5625 0.71875 0
0.578125 0.71875 0
0.578125 0.703125 0
0.59375 0.703125 0
0.578125 0.71875 0
0.59375 0.71875 0
0.59375 0.6875 0
0.609375 0.6875 0
0.59375 0.703125 0
0.609375 0.703125 0
0.609375 0.6875 0
0.625 0.6875 0
0.609375 0.703125 0
0.625 0.703125 0
0.59375 0.703125 0
0.609375 0.703125 0
0.59375 0.71875 0
0.609375 0.71875 0
0.609375 0.703125 0
0.625 0.703125 0
0.609375 0.71875 0
0.625 0.71875 0
0.5625 0.71875 0
0.578125 0.71875 0
0.5625 0.734375 0
0.578125 0.734375 0
0.578125 0.71875 0
0.59375 0.71875 0
0.578125 0.734375 0
0.59375 0.734375 0
0.5625 0.734375 0
0.578125 0.734375 0
0.5625 0.75 0
0.578125 0.75 0
0.578125 0.734375 0
0.59375 0.734375 0
0.578125 0.75 0
0.59375 0.75 0
0.59375 0.71875 0
0.609375 0.71875 0
0.59375 0.734375 0
0.609375 0.734375 0
0.609375 0.71875 0
0.625 0.71875 0
0.609375 0.734375 0
0.625 0.734375 0
0.59375 0.734375 0
0.609375 0.734375 0
0.59375 0.75 0
0.609375 0.75 0
0.609375 0.734375 0
0.625 0.734375 0
0.609375 0.75 0
0.625 0.75 0
0.625 0.625 0
0.640625 0.625 0
0.625 0.640625 0
0.640625 0.640625 0
0.640625 0.625 0
0.65625 0.625 0
0.640625 0.640625 0
0.65625 0.640625 0
0.625 0.640625 0
0.640625 0.640625 0
0.625 0.65625 0
0.640625 0.65625 0
0.640625 0.640625 0
0.65625 0.640625 0
0.640625 0.65625 0
0.65625 0.65625 0
0.65625 0.625 0
0.671875 0.625 0
0.65625 0.640625 0
0.671875 0.640625 0
0.671875 0.625 0
0.6875 0.625 0
0.671875 0.640625 0
0.6875 0.640625 0
0.65625 0.640625 0
0.671875 0.640625 0
0.65625 0.65625 0
0.671875 0.65625 0
0.671875 0.640625 0
0.6875 0.640625 0
0.671875 0.65625 0
0.6875 0.65625 0
0.625 0.65625 0
0.640625 0.65625 0
0.625 0.671875 0
0.640625 0.671875 0
0.640625 0.65625 0
0.65625 0.65625 0
0.640625 0.671875 0
0.65625 0.671875 0
0.625 0.671875 0
0.640625 0.671875 0
0.625 0.6875 0
0.640625 0.6875 0
0.640625 0.671875 0
0.65625 0.671875 0
0.640625 0.6875 0
0.65625 0.6875 0
0.65625 0.65625 0
0.671875 0.65625 0
0.65625 0.671875 0
0.671875 0.671875 0
0.671875 0.65625 0
0.6875 0.65625 0
0.671875 0.671875 0
0.6875 0.671875 0
0.65625 0.671875 0
0.671875 0.671875 0
0.65625 0.6875 0
0.671875 0.6875 0
0.671875 0.671875 0
0.6875 0.671875 0
0.671875 0.6875 0
0.6875 0.6875 0
0.6875 0.625 0
0.703125 0.625 0
0.6875 0.640625 0
0.703125 0.640625 0
0.703125 0.625 0
0.71875 0.625 0
0.703125 0.640625 0
0.71875 0.640625 0
0.6875 0.640625 0
0.703125 0.640625 0
0.6875 0.65625 0
0.703125 0.65625 0
0.703125 0.640625 0
0.71875 0.640625 0
0.703125 0.65625 0
0.71875 0.65625 0
0.71875 0.625 0
0.734375 0.625 0
0.71875 0.640625 0
0.734375 0.640625 0
0.734375 0.625 0
0.75 0.625 0
0.734375 0.640625 0
0.75 0.640625 0
0.71875 0.640625 0
0.734375 0.640625 0
0.71875 0.65625 0
0.734375 0.65625 0
0.734375 0.640625 0
0.75 0.640625 0
0.734375 0.65625 0
0.75 0.65625 0
0.6875 0.65625 0
0.703125 0.65625 0
0.6875 0.671875 0
0.703125 0.671875 0
0.703125 0.65625 0
0.71875 0.65625 0
0.703125 0.671875 0
0.71875 0.671875 0
0.6875 0.671875 0
0.703125 0.671875 0
0.6875 0.6875 0
0.703125 0.6875 0
0.703125 0.671875 0
0.71875 0.671875 0
0.703125 0.6875 0
0.71875 0.6875 0
0.71875 0.65625 0
0.734375 0.65625 0
0.71875 0.671875 0
0.734375 0.671875 0
0.734375 0.65625 0
0.75 0.65625 0
0.734375 0.671875 0
0.75 0.671875 0
0.71875 0.671875 0
0.734375 0.671875 0
0.71875 0.6875 0
0.734375 0.6875 0
0.734375 0.671875 0
0.75 0.671875 0
0.734375 0.6875 0
0.75 0.6875 0
0.625 0.6875 0
0.640625 0.6875 0
0.625 0.703125 0
0.640625 0.703125 0
0.640625 0.6875 0
0.65625 0.6875 0
0.640625 0.703125 0
0.65625 0.703125 0
0.625 0.703125 0
0.640625 0.703125 0
0.625 0.71875 0
0.640625 0.71875 0
0.640625 0.703125 0
0.65625 0.703125 0
0.640625 0.71875 0
0.65625 0.71875 0
0.65625 0.6875 0
0.671875 0.6875 0
0.65625 0.703125 0
0.671875 0.703125 0
0.671875 0.6875 0
0.6875 0.6875 0
0.671875 0.703125 0
0.6875 0.703125 0
0.65625 0.703125 0
0.671875 0.703125 0
0.65625 0.71875 0
0.671875 0.71875 0
0.671875 0.703125 0
0.6875 0.703125 0
0.671875 0.71875 0
0.6875 0.71875 0
0.625 0.71875 0
0.640625 0.71875 0
0.625 0.734375 0
0.640625 0.734375 0
0.640625 0.71875 0
0.65625 0.71875 0
0.640625 0.734375 0
0.65625 0.734375 0
0.625 0.734375 0
0.640625 0.734375 0
0.625 0.75 0
0.640625 0.75 0
0.640625 0.734375 0
0.65625 0.734375 0
0.640625 0.75 0
0.65625 0.75 0
0.65625 0.71875 0
0.671875 0.71875 0
0.65625 0.734375 0
0.671875 0.734375 0
0.671875 0.71875 0
0.6875 0.71875 0
0.671875 0.734375 0
0.6875 0.734375 0
0.65625 0.734375 0
0.671875 0.734375 0
0.65625 0.75 0
0.671875 0.75 0
0.671875 0.734375 0
0.6875 0.734375 0
0.671875 0.75 0
0.6875 0.75 0
0.6875 0.6875 0
0.703125 0.6875 0
0.6875 0.703125 0
0.703125 0.703125 0
0.703125 0.6875 0
0.71875 0.6875 0
0.703125 0.703125 0
0.71875 0.703125 0
0.6875 0.703125 0
0.703125 0.703125 0
0.6875 0.71875 0
0.703125 0.71875 0
0.703125 0.703125 0
0.71875 0.703125 0
0.703125 0.71875 0
0.71875 0.71875 0
0.71875 0.6875 0
0.734375 0.6875 0
0.71875 0.703125 0
0.734375 0.703125 0
0.734375 0.6875 0
0.75 0.6875 0
0.734375 0.703125 0
0.75 0.703125 0
0.71875 0.703125 0
0.734375 0.703125 0
0.71875 0.71875 0
0.734375 0.71875 0
0.734375 0.703125 0
0.75 0.703125 0
0.734375 0.71875 0
0.75 0.71875 0
0.6875 0.71875 0
0.703125 0.71875 0
0.6875 0.734375 0
0.703125 0.734375 0
0.703125 0.71875 0
0.71875 0.71875 0
0.703125 0.734375 0
0.71875 0.734375 0
0.6875 0.734375 0
0.703125 0.734375 0
0.6875 0.75 0
0.703125 0.75 0
0.703125 0.734375 0
0.71875 0.734375 0
0.703125 0.75 0
0.71875 0.75 0
0.71875 0.71875 0
0.734375 0.71875 0
0.71875 0.734375 0
0.734375 0.734375 0
0.734375 0.71875 0
0.75 0.71875 0
0.734375 0.734375 0
0.75 0.734375 0
0.71875 0.734375 0
0.734375 0.734375 0
0.71875 0.75 0
0.734375 0.75 0
0.734375 0.734375 0
0.75 0.734375 0
0.734375 0.75 0
0.75 0.75 0
0.75 0.5 0
0.765625 0.5 0
0.75 0.515625 0
0.765625 0.515625 0
0.765625 0.5 0
0.78125 0.5 0
0.765625 0.515625 0
0.78125 0.515625 0
0.75 0.515625 0
0.765625 0.515625 0
0.75 0.53125 0
0.765625 0.53125 0
0.765625 0.515625 0
0.78125 0.515625 0
0.765625 0.53125 0
0.78125 0.53125 0
0.78125 0.5 0
0.796875 0.5 0
0.78125 0.515625 0
0.796875 0.515625 0
0.796875 0.5 0
0.8125 0.5 0
0.796875 0.515625 0
0.8125 0.515625 0
0.78125 0.515625 0
0.796875 0.515625 0
0.78125 0.53125 0
0.796875 0.53125 0
0.796875 0.515625 0
0.8125 0.515625 0
0.796875 0.53125 0
0.8125 0.53125 0
0.75 0.53125 0
0.765625 0.53125 0
0.75 0.546875 0
0.765625 0.546875 0
0.765625 0.53125 0
0.78125 0.53125 0
0.765625 0.546875 0
0.78125 0.546875 0
0.75 0.546875 0
0.765625 0.546875 0
0.75 0.5625 0
0.765625 0.5625 0
0.765625 0.546875 0
0.78125 0.546875 0
0.765625 0.5625 0
0.78125 0.5625 0
0.78125 0.53125 0
0.796875 0.53125 0
0.78125 0.546875 0
0.796875 0.546875 0
0.796875 0.53125 0
0.8125 0.53125 0
0.796875 0.546875 0
0.8125 0.546875 0
0.78125 0.546875 0
0.796875 0.546875 0
0.78125 0.5625 0
0.796875 0.5625 0
0.796875 0.546875 0
0.8125 0.546875 0
0.796875 0.5625 0
0.8125 0.5625 0
0.8125 0.5 0
0.828125 0.5 0
0.8125 0.515625 0
0.828125 0.515625 0
0.828125 0.5 0
0.84375 0.5 0
0.828125 0.515625 0
0.84375 0.515625 0
0.8125 0.515625 0
0.828125 0.515625 0
0.8125 0.53125 0
0.828125 0.53125 0
0.828125 0.515625 0
0.84375 0.515625 0
0.828125 0.53125 0
0.84375 0.53125 0
0.84375 0.5 0
0.859375 0.5 0
0.84375 0.515625 0
0.859375 0.515625 0
0.859375 0.5 0
0.875 0.5 0
0.859375 0.515625 0
0.875 0.515625 0
0.84375 0.515625 0
0.859375 0.515625 0
0.84375 0.53125 0
0.859375 0.53125 0
0.859375 0.515625 0
0.875 0.515625 0
0.859375 0.53125 0
0.875 0.53125 0
0.8125 0.53125 0
0.828125 0.53125 0
0.8125 0.546875 0
0.828125 0.546875 0
0.828125 0.53125 0
0.84375 0.53125 0
0.828125 0.546875 0
0.84375 0.546875 0
0.8125 0.546875 0
0.828125 0.546875 0
0.8125 0.5625 0
0.828125 0.5625 0
0.828125 0.546875 0
0.84375 0.546875 0
0.828125 0.5625 0
0.84375 0.5625 0
0.84375 0.53125 0
0.859375 0.53125 0
0.84375 0.546875 0
0.859375 0.546875 0
0.859375 0.53125 0
0.875 0.53125 0
0.859375 0.546875 0
0.875 0.546875 0
0.84375 0.546875 0
0.859375 0.546875 0
0.84375 0.5625 0
0.859375 0.5625 0
0.859375 0.546875 0
0.875 0.546875 0
0.859375 0.5625 0
0.875 0.5625 0
0.75 0.5625 0
0.765625 0.5625 0
0.75 0.578125 0
0.765625 0.578125 0
0.765625 0.5625 0
0.78125 0.5625 0
0.765625 0.578125 0
0.78125 0.578125 0
0.75 0.578125 0
0.765625 0.578125 0
0.75 0.59375 0
0.765625 0.59375 0
0.765625 0.578125 0
0.78125 0.578125 0
0.765625 0.59375 0
0.78125 0.59375 0
0.78125 0.5625 0
0.796875 0.5625 0
0.78125 0.578125 0
0.796875 0.578125 0
0.796875 0.5625 0
0.8125 0.5625 0
0.796875 0.578125 0
0.8125 0.578125 0
0.78125 0.578125 0
0.796875 0.578125 0
0.78125 0.59375 0
0.796875 0.59375 0
0.796875 0.578125 0
0.8125 0.578125 0
0.796875 0.59375 0
0.8125 0.59375 0
0.75 0.59375 0
0.765625 0.59375 0
0.75 0.609375 0
0.765625 0.609375 0
0.765625 0.59375 0
0.78125 0.59375 0
0.765625 0.609375 0
0.78125 0.609375 0
0.75 0.609375 0
0.765625 0.609375 0
0.75 0.625 0
0.765625 0.625 0
0.765625 0.609375 0
0.78125 0.609375 0
0.765625 0.625 0
0.78125 0.625 0
0.78125 0.59375 0
0.796875 0.59375 0
0.78125 0.609375 0
0.796875 0.609375 0
0.796875 0.59375 0
0.8125 0.59375 0
0.796875 0.609375 0
0.8125 0.609375 0
0.78125 0.609375 0
0.796875 0.609375 0
0.78125 0.625 0
0.796875 0.625 0
0.796875 0.609375 0
0.8125 0.609375 0
0.796875 0.625 0
0.8125 0.625 0
0.8125 0.5625 0
0.828125 0.5625 0
0.8125 0.578125 0
0.828125 0.578125 0
0.828125 0.5625 0
0.84375 0.5625 0
0.828125 0.578125 0
0.84375 0.578125 0
0.8125 0.578125 0
0.828125 0.578125 0
0.8125 0.59375 0
0.828125 0.59375 0
0.828125 0.578125 0
0.84375 0.578125 0
0.828125 0.59375 0
0.84375 0.59375 0
0.84375 0.5625 0
0.859375 0.5625 0
0.84375 0.578125 0
0.859375 0.578125 0
0.859375 0.5625 0
0.875 0.5625 0
0.859375 0.578125 0
0.875 0.578125 0
0.84375 0.578125 0
0.859375 0.578125 0
0.84375 0.59375 0
0.859375 0.59375 0
0.859375 0.578125 0
0.875 0.578125 0
0.859375 0.59375 0
0.875 0.59375 0
0.8125 0.59375 0
0.828125 0.59375 0
0.8125 0.609375 0
0.828125 0.609375 0
0.828125 0.59375 0
0.84375 0.59375 0
0.828125 0.609375 0
0.84375 0.609375 0
0.8125 0.609375 0
0.828125 0.609375 0
0.8125 0.625 0
0.828125 0.625 0
0.828125 0.609375 0
0.84375 0.609375 0
0.828125 0.625 0
0.84375 0.625 0
0.84375 0.59375 0
0.859375 0.59375 0
0.84375 0.609375 0
0.859375 0.609375 0
0.859375 0.59375 0
0.875 0.59375 0
0.859375 0.609375 0
0.875 0.609375 0
0.84375 0.609375 0
0.859375 0.609375 0
0.84375 0.625 0
0.859375 0.625 0
0.859375 0.609375 0
0.875 0.609375 0
0.859375 0.625 0
0.875 0.625 0
0.875 0.5 0
0.890625 0.5 0
0.875 0.515625 0
0.890625 0.515625 0
0.890625 0.5 0
0.90625 0.5 0
0.890625 0.515625 0
0.90625 0.515625 0
0.875 0.515625 0
0.890625 0.515625 0
0.875 0.53125 0
0.890625 0.53125 0
0.890625 0.515625 0
0.90625 0.515625 0
0.890625 0.53125 0
0.90625 0.53125 0
0.90625 0.5 0
0.921875 0.5 0
0.90625 0.515625 0
0.921875 0.515625 0
0.921875 0.5 0
0.9375 0.5 0
0.921875 0.515625 0
0.9375 0.515625 0
0.90625 0.515625 0
0.921875 0.515625 0
0.90625 0.53125 0
0.921875 0.53125 0
0.921875 0.515625 0
0.9375 0.515625 0
0.921875 0.53125 0
0.9375 0.53125 0
0.875 0.53125 0
0.890625 0.53125 0
0.875 0.546875 0
0.890625 0.546875 0
0.890625 0.53125 0
0.90625 0.53125 0
0.890625 0.546875 0
0.90625 0.546875 0
0.875 0.546875 0
0.890625 0.546875 0
0.875 0.5625 0
0.890625 0.5625 0
0.890625 0.546875 0
0.90625 0.546875 0
0.890625 0.5625 0
0.90625 0.5625 0
0.90625 0.53125 0
0.921875 0.53125 0
0.90625 0.546875 0
0.921875 0.546875 0
0.921875 0.53125 0
0.9375 0.53125 0
0.921875 0.546875 0
0.9375 0.546875 0
0.90625 0.546875 0
0.921875 0.546875 0
0.90625 0.5625 0
0.921875 0.5625 0
0.921875 0.546875 0
0.9375 0.546875 0
0.921875 0.5625 0
0.9375 0.5625 0
0.9375 0.5 0
0.953125 0.5 0
0.9375 0.515625 0
0.953125 0.515625 0
0.953125 0.5 0
0.96875 0.5 0
0.953125 0.515625 0
0.96875 0.515625 0
0.9375 0.515625 0
0.953125 0.515625 0
0.9375 0.53125 0
0.953125 0.53125 0
0.953125 0.515625 0
0.96875 0.515625 0
0.953125 0.53125 0
0.96875 0.53125 0
0.96875 0.5 0
0.984375 0.5 0
0.96875 0.515625 0
0.984375 0.515625 0
0.984375 0.5 0
1 0.5 0
0.984375 0.515625 0
1 0.515625 0
0.96875 0.515625 0
0.984375 0.515625 0
0.96875 0.53125 0
0.984375 0.53125 0
0.984375 0.515625 0
1 0.515625 0
0.984375 0.53125 0
1 0.53125 0
0.9375 0.53125 0
0.953125 0.53125 0
0.9375 0.546875 0
0.953125 0.546875 0
0.953125 0.53125 0
0.96875 0.53125 0
0.953125 0.546875 0
0.96875 0.546875 0
0.9375 0.546875 0
0.953125 0.546875 0
0.9375 0.5625 0
0.953125 0.5625 0
0.953125 0.546875 0
0.96875 0.546875 0
0.953125 0.5625 0
0.96875 0.5625 0
0.96875 0.53125 0
0.984375 0.53125 0
0.96875 0.546875 0
0.984375 0.546875 0
0.984375 0.53125 0
1 0.53125 0
0.984375 0.546875 0
1 0.546875 0
0.96875 0.546875 0
0.984375 0.546875 0
0.96875 0.5625 0
0.984375 0.5625 0
0.984375 0.546875 0
1 0.546875 0
0.984375 0.5625 0
1 0.5625 0
0.875 0.5625 0
0.890625 0.5625 0
0.875 0.578125 0
0.890625 0.578125 0
0.890625 0.5625 0
0.90625 0.5625 0
0.890625 0.578125 0
0.90625 0.578125 0
0.875 0.578125 0
0.890625 0.578125 0
0.875 0.59375 0
0.890625 0.59375 0
0.890625 0.578125 0
0.90625 0.578125 0
0.890625 0.59375 0
0.90625 0.59375 0
0.90625 0.5625 0
0.921875 0.5625 0
0.90625 0.578125 0
0.921875 0.578125 0
0.921875 0.5625 0
0.9375 0.5625 0
0.921875 0.578125 0
0.9375 0.578125 0
0.90625 0.578125 0
0.921875 0.578125 0
0.90625 0.59375 0
0.921875 0.59375 0
0.921875 0.578125 0
0.9375 0.578125 0
0.921875 0.59375 0
0.9375 0.59375 0
0.875 0.59375 0
0.890625 0.59375 0
0.875 0.609375 0
0.890625 0.609375 0
0.890625 0.59375 0
0.90625 0.59375 0
0.890625 0.609375 0
0.90625 0.609375 0
0.875 0.609375 0
0.890625 0.609375 0
0.875 0.625 0
0.890625 0.625 0
0.890625 0.609375 0
0.90625 0.609375 0
0.890625 0.625 0
0.90625 0.625 0
0.90625 0.59375 0
0.921875 0.59375 0
0.90625 0.609375 0
0.921875 0.609375 0
0.921875 0.59375 0
0.9375 0.59375 0
0.921875 0.609375 0
0.9375 0.609375 0
0.90625 0.609375 0
0.921875 0.609375 0
0.90625 0.625 0
0.921875 0.625 0
0.921875 0.609375 0
0.9375 0.609375 0
0.921875 0.625 0
0.9375 0.625 0
0.9375 0.5625 0
0.953125 0.5625 0
0.9375 0.578125 0
0.953125 0.578125 0
0.953125 0.5625 0
0.96875 0.5625 0
0.953125 0.578125 0
0.96875 0.578125 0
0.9375 0.578125 0
0.953125 0.578125 0
0.9375 0.59375 0
0.953125 0.59375 0
0.953125 0.578125 0
0.96875 0.578125 0
0.953125 0.59375 0
0.96875 0.59375 0
0.96875 0.5625 0
0.984375 0.5625 0
0.96875 0.578125 0
0.984375 0.578125 0
0.984375 0.5625 0
1 0.5625 0
0.984375 0.578125 0
1 0.578125 0
0.96875 0.578125 0
0.984375 0.578125 0
0.96875 0.59375 0
0.984375 0.59375 0
0.984375 0.578125 0
1 0.578125 0
0.984375 0.59375 0
1 0.59375 0
0.9375 0.59375 0
0.953125 0.59375 0
0.9375 0.609375 0
0.953125 0.609375 0
0.953125 0.59375 0
0.96875 0.59375 0
0.953125 0.609375 0
0.96875 0.609375 0
0.9375 0.609375 0
0.953125 0.609375 0
0.9375 0.625 0
0.953125 0.625 0
0.953125 0.609375 0
0.96875 0.609375 0
0.953125 0.625 0
0.96875 0.625 0
0.96875 0.59375 0
0.984375 0.59375 0
0.96875 0.609375 0
0.984375 0.609375 0
0.984375 0.59375 0
1 0.59375 0
0.984375 0.609375 0
1 0.609375 0
0.96875 0.609375 0
0.984375 0.609375 0
0.96875 0.625 0
0.984375 0.625 0
0.984375 0.609375 0
1 0.609375 0
0.984375 0.625 0
1 0.625 0
0.75 0.625 0
0.765625 0.625 0
0.75 0.640625 0
0.765625 0.640625 0
0.765625 0.625 0
0.78125 0.625 0
0.765625 0.640625 0
0.78125 0.640625 0
0.75 0.640625 0
0.765625 0.640625 0
0.75 0.65625 0
0.765625 0.65625 0
0.765625 0.640625 0
0.78125 0.640625 0
0.765625 0.65625 0
0.78125 0.65625 0
0.78125 0.625 0
0.796875 0.625 0
0.78125 0.640625 0
0.796875 0.640625 0
0.796875 0.625 0
0.8125 0.625 0
0.796875 0.640625 0
0.8125 0.640625 0
0.78125 0.640625 0
0.796875 0.640625 0
0.78125 0.65625 0
0.796875 0.65625 0
0.796875 0.640625 0
0.8125 0.640625 0
0.796875 0.65625 0
0.8125 0.65625 0
0.75 0.65625 0
0.765625 0.65625 0
0.75 0.671875 0
0.765625 0.671875 0
0.765625 0.65625 0
0.78125 0.65625 0
0.765625 0.671875 0
0.78125 0.671875 0
0.75 0.671875 0
0.765625 0.671875 0
0.75 0.6875 0
0.765625 0.6875 0
0.765625 0.671875 0
0.78125 0.671875 0
0.765625 0.6875 0
0.78125 0.6875 0
0.78125 0.65625 0
0.796875 0.65625 0
0.78125 0.671875 0
0.796875 0.671875 0
0.796875 0.65625 0
0.8125 0.65625 0
0.796875 0.671875 0
0.8125 0.671875 0
0.78125 0.671875 0
0.796875 0.671875 0
0.78125 0.6875 0
0.796875 0.6875 0
0.796875 0.671875 0
0.8125 0.671875 0
0.796875 0.6875 0
0.8125 0.6875 0
0.8125 0.625 0
0.828125 0.625 0
0.8125 0.640625 0
0.828125 0.640625 0
0.828125 0.625 0
0.84375 0.625 0
0.828125 0.640625 0
0.84375 0.640625 0
0.8125 0.640625 0
0.828125 0.640625 0
0.8125 0.65625 0
0.828125 0.65625 0
0.828125 0.640625 0
0.84375 0.640625 0
0.828125 0.65625 0
0.84375 0.65625 0
0.84375 0.625 0
0.859375 0.625 0
0.84375 0.640625 0
0.859375 0.640625 0
0.859375 0.625 0
0.875 0.625 0
0.859375 0.640625 0
0.875 0.640625 0
0.84375 0.640625 0
0.859375 0.640625 0
0.84375 0.65625 0
0.859375 0.65625 0
0.859375 0.640625 0
0.875 0.640625 0
0.859375 0.65625 0
0.875 0.65625 0
0.8125 0.65625 0
0.828125 0.65625 0
0.8125 0.671875 0
0.828125 0.671875 0
0.828125 0.65625 0
0.84375 0.65625 0
0.828125 0.671875 0
0.84375 0.671875 0
0.8125 0.671875 0
0.828125 0.671875 0
0.8125 0.6875 0
0.828125 0.6875 0
0.828125 0.671875 0
0.84375 0.671875 0
0.828125 0.6875 0
0.84375 0.6875 0
0.84375 0.65625 0
0.859375 0.65625 0
0.84375 0.671875 0
0.859375 0.671875 0
0.859375 0.65625 0
0.875 0.65625 0
0.859375 0.671875 0
0.875 0.671875 0
0.84375 0.671875 0
0.859375 0.671875 0
0.84375 0.6875 0
0.859375 0.6875 0
0.859375 0.671875 0
0.875 0.671875 0
0.859375 0.6875 0
0.875 0.6875 0
0.75 0.6875 0
0.765625 0.6875 0
0.75 0.703125 0
0.765625 0.703125 0
0.765625 0.6875 0
0.78125 0.6875 0
0.765625 0.703125 0
0.78125 0.703125 0
0.75 0.703125 0
0.765625 0.703125 0
0.75 0.71875 0
0.765625 0.71875 0
0.765625 0.703125 0
0.78125 0.703125 0
0.765625 0.71875 0
0.78125 0.71875 0
0.78125 0.6875 0
0.796875 0.6875 0
0.78125 0.703125 0
0.796875 0.703125 0
0.796875 0.6875 0
0.8125 0.6875 0
0.796875 0.703125 0
0.8125 0.703125 0
0.78125 0.703125 0
0.796875 0.703125 0
0.78125 0.71875 0
0.796875 0.71875 0
0.796875 0.703125 0
0.8125 0.703125 0
0.796875 0.71875 0
0.8125 0.71875 0
0.75 0.71875 0
0.765625 0.71875 0
0.75 0.734375 0
0.765625 0.734375 0
0.765625 0.71875 0
0.78125 0.71875 0
0.765625 0.734375 0
0.78125 0.734375 0
0.75 0.734375 0
0.765625 0.734375 0
0.75 0.75 0
0.765625 0.75 0
0.765625 0.734375 0
0.78125 0.734375 0
0.765625 0.75 0
0.78125 0.75 0
0.78125 0.71875 0
0.796875 0.71875 0
0.78125 0.734375 0
0.796875 0.734375 0
0.796875 0.71875 0
0.8125 0.71875 0
0.796875 0.734375 0
0.8125 0.734375 0
0.78125 0.734375 0
0.796875 0.734375 0
0.78125 0.75 0
0.796875 0.75 0
0.796875 0.734375 0
0.8125 0.734375 0
0.796875 0.75 0
0.8125 0.75 0
0.8125 0.6875 0
0.828125 0.6875 0
0.8125 0.703125 0
0.828125 0.703125 0
0.828125 0.6875 0
0.84375 0.6875 0
0.828125 0.703125 0
0.84375 0.703125 0
0.8125 0.703125 0
0.828125 0.703125 0
0.8125 0.71875 0
0.828125 0.71875 0
0.828125 0.703125 0
0.84375 0.703125 0
0.828125 0.71875 0
0.84375 0.71875 0
0.84375 0.6875 0
0.859375 0.6875 0
0.84375 0.703125 0
0.859375 0.703125 0
0.859375 0.6875 0
0.875 0.6875 0
0.859375 0.703125 0
0.875 0.703125 0
0.84375 0.703125 0
0.859375 0.703125 0
0.84375 0.71875 0
0.859375 0.71875 0
0.859375 0.703125 0
0.875 0.703125 0
0.859375 0.71875 0
0.875 0.71875 0
0.8125 0.71875 0
0.828125 0.71875 0
0.8125 0.734375 0
0.828125 0.734375 0
0.828125 0.71875 0
0.84375 0.71875 0
0.828125 0.734375 0
0.84375 0.734375 0
0.8125 0.734375 0
0.828125 0.734375 0
0.8125 0.75 0
0.828125 0.75 0
0.828125 0.734375 0
0.84375 0.734375 0
0.828125 0.75 0
0.84375 0.75 0
0.84375 0.71875 0
0.859375 0.71875 0
0.84375 0.734375 0
0.859375 0.734375 0
0.859375 0.71875 0
0.875 0.71875 0
0.859375 0.734375 0
0.875 0.734375 0
0.84375 0.734375 0
0.859375 0.734375 0
0.84375 0.75 0
0.859375 0.75 0
0.859375 0.734375 0
0.875 0.734375 0
0.859375 0.75 0
0.875 0.75 0
0.875 0.625 0
0.890625 0.625 0
0.875 0.640625 0
0.890625 0.640625 0
0.890625 0.625 0
0.90625 0.625 0
0.890625 0.640625 0
0.90625 0.640625 0
0.875 0.640625 0
0.890625 0.640625 0
0.875 0.65625 0
0.890625 0.65625 0
0.890625 0.640625 0
0.90625 0.640625 0
0.890625 0.65625 0
0.90625 0.65625 0
0.90625 0.625 0
0.921875 0.625 0
0.90625 0.640625 0
0.921875 0.640625 0
0.921875 0.625 0
0.9375 0.625 0
0.921875 0.640625 0
0.9375 0.640625 0
0.90625 0.640625 0
0.921875 0.640625 0
0.90625 0.65625 0
0.921875 0.65625 0
0.921875 0.640625 0
0.9375 0.640625 0
0.921875 0.65625 0
0.9375 0.65625 0
0.875 0.65625 0
0.890625 0.65625 0
0.875 0.671875 0
0.890625 0.671875 0
0.890625 0.65625 0
0.90625 0.65625 0
0.890625 0.671875 0
0.90625 0.671875 0
0.875 0.671875 0
0.890625 0.671875 0
0.875 0.6875 0
0.890625 0.6875 0
0.890625 0.671875 0
0.90625 0.671875 0
0.890625 0.6875 0
0.90625 0.6875 0
0.90625 0.65625 0
0.921875 0.65625 0
0.90625 0.671875 0
0.921875 0.671875 0
0.921875 0.65625 0
0.9375 0.65625 0
0.921875 0.671875 0
0.9375 0.671875 0
0.90625 0.671875 0
0.921875 0.671875 0
0.90625 0.6875 0
0.921875 0.6875 0
0.921875 0.671875 0
0.9375 0.671875 0
0.921875 0.6875 0
0.9375 0.6875 0
0.9375 0.625 0
0.953125 0.625 0
0.9375 0.640625 0
0.953125 0.640625 0
0.953125 0.625 0
0.96875 0.625 0
0.953125 0.640625 0
0.96875 0.640625 0
0.9375 0.640625 0
0.953125 0.640625 0
0.9375 0.65625 0
0.953125 0.65625 0
0.953125 0.640625 0
0.96875 0.640625 0
0.953125 0.65625 0
0.96875 0.65625 0
0.96875 0.625 0
0.984375 0.625 0
0.96875 0.640625 0
0.984375 0.640625 0
0.984375 0.625 0
1 0.625 0
0.984375 0.640625 0
1 0.640625 0
0.96875 0.640625 0
0.984375 0.640625 0
0.96875 0.65625 0
0.984375 0.65625 0
0.984375 0.640625 0
1 0.640625 0
0.984375 0.65625 0
1 0.65625 0
0.9375 0.65625 0
0.953125 0.65625 0
0.9375 0.671875 0
0.953125 0.671875 0
0.953125 0.65625 0
0.96875 0.65625 0
0.953125 0.671875 0
0.96875 0.671875 0
0.9375 0.671875 0
0.953125 0.671875 0
0.9375 0.6875 0
0.953125 0.6875 0
0.953125 0.671875 0
0.96875 0.671875 0
0.953125 0.6875 0
0.96875 0.6875 0
0.96875 0.65625 0
0.984375 0.65625 0
0.96875 0.671875 0
0.984375 0.671875 0
0.984375 0.65625 0
1 0.65625 0
0.984375 0.671875 0
1 0.671875 0
0.96875 0.671875 0
0.984375 0.671875 0
0.96875 0.6875 0
0.984375 0.6875 0
0.984375 0.671875 0
1 0.671875 0
0.984375 0.6875 0
1 0.6875 0
0.875 0.6875 0
0.890625 0.6875 0
0.875 0.703125 0
0.890625 0.703125 0
0.890625 0.6875 0
0.90625 0.6875 0
0.890625 0.703125 0
0.90625 0.703125 0
0.875 0.703125 0
0.890625 0.703125 0
0.875 0.71875 0
0.890625 0.71875 0
0.890625 0.703125 0
0.90625 0.703125 0
0.890625 0.71875 0
0.90625 0.71875 0
0.90625 0.6875 0
0.921875 0.6875 0
0.90625 0.703125 0
0.921875 0.703125 0
0.921875 0.6875 0
0.9375 0.6875 0
0.921875 0.703125 0
0.9375 0.703125 0
0.90625 0.703125 0
0.921875 0.703125 0
0.90625 0.71875 0
0.921875 0.71875 0
0.921875 0.703125 0
0.9375 0.703125 0
0.921875 0.71875 0
0.9375 0.71875 0
0.875 0.71875 0
0.890625 0.71875 0
0.875 0.734375 0
0.890625 0.734375 0
0.890625 0.71875 0
0.90625 0.71875 0
0.890625 0.734375 0
0.90625 0.734375 0
0.875 0.734375 0
0.890625 0.734375 0
0.875 0.75 0
0.890625 0.75 0
0.890625 0.734375 0
0.90625 0.734375 0
0.890625 0.75 0
0.90625 0.75 0
0.90625 0.71875 0
0.921875 0.71875 0
0.90625 0.734375 0
0.921875 0.734375 0
0.921875 0.71875 0
0.9375 0.71875 0
0.921875 0.734375 0
0.9375 0.734375 0
0.90625 0.734375 0
0.921875 0.734375 0
0.90625 0.75 0
0.921875 0.75 0
0.921875 0.734375 0
0.9375 0.734375 0
0.921875 0.75 0
0.9375 0.75 0
0.9375 0.6875 0
0.953125 0.6875 0
0.9375 0.703125 0
0.953125 0.703125 0
0.953125 0.6875 0
0.96875 0.6875 0
0.953125 0.703125 0
0.96875 0.703125 0
0.9375 0.703125 0
0.953125 0.703125 0
0.9375 0.71875 0
0.953125 0.71875 0
0.953125 0.703125 0
0.96875 0.703125 0
0.953125 0.71875 0
0.96875 0.71875 0
0.96875 0.6875 0
0.984375 0.6875 0
0.96875 0.703125 0
0.984375 0.703125 0
0.984375 0.6875 0
1 0.6875 0
0.984375 0.703125 0
1 0.703125 0
0.96875 0.703125 0
0.984375 0.703125 0
0.96875 0.71875 0
0.984375 0.71875 0
0.984375 0.703125 0
1 0.703125 0
0.984375 0.71875 0
1 0.71875 0
0.9375 0.71875 0
0.953125 0.71875 0
0.9375 0.734375 0
0.953125 0.734375 0
0.953125 0.71875 0
0.96875 0.71875 0
0.953125 0.734375 0
0.96875 0.734375 0
0.9375 0.734375 0
0.953125 0.734375 0
0.9375 0.75 0
0.953125 0.75 0
0.953125 0.734375 0
0.96875 0.734375 0
0.953125 0.75 0
0.96875 0.75 0
0.96875 0.71875 0
0.984375 0.71875 0
0.96875 0.734375 0
0.984375 0.734375 0
0.984375 0.71875 0
1 0.71875 0
0.984375 0.734375 0
1 0.734375 0
0.96875 0.734375 0
0.984375 0.734375 0
0.96875 0.75 0
0.984375 0.75 0
0.984375 0.734375 0
1 0.734375 0
0.984375 0.75 0
1 0.75 0
0.5 0.75 0
0.515625 0.75 0
0.5 0.765625 0
0.515625 0.765625 0
0.515625 0.75 0
0.53125 0.75 0
0.515625 0.765625 0
0.53125 0.765625 0
0.5 0.765625 0
0.515625 0.765625 0
0.5 0.78125 0
0.515625 0.78125 0
0.515625 0.765625 0
0.53125 0.765625 0
0.515625 0.78125 0
0.53125 0.78125 0
0.53125 0.75 0
0.546875 0.75 0
0.53125 0.765625 0
0.546875 0.765625 0
0.546875 0.75 0
0.5625 0.75 0
0.546875 0.765625 0
0.5625 0.765625 0
0.53125 0.765625 0
0.546875 0.765625 0
0.53125 0.78125 0
0.546875 0.78125 0
0.546875 0.765625 0
0.5625 0.765625 0
0.546875 0.78125 0
0.5625 0.78125 0
0.5 0.78125 0
0.515625 0.78125 0
0.5 0.796875 0
0.515625 0.796875 0
0.515625 0.78125 0
0.53125 0.78125 0
0.515625 0.796875 0
0.53125 0.796875 0
0.5 0.796875 0
0.515625 0.796875 0
0.5 0.8125 0
0.515625 0.8125 0
0.515625 0.796875 0
0.53125 0.796875 0
0.515625 0.8125 0
0.53125 0.8125 0
0.53125 0.78125 0
0.546875 0.78125 0
0.53125 0.796875 0
0.546875 0.796875 0
0.546875 0.78125 0
0.5625 0.78125 0
0.546875 0.796875 0
0.5625 0.796875 0
0.53125 0.796875 0
0.546875 0.796875 0
0.53125 0.8125 0
0.546875 0.8125 0
0.546875 0.796875 0
0.5625 0.796875 0
0.546875 0.8125 0
0.5625 0.8125 0
0.5625 0.75 0
0.578125 0.75 0
0.5625 0.765625 0
0.578125 0.765625 0
0.578125 0.75 0
0.59375 0.75 0
0.578125 0.765625 0
0.59375 0.765625 0
0.5625 0.765625 0
0.578125 0.765625 0
0.5625 0.78125 0
0.578125 0.78125 0
0.578125 0.765625 0
0.59375 0.765625 0
0.578125 0.78125 0
0.59375 0.78125 0
0.59375 0.75 0
0.609375 0.75 0
0.59375 0.765625 0
0.609375 0.765625 0
0.609375 0.75 0
0.625 0.75 0
0.609375 0.765625 0
0.625 0.765625 0
0.59375 0.765625 0
0.609375 0.765625 0
0.59375 0.78125 0
0.609375 0.78125 0
0.609375 0.765625 0
0.625 0.765625 0
0.609375 0.78125 0
0.625 0.78125 0
0.5625 0.78125 0
0.578125 0.78125 0
0.5625 0.796875 0
0.578125 0.796875 0
0.578125 0.78125 0
0.59375 0.78125 0
0.578125 0.796875 0
0.59375 0.796875 0
0.5625 0.796875 0
0.578125 0.796875 0
0.5625 0.8125 0
0.578125 0.8125 0
0.578125 0.796875 0
0.59375 0.796875 0
0.578125 0.8125 0
0.59375 0.8125 0
0.59375 0.78125 0
0.609375 0.78125 0
0.59375 0.796875 0
0.609375 0.796875 0
0.609375 0.78125 0
0.625 0.78125 0
0.609375 0.796875 0
0.625 0.796875 0
0.59375 0.796875 0
0.609375 0.796875 0
0.59375 0.8125 0
0.609375 0.8125 0
0.609375 0.796875 0
0.625 0.796875 0
0.609375 0.8125 0
0.625 0.8125 0
0.5 0.8125 0
0.515625 0.8125 0
0.5 0.828125 0
0.515625 0.828125 0
0.515625 0.8125 0
0.53125 0.8125 0
0.515625 0.828125 0
0.53125 0.828125 0
0.5 0.828125 0
0.515625 0.828125 0
0.5 0.84375 0
0.515625 0.84375 0
0.515625 0.828125 0
0.53125 0.828125 0
0.515625 0.84375 0
0.53125 0.84375 0
0.53125 0.8125 0
0.546875 0.8125 0
0.53125 0.828125 0
0.546875 0.828125 0
0.546875 0.8125 0
0.5625 0.8125 0
0.546875 0.828125 0
0.5625 0.828125 0
0.53125 0.828125 0
0.546875 0.828125 0
0.53125 0.84375 0
0.546875 0.84375 0
0.546875 0.828125 0
0.5625 0.828125 0
0.546875 0.84375 0
0.5625 0.84375 0
0.5 0.84375 0
0.515625 0.84375 0
0.5 0.859375 0
0.515625 0.859375 0
0.515625 0.84375 0
0.53125 0.84375 0
0.515625 0.859375 0
0.53125 0.859375 0
0.5 0.859375 0
0.515625 0.859375 0
0.5 0.875 0
0.515625 0.875 0
0.515625 0.859375 0
0.53125 0.859375 0
0.515625 0.875 0
0.53125 0.875 0
0.53125 0.84375 0
0.546875 0.84375 0
0.53125 0.859375 0
0.546875 0.859375 0
0.546875 0.84375 0
0.5625 0.84375 0
0.546875 0.859375 0
0.5625 0.859375 0
0.53125 0.859375 0
0.546875 0.859375 0
0.53125 0.875 0
0.546875 0.875 0
0.546875 0.859375 0
0.5625 0.859375 0
0.546875 0.875 0
0.5625 0.875 0
0.5625 0.8125 0
0.578125 0.8125 0
0.5625 0.828125 0
0.578125 0.828125 0
0.578125 0.8125 0
0.59375 0.8125 0
0.578125 0.828125 0
0.59375 0.828125 0
0.5625 0.828125 0
0.578125 0.828125 0
0.5625 0.84375 0
0.578125 0.84375 0
0.578125 0.828125 0
0.59375 0.828125 0
0.578125 0.84375 0
0.59375 0.84375 0
0.59375 0.8125 0
0.609375 0.8125 0
0.59375 0.828125 0
0.609375 0.828125 0
0.609375 0.8125 0
0.625 0.8125 0
0.609375 0.828125 0
0.625 0.828125 0
0.59375 0.828125 0
0.609375 0.828125 0
0.59375 0.84375 0
0.609375 0.84375 0
0.609375 0.828125 0
0.625 0.828125 0
0.609375 0.84375 0
0.625 0.84375 0
0.5625 0.84375 0
0.578125 0.84375 0
0.5625 0.859375 0
0.578125 0.859375 0
0.578125 0.84375 0
0.59375 0.84375 0
0.578125 0.859375 0
0.59375 0.859375 0
0.5625 0.859375 0
0.578125 0.859375 0
0.5625 0.875 0
0.578125 0.875 0
0.578125 0.859375 0
0.59375 0.859375 0
0.578125 0.875 0
0.59375 0.875 0
0.59375 0.84375 0
0.609375 0.84375 0
0.59375 0.859375 0
0.609375 0.859375 0
0.609375 0.84375 0
0.625 0.84375 0
0.609375 0.859375 0
0.625 0.859375 0
0.59375 0.859375 0
0.609375 0.859375 0
0.59375 0.875 0
0.609375 0.875 0
0.609375 0.859375 0
0.625 0.859375 0
0.609375 0.875 0
0.625 0.875 0
0.625 0.75 0
0.640625 0.75 0
0.625 0.765625 0
0.640625 0.765625 0
0.640625 0.75 0
0.65625 0.75 0
0.640625 0.765625 0
0.65625 0.765625 0
0.625 0.765625 0
0.640625 0.765625 0
0.625 0.78125 0
0.640625 0.78125 0
0.640625 0.765625 0
0.65625 0.765625 0
0.640625 0.78125 0
0.65625 0.78125 0
0.65625 0.75 0
0.671875 0.75 0
0.65625 0.765625 0
0.671875 0.765625 0
0.671875 0.75 0
0.6875 0.75 0
0.671875 0.765625 0
0.6875 0.765625 0
0.65625 0.765625 0
0.671875 0.765625 0
0.65625 0.78125 0
0.671875 0.78125 0
0.671875 0.765625 0
0.6875 0.765625 0
0.671875 0.78125 0
0.6875 0.78125 0
0.625 0.78125 0
0.640625 0.78125 0
0.625 0.796875 0
0.640625 0.796875 0
0.640625 0.78125 0
0.65625 0.78125 0
0.640625 0.796875 0
0.65625 0.796875 0
0.625 0.796875 0
0.640625 0.796875 0
0.625 0.8125 0
0.640625 0.8125 0
0.640625 0.796875 0
0.65625 0.796875 0
0.640625 0.8125 0
0.65625 0.8125 0
0.65625 0.78125 0
0.671875 0.78125 0
0.65625 0.796875 0
0.671875 0.796875 0
0.671875 0.78125 0
0.6875 0.78125 0
0.671875 0.796875 0
0.6875 0.796875 0
0.65625 0.796875 0
0.671875 0.796875 0
0.65625 0.8125 0
0.671875 0.8125 0
0.671875 0.796875 0
0.6875 0.796875 0
0.671875 0.8125 0
0.6875 0.8125 0
0.6875 0.75 0
0.703125 0.75 0
0.6875 0.765625 0
0.703125 0.765625 0
0.703125 0.75 0
0.71875 0.75 0
0.703125 0.765625 0
0.71875 0.765625 0
0.6875 0.765625 0
0.703125 0.765625 0
0.6875 0.78125 0
0.703125 0.78125 0
0.703125 0.765625 0
0.71875 0.765625 0
0.703125 0.78125 0
0.71875 0.78125 0
0.71875 0.75 0
0.734375 0.75 0
0.71875 0.765625 0
0.734375 0.765625 0
0.734375 0.75 0
0.75 0.75 0
0.734375 0.765625 0
0.75 0.765625 0
0.71875 0.765625 0
0.734375 0.765625 0
0.71875 0.78125 0
0.734375 0.78125 0
0.734375 0.765625 0
0.75 0.765625 0
0.734375 0.78125 0
0.75 0.78125 0
0.6875 0.78125 0
0.703125 0.78125 0
0.6875 0.796875 0
0.703125 0.796875 0
0.703125 0.78125 0
0.71875 0.78125 0
0.703125 0.796875 0
0.71875 0.796875 0
0.6875 0.796875 0
0.703125 0.796875 0
0.6875 0.8125 0
0.703125 0.8125 0
0.703125 0.796875 0
0.71875 0.796875 0
0.703125 0.8125 0
0.71875 0.8125 0
0.71875 0.78125 0
0.734375 0.78125 0
0.71875 0.796875 0
0.734375 0.796875 0
0.734375 0.78125 0
0.75 0.78125 0
0.734375 0.796875 0
0.75 0.796875 0
0.71875 0.796875 0
0.734375 0.796875 0
0.71875 0.8125 0
0.734375 0.8125 0
0.734375 0.796875 0
0.75 0.796875 0
0.734375 0.8125 0
0.75 0.8125 0
0.625 0.8125 0
0.640625 0.8125 0
0.625 0.828125 0
0.640625 0.828125 0
0.640625 0.8125 0
0.65625 0.8125 0
0.640625 0.828125 0
0.65625 0.828125 0
0.625 0.828125 0
0.640625 0.828125 0
0.625 0.84375 0
0.640625 0.84375 0
0.640625 0.828125 0
0.65625 0.828125 0
0.640625 0.84375 0
0.65625 0.84375 0
0.65625 0.8125 0
0.671875 0.8125 0
0.65625 0.828125 0
0.671875 0.828125 0
0.671875 0.8125 0
0.6875 0.8125 0
0.671875 0.828125 0
0.6875 0.828125 0
0.65625 0.828125 0
0.671875 0.828125 0
0.65625 0.84375 0
0.671875 0.84375 0
0.671875 0.828125 0
0.6875 0.828125 0
0.671875 0.84375 0
0.6875 0.84375 0
0.625 0.84375 0
0.640625 0.84375 0
0.625 0.859375 0
0.640625 0.859375 0
0.640625 0.84375 0
0.65625 0.84375 0
0.640625 0.859375 0
0.65625 0.859375 0
0.625 0.859375 0
0.640625 0.859375 0
0.625 0.875 0
0.640625 0.875 0
0.640625 0.859375 0
0.65625 0.859375 0
0.640625 0.875 0
0.65625 0.875 0
0.65625 0.84375 0
0.671875 0.84375 0
0.65625 0.859375 0
0.671875 0.859375 0
0.671875 0.84375 0
0.6875 0.84375 0
0.671875 0.859375 0
0.6875 0.859375 0
0.65625 0.859375 0
0.671875 0.859375 0
0.65625 0.875 0
0.671875 0.875 0
0.671875 0.859375 0
0.6875 0.859375 0
0.671875 0.875 0
0.6875 0.875 0
0.6875 0.8125 0
0.703125 0.8125 0
0.6875 0.828125 0
0.703125 0.828125 0
0.703125 0.8125 0
0.71875 0.8125 0
0.703125 0.828125 0
0.71875 0.828125 0
0.6875 0.828125 0
0.703125 0.828125 0
0.6875 0.84375 0
0.703125 0.84375 0
0.703125 0.828125 0
0.71875 0.828125 0
0.703125 0.84375 0
0.71875 0.84375 0
0.71875 0.8125 0
0.734375 0.8125 0
0.71875 0.828125 0
0.734375 0.828125 0
0.734375 0.8125 0
0.75 0.8125 0
0.734375 0.828125 0
0.75 0.828125 0
0.71875 0.828125 0
0.734375 0.828125 0
0.71875 0.84375 0
0.734375 0.84375 0
0.734375 0.828125 0
0.75 0.828125 0
0.734375 0.84375 0
0.75 0.84375 0
0.6875 0.84375 0
0.703125 0.84375 0
0.6875 0.859375 0
0.703125 0.859375 0
0.703125 0.84375 0
0.71875 0.84375 0
0.703125 0.859375 0
0.71875 0.859375 0
0.6875 0.859375 0
0.703125 0.859375 0
0.6875 0.875 0
0.703125 0.875 0
0.703125 0.859375 0
0.71875 0.859375 0
0.703125 0.875 0
0.71875 0.875 0
0.71875 0.84375 0
0.734375 0.84375 0
0.71875 0.859375 0
0.734375 0.859375 0
0.734375 0.84375 0
0.75 0.84375 0
0.734375 0.859375 0
0.75 0.859375 0
0.71875 0.859375 0
0.734375 0.859375 0
0.71875 0.875 0
0.734375 0.875 0
0.734375 0.859375 0
0.75 0.859375 0
0.734375 0.875 0
0.75 0.875 0
0.5 0.875 0
0.515625 0.875 0
0.5 0.890625 0
0.515625 0.890625 0
0.515625 0.875 0
0.53125 0.875 0
0.515625 0.890625 0
0.53125 0.890625 0
0.5 0.890625 0
0.515625 0.890625 0
0.5 0.90625 0
0.515625 0.90625 0
0.515625 0.890625 0
0.53125 0.890625 0
0.515625 0.90625 0
0.53125 0.90625 0
0.53125 0.875 0
0.546875 0.875 0
0.53125 0.890625 0
0.546875 0.890625 0
0.546875 0.875 0
0.5625 0.875 0
0.546875 0.890625 0
0.5625 0.890625 0
0.53125 0.890625 0
0.546875 0.890625 0
0.53125 0.90625 0
0.546875 0.90625 0
0.546875 0.890625 0
0.5625 0.890625 0
0.546875 0.90625 0
0.5625 0.90625 0
0.5 0.90625 0
0.515625 0.90625 0
0.5 0.921875 0
0.515625 0.921875 0
0.515625 0.90625 0
0.53125 0.90625 0
0.515625 0.921875 0
0.53125 0.921875 0
0.5 0.921875 0
0.515625 0.921875 0
0.5 0.9375 0
0.515625 0.9375 0
0.515625 0.921875 0
0.53125 0.921875 0
0.515625 0.9375 0
0.53125 0.9375 0
0.53125 0.90625 0
0.546875 0.90625 0
0.53125 0.921875 0
0.546875 0.921875 0
0.546875 0.90625 0
0.5625 0.90625 0
0.546875 0.921875 0
0.5625 0.921875 0
0.53125 0.921875 0
0.546875 0.921875 0
0.53125 0.9375 0
0.546875 0.9375 0
0.546875 0.921875 0
0.5625 0.921875 0
0.546875 0.9375 0
0.5625 0.9375 0
0.5625 0.875 0
0.578125 0.875 0
0.5625 0.890625 0
0.578125 0.890625 0
0.578125 0.875 0
0.59375 0.875 0
0.578125 0.890625 0
0.59375 0.890625 0
0.5625 0.890625 0
0.578125 0.890625 0
0.5625 0.90625 0
0.578125 0.90625 0
0.578125 0.890625 0
0.59375 0.890625 0
0.578125 0.90625 0
0.59375 0.90625 0
0.59375 0.875 0
0.609375 0.875 0
0.59375 0.890625 0
0.609375 0.890625 0
0.609375 0.875 0
0.625 0.875 0
0.609375 0.890625 0
0.625 0.890625 0
0.59375 0.890625 0
0.609375 0.890625 0
0.59375 0.90625 0
0.609375 0.90625 0
0.609375 0.890625 0
0.625 0.890625 0
0.609375 0.90625 0
0.625 0.90625 0
0.5625 0.90625 0
0.578125 0.90625 0
0.5625 0.921875 0
0.578125 0.921875 0
0.578125 0.90625 0
0.59375 0.90625 0
0.578125 0.921875 0
0.59375 0.921875 0
0.5625 0.921875 0
0.578125 0.921875 0
0.5625 0.9375 0
0.578125 0.9375 0
0.578125 0.921875 0
0.59375 0.921875 0
0.578125 0.9375 0
0.59375 0.9375 0
0.59375 0.90625 0
0.609375 0.90625 0
0.59375 0.921875 0
0.609375 0.921875 0
0.609375 0.90625 0
0.625 0.90625 0
0.609375 0.921875 0
0.625 0.921875 0
0.59375 0.921875 0
0.609375 0.921875 0
0.59375 0.9375 0
0.609375 0.9375 0
0.609375 0.921875 0
0.625 0.921875 0
0.609375 0.9375 0
0.625 0.9375 0
0.5 0.9375 0
0.515625 0.9375 0
0.5 0.953125 0
0.515625 0.953125 0
0.515625 0.9375 0
0.53125 0.9375 0
0.515625 0.953125 0
0.53125 0.953125 0
0.5 0.953125 0
0.515625 0.953125 0
0.5 0.96875 0
0.515625 0.96875 0
0.515625 0.953125 0
0.53125 0.953125 0
0.515625 0.96875 0
0.53125 0.96875 0
0.53125 0.9375 0
0.546875 0.9375 0
0.53125 0.953125 0
0.546875 0.953125 0
0.546875 0.9375 0
0.5625 0.9375 0
0.546875 0.953125 0
0.5625 0.953125 0
0.53125 0.953125 0
0.546875 0.953125 0
0.53125 0.96875 0
0.546875 0.96875 0
0.546875 0.953125 0
0.5625 0.953125 0
0.546875 0.96875 0
0.5625 0.96875 0
0.5 0.96875 0
0.515625 0.96875 0
0.5 0.984375 0
0.515625 0.984375 0
0.515625 0.96875 0
0.53125 0.96875 0
0.515625 0.984375 0
0.53125 0.984375 0
0.5 0.984375 0
0.515625 0.984375 0
0.5 1 0
0.515625 1 0
0.515625 0.984375 0
0.53125 0.984375 0
0.515625 1 0
0.53125 1 0
0.53125 0.96875 0
0.546875 0.96875 0
0.53125 0.984375 0
0.546875 0.984375 0
0.546875 0.96875 0
0.5625 0.96875 0
0.546875 0.984375 0
0.5625 0.984375 0
0.53125 0.984375 0
0.546875 0.984375 0
0.53125 1 0
0.546875 1 0
0.546875 0.984375 0
0.5625 0.984375 0
0.546875 1 0
0.5625 1 0
0.5625 0.9375 0
0.578125 0.9375 0
0.5625 0.953125 0
0.578125 0.953125 0
0.578125 0.9375 0
0.59375 0.9375 0
0.578125 0.953125 0
0.59375 0.953125 0
0.5625 0.953125 0
0.578125 0.953125 0
0.5625 0.96875 0
0.578125 0.96875 0
0.578125 0.953125 0
0.59375 0.953125 0
0.578125 0.96875 0
0.59375 0.96875 0
0.59375 0.9375 0
0.609375 0.9375 0
0.59375 0.953125 0
0.609375 0.953125 0
0.609375 0.9375 0
0.625 0.9375 0
0.609375 0.953125 0
0.625 0.953125 0
0.59375 0.953125 0
0.609375 0.953125 0
0.59375 0.96875 0
0.609375 0.96875 0
0.609375 0.953125 0
0.625 0.953125 0
0.609375 0.96875 0
0.625 0.96875 0
0.5625 0.96875 0
0.578125 0.96875 0
0.5625 0.984375 0
0.578125 0.984375 0
0.578125 0.96875 0
0.59375 0.96875 0
0.578125 0.984375 0
0.59375 0.984375 0
0.5625 0.984375 0
0.578125 0.984375 0
0.5625 1 0
0.578125 1 0
0.578125 0.984375 0
0.59375 0.984375 0
0.578125 1 0
0.59375 1 0
0.59375 0.96875 0
0.609375 0.96875 0
0.59375 0.984375 0
0.609375 0.984375 0
0.609375 0.96875 0
0.625 0.96875 0
0.609375 0.984375 0
0.625 0.984375 0
0.59375 0.984375 0
0.609375 0.984375 0
0.59375 1 0
0.609375 1 0
0.609375 0.984375 0
0.625 0.984375 0
0.609375 1 0
0.625 1 0
0.625 0.875 0
0.640625 0.875 0
0.625 0.890625 0
0.640625 0.890625 0
0.640625 0.875 0
0.65625 0.875 0
0.640625 0.890625 0
0.65625 0.890625 0
0.625 0.890625 0
0.640625 0.890625 0
0.625 0.90625 0
0.640625 0.90625 0
0.640625 0.890625 0
0.65625 0.890625 0
0.640625 0.90625 0
0.65625 0.90625 0
0.65625 0.875 0
0.671875 0.875 0
0.65625 0.890625 0
0.671875 0.890625 0
0.671875 0.875 0
0.6875 0.875 0
0.671875 0.890625 0
0.6875 0.890625 0
0.65625 0.890625 0
0.671875 0.890625 0
0.65625 0.90625 0
0.671875 0.90625 0
0.671875 0.890625 0
0.6875 0.890625 0
0.671875 0.90625 0
0.6875 0.90625 0
0.625 0.90625 0
0.640625 0.90625 0
0.625 0.921875 0
0.640625 0.921875 0
0.640625 0.90625 0
0.65625 0.90625 0
0.640625 0.921875 0
0.65625 0.921875 0
0.625 0.921875 0
0.640625 0.921875 0
0.625 0.9375 0
0.640625 0.9375 0
0.640625 0.921875 0
0.65625 0.921875 0
0.640625 0.9375 0
0.65625 0.9375 0
0.65625 0.90625 0
0.671875 0.90625 0
0.65625 0.921875 0
0.671875 0.921875 0
0.671875 0.90625 0
0.6875 0.90625 0
0.671875 0.921875 0
0.6875 0.921875 0
0.65625 0.921875 0
0.671875 0.921875 0
0.65625 0.9375 0
0.671875 0.9375 0
0.671875 0.921875 0
0.6875 0.921875 0
0.671875 0.9375 0
0.6875 0.9375 0
0.6875 0.875 0
0.703125 0.875 0
0.6875 0.890625 0
0.703125 0.890625 0
0.703125 0.875 0
0.71875 0.875 0
0.703125 0.890625 0
0.71875 0.890625 0
0.6875 0.890625 0
0.703125 0.890625 0
0.6875 0.90625 0
0.703125 0.90625 0
0.703125 0.890625 0
0.71875 0.890625 0
0.703125 0.90625 0
0.71875 0.90625 0
0.71875 0.875 0
0.734375 0.875 0
0.71875 0.890625 0
0.734375 0.890625 0
0.734375 0.875 0
0.75 0.875 0
0.734375 0.890625 0
0.75 0.890625 0
0.71875 0.890625 0
0.734375 0.890625 0
0.71875 0.90625 0
0.734375 0.90625 0
0.734375 0.890625 0
0.75 0.890625 0
0.734375 0.90625 0
0.75 0.90625 0
0.6875 0.90625 0
0.703125 0.90625 0
0.6875 0.921875 0
0.703125 0.921875 0
0.703125 0.90625 0
0.71875 0.90625 0
0.703125 0.921875 0
0.71875 0.921875 0
0.6875 0.921875 0
0.703125 0.921875 0
0.6875 0.9375 0
0.703125 0.9375 0
0.703125 0.921875 0
0.71875 0.921875 0
0.703125 0.9375 0
0.71875 0.9375 0
0.71875 0.90625 0
0.734375 0.90625 0
0.71875 0.921875 0
0.734375 0.921875 0
0.734375 0.90625 0
0.75 0.90625 0
0.734375 0.921875 0
0.75 0.921875 0
0.71875 0.921875 0
0.734375 0.921875 0
0.71875 0.9375 0
0.734375 0.9375 0
0.734375 0.921875 0
0.75 0.921875 0
0.734375 0.9375 0
0.75 0.9375 0
0.625 0.9375 0
0.640625 0.9375 0
0.625 0.953125 0
0.640625 0.953125 0
0.640625 0.9375 0
0.65625 0.9375 0
0.640625 0.953125 0
0.65625 0.953125 0
0.625 0.953125 0
0.640625 0.953125 0
0.625 0.96875 0
0.640625 0.96875 0
0.640625 0.953125 0
0.65625 0.953125 0
0.640625 0.96875 0
0.65625 0.96875 0
0.65625 0.9375 0
0.671875 0.9375 0
0.65625 0.953125 0
0.671875 0.953125 0
0.671875 0.9375 0
0.6875 0.9375 0
0.671875 0.953125 0
0.6875 0.953125 0
0.65625 0.953125 0
0.671875 0.953125 0
0.65625 0.96875 0
0.671875 0.96875 0
0.671875 0.953125 0
0.6875 0.953125 0
0.671875 0.96875 0
0.6875 0.96875 0
0.625 0.96875 0
0.640625 0.96875 0
0.625 0.984375 0
0.640625 0.984375 0
0.640625 0.96875 0
0.65625 0.96875 0
0.640625 0.984375 0
0.65625 0.984375 0
0.625 0.984375 0
0.640625 0.984375 0
0.625 1 0
0.640625 1 0
0.640625 0.984375 0
0.65625 0.984375 0
0.640625 1 0
0.65625 1 0
0.65625 0.96875 0
0.671875 0.96875 0
0.65625 0.984375 0
0.671875 0.984375 0
0.671875 0.96875 0
0.6875 0.96875 0
0.671875 0.984375 0
0.6875 0.984375 0
0.65625 0.984375 0
0.671875 0.984375 0
0.65625 1 0
0.671875 1 0
0.671875 0.984375 0
0.6875 0.984375 0
0.671875 1 0
0.6875 1 0
0.6875 0.9375 0
0.703125 0.9375 0
0.6875 0.953125 0
0.703125 0.953125 0
0.703125 0.9375 0
0.71875 0.9375 0
0.703125 0.953125 0
0.71875 0.953125 0
0.6875 0.953125 0
0.703125 0.953125 0
0.6875 0.96875 0
0.703125 0.96875 0
0.703125 0.953125 0
0.71875 0.953125 0
0.703125 0.96875 0
0.71875 0.96875 0
0.71875 0.9375 0
0.734375 0.9375 0
0.71875 0.953125 0
0.734375 0.953125 0
0.734375 0.9375 0
0.75 0.9375 0
0.734375 0.953125 0
0.75 0.953125 0
0.71875 0.953125 0
0.734375 0.953125 0
0.71875 0.96875 0
0.734375 0.96875 0
0.734375 0.953125 0
0.75 0.953125 0
0.734375 0.96875 0
0.75 0.96875 0
0.6875 0.96875 0
0.703125 0.96875 0
0.6875 0.984375 0
0.703125 0.984375 0
0.703125 0.96875 0
0.71875 0.96875 0
0.703125 0.984375 0
0.71875 0.984375 0
0.6875 0.984375 0
0.703125 0.984375 0
0.6875 1 0
0.703125 1 0
0.703125 0.984375 0
0.71875 0.984375 0
0.703125 1 0
0.71875 1 0
0.71875 0.96875 0
0.734375 0.96875 0
0.71875 0.984375 0
0.734375 0.984375 0
0.734375 0.96875 0
0.75 0.96875 0
0.734375 0.984375 0
0.75 0.984375 0
0.71875 0.984375 0
0.734375 0.984375 0
0.71875 1 0
0.734375 1 0
0.734375 0.984375 0
0.75 0.984375 0
0.734375 1 0
0.75 1 0
0.75 0.75 0
0.765625 0.75 0
0.75 0.765625 0
0.765625 0.765625 0
0.765625 0.75 0
0.78125 0.75 0
0.765625 0.765625 0
0.78125 0.765625 0
0.75 0.765625 0
0.765625 0.765625 0
0.75 0.78125 0
0.765625 0.78125 0
0.765625 0.765625 0
0.78125 0.765625 0
0.765625 0.78125 0
0.78125 0.78125 0
0.78125 0.75 0
0.796875 0.75 0
0.78125 0.765625 0
0.796875 0.765625 0
0.796875 0.75 0
0.8125 0.75 0
0.796875 0.765625 0
0.8125 0.765625 0
0.78125 0.765625 0
0.796875 0.765625 0
0.78125 0.78125 0
0.796875 0.78125 0
0.796875 0.765625 0
0.8125 0.765625 0
0.796875 0.78125 0
0.8125 0.78125 0
0.75 0.78125 0
0.765625 0.78125 0
0.75 0.796875 0
0.765625 0.796875 0
0.765625 0.78125 0
0.78125 0.78125 0
0.765625 0.796875 0
0.78125 0.796875 0
0.75 0.796875 0
0.765625 0.796875 0
0.75 0.8125 0
0.765625 0.8125 0
0.765625 0.796875 0
0.78125 0.796875 0
0.765625 0.8125 0
0.78125 0.8125 0
0.78125 0.78125 0
0.796875 0.78125 0
0.78125 0.796875 0
0.796875 0.796875 0
0.796875 0.78125 0
0.8125 0.78125 0
0.796875 0.796875 0
0.8125 0.796875 0
0.78125 0.796875 0
0.796875 0.796875 0
0.78125 0.8125 0
0.796875 0.8125 0
0.796875 0.796875 0
0.8125 0.796875 0
0.796875 0.8125 0
0.8125 0.8125 0
0.8125 0.75 0
0.828125 0.75 0
0.8125 0.765625 0
0.828125 0.765625 0
0.828125 0.75 0
0.84375 0.75 0
0.828125 0.765625 0
0.84375 0.765625 0
0.8125 0.765625 0
0.828125 0.765625 0
0.8125 0.78125 0
0.828125 0.78125 0
0.828125 0.765625 0
0.84375 0.765625 0
0.828125 0.78125 0
0.84375 0.78125 0
0.84375 0.75 0
0.859375 0.75 0
0.84375 0.765625 0
0.859375 0.765625 0
0.859375 0.75 0
0.875 0.75 0
0.859375 0.765625 0
0.875 0.765625 0
0.84375 0.765625 0
0.859375 0.765625 0
0.84375 0.78125 0
0.859375 0.78125 0
0.859375 0.765625 0
0.875 0.765625 0
0.859375 0.78125 0
0.875 0.78125 0
0.8125 0.78125 0
0.828125 0.78125 0
0.8125 0.796875 0
0.828125 0.796875 0
0.828125 0.78125 0
0.84375 0.78125 0
0.828125 0.796875 0
0.84375 0.796875 0
0.8125 0.796875 0
0.828125 0.796875 0
0.8125 0.8125 0
0.828125 0.8125 0
0.828125 0.796875 0
0.84375 0.796875 0
0.828125 0.8125 0
0.84375 0.8125 0
0.84375 0.78125 0
0.859375 0.78125 0
0.84375 0.796875 0
0.859375 0.796875 0
0.859375 0.78125 0
0.875 0.78125 0
0.859375 0.796875 0
0.875 0.796875 0
0.84375 0.796875 0
0.859375 0.796875 0
0.84375 0.8125 0
0.859375 0.8125 0
0.859375 0.796875 0
0.875 0.796875 0
0.859375 0.8125 0
0.875 0.8125 0
0.75 0.8125 0
0.765625 0.8125 0
0.75 0.828125 0
0.765625 0.828125 0
0.765625 0.8125 0
0.78125 0.8125 0
0.765625 0.828125 0
0.78125 0.828125 0
0.75 0.828125 0
0.765625 0.828125 0
0.75 0.84375 0
0.765625 0.84375 0
0.765625 0.828125 0
0.78125 0.828125 0
0.765625 0.84375 0
0.78125 0.84375 0
0.78125 0.8125 0
0.796875 0.8125 0
0.78125 0.828125 0
0.796875 0.828125 0
0.796875 0.8125 0
0.8125 0.8125 0
0.796875 0.828125 0
0.8125 0.828125 0
0.78125 0.828125 0
0.796875 0.828125 0
0.78125 0.84375 0
0.796875 0.84375 0
0.796875 0.828125 0
0.8125 0.828125 0
0.796875 0.84375 0
0.8125 0.84375 0
0.75 0.84375 0
0.765625 0.84375 0
0.75 0.859375 0
0.765625 0.859375 0
0.765625 0.84375 0
0.78125 0.84375 0
0.765625 0.859375 0
0.78125 0.859375 0
0.75 0.859375 0
0.765625 0.859375 0
0.75 0.875 0
0.765625 0.875 0
0.765625 0.859375 0
0.78125 0.859375 0
0.765625 0.875 0
0.78125 0.875 0
0.78125 0.84375 0
0.796875 0.84375 0
0.78125 0.859375 0
0.796875 0.859375 0
0.796875 0.84375 0
0.8125 0.84375 0
0.796875 0.859375 0
0.8125 0.859375 0
0.78125 0.859375 0
0.796875 0.859375 0
0.78125 0.875 0
0.796875 0.875 0
0.796875 0.859375 0
0.8125 0.859375 0
0.796875 0.875 0
0.8125 0.875 0
0.8125 0.8125 0
0.828125 0.8125 0
0.8125 0.828125 0
0.828125 0.828125 0
0.828125 0.8125 0
0.84375 0.8125 0
0.828125 0.828125 0
0.84375 0.828125 0
0.8125 0.828125 0
0.828125 0.828125 0
0.8125 0.84375 0
0.828125 0.84375 0
0.828125 0.828125 0
0.84375 0.828125 0
0.828125 0.84375 0
0.84375 0.84375 0
0.84375 0.8125 0
0.859375 0.8125 0
0.84375 0.828125 0
0.859375 0.828125 0
0.859375 0.8125 0
0.875 0.8125 0
0.859375 0.828125 0
0.875 0.828125 0
0.84375 0.828125 0
0.859375 0.828125 0
0.84375 0.84375 0
0.859375 0.84375 0
0.859375 0.828125 0
0.875 0.828125 0
0.859375 0.84375 0
0.875 0.84375 0
0.8125 0.84375 0
0.828125 0.84375 0
0.8125 0.859375 0
0.828125 0.859375 0
0.828125 0.84375 0
0.84375 0.84375 0
0.828125 0.859375 0
0.84375 0.859375 0
0.8125 0.859375 0
0.828125 0.859375 0
0.8125 0.875 0
0.828125 0.875 0
0.828125 0.859375 0
0.84375 0.859375 0
0.828125 0.875 0
0.84375 0.875 0
0.84375 0.84375 0
0.859375 0.84375 0
0.84375 0.859375 0
0.859375 0.859375 0
0.859375 0.84375 0
0.875 0.84375 0
0.859375 0.859375 0
0.875 0.859375 0
0.84375 0.859375 0
0.859375 0.859375 0
0.84375 0.875 0
0.859375 0.875 0
0.859375 0.859375 0
0.875 0.859375 0
0.859375 0.875 0
0.875 0.875 0
0.875 0.75 0
0.890625 0.75 0
0.875 0.765625 0
0.890625 0.765625 0
0.890625 0.75 0
0.90625 0.75 0
0.890625 0.765625 0
0.90625 0.765625 0
0.875 0.765625 0
0.890625 0.765625 0
0.875 0.78125 0
0.890625 0.78125 0
0.890625 0.765625 0
0.90625 0.765625 0
0.890625 0.78125 0
0.90625 0.78125 0
0.90625 0.75 0
0.921875 0.75 0
0.90625 0.765625 0
0.921875 0.765625 0
0.921875 0.75 0
0.9375 0.75 0
0.921875 0.765625 0
0.9375 0.765625 0
0.90625 0.765625 0
0.921875 0.765625 0
0.90625 0.78125 0
0.921875 0.78125 0
0.921875 0.765625 0
0.9375 0.765625 0
0.921875 0.78125 0
0.9375 0.78125 0
0.875 0.78125 0
0.890625 0.78125 0
0.875 0.796875 0
0.890625 0.796875 0
0.890625 0.78125 0
0.90625 0.78125 0
0.890625 0.796875 0
0.90625 0.796875 0
0.875 0.796875 0
0.890625 0.796875 0
0.875 0.8125 0
0.890625 0.8125 0
0.890625 0.796875 0
0.90625 0.796875 0
0.890625 0.8125 0
0.90625 0.8125 0
0.90625 0.78125 0
0.921875 0.78125 0
0.90625 0.796875 0
0.921875 0.796875 0
0.921875 0.78125 0
0.9375 0.78125 0
0.921875 0.796875 0
0.9375 0.796875 0
0.90625 0.796875 0
0.921875 0.796875 0
0.90625 0.8125 0
0.921875 0.8125 0
0.921875 0.796875 0
0.9375 0.796875 0
0.921875 0.8125 0
0.9375 0.8125 0
0.9375 0.75 0
0.953125 0.75 0
0.9375 0.765625 0
0.953125 0.765625 0
0.953125 0.75 0
0.96875 0.75 0
0.953125 0.765625 0
0.96875 0.765625 0
0.9375 0.765625 0
0.953125 0.765625 0
0.9375 0.78125 0
0.953125 0.78125 0
0.953125 0.765625 0
0.96875 0.765625 0
0.953125 0.78125 0
0.96875 0.78125 0
0.96875 0.75 0
0.984375 0.75 0
0.96875 0.765625 0
0.984375 0.765625 0
0.984375 0.75 0
1 0.75 0
0.984375 0.765625 0
1 0.765625 0
0.96875 0.765625 0
0.984375 0.765625 0
0.96875 0.78125 0
0.984375 0.78125 0
0.984375 0.765625 0
1 0.765625 0
0.984375 0.78125 0
1 0.78125 0
0.9375 0.78125 0
0.953125 0.78125 0
0.9375 0.796875 0
0.953125 0.796875 0
0.953125 0.78125 0
0.96875 0.78125 0
0.953125 0.796875 0
0.96875 0.796875 0
0.9375 0.796875 0
0.953125 0.796875 0
0.9375 0.8125 0
0.953125 0.8125 0
0.953125 0.796875 0
0.96875 0.796875 0
0.953125 0.8125 0
0.96875 0.8125 0
0.96875 0.78125 0
0.984375 0.78125 0
0.96875 0.796875 0
0.984375 0.796875 0
0.984375 0.78125 0
1 0.78125 0
0.984375 0.796875 0
1 0.796875 0
0.96875 0.796875 0
0.984375 0.796875 0
0.96875 0.8125 0
0.984375 0.8125 0
0.984375 0.796875 0
1 0.796875 0
0.984375 0.8125 0
1 0.8125 0
0.875 0.8125 0
0.890625 0.8125 0
0.875 0.828125 0
0.890625 0.828125 0
0.890625 0.8125 0
0.90625 0.8125 0
0.890625 0.828125 0
0.90625 0.828125 0
0.875 0.828125 0
0.890625 0.828125 0
0.875 0.84375 0
0.890625 0.84375 0
0.890625 0.828125 0
0.90625 0.828125 0
0.890625 0.84375 0
0.90625 0.84375 0
0.90625 0.8125 0
0.921875 0.8125 0
0.90625 0.828125 0
0.921875 0.828125 0
0.921875 0.8125 0
0.9375 0.8125 0
0.921875 0.828125 0
0.9375 0.828125 0
0.90625 0.828125 0
0.921875 0.828125 0
0.90625 0.84375 0
0.921875 0.84375 0
0.921875 0.828125 0
0.9375 0.828125 0
0.921875 0.84375 0
0.9375 0.84375 0
0.875 0.84375 0
0.890625 0.84375 0
0.875 0.859375 0
0.890625 0.859375 0
0.890625 0.84375 0
0.90625 0.84375 0
0.890625 0.859375 0
0.90625 0.859375 0
0.875 0.859375 0
0.890625 0.859375 0
0.875 0.875 0
0.890625 0.875 0
0.890625 0.859375 0
0.90625 0.859375 0
0.890625 0.875 0
0.90625 0.875 0
0.90625 0.84375 0
0.921875 0.84375 0
0.90625 0.859375 0
0.921875 0.859375 0
0.921875 0.84375 0
0.9375 0.84375 0
0.921875 0.859375 0
0.9375 0.859375 0
0.90625 0.859375 0
0.921875 0.859375 0
0.90625 0.875 0
0.921875 0.875 0
0.921875 0.859375 0
0.9375 0.859375 0
0.921875 0.875 0
0.9375 0.875 0
0.9375 0.8125 0
0.953125 0.8125 0
0.9375 0.828125 0
0.953125 0.828125 0
0.953125 0.8125 0
0.96875 0.8125 0
0.953125 0.828125 0
0.96875 0.828125 0
0.9375 0.828125 0
0.953125 0.828125 0
0.9375 0.84375 0
0.953125 0.84375 0
0.953125 0.828125 0
0.96875 0.828125 0
0.953125 0.84375 0
0.96875 0.84375 0
0.96875 0.8125 0
0.984375 0.8125 0
0.96875 0.828125 0
0.984375 0.828125 0
0.984375 0.8125 0
1 0.8125 0
0.984375 0.828125 0
1 0.828125 0
0.96875 0.828125 0
0.984375 0.828125 0
0.96875 0.84375 0
0.984375 0.84375 0
0.984375 0.828125 0
1 0.828125 0
0.984375 0.84375 0
1 0.84375 0
0.9375 0.84375 0
0.953125 0.84375 0
0.9375 0.859375 0
0.953125 0.859375 0
0.953125 0.84375 0
0.96875 0.84375 0
0.953125 0.859375 0
0.96875 0.859375 0
0.9375 0.859375 0
0.953125 0.859375 0
0.9375 0.875 0
0.953125 0.875 0
0.953125 0.859375 0
0.96875 0.859375 0
0.953125 0.875 0
0.96875 0.875 0
0.96875 0.84375 0
0.984375 0.84375 0
0.96875 0.859375 0
0.984375 0.859375 0
0.984375 0.84375 0
1 0.84375 0
0.984375 0.859375 0
1 0.859375 0
0.96875 0.859375 0
0.984375 0.859375 0
0.96875 0.875 0
0.984375 0.875 0
0.984375 0.859375 0
1 0.859375 0
0.984375 0.875 0
1 0.875 0
0.75 0.875 0
0.765625 0.875 0
0.75 0.890625 0
0.765625 0.890625 0
0.765625 0.875 0
0.78125 0.875 0
0.765625 0.890625 0
0.78125 0.890625 0
0.75 0.890625 0
0.765625 0.890625 0
0.75 0.90625 0
0.765625 0.90625 0
0.765625 0.890625 0
0.78125 0.890625 0
0.765625 0.90625 0
0.78125 0.90625 0
0.78125 0.875 0
0.796875 0.875 0
0.78125 0.890625 0
0.796875 0.890625 0
0.796875 0.875 0
0.8125 0.875 0
0.796875 0.890625 0
0.8125 0.890625 0
0.78125 0.890625 0
0.796875 0.890625 0
0.78125 0.90625 0
0.796875 0.90625 0
0.796875 0.890625 0
0.8125 0.890625 0
0.796875 0.90625 0
0.8125 0.90625 0
0.75 0.90625 0
0.765625 0.90625 0
0.75 0.921875 0
0.765625 0.921875 0
0.765625 0.90625 0
0.78125 0.90625 0
0.765625 0.921875 0
0.78125 0.921875 0
0.75 0.921875 0
0.765625 0.921875 0
0.75 0.9375 0
0.765625 0.9375 0
0.765625 0.921875 0
0.78125 0.921875 0
0.765625 0.9375 0
0.78125 0.9375 0
0.78125 0.90625 0
0.796875 0.90625 0
0.78125 0.921875 0
0.796875 0.921875 0
0.796875 0.90625 0
0.8125 0.90625 0
0.796875 0.921875 0
0.8125 0.921875 0
0.78125 0.921875 0
0.796875 0.921875 0
0.78125 0.9375 0
0.796875 0.9375 0
0.796875 0.921875 0
0.8125 0.921875 0
0.796875 0.9375 0
0.8125 0.9375 0
0.8125 0.875 0
0.828125 0.875 0
0.8125 0.890625 0
0.828125 0.890625 0
0.828125 0.875 0
0.84375 0.875 0
0.828125 0.890625 0
0.84375 0.890625 0
0.8125 0.890625 0
0.828125 0.890625 0
0.8125 0.90625 0
0.828125 0.90625 0
0.828125 0.890625 0
0.84375 0.890625 0
0.828125 0.90625 0
0.84375 0.90625 0
0.84375 0.875 0
0.859375 0.875 0
0.84375 0.890625 0
0.859375 0.890625 0
0.859375 0.875 0
0.875 0.875 0
0.859375 0.890625 0
0.875 0.890625 0
0.84375 0.890625 0
0.859375 0.890625 0
0.84375 0.90625 0
0.859375 0.90625 0
0.859375 0.890625 0
0.875 0.890625 0
0.859375 0.90625 0
0.875 0.90625 0
0.8125 0.90625 0
0.828125 0.90625 0
0.8125 0.921875 0
0.828125 0.921875 0
0.828125 0.90625 0
0.84375 0.90625 0
0.828125 0.921875 0
0.84375 0.921875 0
0.8125 0.921875 0
0.828125 0.921875 0
0.8125 0.9375 0
0.828125 0.9375 0
0.828125 0.921875 0
0.84375 0.921875 0
0.828125 0.9375 0
0.84375 0.9375 0
0.84375 0.90625 0
0.859375 0.90625 0
0.84375 0.921875 0
0.859375 0.921875 0
0.859375 0.90625 0
0.875 0.90625 0
0.859375 0.921875 0
0.875 0.921875 0
0.84375 0.921875 0
0.859375 0.921875 0
0.84375 0.9375 0
0.859375 0.9375 0
0.859375 0.921875 0
0.875 0.921875 0
0.859375 0.9375 0
0.875 0.9375 0
0.75 0.9375 0
0.765625 0.9375 0
0.75 0.953125 0
0.765625 0.953125 0
0.765625 0.9375 0
0.78125 0.9375 0
0.765625 0.953125 0
0.78125 0.953125 0
0.75 0.953125 0
0.765625 0.953125 0
0.75 0.96875 0
0.765625 0.96875 0
0.765625 0.953125 0
0.78125 0.953125 0
0.765625 0.96875 0
0.78125 0.96875 0
0.78125 0.9375 0
0.796875 0.9375 0
0.78125 0.953125 0
0.796875 0.953125 0
0.796875 0.9375 0
0.8125 0.9375 0
0.796875 0.953125 0
0.8125 0.953125 0
0.78125 0.953125 0
0.796875 0.953125 0
0.78125 0.96875 0
0.796875 0.96875 0
0.796875 0.953125 0
0.8125 0.953125 0
0.796875 0.96875 0
0.8125 0.96875 0
0.75 0.96875 0
0.765625 0.96875 0
0.75 0.984375 0
0.765625 0.984375 0
0.765625 0.96875 0
0.78125 0.96875 0
0.765625 0.984375 0
0.78125 0.984375 0
0.75 0.984375 0
0.765625 0.984375 0
0.75 1 0
0.765625 1 0
0.765625 0.984375 0
0.78125 0.984375 0
0.765625 1 0
0.78125 1 0
0.78125 0.96875 0
0.796875 0.96875 0
0.78125 0.984375 0
0.796875 0.984375 0
0.796875 0.96875 0
0.8125 0.96875 0
0.796875 0.984375 0
0.8125 0.984375 0
0.78125 0.984375 0
0.796875 0.984375 0
0.78125 1 0
0.796875 1 0
0.796875 0.984375 0
0.8125 0.984375 0
0.796875 1 0
0.8125 1 0
0.8125 0.9375 0
0.828125 0.9375 0
0.8125 0.953125 0
0.828125 0.953125 0
0.828125 0.9375 0
0.84375 0.9375 0
0.828125 0.953125 0
0.84375 0.953125 0
0.8125 0.953125 0
0.828125 0.953125 0
0.8125 0.96875 0
0.828125 0.96875 0
0.828125 0.953125 0
0.84375 0.953125 0
0.828125 0.96875 0
0.84375 0.96875 0
0.84375 0.9375 0
0.859375 0.9375 0
0.84375 0.953125 0
0.859375 0.953125 0
0.859375 0.9375 0
0.875 0.9375 0
0.859375 0.953125 0
0.875 0.953125 0
0.84375 0.953125 0
0.859375 0.953125 0
0.84375 0.96875 0
0.859375 0.96875 0
0.859375 0.953125 0
0.875 0.953125 0
0.859375 0.96875 0
0.875 0.96875 0
0.8125 0.96875 0
0.828125 0.96875 0
0.8125 0.984375 0
0.828125 0.984375 0
0.828125 0.96875 0
0.84375 0.96875 0
0.828125 0.984375 0
0.84375 0.984375 0
0.8125 0.984375 0
0.828125 0.984375 0
0.8125 1 0
0.828125 1 0
0.828125 0.984375 0
0.84375 0.984375 0
0.828125 1 0
0.84375 1 0
0.84375 0.96875 0
0.859375 0.96875 0
0.84375 0.984375 0
0.859375 0.984375 0
0.859375 0.96875 0
0.875 0.96875 0
0.859375 0.984375 0
0.875 0.984375 0
0.84375 0.984375 0
0.859375 0.984375 0
0.84375 1 0
0.859375 1 0
0.859375 0.984375 0
0.875 0.984375 0
0.859375 1 0
0.875 1 0
0.875 0.875 0
0.890625 0.875 0
0.875 0.890625 0
0.890625 0.890625 0
0.890625 0.875 0
0.90625 0.875 0
0.890625 0.890625 0
0.90625 0.890625 0
0.875 0.890625 0
0.890625 0.890625 0
0.875 0.90625 0
0.890625 0.90625 0
0.890625 0.890625 0
0.90625 0.890625 0
0.890625 0.90625 0
0.90625 0.90625 0
0.90625 0.875 0
0.921875 0.875 0
0.90625 0.890625 0
0.921875 0.890625 0
0.921875 0.875 0
0.9375 0.875 0
0.921875 0.890625 0
0.9375 0.890625 0
0.90625 0.890625 0
0.921875 0.890625 0
0.90625 0.90625 0
0.921875 0.90625 0
0.921875 0.890625 0
0.9375 0.890625 0
0.921875 0.90625 0
0.9375 0.90625 0
0.875 0.90625 0
0.890625 0.90625 0
0.875 0.921875 0
0.890625 0.921875 0
0.890625 0.90625 0
0.90625 0.90625 0
0.890625 0.921875 0
0.90625 0.921875 0
0.875 0.921875 0
0.890625 0.921875 0
0.875 0.9375 0
0.890625 0.9375 0
0.890625 0.921875 0
0.90625 0.921875 0
0.890625 0.9375 0
0.90625 0.9375 0
0.90625 0.90625 0
0.921875 0.90625 0
0.90625 0.921875 0
0.921875 0.921875 0
0.921875 0.90625 0
0.9375 0.90625 0
0.921875 0.921875 0
0.9375 0.921875 0
0.90625 0.921875 0
0.921875 0.921875 0
0.90625 0.9375 0
0.921875 0.9375 0
0.921875 0.921875 0
0.9375 0.921875 0
0.921875 0.9375 0
0.9375 0.9375 0
0.9375 0.875 0
0.953125 0.875 0
0.9375 0.890625 0
0.953125 0.890625 0
0.953125 0.875 0
0.96875 0.875 0
0.953125 0.890625 0
0.96875 0.890625 0
0.9375 0.890625 0
0.953125 0.890625 0
0.9375 0.90625 0
0.953125 0.90625 0
0.953125 0.890625 0
0.96875 0.890625 0
0.953125 0.90625 0
0.96875 0.90625 0
0.96875 0.875 0
0.984375 0.875 0
0.96875 0.890625 0
0.984375 0.890625 0
0.984375 0.875 0
1 0.875 0
0.984375 0.890625 0
1 0.890625 0
0.96875 0.890625 0
0.984375 0.890625 0
0.96875 0.90625 0
0.984375 0.90625 0
0.984375 0.890625 0
1 0.890625 0
0.984375 0.90625 0
1 0.90625 0
0.9375 0.90625 0
0.953125 0.90625 0
0.9375 0.921875 0
0.953125 0.921875 0
0.953125 0.90625 0
0.96875 0.90625 0
0.953125 0.921875 0
0.96875 0.921875 0
0.9375 0.921875 0
0.953125 0.921875 0
0.9375 0.9375 0
0.953125 0.9375 0
0.953125 0.921875 0
0.96875 0.921875 0
0.953125 0.9375 0
0.96875 0.9375 0
0.96875 0.90625 0
0.984375 0.90625 0
0.96875 0.921875 0
0.984375 0.921875 0
0.984375 0.90625 0
1 0.90625 0
0.984375 0.921875 0
1 0.921875 0
0.96875 0.921875 0
0.984375 0.921875 0
0.96875 0.9375 0
0.984375 0.9375 0
0.984375 0.921875 0
1 0.921875 0
0.984375 0.9375 0
1 0.9375 0
0.875 0.9375 0
0.890625 0.9375 0
0.875 0.953125 0
0.890625 0.953125 0
0.890625 0.9375 0
0.90625 0.9375 0
0.890625 0.953125 0
0.90625 0.953125 0
0.875 0.953125 0
0.890625 0.953125 0
0.875 0.96875 0
0.890625 0.96875 0
0.890625 0.953125 0
0.90625 0.953125 0
0.890625 0.96875 0
0.90625 0.96875 0
0.90625 0.9375 0
0.921875 0.9375 0
0.90625 0.953125 0
0.921875 0.953125 0
0.921875 0.9375 0
0.9375 0.9375 0
0.921875 0.953125 0
0.9375 0.953125 0
0.90625 0.953125 0
0.921875 0.953125 0
0.90625 0.96875 0
0.921875 0.96875 0
0.921875 0.953125 0
0.9375 0.953125 0
0.921875 0.96875 0
0.9375 0.96875 0
0.875 0.96875 0
0.890625 0.96875 0
0.875 0.984375 0
0.890625 0.984375 0
0.890625 0.96875 0
0.90625 0.96875 0
0.890625 0.984375 0
0.90625 0.984375 0
0.875 0.984375 0
0.890625 0.984375 0
0.875 1 0
0.890625 1 0
0.890625 0.984375 0
0.90625 0.984375 0
0.890625 1 0
0.90625 1 0
0.90625 0.96875 0
0.921875 0.96875 0
0.90625 0.984375 0
0.921875 0.984375 0
0.921875 0.96875 0
0.9375 0.96875 0
0.921875 0.984375 0
0.9375 0.984375 0
0.90625 0.984375 0
0.921875 0.984375 0
0.90625 1 0
0.921875 1 0
0.921875 0.984375 0
0.9375 0.984375 0
0.921875 1 0
0.9375 1 0
0.9375 0.9375 0
0.953125 0.9375 0
0.9375 0.953125 0
0.953125 0.953125 0
0.953125 0.9375 0
0.96875 0.9375 0
0.953125 0.953125 0
0.96875 0.953125 0
0.9375 0.953125 0
0.953125 0.953125 0
0.9375 0.96875 0
0.953125 0.96875 0
0.953125 0.953125 0
0.96875 0.953125 0
0.953125 0.96875 0
0.96875 0.96875 0
0.96875 0.9375 0
0.984375 0.9375 0
0.96875 0.953125 0
0.984375 0.953125 0
0.984375 0.9375 0
1 0.9375 0
0.984375 0.953125 0
1 0.953125 0
0.96875 0.953125 0
0.984375 0.953125 0
0.96875 0.96875 0
0.984375 0.96875 0
0.984375 0.953125 0
1 0.953125 0
0.984375 0.96875 0
1 0.96875 0
0.9375 0.96875 0
0.953125 0.96875 0
0.9375 0.984375 0
0.953125 0.984375 0
0.953125 0.96875 0
0.96875 0.96875 0
0.953125 0.984375 0
0.96875 0.984375 0
0.9375 0.984375 0
0.953125 0.984375 0
0.9375 1 0
0.953125 1 0
0.953125 0.984375 0
0.96875 0.984375 0
0.953125 1 0
0.96875 1 0
0.96875 0.96875 0
0.984375 0.96875 0
0.96875 0.984375 0
0.984375 0.984375 0
0.984375 0.96875 0
1 0.96875 0
0.984375 0.984375 0
1 0.984375 0
0.96875 0.984375 0
0.984375 0.984375 0
0.96875 1 0
0.984375 1 0
0.984375 0.984375 0
1 0.984375 0
0.984375 1 0
1 1 0

CELLS 4096 20480
4	0	1	3	2
4	4	5	7	6
4	8	9	11	10
4	12	13	15	14
4	16	17	19	18
4	20	21	23	22
4	24	25	27	26
4	28	29	31	30
4	32	33	35	34
4	36	37	39	38
4	40	41	43	42
4	44	45	47	46
4	48	49	51	50
4	52	53	55	54
4	56	57	59	58
4	60	61	63	62
4	64	65	67	66
4	68	69	71	70
4	72	73	75	74
4	76	77	79	78
4	80	81	83	82
4	84	85	87	86
4	88	89	91	90
4	92	93	95	94
4	96	97	99	98
4	100	101	103	102
4	104	105	107	106
4	108	109	111	110
4	112	113	115	114
4	116	117	119	118
4	120	121	123	122
4	124	125	127	126
4	128	129	131	130
4	132	133	135	134
4	136	137	139	138
4	140	141	143	142
4	144	145	147	146
4	148	149	151	150
4	152	153	155	154
4	156	157	159	158
4	160	161	163	162
4	164	165	167	166
4	168	169	171	170
4	172	173	175	174
4	176	177	179	178
4	180	181	183	182
4	184	185	187	186
4	188	189	191	190
4	192	193	195	194
4	196	197	199	198
4	200	201	203	202
4	204	205	207	206
4	208	209	211	210
4	212	213	215	214
4	216	217	219	218
4	220	221	223	222
4	224	225	227	226
4	228	229	231	230
4	232	233	235	234
4	236	237	239	238
4	240	241	243	242
4	244	245	247	246
4	248	249	251	250
4	252	253	255	254
4	256	257	259	258
4	260	261	263	262
4	264	265	267	266
4	268	269	271	270
4	272	273	275	274
4	276	277	279	278
4	280	281	283	282
4	284	285	287	286
4	288	289	291	290
4	292	293	295	294
4	296	297	299	298
4	300	301	303	302
4	304	305	307	306
4	308	309	311	310
4	312	313	315	314
4	316	317	319	318
4	320	321	323	322
4	324	325	327	326
4	328	329	331	330
4	332	333	335	334
4	336	337	339	338
4	340	341	343	342
4	344	345	347	346
4	348	349	351	350
4	352	353	355	354
4	356	357	359	358
4	360	361	363	362
4	364	365	367	366
4	368	369	371	370
4	372	373	375	374
4	376	377	379	378
4	380	381	383	382
4	384	385	387	386
4	388	389	391	390
4	392	393	395	394
4	396	397	399	398
4	400	401	403	402
4	404	405	407	406
4	408	409	411	410
4	412	413	415	414
4	416	417	419	418
4	420	421	423	422
4	424	425	427	426
4	428	429	431	430
4	432	433	435	434
4	436	437	439	438
4	440	441	443	442
4	444	445	447	446
4	448	449	451	450
4	452	453	455	454
4	456	457	459	458
4	460	461	463	462
4	464	465	467	466
4	468	469	471	470
4	472	473	475	474
4	476	477	479	478
4	480	481	483	482
4	484	485	487	486
4	488	489	491	490
4	492	493	495	494
4	496	497	499	498
4	500	501	503	502
4	504	505	507	506
4	508	509	511	510
4	512	513	515	514
4	516	517	519	518
4	520	521	523	522
4	524	525	527	526
4	528	529	531	530
4	532	533	535	534
4	536	537	539	538
4	540	541	543	542
4	544	545	547	546
4	548	549	551	550
4	552	553	555	554
4	556	557	559	558
4	560	561	563	562
4	564	565	567	566
4	568	569	571	570
4	572	573	575	574
4	576	577	579	578
4	580	581	583	582
4	584	585	587	586
4	588	589	591	590
4	592	593	595	594
4	596	597	599	598
4	600	601	603	602
4	604	605	607	606
4	608	609	611	610
4	612	613	615	614
4	616	617	619	618
4	620	621	623	622
4	624	625	627	626
4	628	629	631	630
4	632	633	635	634
4	636	637	639	638
4	640	641	643	642
4	644	645	647	646
4	648	649	651	650
4	652	653	655	654
4	656	657	659	658
4	660	661	663	662
4	664	665	667	666
4	668	669	671	670
4	672	673	675	674
4	676	677	679	678
4	680	681	683	682
4	684	685	687	686
4	688	689	691	690
4	692	693	695	694
4	696	697	699	698
4	700	701	703	702
4	704	705	707	706
4	708	709	711	710
4	712	713	715	714
4	716	717	719	718
4	720	721	723	722
4	724	725	727	726
4	728	729	731	730
4	732	733	735	734
4	736	737	739	738
4	740	741	743	742
4	744	745	747	746
4	748	749	751	750
4	752	753	755	754
4	756	757	759	758
4	760	761	763	762
4	764	765	767	766
4	768	769	771	770
4	772	773	775	774
4	776	777	779	778
4	780	781	783	782
4	784	785	787	786
4	788	789	791	790
4	792	793	795	794
4	796	797	799	798
4	800	801	803	802
4	804	805	807	806
4	808	809	811	810
4	812	813	815	814
4	816	817	819	818
4	820	821	823	822
4	824	825	827	826
4	828	829	831	830
4	832	833	835	834
4	836	837	839	838
4	840	841	843	842
4	844	845	847	846
4	848	849	851	850
4	852	853	855	854
4	856	857	859	858
4	860	861	863	862
4	864	865	867	866
4	868	869	871	870
4	872	873	875	874
4	876	877	879	878
4	880	881	883	882
4	884	885	887	886
4	888	889	891	890
4	892	893	895	894
4	896	897	899	898
4	900	901	903	902
4	904	905	907	906
4	908	909	911	910
4	912	913	915	914
4	916	917	919	918
4	920	921	923	922
4	924	925	927	926
4	928	929	931	930
4	932	933	935	934
4	936	937	939	938
4	940	941	943	942
4	944	945	947	946
4	948	949	951	950
4	952	953	955	954
4	956	957	959	958
4	960	961	963	962
4	964	965	967	966
4	968	969	971	970
4	972	973	975	974
4	976	977	979	978
4	980	981	983	982
4	984	985	987	986
4	988	989	991	990
4	992	993	995	994
4	996	997	999	998
4	1000	1001	1003	1002
4	1004	1005	1007	1006
4	1008	1009	1011	1010
4	1012	1013	1015	1014
4	1016	1017	1019	1018
4	1020	1021	1023	1022
4	1024	1025	1027	1026
4	1028	1029	1031	1030
4	1032	1033	1035	1034
4	1036	1037	1039	1038
4	1040	1041	1043	1042
4	1044	1045	1047	1046
4	1048	1049	1051	1050
4	1052	1053	1055	1054
4	1056	1057	1059	1058
4	1060	1061	1063	1062
4	1064	1065	1067	1066
4	1068	1069	1071	1070
4	1072	1073	1075	1074
4	1076	1077	1079	1078
4	1080	1081	1083	1082
4	1084	1085	1087	1086
4	1088	1089	1091	1090
4	1092	1093	1095	1094
4	1096	1097	1099	1098
4	1100	1101	1103	1102
4	1104	1105	1107	1106
4	1108	1109	1111	1110
4	1112	1113	1115	1114
4	1116	1117	1119	1118
4	1120	1121	1123	1122
4	1124	1125	1127	1126
4	1128	1129	1131	1130
4	1132	1133	1135	1134
4	1136	1137	1139	1138
4	1140	1141	1143	1142
4	1144	1145	1147	1146
4	1148	1149	1151	1150
4	1152	1153	1155	1154
4	1156	1157	1159	1158
4	1160	1161	1163	1162
4	1164	1165	1167	1166
4	1168	1169	1171	1170
4	1172	1173	1175	1174
4	1176	1177	1179	1178
4	1180	1181	1183	1182
4	1184	1185	1187	1186
4	1188	1189	1191	1190
4	1192	1193	1195	1194
4	1196	1197	1199	1198
4	1200	1201	1203	1202
4	1204	1205	1207	1206
4	1208	1209	1211	1210
4	1212	1213	1215	1214
4	1216	1217	1219	1218
4	1220	1221	1223	1222
4	1224	1225	1227	1226
4	1228	1229	1231	1230
4	1232	1233	1235	1234
4	1236	1237	1239	1238
4	1240	1241	1243	1242
4	1244	1245	1247	1246
4	1248	1249	1251	1250
4	1252	1253	1255	1254
4	1256	1257	1259	1258
4	1260	1261	1263	1262
4	1264	1265	1267	1266
4	1268	1269	1271	1270
4	1272	1273	1275	1274
4	1276	1277	1279	1278
4	1280	1281	1283	1282
4	1284	1285	1287	1286
4	1288	1289	1291	1290
4	1292	1293	1295	1294
4	1296	1297	1299	1298
4	1300	1301	1303	1302
4	1304	1305	1307	1306
4	1308	1309	1311	1310
4	1312	1313	1315	1314
4	1316	1317	1319	1318
4	1320	1321	1323	1322
4	1324	1325	1327	1326
4	1328	1329	1331	1330
4	1332	1333	1335	1334
4	1336	1337	1339	1338
4	1340	1341	1343	1342
4	1344	1345	1347	1346
4	1348	1349	1351	1350
4	1352	1353	1355	1354
4	1356	1357	1359	1358
4	1360	1361	1363	1362
4	1364	1365	1367	1366
4	1368	1369	1371	1370
4	1372	1373	1375	1374
4	1376	1377	1379	1378
4	1380	1381	1383	1382
4	1384	1385	1387	1386
4	1388	1389	1391	1390
4	1392	1393	1395	1394
4	1396	1397	1399	1398
4	1400	1401	1403	1402
4	1404	1405	1407	1406
4	1408	1409	1411	1410
4	1412	1413	1415	1414
4	1416	1417	1419	1418
4	1420	1421	1423	1422
4	1424	1425	1427	1426
4	1428	1429	1431	1430
4	1432	1433	1435	1434
4	1436	1437	1439	1438
4	1440	1441	1443	1442
4	1444	1445	1447	1446
4	1448	1449	1451	1450
4	1452	1453	1455	1454
4	1456	1457	1459	1458
4	1460	1461	1463	1462
4	1464	1465	1467	1466
4	1468	1469	1471	1470
4	1472	1473	1475	1474
4	1476	1477	1479	1478
4	1480	1481	1483	1482
4	1484	1485	1487	1486
4	1488	1489	1491	1490
4	1492	1493	1495	1494
4	1496	1497	1499	1498
4	1500	1501	1503	1502
4	1504	1505	1507	1506
4	1508	1509	1511	1510
4	1512	1513	1515	1514
4	1516	1517	1519	1518
4	1520	1521	1523	1522
4	1524	1525	1527	1526
4	1528	1529	1531	1530
4	1532	1533	1535	1534
4	1536	1537	1539	1538
4	1540	1541	1543	1542
4	1544	1545	1547	1546
4	1548	1549	1551	1550
4	1552	1553	1555	1554
4	1556	1557	1559	1558
4	1560	1561	1563	1562
4	1564	1565	1567	1566
4	1568	1569	1571	1570
4	1572	1573	1575	1574
4	1576	1577	1579	1578
4	1580	1581	1583	1582
4	1584	1585	1587	1586
4	1588	1589	1591	1590
4	1592	1593	1595	1594
4	1596	1597	1599	1598
4	1600	1601	1603	1602
4	1604	1605	1607	1606
4	1608	1609	1611	1610
4	1612	1613	1615	1614
4	1616	1617	1619	1618
4	1620	1621	1623	1622
4	1624	1625	1627	1626
4	1628	1629	1631	1630
4	1632	1633	1635	1634
4	1636	1637	1639	1638
4	1640	1641	1643	1642
4	1644	1645	1647	1646
4	1648	1649	1651	1650
4	1652	1653	1655	1654
4	1656	1657	1659	1658
4	1660	1661	1663	1662
4	1664	1665	1667	1666
4	1668	1669	1671	1670
4	1672	1673	1675	1674
4	1676	1677	1679	1678
4	1680	1681	1683	1682
4	1684	1685	1687	1686
4	1688	1689	1691	1690
4	1692	1693	1695	1694
4	1696	1697	1699	1698
4	1700	1701	1703	1702
4	1704	1705	1707	1706
4	1708	1709	1711	1710
4	1712	1713	1715	1714
4	1716	1717	1719	1718
4	1720	1721	1723	1722
4	1724	1725	1727	1726
4	1728	1729	1731	1730
4	1732	1733	1735	1734
4	1736	1737	1739	1738
4	1740	1741	1743	1742
4	1744	1745	1747	1746
4	1748	1749	1751	1750
4	1752	1753	1755	1754
4	1756	1757	1759	1758
4	1760	1761	1763	1762
4	1764	1765	1767	1766
4	1768	1769	1771	1770
4	1772	1773	1775	1774
4	1776	1777	1779	1778
4	1780	1781	1783	1782
4	1784	1785	1787	1786
4	1788	1789	1791	1790
4	1792	1793	1795	1794
4	1796	1797	1799	1798
4	1800	1801	1803	1802
4	1804	1805	1807	1806
4	1808	1809	1811	1810
4	1812	1813	1815	1814
4	1816	1817	1819	1818
4	1820	1821	1823	1822
4	1824	1825	1827	1826
4	1828	1829	1831	1830
4	1832	1833	1835	1834
4	1836	1837	1839	1838
4	1840	1841	1843	1842
4	1844	1845	1847	1846
4	1848	1849	1851	1850
4	1852	1853	1855	1854
4	1856	1857	1859	1858
4	1860	1861	1863	1862
4	1864	1865	1867	1866
4	1868	1869	1871	1870
4	1872	1873	1875	1874
4	1876	1877	1879	1878
4	1880	1881	1883	1882
4	1884	1885	1887	1886
4	1888	1889	1891	1890
4	1892	1893	1895	1894
4	1896	1897	1899	1898
4	1900	1901	1903	1902
4	1904	1905	1907	1906
4	1908	1909	1911	1910
4	1912	1913	1915	1914
4	1916	1917	1919	1918
4	1920	1921	1923	1922
4	1924	1925	1927	1926
4	1928	1929	1931	1930
4	1932	1933	1935	1934
4	1936	1937	1939	1938
4	1940	1941	1943	1942
4	1944	1945	1947	1946
4	1948	1949	1951	1950
4	1952	1953	1955	1954
4	1956	1957	1959	1958
4	1960	1961	1963	1962
4	1964	1965	1967	1966
4	1968	1969	1971	1970
4	1972	1973	1975	1974
4	1976	1977	1979	1978
4	1980	1981	1983	1982
4	1984	1985	1987	1986
4	1988	1989	1991	1990
4	1992	1993	1995	1994
4	1996	1997	1999	1998
4	2000	2001	2003	2002
4	2004	2005	2007	2006
4	2008	2009	2011	2010
4	2012	2013	2015	2014
4	2016	2017	2019	2018
4	2020	2021	2023	2022
4	2024	2025	2027	2026
4	2028	2029	2031	2030
4	2032	2033	2035	2034
4	2036	2037	2039	2038
4	2040	2041	2043	2042
4	2044	2045	2047	2046
4	2048	2049	2051	2050
4	2052	2053	2055	2054
4	2056	2057	2059	2058
4	2060	2061	2063	2062
4	2064	2065	2067	2066
4	2068	2069	2071	2070
4	2072	2073	2075	2074
4	2076	2077	2079	2078
4	2080	2081	2083	2082
4	2084	2085	2087	2086
4	2088	2089	2091	2090
4	2092	2093	2095	2094
4	2096	2097	2099	2098
4	2100	2101	2103	2102
4	2104	2105	2107	2106
4	2108	2109	2111	2110
4	2112	2113	2115	2114
4	2116	2117	2119	2118
4	2120	2121	2123	2122
4	2124	2125	2127	2126
4	2128	2129	2131	2130
4	2132	2133	2135	2134
4	2136	2137	2139	2138
4	2140	2141	2143	2142
4	2144	2145	2147	2146
4	2148	2149	2151	2150
4	2152	2153	2155	2154
4	2156	2157	2159	2158
4	2160	2161	2163	2162
4	2164	2165	2167	2166
4	2168	2169	2171	2170
4	2172	2173	2175	2174
4	2176	2177	2179	2178
4	2180	2181	2183	2182
4	2184	2185	2187	2186
4	2188	2189	2191	2190
4	2192	2193	2195	2194
4	2196	2197	2199	2198
4	2200	2201	2203	2202
4	2204	2205	2207	2206
4	2208	2209	2211	2210
4	2212	2213	2215	2214
4	2216	2217	2219	2218
4	2220	2221	2223	2222
4	2224	2225	2227	2226
4	2228	2229	2231	2230
4	2232	2233	2235	2234
4	2236	2237	2239	2238
4	2240	2241	2243	2242
4	2244	2245	2247	2246
4	2248	2249	2251	2250
4	2252	2253	2255	2254
4	2256	2257	2259	2258
4	2260	2261	2263	2262
4	2264	2265	2267	2266
4	2268	2269	2271	2270
4	2272	2273	2275	2274
4	2276	2277	2279	2278
4	2280	2281	2283	2282
4	2284	2285	2287	2286
4	2288	2289	2291	2290
4	2292	2293	2295	2294
4	2296	2297	2299	2298
4	2300	2301	2303	2302
4	2304	2305	2307	2306
4	2308	2309	2311	2310
4	2312	2313	2315	2314
4	2316	2317	2319	2318
4	2320	2321	2323	2322
4	2324	2325	2327	2326
4	2328	2329	2331	2330
4	2332	2333	2335	2334
4	2336	2337	2339	2338
4	2340	2341	2343	2342
4	2344	2345	2347	2346
4	2348	2349	2351	2350
4	2352	2353	2355	2354
4	2356	2357	2359	2358
4	2360	2361	2363	2362
4	2364	2365	2367	2366
4	2368	2369	2371	2370
4	2372	2373	2375	2374
4	2376	2377	2379	2378
4	2380	2381	2383	2382
4	2384	2385	2387	2386
4	2388	2389	2391	2390
4	2392	2393	2395	2394
4	2396	2397	2399	2398
4	2400	2401	2403	2402
4	2404	2405	2407	2406
4	2408	2409	2411	2410
4	2412	2413	2415	2414
4	2416	2417	2419	2418
4	2420	2421	2423	2422
4	2424	2425	2427	2426
4	2428	2429	2431	2430
4	2432	2433	2435	2434
4	2436	2437	2439	2438
4	2440	2441	2443	2442
4	2444	2445	2447	2446
4	2448	2449	2451	2450
4	2452	2453	2455	2454
4	2456	2457	2459	2458
4	2460	2461	2463	2462
4	2464	2465	2467	2466
4	2468	2469	2471	2470
4	2472	2473	2475	2474
4	2476	2477	2479	2478
4	2480	2481	2483	2482
4	2484	2485	2487	2486
4	2488	2489	2491	2490
4	2492	2493	2495	2494
4	2496	2497	2499	2498
4	2500	2501	2503	2502
4	2504	2505	2507	2506
4	2508	2509	2511	2510
4	2512	2513	2515	2514
4	2516	2517	2519	2518
4	2520	2521	2523	2522
4	2524	2525	2527	2526
4	2528	2529	2531	2530
4	2532	2533	2535	2534
4	2536	2537	2539	2538
4	2540	2541	2543	2542
4	2544	2545	2547	2546
4	2548	2549	2551	2550
4	2552	2553	2555	2554
4	2556	2557	2559	2558
4	2560	2561	2563	2562
4	2564	2565	2567	2566
4	2568	2569	2571	2570
4	2572	2573	2575	2574
4	2576	2577	2579	2578
4	2580	2581	2583	2582
4	2584	2585	2587	2586
4	2588	2589	2591	2590
4	2592	2593	2595	2594
4	2596	2597	2599	2598
4	2600	2601	2603	2602
4	2604	2605	2607	2606
4	2608	2609	2611	2610
4	2612	2613	2615	2614
4	2616	2617	2619	2618
4	2620	2621	2623	2622
4	2624	2625	2627	2626
4	2628	2629	2631	2630
4	2632	2633	2635	2634
4	2636	2637	2639	2638
4	2640	2641	2643	2642
4	2644	2645	2647	2646
4	2648	2649	2651	2650
4	2652	2653	2655	2654
4	2656	2657	2659	2658
4	2660	2661	2663	2662
4	2664	2665	2667	2666
4	2668	2669	2671	2670
4	2672	2673	2675	2674
4	2676	2677	2679	2678
4	2680	2681	2683	2682
4	2684	2685	2687	2686
4	2688	2689	2691	2690
4	2692	2693	2695	2694
4	2696	2697	2699	2698
4	2700	2701	2703	2702
4	2704	2705	2707	2706
4	2708	2709	2711	2710
4	2712	2713	2715	2714
4	2716	2717	2719	2718
4	2720	2721	2723	2722
4	2724	2725	2727	2726
4	2728	2729	2731	2730
4	2732	2733	2735	2734
4	2736	2737	2739	2738
4	2740	2741	2743	2742
4	2744	2745	2747	2746
4	2748	2749	2751	2750
4	2752	2753	2755	2754
4	2756	2757	2759	2758
4	2760	2761	2763	2762
4	2764	2765	2767	2766
4	2768	2769	2771	2770
4	2772	2773	2775	2774
4	2776	2777	2779	2778
4	2780	2781	2783	2782
4	2784	2785	2787	2786
4	2788	2789	2791	2790
4	2792	2793	2795	2794
4	2796	2797	2799	2798
4	2800	2801	2803	2802
4	2804	2805	2807	2806
4	2808	2809	2811	2810
4	2812	2813	2815	2814
4	2816	2817	2819	2818
4	2820	2821	2823	2822
4	2824	2825	2827	2826
4	2828	2829	2831	2830
4	2832	2833	2835	2834
4	2836	2837	2839	2838
4	2840	2841	2843	2842
4	2844	2845	2847	2846
4	2848	2849	2851	2850
4	2852	2853	2855	2854
4	2856	2857	2859	2858
4	2860	2861	2863	2862
4	2864	2865	2867	2866
4	2868	2869	2871	2870
4	2872	2873	2875	2874
4	2876	2877	2879	2878
4	2880	2881	2883	2882
4	2884	2885	2887	2886
4	2888	2889	2891	2890
4	2892	2893	2895	2894
4	2896	2897	2899	2898
4	2900	2901	2903	2902
4	2904	2905	2907	2906
4	2908	2909	2911	2910
4	2912	2913	2915	2914
4	2916	2917	2919	2918
4	2920	2921	2923	2922
4	2924	2925	2927	2926
4	2928	2929	2931	2930
4	2932	2933	2935	2934
4	2936	2937	2939	2938
4	2940	2941	2943	2942
4	2944	2945	2947	2946
4	2948	2949	2951	2950
4	2952	2953	2955	2954
4	2956	2957	2959	2958
4	2960	2961	2963	2962
4	2964	2965	2967	2966
4	2968	2969	2971	2970
4	2972	2973	2975	2974
4	2976	2977	2979	2978
4	2980	2981	2983	2982
4	2984	2985	2987	2986
4	2988	2989	2991	2990
4	2992	2993	2995	2994
4	2996	2997	2999	2998
4	3000	3001	3003	3002
4	3004	3005	3007	3006
4	3008	3009	3011	3010
4	3012	3013	3015	3014
4	3016	3017	3019	3018
4	3020	3021	3023	3022
4	3024	3025	3027	3026
4	3028	3029	3031	3030
4	3032	3033	3035	3034
4	3036	3037	3039	3038
4	3040	3041	3043	3042
4	3044	3045	3047	3046
4	3048	3049	3051	3050
4	3052	3053	3055	3054
4	3056	3057	3059	3058
4	3060	3061	3063	3062
4	3064	3065	3067	3066
4	3068	3069	3071	3070
4	3072	3073	3075	3074
4	3076	3077	3079	3078
4	3080	3081	3083	3082
4	3084	3085	3087	3086
4	3088	3089	3091	3090
4	3092	3093	3095	3094
4	3096	3097	3099	3098
4	3100	3101	3103	3102
4	3104	3105	3107	3106
4	3108	3109	3111	3110
4	3112	3113	3115	3114
4	3116	3117	3119	3118
4	3120	3121	3123	3122
4	3124	3125	3127	3126
4	3128	3129	3131	3130
4	3132	3133	3135	3134
4	3136	3137	3139	3138
4	3140	3141	3143	3142
4	3144	3145	3147	3146
4	3148	3149	3151	3150
4	3152	3153	3155	3154
4	3156	3157	3159	3158
4	3160	3161	3163	3162
4	3164	3165	3167	3166
4	3168	3169	3171	3170
4	3172	3173	3175	3174
4	3176	3177	3179	3178
4	3180	3181	3183	3182
4	3184	3185	3187	3186
4	3188	3189	3191	3190
4	3192	3193	3195	3194
4	3196	3197	3199	3198
4	3200	3201	3203	3202
4	3204	3205	3207	3206
4	3208	3209	3211	3210
4	3212	3213	3215	3214
4	3216	3217	3219	3218
4	3220	3221	3223	3222
4	3224	3225	3227	3226
4	3228	3229	3231	3230
4	3232	3233	3235	3234
4	3236	3237	3239	3238
4	3240	3241	3243	3242
4	3244	3245	3247	3246
4	3248	3249	3251	3250
4	3252	3253	3255	3254
4	3256	3257	3259	3258
4	3260	3261	3263	3262
4	3264	3265	3267	3266
4	3268	3269	3271	3270
4	3272	3273	3275	3274
4	3276	3277	3279	3278
4	3280	3281	3283	3282
4	3284	3285	3287	3286
4	3288	3289	3291	3290
4	3292	3293	3295	3294
4	3296	3297	3299	3298
4	3300	3301	3303	3302
4	3304	3305	3307	3306
4	3308	3309	3311	3310
4	3312	3313	3315	3314
4	3316	3317	3319	3318
4	3320	3321	3323	3322
4	3324	3325	3327	3326
4	3328	3329	3331	3330
4	3332	3333	3335	3334
4	3336	3337	3339	3338
4	3340	3341	3343	3342
4	3344	3345	3347	3346
4	3348	3349	3351	3350
4	3352	3353	3355	3354
4	3356	3357	3359	3358
4	3360	3361	3363	3362
4	3364	3365	3367	3366
4	3368	3369	3371	3370
4	3372	3373	3375	3374
4	3376	3377	3379	3378
4	3380	3381	3383	3382
4	3384	3385	3387	3386
4	3388	3389	3391	3390
4	3392	3393	3395	3394
4	3396	3397	3399	3398
4	3400	3401	3403	3402
4	3404	3405	3407	3406
4	3408	3409	3411	3410
4	3412	3413	3415	3414
4	3416	3417	3419	3418
4	3420	3421	3423	3422
4	3424	3425	3427	3426
4	3428	3429	3431	3430
4	3432	3433	3435	3434
4	3436	3437	3439	3438
4	3440	3441	3443	3442
4	3444	3445	3447	3446
4	3448	3449	3451	3450
4	3452	3453	3455	3454
4	3456	3457	3459	3458
4	3460	3461	3463	3462
4	3464	3465	3467	3466
4	3468	3469	3471	3470
4	3472	3473	3475	3474
4	3476	3477	3479	3478
4	3480	3481	3483	3482
4	3484	3485	3487	3486
4	3488	3489	3491	3490
4	3492	3493	3495	3494
4	3496	3497	3499	3498
4	3500	3501	3503	3502
4	3504	3505	3507	3506
4	3508	3509	3511	3510
4	3512	3513	3515	3514
4	3516	3517	3519	3518
4	3520	3521	3523	3522
4	3524	3525	3527	3526
4	3528	3529	3531	3530
4	3532	3533	3535	3534
4	3536	3537	3539	3538
4	3540	3541	3543	3542
4	3544	3545	3547	3546
4	3548	3549	3551	3550
4	3552	3553	3555	3554
4	3556	3557	3559	3558
4	3560	3561	3563	3562
4	3564	3565	3567	3566
4	3568	3569	3571	3570
4	3572	3573	3575	3574
4	3576	3577	3579	3578
4	3580	3581	3583	3582
4	3584	3585	3587	3586
4	3588	3589	3591	3590
4	3592	3593	3595	3594
4	3596	3597	3599	3598
4	3600	3601	3603	3602
4	3604	3605	3607	3606
4	3608	3609	3611	3610
4	3612	3613	3615	3614
4	3616	3617	3619	3618
4	3620	3621	3623	3622
4	3624	3625	3627	3626
4	3628	3629	3631	3630
4	3632	3633	3635	3634
4	3636	3637	3639	3638
4	3640	3641	3643	3642
4	3644	3645	3647	3646
4	3648	3649	3651	3650
4	3652	3653	3655	3654
4	3656	3657	3659	3658
4	3660	3661	3663	3662
4	3664	3665	3667	3666
4	3668	3669	3671	3670
4	3672	3673	3675	3674
4	3676	3677	3679	3678
4	3680	3681	3683	3682
4	3684	3685	3687	3686
4	3688	3689	3691	3690
4	3692	3693	3695	3694
4	3696	3697	3699	3698
4	3700	3701	3703	3702
4	3704	3705	3707	3706
4	3708	3709	3711	3710
4	3712	3713	3715	3714
4	3716	3717	3719	3718
4	3720	3721	3723	3722
4	3724	3725	3727	3726
4	3728	3729	3731	3730
4	3732	3733	3735	3734
4	3736	3737	3739	3738
4	3740	3741	3743	3742
4	3744	3745	3747	3746
4	3748	3749	3751	3750
4	3752	3753	3755	3754
4	3756	3757	3759	3758
4	3760	3761	3763	3762
4	3764	3765	3767	3766
4	3768	3769	3771	3770
4	3772	3773	3775	3774
4	3776	3777	3779	3778
4	3780	3781	3783	3782
4	3784	3785	3787	3786
4	3788	3789	3791	3790
4	3792	3793	3795	3794
4	3796	3797	3799	3798
4	3800	3801	3803	3802
4	3804	3805	3807	3806
4	3808	3809	3811	3810
4	3812	3813	3815	3814
4	3816	3817	3819	3818
4	3820	3821	3823	3822
4	3824	3825	3827	3826
4	3828	3829	3831	3830
4	3832	3833	3835	3834
4	3836	3837	3839	3838
4	3840	3841	3843	3842
4	3844	3845	3847	3846
4	3848	3849	3851	3850
4	3852	3853	3855	3854
4	3856	3857	3859	3858
4	3860	3861	3863	3862
4	3864	3865	3867	3866
4	3868	3869	3871	3870
4	3872	3873	3875	3874
4	3876	3877	3879	3878
4	3880	3881	3883	3882
4	3884	3885	3887	3886
4	3888	3889	3891	3890
4	3892	3893	3895	3894
4	3896	3897	3899	3898
4	3900	3901	3903	3902
4	3904	3905	3907	3906
4	3908	3909	3911	3910
4	3912	3913	3915	3914
4	3916	3917	3919	3918
4	3920	3921	3923	3922
4	3924	3925	3927	3926
4	3928	3929	3931	3930
4	3932	3933	3935	3934
4	3936	3937	3939	3938
4	3940	3941	3943	3942
4	3944	3945	3947	3946
4	3948	3949	3951	3950
4	3952	3953	3955	3954
4	3956	3957	3959	3958
4	3960	3961	3963	3962
4	3964	3965	3967	3966
4	3968	3969	3971	3970
4	3972	3973	3975	3974
4	3976	3977	3979	3978
4	3980	3981	3983	3982
4	3984	3985	3987	3986
4	3988	3989	3991	3990
4	3992	3993	3995	3994
4	3996	3997	3999	3998
4	4000	4001	4003	4002
4	4004	4005	4007	4006
4	4008	4009	4011	4010
4	4012	4013	4015	4014
4	4016	4017	4019	4018
4	4020	4021	4023	4022
4	4024	4025	4027	4026
4	4028	4029	4031	4030
4	4032	4033	4035	4034
4	4036	4037	4039	4038
4	4040	4041	4043	4042
4	4044	4045	4047	4046
4	4048	4049	4051	4050
4	4052	4053	4055	4054
4	4056	4057	4059	4058
4	4060	4061	4063	4062
4	4064	4065	4067	4066
4	4068	4069	4071	4070
4	4072	4073	4075	4074
4	4076	4077	4079	4078
4	4080	4081	4083	4082
4	4084	4085	4087	4086
4	4088	4089	4091	4090
4	4092	4093	4095	4094
4	4096	4097	4099	4098
4	4100	4101	4103	4102
4	4104	4105	4107	4106
4	4108	4109	4111	4110
4	4112	4113	4115	4114
4	4116	4117	4119	4118
4	4120	4121	4123	4122
4	4124	4125	4127	4126
4	4128	4129	4131	4130
4	4132	4133	4135	4134
4	4136	4137	4139	4138
4	4140	4141	4143	4142
4	4144	4145	4147	4146
4	4148	4149	4151	4150
4	4152	4153	4155	4154
4	4156	4157	4159	4158
4	4160	4161	4163	4162
4	4164	4165	4167	4166
4	4168	4169	4171	4170
4	4172	4173	4175	4174
4	4176	4177	4179	4178
4	4180	4181	4183	4182
4	4184	4185	4187	4186
4	4188	4189	4191	4190
4	4192	4193	4195	4194
4	4196	4197	4199	4198
4	4200	4201	4203	4202
4	4204	4205	4207	4206
4	4208	4209	4211	4210
4	4212	4213	4215	4214
4	4216	4217	4219	4218
4	4220	4221	4223	4222
4	4224	4225	4227	4226
4	4228	4229	4231	4230
4	4232	4233	4235	4234
4	4236	4237	4239	4238
4	4240	4241	4243	4242
4	4244	4245	4247	4246
4	4248	4249	4251	4250
4	4252	4253	4255	4254
4	4256	4257	4259	4258
4	4260	4261	4263	4262
4	4264	4265	4267	4266
4	4268	4269	4271	4270
4	4272	4273	4275	4274
4	4276	4277	4279	4278
4	4280	4281	4283	4282
4	4284	4285	4287	4286
4	4288	4289	4291	4290
4	4292	4293	4295	4294
4	4296	4297	4299	4298
4	4300	4301	4303	4302
4	4304	4305	4307	4306
4	4308	4309	4311	4310
4	4312	4313	4315	4314
4	4316	4317	4319	4318
4	4320	4321	4323	4322
4	4324	4325	4327	4326
4	4328	4329	4331	4330
4	4332	4333	4335	4334
4	4336	4337	4339	4338
4	4340	4341	4343	4342
4	4344	4345	4347	4346
4	4348	4349	4351	4350
4	4352	4353	4355	4354
4	4356	4357	4359	4358
4	4360	4361	4363	4362
4	4364	4365	4367	4366
4	4368	4369	4371	4370
4	4372	4373	4375	4374
4	4376	4377	4379	4378
4	4380	4381	4383	4382
4	4384	4385	4387	4386
4	4388	4389	4391	4390
4	4392	4393	4395	4394
4	4396	4397	4399	4398
4	4400	4401	4403	4402
4	4404	4405	4407	4406
4	4408	4409	4411	4410
4	4412	4413	4415	4414
4	4416	4417	4419	4418
4	4420	4421	4423	4422
4	4424	4425	4427	4426
4	4428	4429	4431	4430
4	4432	4433	4435	4434
4	4436	4437	4439	4438
4	4440	4441	4443	4442
4	4444	4445	4447	4446
4	4448	4449	4451	4450
4	4452	4453	4455	4454
4	4456	4457	4459	4458
4	4460	4461	4463	4462
4	4464	4465	4467	4466
4	4468	4469	4471	4470
4	4472	4473	4475	4474
4	4476	4477	4479	4478
4	4480	4481	4483	4482
4	4484	4485	4487	4486
4	4488	4489	4491	4490
4	4492	4493	4495	4494
4	4496	4497	4499	4498
4	4500	4501	4503	4502
4	4504	4505	4507	4506
4	4508	4509	4511	4510
4	4512	4513	4515	4514
4	4516	4517	4519	4518
4	4520	4521	4523	4522
4	4524	4525	4527	4526
4	4528	4529	4531	4530
4	4532	4533	4535	4534
4	4536	4537	4539	4538
4	4540	4541	4543	4542
4	4544	4545	4547	4546
4	4548	4549	4551	4550
4	4552	4553	4555	4554
4	4556	4557	4559	4558
4	4560	4561	4563	4562
4	4564	4565	4567	4566
4	4568	4569	4571	4570
4	4572	4573	4575	4574
4	4576	4577	4579	4578
4	4580	4581	4583	4582
4	4584	4585	4587	4586
4	4588	4589	4591	4590
4	4592	4593	4595	4594
4	4596	4597	4599	4598
4	4600	4601	4603	4602
4	4604	4605	4607	4606
4	4608	4609	4611	4610
4	4612	4613	4615	4614
4	4616	4617	4619	4618
4	4620	4621	4623	4622
4	4624	4625	4627	4626
4	4628	4629	4631	4630
4	4632	4633	4635	4634
4	4636	4637	4639	4638
4	4640	4641	4643	4642
4	4644	4645	4647	4646
4	4648	4649	4651	4650
4	4652	4653	4655	4654
4	4656	4657	4659	4658
4	4660	4661	4663	4662
4	4664	4665	4667	4666
4	4668	4669	4671	4670
4	4672	4673	4675	4674
4	4676	4677	4679	4678
4	4680	4681	4683	4682
4	4684	4685	4687	4686
4	4688	4689	4691	4690
4	4692	4693	4695	4694
4	4696	4697	4699	4698
4	4700	4701	4703	4702
4	4704	4705	4707	4706
4	4708	4709	4711	4710
4	4712	4713	4715	4714
4	4716	4717	4719	4718
4	4720	4721	4723	4722
4	4724	4725	4727	4726
4	4728	4729	4731	4730
4	4732	4733	4735	4734
4	4736	4737	4739	4738
4	4740	4741	4743	4742
4	4744	4745	4747	4746
4	4748	4749	4751	4750
4	4752	4753	4755	4754
4	4756	4757	4759	4758
4	4760	4761	4763	4762
4	4764	4765	4767	4766
4	4768	4769	4771	4770
4	4772	4773	4775	4774
4	4776	4777	4779	4778
4	4780	4781	4783	4782
4	4784	4785	4787	4786
4	4788	4789	4791	4790
4	4792	4793	4795	4794
4	4796	4797	4799	4798
4	4800	4801	4803	4802
4	4804	4805	4807	4806
4	4808	4809	4811	4810
4	4812	4813	4815	4814
4	4816	4817	4819	4818
4	4820	4821	4823	4822
4	4824	4825	4827	4826
4	4828	4829	4831	4830
4	4832	4833	4835	4834
4	4836	4837	4839	4838
4	4840	4841	4843	4842
4	4844	4845	4847	4846
4	4848	4849	4851	4850
4	4852	4853	4855	4854
4	4856	4857	4859	4858
4	4860	4861	4863	4862
4	4864	4865	4867	4866
4	4868	4869	4871	4870
4	4872	4873	4875	4874
4	4876	4877	4879	4878
4	4880	4881	4883	4882
4	4884	4885	4887	4886
4	4888	4889	4891	4890
4	4892	4893	4895	4894
4	4896	4897	4899	4898
4	4900	4901	4903	4902
4	4904	4905	4907	4906
4	4908	4909	4911	4910
4	4912	4913	4915	4914
4	4916	4917	4919	4918
4	4920	4921	4923	4922
4	4924	4925	4927	4926
4	4928	4929	4931	4930
4	4932	4933	4935	4934
4	4936	4937	4939	4938
4	4940	4941	4943	4942
4	4944	4945	4947	4946
4	4948	4949	4951	4950
4	4952	4953	4955	4954
4	4956	4957	4959	4958
4	4960	4961	4963	4962
4	4964	4965	4967	4966
4	4968	4969	4971	4970
4	4972	4973	4975	4974
4	4976	4977	4979	4978
4	4980	4981	4983	4982
4	4984	4985	4987	4986
4	4988	4989	4991	4990
4	4992	4993	4995	4994
4	4996	4997	4999	4998
4	5000	5001	5003	5002
4	5004	5005	5007	5006
4	5008	5009	5011	5010
4	5012	5013	5015	5014
4	5016	5017	5019	5018
4	5020	5021	5023	5022
4	5024	5025	5027	5026
4	5028	5029	5031	5030
4	5032	5033	5035	5034
4	5036	5037	5039	5038
4	5040	5041	5043	5042
4	5044	5045	5047	5046
4	5048	5049	5051	5050
4	5052	5053	5055	5054
4	5056	5057	5059	5058
4	5060	5061	5063	5062
4	5064	5065	5067	5066
4	5068	5069	5071	5070
4	5072	5073	5075	5074
4	5076	5077	5079	5078
4	5080	5081	5083	5082
4	5084	5085	5087	5086
4	5088	5089	5091	5090
4	5092	5093	5095	5094
4	5096	5097	5099	5098
4	5100	5101	5103	5102
4	5104	5105	5107	5106
4	5108	5109	5111	5110
4	5112	5113	5115	5114
4	5116	5117	5119	5118
4	5120	5121	5123	5122
4	5124	5125	5127	5126
4	5128	5129	5131	5130
4	5132	5133	5135	5134
4	5136	5137	5139	5138
4	5140	5141	5143	5142
4	5144	5145	5147	5146
4	5148	5149	5151	5150
4	5152	5153	5155	5154
4	5156	5157	5159	5158
4	5160	5161	5163	5162
4	5164	5165	5167	5166
4	5168	5169	5171	5170
4	5172	5173	5175	5174
4	5176	5177	5179	5178
4	5180	5181	5183	5182
4	5184	5185	5187	5186
4	5188	5189	5191	5190
4	5192	5193	5195	5194
4	5196	5197	5199	5198
4	5200	5201	5203	5202
4	5204	5205	5207	5206
4	5208	5209	5211	5210
4	5212	5213	5215	5214
4	5216	5217	5219	5218
4	5220	5221	5223	5222
4	5224	5225	5227	5226
4	5228	5229	5231	5230
4	5232	5233	5235	5234
4	5236	5237	5239	5238
4	5240	5241	5243	5242
4	5244	5245	5247	5246
4	5248	5249	5251	5250
4	5252	5253	5255	5254
4	5256	5257	5259	5258
4	5260	5261	5263	5262
4	5264	5265	5267	5266
4	5268	5269	5271	5270
4	5272	5273	5275	5274
4	5276	5277	5279	5278
4	5280	5281	5283	5282
4	5284	5285	5287	5286
4	5288	5289	5291	5290
4	5292	5293	5295	5294
4	5296	5297	5299	5298
4	5300	5301	5303	5302
4	5304	5305	5307	5306
4	5308	5309	5311	5310
4	5312	5313	5315	5314
4	5316	5317	5319	5318
4	5320	5321	5323	5322
4	5324	5325	5327	5326
4	5328	5329	5331	5330
4	5332	5333	5335	5334
4	5336	5337	5339	5338
4	5340	5341	5343	5342
4	5344	5345	5347	5346
4	5348	5349	5351	5350
4	5352	5353	5355	5354
4	5356	5357	5359	5358
4	5360	5361	5363	5362
4	5364	5365	5367	5366
4	5368	5369	5371	5370
4	5372	5373	5375	5374
4	5376	5377	5379	5378
4	5380	5381	5383	5382
4	5384	5385	5387	5386
4	5388	5389	5391	5390
4	5392	5393	5395	5394
4	5396	5397	5399	5398
4	5400	5401	5403	5402
4	5404	5405	5407	5406
4	5408	5409	5411	5410
4	5412	5413	5415	5414
4	5416	5417	5419	5418
4	5420	5421	5423	5422
4	5424	5425	5427	5426
4	5428	5429	5431	5430
4	5432	5433	5435	5434
4	5436	5437	5439	5438
4	5440	5441	5443	5442
4	5444	5445	5447	5446
4	5448	5449	5451	5450
4	5452	5453	5455	5454
4	5456	5457	5459	5458
4	5460	5461	5463	5462
4	5464	5465	5467	5466
4	5468	5469	5471	5470
4	5472	5473	5475	5474
4	5476	5477	5479	5478
4	5480	5481	5483	5482
4	5484	5485	5487	5486
4	5488	5489	5491	5490
4	5492	5493	5495	5494
4	5496	5497	5499	5498
4	5500	5501	5503	5502
4	5504	5505	5507	5506
4	5508	5509	5511	5510
4	5512	5513	5515	5514
4	5516	5517	5519	5518
4	5520	5521	5523	5522
4	5524	5525	5527	5526
4	5528	5529	5531	5530
4	5532	5533	5535	5534
4	5536	5537	5539	5538
4	5540	5541	5543	5542
4	5544	5545	5547	5546
4	5548	5549	5551	5550
4	5552	5553	5555	5554
4	5556	5557	5559	5558
4	5560	5561	5563	5562
4	5564	5565	5567	5566
4	5568	5569	5571	5570
4	5572	5573	5575	5574
4	5576	5577	5579	5578
4	5580	5581	5583	5582
4	5584	5585	5587	5586
4	5588	5589	5591	5590
4	5592	5593	5595	5594
4	5596	5597	5599	5598
4	5600	5601	5603	5602
4	5604	5605	5607	5606
4	5608	5609	5611	5610
4	5612	5613	5615	5614
4	5616	5617	5619	5618
4	5620	5621	5623	5622
4	5624	5625	5627	5626
4	5628	5629	5631	5630
4	5632	5633	5635	5634
4	5636	5637	5639	5638
4	5640	5641	5643	5642
4	5644	5645	5647	5646
4	5648	5649	5651	5650
4	5652	5653	5655	5654
4	5656	5657	5659	5658
4	5660	5661	5663	5662
4	5664	5665	5667	5666
4	5668	5669	5671	5670
4	5672	5673	5675	5674
4	5676	5677	5679	5678
4	5680	5681	5683	5682
4	5684	5685	5687	5686
4	5688	5689	5691	5690
4	5692	5693	5695	5694
4	5696	5697	5699	5698
4	5700	5701	5703	5702
4	5704	5705	5707	5706
4	5708	5709	5711	5710
4	5712	5713	5715	5714
4	5716	5717	5719	5718
4	5720	5721	5723	5722
4	5724	5725	5727	5726
4	5728	5729	5731	5730
4	5732	5733	5735	5734
4	5736	5737	5739	5738
4	5740	5741	5743	5742
4	5744	5745	5747	5746
4	5748	5749	5751	5750
4	5752	5753	5755	5754
4	5756	5757	5759	5758
4	5760	5761	5763	5762
4	5764	5765	5767	5766
4	5768	5769	5771	5770
4	5772	5773	5775	5774
4	5776	5777	5779	5778
4	5780	5781	5783	5782
4	5784	5785	5787	5786
4	5788	5789	5791	5790
4	5792	5793	5795	5794
4	5796	5797	5799	5798
4	5800	5801	5803	5802
4	5804	5805	5807	5806
4	5808	5809	5811	5810
4	5812	5813	5815	5814
4	5816	5817	5819	5818
4	5820	5821	5823	5822
4	5824	5825	5827	5826
4	5828	5829	5831	5830
4	5832	5833	5835	5834
4	5836	5837	5839	5838
4	5840	5841	5843	5842
4	5844	5845	5847	5846
4	5848	5849	5851	5850
4	5852	5853	5855	5854
4	5856	5857	5859	5858
4	5860	5861	5863	5862
4	5864	5865	5867	5866
4	5868	5869	5871	5870
4	5872	5873	5875	5874
4	5876	5877	5879	5878
4	5880	5881	5883	5882
4	5884	5885	5887	5886
4	5888	5889	5891	5890
4	5892	5893	5895	5894
4	5896	5897	5899	5898
4	5900	5901	5903	5902
4	5904	5905	5907	5906
4	5908	5909	5911	5910
4	5912	5913	5915	5914
4	5916	5917	5919	5918
4	5920	5921	5923	5922
4	5924	5925	5927	5926
4	5928	5929	5931	5930
4	5932	5933	5935	5934
4	5936	5937	5939	5938
4	5940	5941	5943	5942
4	5944	5945	5947	5946
4	5948	5949	5951	5950
4	5952	5953	5955	5954
4	5956	5957	5959	5958
4	5960	5961	5963	5962
4	5964	5965	5967	5966
4	5968	5969	5971	5970
4	5972	5973	5975	5974
4	5976	5977	5979	5978
4	5980	5981	5983	5982
4	5984	5985	5987	5986
4	5988	5989	5991	5990
4	5992	5993	5995	5994
4	5996	5997	5999	5998
4	6000	6001	6003	6002
4	6004	6005	6007	6006
4	6008	6009	6011	6010
4	6012	6013	6015	6014
4	6016	6017	6019	6018
4	6020	6021	6023	6022
4	6024	6025	6027	6026
4	6028	6029	6031	6030
4	6032	6033	6035	6034
4	6036	6037	6039	6038
4	6040	6041	6043	6042
4	6044	6045	6047	6046
4	6048	6049	6051	6050
4	6052	6053	6055	6054
4	6056	6057	6059	6058
4	6060	6061	6063	6062
4	6064	6065	6067	6066
4	6068	6069	6071	6070
4	6072	6073	6075	6074
4	6076	6077	6079	6078
4	6080	6081	6083	6082
4	6084	6085	6087	6086
4	6088	6089	6091	6090
4	6092	6093	6095	6094
4	6096	6097	6099	6098
4	6100	6101	6103	6102
4	6104	6105	6107	6106
4	6108	6109	6111	6110
4	6112	6113	6115	6114
4	6116	6117	6119	6118
4	6120	6121	6123	6122
4	6124	6125	6127	6126
4	6128	6129	6131	6130
4	6132	6133	6135	6134
4	6136	6137	6139	6138
4	6140	6141	6143	6142
4	6144	6145	6147	6146
4	6148	6149	6151	6150
4	6152	6153	6155	6154
4	6156	6157	6159	6158
4	6160	6161	6163	6162
4	6164	6165	6167	6166
4	6168	6169	6171	6170
4	6172	6173	6175	6174
4	6176	6177	6179	6178
4	6180	6181	6183	6182
4	6184	6185	6187	6186
4	6188	6189	6191	6190
4	6192	6193	6195	6194
4	6196	6197	6199	6198
4	6200	6201	6203	6202
4	6204	6205	6207	6206
4	6208	6209	6211	6210
4	6212	6213	6215	6214
4	6216	6217	6219	6218
4	6220	6221	6223	6222
4	6224	6225	6227	6226
4	6228	6229	6231	6230
4	6232	6233	6235	6234
4	6236	6237	6239	6238
4	6240	6241	6243	6242
4	6244	6245	6247	6246
4	6248	6249	6251	6250
4	6252	6253	6255	6254
4	6256	6257	6259	6258
4	6260	6261	6263	6262
4	6264	6265	6267	6266
4	6268	6269	6271	6270
4	6272	6273	6275	6274
4	6276	6277	6279	6278
4	6280	6281	6283	6282
4	6284	6285	6287	6286
4	6288	6289	6291	6290
4	6292	6293	6295	6294
4	6296	6297	6299	6298
4	6300	6301	6303	6302
4	6304	6305	6307	6306
4	6308	6309	6311	6310
4	6312	6313	6315	6314
4	6316	6317	6319	6318
4	6320	6321	6323	6322
4	6324	6325	6327	6326
4	6328	6329	6331	6330
4	6332	6333	6335	6334
4	6336	6337	6339	6338
4	6340	6341	6343	6342
4	6344	6345	6347	6346
4	6348	6349	6351	6350
4	6352	6353	6355	6354
4	6356	6357	6359	6358
4	6360	6361	6363	6362
4	6364	6365	6367	6366
4	6368	6369	6371	6370
4	6372	6373	6375	6374
4	6376	6377	6379	6378
4	6380	6381	6383	6382
4	6384	6385	6387	6386
4	6388	6389	6391	6390
4	6392	6393	6395	6394
4	6396	6397	6399	6398
4	6400	6401	6403	6402
4	6404	6405	6407	6406
4	6408	6409	6411	6410
4	6412	6413	6415	6414
4	6416	6417	6419	6418
4	6420	6421	6423	6422
4	6424	6425	6427	6426
4	6428	6429	6431	6430
4	6432	6433	6435	6434
4	6436	6437	6439	6438
4	6440	6441	6443	6442
4	6444	6445	6447	6446
4	6448	6449	6451	6450
4	6452	6453	6455	6454
4	6456	6457	6459	6458
4	6460	6461	6463	6462
4	6464	6465	6467	6466
4	6468	6469	6471	6470
4	6472	6473	6475	6474
4	6476	6477	6479	6478
4	6480	6481	6483	6482
4	6484	6485	6487	6486
4	6488	6489	6491	6490
4	6492	6493	6495	6494
4	6496	6497	6499	6498
4	6500	6501	6503	6502
4	6504	6505	6507	6506
4	6508	6509	6511	6510
4	6512	6513	6515	6514
4	6516	6517	6519	6518
4	6520	6521	6523	6522
4	6524	6525	6527	6526
4	6528	6529	6531	6530
4	6532	6533	6535	6534
4	6536	6537	6539	6538
4	6540	6541	6543	6542
4	6544	6545	6547	6546
4	6548	6549	6551	6550
4	6552	6553	6555	6554
4	6556	6557	6559	6558
4	6560	6561	6563	6562
4	6564	6565	6567	6566
4	6568	6569	6571	6570
4	6572	6573	6575	6574
4	6576	6577	6579	6578
4	6580	6581	6583	6582
4	6584	6585	6587	6586
4	6588	6589	6591	6590
4	6592	6593	6595	6594
4	6596	6597	6599	6598
4	6600	6601	6603	6602
4	6604	6605	6607	6606
4	6608	6609	6611	6610
4	6612	6613	6615	6614
4	6616	6617	6619	6618
4	6620	6621	6623	6622
4	6624	6625	6627	6626
4	6628	6629	6631	6630
4	6632	6633	6635	6634
4	6636	6637	6639	6638
4	6640	6641	6643	6642
4	6644	6645	6647	6646
4	6648	6649	6651	6650
4	6652	6653	6655	6654
4	6656	6657	6659	6658
4	6660	6661	6663	6662
4	6664	6665	6667	6666
4	6668	6669	6671	6670
4	6672	6673	6675	6674
4	6676	6677	6679	6678
4	6680	6681	6683	6682
4	6684	6685	6687	6686
4	6688	6689	6691	6690
4	6692	6693	6695	6694
4	6696	6697	6699	6698
4	6700	6701	6703	6702
4	6704	6705	6707	6706
4	6708	6709	6711	6710
4	6712	6713	6715	6714
4	6716	6717	6719	6718
4	6720	6721	6723	6722
4	6724	6725	6727	6726
4	6728	6729	6731	6730
4	6732	6733	6735	6734
4	6736	6737	6739	6738
4	6740	6741	6743	6742
4	6744	6745	6747	6746
4	6748	6749	6751	6750
4	6752	6753	6755	6754
4	6756	6757	6759	6758
4	6760	6761	6763	6762
4	6764	6765	6767	6766
4	6768	6769	6771	6770
4	6772	6773	6775	6774
4	6776	6777	6779	6778
4	6780	6781	6783	6782
4	6784	6785	6787	6786
4	6788	6789	6791	6790
4	6792	6793	6795	6794
4	6796	6797	6799	6798
4	6800	6801	6803	6802
4	6804	6805	6807	6806
4	6808	6809	6811	6810
4	6812	6813	6815	6814
4	6816	6817	6819	6818
4	6820	6821	6823	6822
4	6824	6825	6827	6826
4	6828	6829	6831	6830
4	6832	6833	6835	6834
4	6836	6837	6839	6838
4	6840	6841	6843	6842
4	6844	6845	6847	6846
4	6848	6849	6851	6850
4	6852	6853	6855	6854
4	6856	6857	6859	6858
4	6860	6861	6863	6862
4	6864	6865	6867	6866
4	6868	6869	6871	6870
4	6872	6873	6875	6874
4	6876	6877	6879	6878
4	6880	6881	6883	6882
4	6884	6885	6887	6886
4	6888	6889	6891	6890
4	6892	6893	6895	6894
4	6896	6897	6899	6898
4	6900	6901	6903	6902
4	6904	6905	6907	6906
4	6908	6909	6911	6910
4	6912	6913	6915	6914
4	6916	6917	6919	6918
4	6920	6921	6923	6922
4	6924	6925	6927	6926
4	6928	6929	6931	6930
4	6932	6933	6935	6934
4	6936	6937	6939	6938
4	6940	6941	6943	6942
4	6944	6945	6947	6946
4	6948	6949	6951	6950
4	6952	6953	6955	6954
4	6956	6957	6959	6958
4	6960	6961	6963	6962
4	6964	6965	6967	6966
4	6968	6969	6971	6970
4	6972	6973	6975	6974
4	6976	6977	6979	6978
4	6980	6981	6983	6982
4	6984	6985	6987	6986
4	6988	6989	6991	6990
4	6992	6993	6995	6994
4	6996	6997	6999	6998
4	7000	7001	7003	7002
4	7004	7005	7007	7006
4	7008	7009	7011	7010
4	7012	7013	7015	7014
4	7016	7017	7019	7018
4	7020	7021	7023	7022
4	7024	7025	7027	7026
4	7028	7029	7031	7030
4	7032	7033	7035	7034
4	7036	7037	7039	7038
4	7040	7041	7043	7042
4	7044	7045	7047	7046
4	7048	7049	7051	7050
4	7052	7053	7055	7054
4	7056	7057	7059	7058
4	7060	7061	7063	7062
4	7064	7065	7067	7066
4	7068	7069	7071	7070
4	7072	7073	7075	7074
4	7076	7077	7079	7078
4	7080	7081	7083	7082
4	7084	7085	7087	7086
4	7088	7089	7091	7090
4	7092	7093	7095	7094
4	7096	7097	7099	7098
4	7100	7101	7103	7102
4	7104	7105	7107	7106
4	7108	7109	7111	7110
4	7112	7113	7115	7114
4	7116	7117	7119	7118
4	7120	7121	7123	7122
4	7124	7125	7127	7126
4	7128	7129	7131	7130
4	7132	7133	7135	7134
4	7136	7137	7139	7138
4	7140	7141	7143	7142
4	7144	7145	7147	7146
4	7148	7149	7151	7150
4	7152	7153	7155	7154
4	7156	7157	7159	7158
4	7160	7161	7163	7162
4	7164	7165	7167	7166
4	7168	7169	7171	7170
4	7172	7173	7175	7174
4	7176	7177	7179	7178
4	7180	7181	7183	7182
4	7184	7185	7187	7186
4	7188	7189	7191	7190
4	7192	7193	7195	7194
4	7196	7197	7199	7198
4	7200	7201	7203	7202
4	7204	7205	7207	7206
4	7208	7209	7211	7210
4	7212	7213	7215	7214
4	7216	7217	7219	7218
4	7220	7221	7223	7222
4	7224	7225	7227	7226
4	7228	7229	7231	7230
4	7232	7233	7235	7234
4	7236	7237	7239	7238
4	7240	7241	7243	7242
4	7244	7245	7247	7246
4	7248	7249	7251	7250
4	7252	7253	7255	7254
4	7256	7257	7259	7258
4	7260	7261	7263	7262
4	7264	7265	7267	7266
4	7268	7269	7271	7270
4	7272	7273	7275	7274
4	7276	7277	7279	7278
4	7280	7281	7283	7282
4	7284	7285	7287	7286
4	7288	7289	7291	7290
4	7292	7293	7295	7294
4	7296	7297	7299	7298
4	7300	7301	7303	7302
4	7304	7305	7307	7306
4	7308	7309	7311	7310
4	7312	7313	7315	7314
4	7316	7317	7319	7318
4	7320	7321	7323	7322
4	7324	7325	7327	7326
4	7328	7329	7331	7330
4	7332	7333	7335	7334
4	7336	7337	7339	7338
4	7340	7341	7343	7342
4	7344	7345	7347	7346
4	7348	7349	7351	7350
4	7352	7353	7355	7354
4	7356	7357	7359	7358
4	7360	7361	7363	7362
4	7364	7365	7367	7366
4	7368	7369	7371	7370
4	7372	7373	7375	7374
4	7376	7377	7379	7378
4	7380	7381	7383	7382
4	7384	7385	7387	7386
4	7388	7389	7391	7390
4	7392	7393	7395	7394
4	7396	7397	7399	7398
4	7400	7401	7403	7402
4	7404	7405	7407	7406
4	7408	7409	7411	7410
4	7412	7413	7415	7414
4	7416	7417	7419	7418
4	7420	7421	7423	7422
4	7424	7425	7427	7426
4	7428	7429	7431	7430
4	7432	7433	7435	7434
4	7436	7437	7439	7438
4	7440	7441	7443	7442
4	7444	7445	7447	7446
4	7448	7449	7451	7450
4	7452	7453	7455	7454
4	7456	7457	7459	7458
4	7460	7461	7463	7462
4	7464	7465	7467	7466
4	7468	7469	7471	7470
4	7472	7473	7475	7474
4	7476	7477	7479	7478
4	7480	7481	7483	7482
4	7484	7485	7487	7486
4	7488	7489	7491	7490
4	7492	7493	7495	7494
4	7496	7497	7499	7498
4	7500	7501	7503	7502
4	7504	7505	7507	7506
4	7508	7509	7511	7510
4	7512	7513	7515	7514
4	7516	7517	7519	7518
4	7520	7521	7523	7522
4	7524	7525	7527	7526
4	7528	7529	7531	7530
4	7532	7533	7535	7534
4	7536	7537	7539	7538
4	7540	7541	7543	7542
4	7544	7545	7547	7546
4	7548	7549	7551	7550
4	7552	7553	7555	7554
4	7556	7557	7559	7558
4	7560	7561	7563	7562
4	7564	7565	7567	7566
4	7568	7569	7571	7570
4	7572	7573	7575	7574
4	7576	7577	7579	7578
4	7580	7581	7583	7582
4	7584	7585	7587	7586
4	7588	7589	7591	7590
4	7592	7593	7595	7594
4	7596	7597	7599	7598
4	7600	7601	7603	7602
4	7604	7605	7607	7606
4	7608	7609	7611	7610
4	7612	7613	7615	7614
4	7616	7617	7619	7618
4	7620	7621	7623	7622
4	7624	7625	7627	7626
4	7628	7629	7631	7630
4	7632	7633	7635	7634
4	7636	7637	7639	7638
4	7640	7641	7643	7642
4	7644	7645	7647	7646
4	7648	7649	7651	7650
4	7652	7653	7655	7654
4	7656	7657	7659	7658
4	7660	7661	7663	7662
4	7664	7665	7667	7666
4	7668	7669	7671	7670
4	7672	7673	7675	7674
4	7676	7677	7679	7678
4	7680	7681	7683	7682
4	7684	7685	7687	7686
4	7688	7689	7691	7690
4	7692	7693	7695	7694
4	7696	7697	7699	7698
4	7700	7701	7703	7702
4	7704	7705	7707	7706
4	7708	7709	7711	7710
4	7712	7713	7715	7714
4	7716	7717	7719	7718
4	7720	7721	7723	7722
4	7724	7725	7727	7726
4	7728	7729	7731	7730
4	7732	7733	7735	7734
4	7736	7737	7739	7738
4	7740	7741	7743	7742
4	7744	7745	7747	7746
4	7748	7749	7751	7750
4	7752	7753	7755	7754
4	7756	7757	7759	7758
4	7760	7761	7763	7762
4	7764	7765	7767	7766
4	7768	7769	7771	7770
4	7772	7773	7775	7774
4	7776	7777	7779	7778
4	7780	7781	7783	7782
4	7784	7785	7787	7786
4	7788	7789	7791	7790
4	7792	7793	7795	7794
4	7796	7797	7799	7798
4	7800	7801	7803	7802
4	7804	7805	7807	7806
4	7808	7809	7811	7810
4	7812	7813	7815	7814
4	7816	7817	7819	7818
4	7820	7821	7823	7822
4	7824	7825	7827	7826
4	7828	7829	7831	7830
4	7832	7833	7835	7834
4	7836	7837	7839	7838
4	7840	7841	7843	7842
4	7844	7845	7847	7846
4	7848	7849	7851	7850
4	7852	7853	7855	7854
4	7856	7857	7859	7858
4	7860	7861	7863	7862
4	7864	7865	7867	7866
4	7868	7869	7871	7870
4	7872	7873	7875	7874
4	7876	7877	7879	7878
4	7880	7881	7883	7882
4	7884	7885	7887	7886
4	7888	7889	7891	7890
4	7892	7893	7895	7894
4	7896	7897	7899	7898
4	7900	7901	7903	7902
4	7904	7905	7907	7906
4	7908	7909	7911	7910
4	7912	7913	7915	7914
4	7916	7917	7919	7918
4	7920	7921	7923	7922
4	7924	7925	7927	7926
4	7928	7929	7931	7930
4	7932	7933	7935	7934
4	7936	7937	7939	7938
4	7940	7941	7943	7942
4	7944	7945	7947	7946
4	7948	7949	7951	7950
4	7952	7953	7955	7954
4	7956	7957	7959	7958
4	7960	7961	7963	7962
4	7964	7965	7967	7966
4	7968	7969	7971	7970
4	7972	7973	7975	7974
4	7976	7977	7979	7978
4	7980	7981	7983	7982
4	7984	7985	7987	7986
4	7988	7989	7991	7990
4	7992	7993	7995	7994
4	7996	7997	7999	7998
4	8000	8001	8003	8002
4	8004	8005	8007	8006
4	8008	8009	8011	8010
4	8012	8013	8015	8014
4	8016	8017	8019	8018
4	8020	8021	8023	8022
4	8024	8025	8027	8026
4	8028	8029	8031	8030
4	8032	8033	8035	8034
4	8036	8037	8039	8038
4	8040	8041	8043	8042
4	8044	8045	8047	8046
4	8048	8049	8051	8050
4	8052	8053	8055	8054
4	8056	8057	8059	8058
4	8060	8061	8063	8062
4	8064	8065	8067	8066
4	8068	8069	8071	8070
4	8072	8073	8075	8074
4	8076	8077	8079	8078
4	8080	8081	8083	8082
4	8084	8085	8087	8086
4	8088	8089	8091	8090
4	8092	8093	8095	8094
4	8096	8097	8099	8098
4	8100	8101	8103	8102
4	8104	8105	8107	8106
4	8108	8109	8111	8110
4	8112	8113	8115	8114
4	8116	8117	8119	8118
4	8120	8121	8123	8122
4	8124	8125	8127	8126
4	8128	8129	8131	8130
4	8132	8133	8135	8134
4	8136	8137	8139	8138
4	8140	8141	8143	8142
4	8144	8145	8147	8146
4	8148	8149	8151	8150
4	8152	8153	8155	8154
4	8156	8157	8159	8158
4	8160	8161	8163	8162
4	8164	8165	8167	8166
4	8168	8169	8171	8170
4	8172	8173	8175	8174
4	8176	8177	8179	8178
4	8180	8181	8183	8182
4	8184	8185	8187	8186
4	8188	8189	8191	8190
4	8192	8193	8195	8194
4	8196	8197	8199	8198
4	8200	8201	8203	8202
4	8204	8205	8207	8206
4	8208	8209	8211	8210
4	8212	8213	8215	8214
4	8216	8217	8219	8218
4	8220	8221	8223	8222
4	8224	8225	8227	8226
4	8228	8229	8231	8230
4	8232	8233	8235	8234
4	8236	8237	8239	8238
4	8240	8241	8243	8242
4	8244	8245	8247	8246
4	8248	8249	8251	8250
4	8252	8253	8255	8254
4	8256	8257	8259	8258
4	8260	8261	8263	8262
4	8264	8265	8267	8266
4	8268	8269	8271	8270
4	8272	8273	8275	8274
4	8276	8277	8279	8278
4	8280	8281	8283	8282
4	8284	8285	8287	8286
4	8288	8289	8291	8290
4	8292	8293	8295	8294
4	8296	8297	8299	8298
4	8300	8301	8303	8302
4	8304	8305	8307	8306
4	8308	8309	8311	8310
4	8312	8313	8315	8314
4	8316	8317	8319	8318
4	8320	8321	8323	8322
4	8324	8325	8327	8326
4	8328	8329	8331	8330
4	8332	8333	8335	8334
4	8336	8337	8339	8338
4	8340	8341	8343	8342
4	8344	8345	8347	8346
4	8348	8349	8351	8350
4	8352	8353	8355	8354
4	8356	8357	8359	8358
4	8360	8361	8363	8362
4	8364	8365	8367	8366
4	8368	8369	8371	8370
4	8372	8373	8375	8374
4	8376	8377	8379	8378
4	8380	8381	8383	8382
4	8384	8385	8387	8386
4	8388	8389	8391	8390
4	8392	8393	8395	8394
4	8396	8397	8399	8398
4	8400	8401	8403	8402
4	8404	8405	8407	8406
4	8408	8409	8411	8410
4	8412	8413	8415	8414
4	8416	8417	8419	8418
4	8420	8421	8423	8422
4	8424	8425	8427	8426
4	8428	8429	8431	8430
4	8432	8433	8435	8434
4	8436	8437	8439	8438
4	8440	8441	8443	8442
4	8444	8445	8447	8446
4	8448	8449	8451	8450
4	8452	8453	8455	8454
4	8456	8457	8459	8458
4	8460	8461	8463	8462
4	8464	8465	8467	8466
4	8468	8469	8471	8470
4	8472	8473	8475	8474
4	8476	8477	8479	8478
4	8480	8481	8483	8482
4	8484	8485	8487	8486
4	8488	8489	8491	8490
4	8492	8493	8495	8494
4	8496	8497	8499	8498
4	8500	8501	8503	8502
4	8504	8505	8507	8506
4	8508	8509	8511	8510
4	8512	8513	8515	8514
4	8516	8517	8519	8518
4	8520	8521	8523	8522
4	8524	8525	8527	8526
4	8528	8529	8531	8530
4	8532	8533	8535	8534
4	8536	8537	8539	8538
4	8540	8541	8543	8542
4	8544	8545	8547	8546
4	8548	8549	8551	8550
4	8552	8553	8555	8554
4	8556	8557	8559	8558
4	8560	8561	8563	8562
4	8564	8565	8567	8566
4	8568	8569	8571	8570
4	8572	8573	8575	8574
4	8576	8577	8579	8578
4	8580	8581	8583	8582
4	8584	8585	8587	8586
4	8588	8589	8591	8590
4	8592	8593	8595	8594
4	8596	8597	8599	8598
4	8600	8601	8603	8602
4	8604	8605	8607	8606
4	8608	8609	8611	8610
4	8612	8613	8615	8614
4	8616	8617	8619	8618
4	8620	8621	8623	8622
4	8624	8625	8627	8626
4	8628	8629	8631	8630
4	8632	8633	8635	8634
4	8636	8637	8639	8638
4	8640	8641	8643	8642
4	8644	8645	8647	8646
4	8648	8649	8651	8650
4	8652	8653	8655	8654
4	8656	8657	8659	8658
4	8660	8661	8663	8662
4	8664	8665	8667	8666
4	8668	8669	8671	8670
4	8672	8673	8675	8674
4	8676	8677	8679	8678
4	8680	8681	8683	8682
4	8684	8685	8687	8686
4	8688	8689	8691	8690
4	8692	8693	8695	8694
4	8696	8697	8699	8698
4	8700	8701	8703	8702
4	8704	8705	8707	8706
4	8708	8709	8711	8710
4	8712	8713	8715	8714
4	8716	8717	8719	8718
4	8720	8721	8723	8722
4	8724	8725	8727	8726
4	8728	8729	8731	8730
4	8732	8733	8735	8734
4	8736	8737	8739	8738
4	8740	8741	8743	8742
4	8744	8745	8747	8746
4	8748	8749	8751	8750
4	8752	8753	8755	8754
4	8756	8757	8759	8758
4	8760	8761	8763	8762
4	8764	8765	8767	8766
4	8768	8769	8771	8770
4	8772	8773	8775	8774
4	8776	8777	8779	8778
4	8780	8781	8783	8782
4	8784	8785	8787	8786
4	8788	8789	8791	8790
4	8792	8793	8795	8794
4	8796	8797	8799	8798
4	8800	8801	8803	8802
4	8804	8805	8807	8806
4	8808	8809	8811	8810
4	8812	8813	8815	8814
4	8816	8817	8819	8818
4	8820	8821	8823	8822
4	8824	8825	8827	8826
4	8828	8829	8831	8830
4	8832	8833	8835	8834
4	8836	8837	8839	8838
4	8840	8841	8843	8842
4	8844	8845	8847	8846
4	8848	8849	8851	8850
4	8852	8853	8855	8854
4	8856	8857	8859	8858
4	8860	8861	8863	8862
4	8864	8865	8867	8866
4	8868	8869	8871	8870
4	8872	8873	8875	8874
4	8876	8877	8879	8878
4	8880	8881	8883	8882
4	8884	8885	8887	8886
4	8888	8889	8891	8890
4	8892	8893	8895	8894
4	8896	8897	8899	8898
4	8900	8901	8903	8902
4	8904	8905	8907	8906
4	8908	8909	8911	8910
4	8912	8913	8915	8914
4	8916	8917	8919	8918
4	8920	8921	8923	8922
4	8924	8925	8927	8926
4	8928	8929	8931	8930
4	8932	8933	8935	8934
4	8936	8937	8939	8938
4	8940	8941	8943	8942
4	8944	8945	8947	8946
4	8948	8949	8951	8950
4	8952	8953	8955	8954
4	8956	8957	8959	8958
4	8960	8961	8963	8962
4	8964	8965	8967	8966
4	8968	8969	8971	8970
4	8972	8973	8975	8974
4	8976	8977	8979	8978
4	8980	8981	8983	8982
4	8984	8985	8987	8986
4	8988	8989	8991	8990
4	8992	8993	8995	8994
4	8996	8997	8999	8998
4	9000	9001	9003	9002
4	9004	9005	9007	9006
4	9008	9009	9011	9010
4	9012	9013	9015	9014
4	9016	9017	9019	9018
4	9020	9021	9023	9022
4	9024	9025	9027	9026
4	9028	9029	9031	9030
4	9032	9033	9035	9034
4	9036	9037	9039	9038
4	9040	9041	9043	9042
4	9044	9045	9047	9046
4	9048	9049	9051	9050
4	9052	9053	9055	9054
4	9056	9057	9059	9058
4	9060	9061	9063	9062
4	9064	9065	9067	9066
4	9068	9069	9071	9070
4	9072	9073	9075	9074
4	9076	9077	9079	9078
4	9080	9081	9083	9082
4	9084	9085	9087	9086
4	9088	9089	9091	9090
4	9092	9093	9095	9094
4	9096	9097	9099	9098
4	9100	9101	9103	9102
4	9104	9105	9107	9106
4	9108	9109	9111	9110
4	9112	9113	9115	9114
4	9116	9117	9119	9118
4	9120	9121	9123	9122
4	9124	9125	9127	9126
4	9128	9129	9131	9130
4	9132	9133	9135	9134
4	9136	9137	9139	9138
4	9140	9141	9143	9142
4	9144	9145	9147	9146
4	9148	9149	9151	9150
4	9152	9153	9155	9154
4	9156	9157	9159	9158
4	9160	9161	9163	9162
4	9164	9165	9167	9166
4	9168	9169	9171	9170
4	9172	9173	9175	9174
4	9176	9177	9179	9178
4	9180	9181	9183	9182
4	9184	9185	9187	9186
4	9188	9189	9191	9190
4	9192	9193	9195	9194
4	9196	9197	9199	9198
4	9200	9201	9203	9202
4	9204	9205	9207	9206
4	9208	9209	9211	9210
4	9212	9213	9215	9214
4	9216	9217	9219	9218
4	9220	9221	9223	9222
4	9224	9225	9227	9226
4	9228	9229	9231	9230
4	9232	9233	9235	9234
4	9236	9237	9239	9238
4	9240	9241	9243	9242
4	9244	9245	9247	9246
4	9248	9249	9251	9250
4	9252	9253	9255	9254
4	9256	9257	9259	9258
4	9260	9261	9263	9262
4	9264	9265	9267	9266
4	9268	9269	9271	9270
4	9272	9273	9275	9274
4	9276	9277	9279	9278
4	9280	9281	9283	9282
4	9284	9285	9287	9286
4	9288	9289	9291	9290
4	9292	9293	9295	9294
4	9296	9297	9299	9298
4	9300	9301	9303	9302
4	9304	9305	9307	9306
4	9308	9309	9311	9310
4	9312	9313	9315	9314
4	9316	9317	9319	9318
4	9320	9321	9323	9322
4	9324	9325	9327	9326
4	9328	9329	9331	9330
4	9332	9333	9335	9334
4	9336	9337	9339	9338
4	9340	9341	9343	9342
4	9344	9345	9347	9346
4	9348	9349	9351	9350
4	9352	9353	9355	9354
4	9356	9357	9359	9358
4	9360	9361	9363	9362
4	9364	9365	9367	9366
4	9368	9369	9371	9370
4	9372	9373	9375	9374
4	9376	9377	9379	9378
4	9380	9381	9383	9382
4	9384	9385	9387	9386
4	9388	9389	9391	9390
4	9392	9393	9395	9394
4	9396	9397	9399	9398
4	9400	9401	9403	9402
4	9404	9405	9407	9406
4	9408	9409	9411	9410
4	9412	9413	9415	9414
4	9416	9417	9419	9418
4	9420	9421	9423	9422
4	9424	9425	9427	9426
4	9428	9429	9431	9430
4	9432	9433	9435	9434
4	9436	9437	9439	9438
4	9440	9441	9443	9442
4	9444	9445	9447	9446
4	9448	9449	9451	9450
4	9452	9453	9455	9454
4	9456	9457	9459	9458
4	9460	9461	9463	9462
4	9464	9465	9467	9466
4	9468	9469	9471	9470
4	9472	9473	9475	9474
4	9476	9477	9479	9478
4	9480	9481	9483	9482
4	9484	9485	9487	9486
4	9488	9489	9491	9490
4	9492	9493	9495	9494
4	9496	9497	9499	9498
4	9500	9501	9503	9502
4	9504	9505	9507	9506
4	9508	9509	9511	9510
4	9512	9513	9515	9514
4	9516	9517	9519	9518
4	9520	9521	9523	9522
4	9524	9525	9527	9526
4	9528	9529	9531	9530
4	9532	9533	9535	9534
4	9536	9537	9539	9538
4	9540	9541	9543	9542
4	9544	9545	9547	9546
4	9548	9549	9551	9550
4	9552	9553	9555	9554
4	9556	9557	9559	9558
4	9560	9561	9563	9562
4	9564	9565	9567	9566
4	9568	9569	9571	9570
4	9572	9573	9575	9574
4	9576	9577	9579	9578
4	9580	9581	9583	9582
4	9584	9585	9587	9586
4	9588	9589	9591	9590
4	9592	9593	9595	9594
4	9596	9597	9599	9598
4	9600	9601	9603	9602
4	9604	9605	9607	9606
4	9608	9609	9611	9610
4	9612	9613	9615	9614
4	9616	9617	9619	9618
4	9620	9621	9623	9622
4	9624	9625	9627	9626
4	9628	9629	9631	9630
4	9632	9633	9635	9634
4	9636	9637	9639	9638
4	9640	9641	9643	9642
4	9644	9645	9647	9646
4	9648	9649	9651	9650
4	9652	9653	9655	9654
4	9656	9657	9659	9658
4	9660	9661	9663	9662
4	9664	9665	9667	9666
4	9668	9669	9671	9670
4	9672	9673	9675	9674
4	9676	9677	9679	9678
4	9680	9681	9683	9682
4	9684	9685	9687	9686
4	9688	9689	9691	9690
4	9692	9693	9695	9694
4	9696	9697	9699	9698
4	9700	9701	9703	9702
4	9704	9705	9707	9706
4	9708	9709	9711	9710
4	9712	9713	9715	9714
4	9716	9717	9719	9718
4	9720	9721	9723	9722
4	9724	9725	9727	9726
4	9728	9729	9731	9730
4	9732	9733	9735	9734
4	9736	9737	9739	9738
4	9740	9741	9743	9742
4	9744	9745	9747	9746
4	9748	9749	9751	9750
4	9752	9753	9755	9754
4	9756	9757	9759	9758
4	9760	9761	9763	9762
4	9764	9765	9767	9766
4	9768	9769	9771	9770
4	9772	9773	9775	9774
4	9776	9777	9779	9778
4	9780	9781	9783	9782
4	9784	9785	9787	9786
4	9788	9789	9791	9790
4	9792	9793	9795	9794
4	9796	9797	9799	9798
4	9800	9801	9803	9802
4	9804	9805	9807	9806
4	9808	9809	9811	9810
4	9812	9813	9815	9814
4	9816	9817	9819	9818
4	9820	9821	9823	9822
4	9824	9825	9827	9826
4	9828	9829	9831	9830
4	9832	9833	9835	9834
4	9836	9837	9839	9838
4	9840	9841	9843	9842
4	9844	9845	9847	9846
4	9848	9849	9851	9850
4	9852	9853	9855	9854
4	9856	9857	9859	9858
4	9860	9861	9863	9862
4	9864	9865	9867	9866
4	9868	9869	9871	9870
4	9872	9873	9875	9874
4	9876	9877	9879	9878
4	9880	9881	9883	9882
4	9884	9885	9887	9886
4	9888	9889	9891	9890
4	9892	9893	9895	9894
4	9896	9897	9899	9898
4	9900	9901	9903	9902
4	9904	9905	9907	9906
4	9908	9909	9911	9910
4	9912	9913	9915	9914
4	9916	9917	9919	9918
4	9920	9921	9923	9922
4	9924	9925	9927	9926
4	9928	9929	9931	9930
4	9932	9933	9935	9934
4	9936	9937	9939	9938
4	9940	9941	9943	9942
4	9944	9945	9947	9946
4	9948	9949	9951	9950
4	9952	9953	9955	9954
4	9956	9957	9959	9958
4	9960	9961	9963	9962
4	9964	9965	9967	9966
4	9968	9969	9971	9970
4	9972	9973	9975	9974
4	9976	9977	9979	9978
4	9980	9981	9983	9982
4	9984	9985	9987	9986
4	9988	9989	9991	9990
4	9992	9993	9995	9994
4	9996	9997	9999	9998
4	10000	10001	10003	10002
4	10004	10005	10007	10006
4	10008	10009	10011	10010
4	10012	10013	10015	10014
4	10016	10017	10019	10018
4	10020	10021	10023	10022
4	10024	10025	10027	10026
4	10028	10029	10031	10030
4	10032	10033	10035	10034
4	10036	10037	10039	10038
4	10040	10041	10043	10042
4	10044	10045	10047	10046
4	10048	10049	10051	10050
4	10052	10053	10055	10054
4	10056	10057	10059	10058
4	10060	10061	10063	10062
4	10064	10065	10067	10066
4	10068	10069	10071	10070
4	10072	10073	10075	10074
4	10076	10077	10079	10078
4	10080	10081	10083	10082
4	10084	10085	10087	10086
4	10088	10089	10091	10090
4	10092	10093	10095	10094
4	10096	10097	10099	10098
4	10100	10101	10103	10102
4	10104	10105	10107	10106
4	10108	10109	10111	10110
4	10112	10113	10115	10114
4	10116	10117	10119	10118
4	10120	10121	10123	10122
4	10124	10125	10127	10126
4	10128	10129	10131	10130
4	10132	10133	10135	10134
4	10136	10137	10139	10138
4	10140	10141	10143	10142
4	10144	10145	10147	10146
4	10148	10149	10151	10150
4	10152	10153	10155	10154
4	10156	10157	10159	10158
4	10160	10161	10163	10162
4	10164	10165	10167	10166
4	10168	10169	10171	10170
4	10172	10173	10175	10174
4	10176	10177	10179	10178
4	10180	10181	10183	10182
4	10184	10185	10187	10186
4	10188	10189	10191	10190
4	10192	10193	10195	10194
4	10196	10197	10199	10198
4	10200	10201	10203	10202
4	10204	10205	10207	10206
4	10208	10209	10211	10210
4	10212	10213	10215	10214
4	10216	10217	10219	10218
4	10220	10221	10223	10222
4	10224	10225	10227	10226
4	10228	10229	10231	10230
4	10232	10233	10235	10234
4	10236	10237	10239	10238
4	10240	10241	10243	10242
4	10244	10245	10247	10246
4	10248	10249	10251	10250
4	10252	10253	10255	10254
4	10256	10257	10259	10258
4	10260	10261	10263	10262
4	10264	10265	10267	10266
4	10268	10269	10271	10270
4	10272	10273	10275	10274
4	10276	10277	10279	10278
4	10280	10281	10283	10282
4	10284	10285	10287	10286
4	10288	10289	10291	10290
4	10292	10293	10295	10294
4	10296	10297	10299	10298
4	10300	10301	10303	10302
4	10304	10305	10307	10306
4	10308	10309	10311	10310
4	10312	10313	10315	10314
4	10316	10317	10319	10318
4	10320	10321	10323	10322
4	10324	10325	10327	10326
4	10328	10329	10331	10330
4	10332	10333	10335	10334
4	10336	10337	10339	10338
4	10340	10341	10343	10342
4	10344	10345	10347	10346
4	10348	10349	10351	10350
4	10352	10353	10355	10354
4	10356	10357	10359	10358
4	10360	10361	10363	10362
4	10364	10365	10367	10366
4	10368	10369	10371	10370
4	10372	10373	10375	10374
4	10376	10377	10379	10378
4	10380	10381	10383	10382
4	10384	10385	10387	10386
4	10388	10389	10391	10390
4	10392	10393	10395	10394
4	10396	10397	10399	10398
4	10400	10401	10403	10402
4	10404	10405	10407	10406
4	10408	10409	10411	10410
4	10412	10413	10415	10414
4	10416	10417	10419	10418
4	10420	10421	10423	10422
4	10424	10425	10427	10426
4	10428	10429	10431	10430
4	10432	10433	10435	10434
4	10436	10437	10439	10438
4	10440	10441	10443	10442
4	10444	10445	10447	10446
4	10448	10449	10451	10450
4	10452	10453	10455	10454
4	10456	10457	10459	10458
4	10460	10461	10463	10462
4	10464	10465	10467	10466
4	10468	10469	10471	10470
4	10472	10473	10475	10474
4	10476	10477	10479	10478
4	10480	10481	10483	10482
4	10484	10485	10487	10486
4	10488	10489	10491	10490
4	10492	10493	10495	10494
4	10496	10497	10499	10498
4	10500	10501	10503	10502
4	10504	10505	10507	10506
4	10508	10509	10511	10510
4	10512	10513	10515	10514
4	10516	10517	10519	10518
4	10520	10521	10523	10522
4	10524	10525	10527	10526
4	10528	10529	10531	10530
4	10532	10533	10535	10534
4	10536	10537	10539	10538
4	10540	10541	10543	10542
4	10544	10545	10547	10546
4	10548	10549	10551	10550
4	10552	10553	10555	10554
4	10556	10557	10559	10558
4	10560	10561	10563	10562
4	10564	10565	10567	10566
4	10568	10569	10571	10570
4	10572	10573	10575	10574
4	10576	10577	10579	10578
4	10580	10581	10583	10582
4	10584	10585	10587	10586
4	10588	10589	10591	10590
4	10592	10593	10595	10594
4	10596	10597	10599	10598
4	10600	10601	10603	10602
4	10604	10605	10607	10606
4	10608	10609	10611	10610
4	10612	10613	10615	10614
4	10616	10617	10619	10618
4	10620	10621	10623	10622
4	10624	10625	10627	10626
4	10628	10629	10631	10630
4	10632	10633	10635	10634
4	10636	10637	10639	10638
4	10640	10641	10643	10642
4	10644	10645	10647	10646
4	10648	10649	10651	10650
4	10652	10653	10655	10654
4	10656	10657	10659	10658
4	10660	10661	10663	10662
4	10664	10665	10667	10666
4	10668	10669	10671	10670
4	10672	10673	10675	10674
4	10676	10677	10679	10678
4	10680	10681	10683	10682
4	10684	10685	10687	10686
4	10688	10689	10691	10690
4	10692	10693	10695	10694
4	10696	10697	10699	10698
4	10700	10701	10703	10702
4	10704	10705	10707	10706
4	10708	10709	10711	10710
4	10712	10713	10715	10714
4	10716	10717	10719	10718
4	10720	10721	10723	10722
4	10724	10725	10727	10726
4	10728	10729	10731	10730
4	10732	10733	10735	10734
4	10736	10737	10739	10738
4	10740	10741	10743	10742
4	10744	10745	10747	10746
4	10748	10749	10751	10750
4	10752	10753	10755	10754
4	10756	10757	10759	10758
4	10760	10761	10763	10762
4	10764	10765	10767	10766
4	10768	10769	10771	10770
4	10772	10773	10775	10774
4	10776	10777	10779	10778
4	10780	10781	10783	10782
4	10784	10785	10787	10786
4	10788	10789	10791	10790
4	10792	10793	10795	10794
4	10796	10797	10799	10798
4	10800	10801	10803	10802
4	10804	10805	10807	10806
4	10808	10809	10811	10810
4	10812	10813	10815	10814
4	10816	10817	10819	10818
4	10820	10821	10823	10822
4	10824	10825	10827	10826
4	10828	10829	10831	10830
4	10832	10833	10835	10834
4	10836	10837	10839	10838
4	10840	10841	10843	10842
4	10844	10845	10847	10846
4	10848	10849	10851	10850
4	10852	10853	10855	10854
4	10856	10857	10859	10858
4	10860	10861	10863	10862
4	10864	10865	10867	10866
4	10868	10869	10871	10870
4	10872	10873	10875	10874
4	10876	10877	10879	10878
4	10880	10881	10883	10882
4	10884	10885	10887	10886
4	10888	10889	10891	10890
4	10892	10893	10895	10894
4	10896	10897	10899	10898
4	10900	10901	10903	10902
4	10904	10905	10907	10906
4	10908	10909	10911	10910
4	10912	10913	10915	10914
4	10916	10917	10919	10918
4	10920	10921	10923	10922
4	10924	10925	10927	10926
4	10928	10929	10931	10930
4	10932	10933	10935	10934
4	10936	10937	10939	10938
4	10940	10941	10943	10942
4	10944	10945	10947	10946
4	10948	10949	10951	10950
4	10952	10953	10955	10954
4	10956	10957	10959	10958
4	10960	10961	10963	10962
4	10964	10965	10967	10966
4	10968	10969	10971	10970
4	10972	10973	10975	10974
4	10976	10977	10979	10978
4	10980	10981	10983	10982
4	10984	10985	10987	10986
4	10988	10989	10991	10990
4	10992	10993	10995	10994
4	10996	10997	10999	10998
4	11000	11001	11003	11002
4	11004	11005	11007	11006
4	11008	11009	11011	11010
4	11012	11013	11015	11014
4	11016	11017	11019	11018
4	11020	11021	11023	11022
4	11024	11025	11027	11026
4	11028	11029	11031	11030
4	11032	11033	11035	11034
4	11036	11037	11039	11038
4	11040	11041	11043	11042
4	11044	11045	11047	11046
4	11048	11049	11051	11050
4	11052	11053	11055	11054
4	11056	11057	11059	11058
4	11060	11061	11063	11062
4	11064	11065	11067	11066
4	11068	11069	11071	11070
4	11072	11073	11075	11074
4	11076	11077	11079	11078
4	11080	11081	11083	11082
4	11084	11085	11087	11086
4	11088	11089	11091	11090
4	11092	11093	11095	11094
4	11096	11097	11099	11098
4	11100	11101	11103	11102
4	11104	11105	11107	11106
4	11108	11109	11111	11110
4	11112	11113	11115	11114
4	11116	11117	11119	11118
4	11120	11121	11123	11122
4	11124	11125	11127	11126
4	11128	11129	11131	11130
4	11132	11133	11135	11134
4	11136	11137	11139	11138
4	11140	11141	11143	11142
4	11144	11145	11147	11146
4	11148	11149	11151	11150
4	11152	11153	11155	11154
4	11156	11157	11159	11158
4	11160	11161	11163	11162
4	11164	11165	11167	11166
4	11168	11169	11171	11170
4	11172	11173	11175	11174
4	11176	11177	11179	11178
4	11180	11181	11183	11182
4	11184	11185	11187	11186
4	11188	11189	11191	11190
4	11192	11193	11195	11194
4	11196	11197	11199	11198
4	11200	11201	11203	11202
4	11204	11205	11207	11206
4	11208	11209	11211	11210
4	11212	11213	11215	11214
4	11216	11217	11219	11218
4	11220	11221	11223	11222
4	11224	11225	11227	11226
4	11228	11229	11231	11230
4	11232	11233	11235	11234
4	11236	11237	11239	11238
4	11240	11241	11243	11242
4	11244	11245	11247	11246
4	11248	11249	11251	11250
4	11252	11253	11255	11254
4	11256	11257	11259	11258
4	11260	11261	11263	11262
4	11264	11265	11267	11266
4	11268	11269	11271	11270
4	11272	11273	11275	11274
4	11276	11277	11279	11278
4	11280	11281	11283	11282
4	11284	11285	11287	11286
4	11288	11289	11291	11290
4	11292	11293	11295	11294
4	11296	11297	11299	11298
4	11300	11301	11303	11302
4	11304	11305	11307	11306
4	11308	11309	11311	11310
4	11312	11313	11315	11314
4	11316	11317	11319	11318
4	11320	11321	11323	11322
4	11324	11325	11327	11326
4	11328	11329	11331	11330
4	11332	11333	11335	11334
4	11336	11337	11339	11338
4	11340	11341	11343	11342
4	11344	11345	11347	11346
4	11348	11349	11351	11350
4	11352	11353	11355	11354
4	11356	11357	11359	11358
4	11360	11361	11363	11362
4	11364	11365	11367	11366
4	11368	11369	11371	11370
4	11372	11373	11375	11374
4	11376	11377	11379	11378
4	11380	11381	11383	11382
4	11384	11385	11387	11386
4	11388	11389	11391	11390
4	11392	11393	11395	11394
4	11396	11397	11399	11398
4	11400	11401	11403	11402
4	11404	11405	11407	11406
4	11408	11409	11411	11410
4	11412	11413	11415	11414
4	11416	11417	11419	11418
4	11420	11421	11423	11422
4	11424	11425	11427	11426
4	11428	11429	11431	11430
4	11432	11433	11435	11434
4	11436	11437	11439	11438
4	11440	11441	11443	11442
4	11444	11445	11447	11446
4	11448	11449	11451	11450
4	11452	11453	11455	11454
4	11456	11457	11459	11458
4	11460	11461	11463	11462
4	11464	11465	11467	11466
4	11468	11469	11471	11470
4	11472	11473	11475	11474
4	11476	11477	11479	11478
4	11480	11481	11483	11482
4	11484	11485	11487	11486
4	11488	11489	11491	11490
4	11492	11493	11495	11494
4	11496	11497	11499	11498
4	11500	11501	11503	11502
4	11504	11505	11507	11506
4	11508	11509	11511	11510
4	11512	11513	11515	11514
4	11516	11517	11519	11518
4	11520	11521	11523	11522
4	11524	11525	11527	11526
4	11528	11529	11531	11530
4	11532	11533	11535	11534
4	11536	11537	11539	11538
4	11540	11541	11543	11542
4	11544	11545	11547	11546
4	11548	11549	11551	11550
4	11552	11553	11555	11554
4	11556	11557	11559	11558
4	11560	11561	11563	11562
4	11564	11565	11567	11566
4	11568	11569	11571	11570
4	11572	11573	11575	11574
4	11576	11577	11579	11578
4	11580	11581	11583	11582
4	11584	11585	11587	11586
4	11588	11589	11591	11590
4	11592	11593	11595	11594
4	11596	11597	11599	11598
4	11600	11601	11603	11602
4	11604	11605	11607	11606
4	11608	11609	11611	11610
4	11612	11613	11615	11614
4	11616	11617	11619	11618
4	11620	11621	11623	11622
4	11624	11625	11627	11626
4	11628	11629	11631	11630
4	11632	11633	11635	11634
4	11636	11637	11639	11638
4	11640	11641	11643	11642
4	11644	11645	11647	11646
4	11648	11649	11651	11650
4	11652	11653	11655	11654
4	11656	11657	11659	11658
4	11660	11661	11663	11662
4	11664	11665	11667	11666
4	11668	11669	11671	11670
4	11672	11673	11675	11674
4	11676	11677	11679	11678
4	11680	11681	11683	11682
4	11684	11685	11687	11686
4	11688	11689	11691	11690
4	11692	11693	11695	11694
4	11696	11697	11699	11698
4	11700	11701	11703	11702
4	11704	11705	11707	11706
4	11708	11709	11711	11710
4	11712	11713	11715	11714
4	11716	11717	11719	11718
4	11720	11721	11723	11722
4	11724	11725	11727	11726
4	11728	11729	11731	11730
4	11732	11733	11735	11734
4	11736	11737	11739	11738
4	11740	11741	11743	11742
4	11744	11745	11747	11746
4	11748	11749	11751	11750
4	11752	11753	11755	11754
4	11756	11757	11759	11758
4	11760	11761	11763	11762
4	11764	11765	11767	11766
4	11768	11769	11771	11770
4	11772	11773	11775	11774
4	11776	11777	11779	11778
4	11780	11781	11783	11782
4	11784	11785	11787	11786
4	11788	11789	11791	11790
4	11792	11793	11795	11794
4	11796	11797	11799	11798
4	11800	11801	11803	11802
4	11804	11805	11807	11806
4	11808	11809	11811	11810
4	11812	11813	11815	11814
4	11816	11817	11819	11818
4	11820	11821	11823	11822
4	11824	11825	11827	11826
4	11828	11829	11831	11830
4	11832	11833	11835	11834
4	11836	11837	11839	11838
4	11840	11841	11843	11842
4	11844	11845	11847	11846
4	11848	11849	11851	11850
4	11852	11853	11855	11854
4	11856	11857	11859	11858
4	11860	11861	11863	11862
4	11864	11865	11867	11866
4	11868	11869	11871	11870
4	11872	11873	11875	11874
4	11876	11877	11879	11878
4	11880	11881	11883	11882
4	11884	11885	11887	11886
4	11888	11889	11891	11890
4	11892	11893	11895	11894
4	11896	11897	11899	11898
4	11900	11901	11903	11902
4	11904	11905	11907	11906
4	11908	11909	11911	11910
4	11912	11913	11915	11914
4	11916	11917	11919	11918
4	11920	11921	11923	11922
4	11924	11925	11927	11926
4	11928	11929	11931	11930
4	11932	11933	11935	11934
4	11936	11937	11939	11938
4	11940	11941	11943	11942
4	11944	11945	11947	11946
4	11948	11949	11951	11950
4	11952	11953	11955	11954
4	11956	11957	11959	11958
4	11960	11961	11963	11962
4	11964	11965	11967	11966
4	11968	11969	11971	11970
4	11972	11973	11975	11974
4	11976	11977	11979	11978
4	11980	11981	11983	11982
4	11984	11985	11987	11986
4	11988	11989	11991	11990
4	11992	11993	11995	11994
4	11996	11997	11999	11998
4	12000	12001	12003	12002
4	12004	12005	12007	12006
4	12008	12009	12011	12010
4	12012	12013	12015	12014
4	12016	12017	12019	12018
4	12020	12021	12023	12022
4	12024	12025	12027	12026
4	12028	12029	12031	12030
4	12032	12033	12035	12034
4	12036	12037	12039	12038
4	12040	12041	12043	12042
4	12044	12045	12047	12046
4	12048	12049	12051	12050
4	12052	12053	12055	12054
4	12056	12057	12059	12058
4	12060	12061	12063	12062
4	12064	12065	12067	12066
4	12068	12069	12071	12070
4	12072	12073	12075	12074
4	12076	12077	12079	12078
4	12080	12081	12083	12082
4	12084	12085	12087	12086
4	12088	12089	12091	12090
4	12092	12093	12095	12094
4	12096	12097	12099	12098
4	12100	12101	12103	12102
4	12104	12105	12107	12106
4	12108	12109	12111	12110
4	12112	12113	12115	12114
4	12116	12117	12119	12118
4	12120	12121	12123	12122
4	12124	12125	12127	12126
4	12128	12129	12131	12130
4	12132	12133	12135	12134
4	12136	12137	12139	12138
4	12140	12141	12143	12142
4	12144	12145	12147	12146
4	12148	12149	12151	12150
4	12152	12153	12155	12154
4	12156	12157	12159	12158
4	12160	12161	12163	12162
4	12164	12165	12167	12166
4	12168	12169	12171	12170
4	12172	12173	12175	12174
4	12176	12177	12179	12178
4	12180	12181	12183	12182
4	12184	12185	12187	12186
4	12188	12189	12191	12190
4	12192	12193	12195	12194
4	12196	12197	12199	12198
4	12200	12201	12203	12202
4	12204	12205	12207	12206
4	12208	12209	12211	12210
4	12212	12213	12215	12214
4	12216	12217	12219	12218
4	12220	12221	12223	12222
4	12224	12225	12227	12226
4	12228	12229	12231	12230
4	12232	12233	12235	12234
4	12236	12237	12239	12238
4	12240	12241	12243	12242
4	12244	12245	12247	12246
4	12248	12249	12251	12250
4	12252	12253	12255	12254
4	12256	12257	12259	12258
4	12260	12261	12263	12262
4	12264	12265	12267	12266
4	12268	12269	12271	12270
4	12272	12273	12275	12274
4	12276	12277	12279	12278
4	12280	12281	12283	12282
4	12284	12285	12287	12286
4	12288	12289	12291	12290
4	12292	12293	12295	12294
4	12296	12297	12299	12298
4	12300	12301	12303	12302
4	12304	12305	12307	12306
4	12308	12309	12311	12310
4	12312	12313	12315	12314
4	12316	12317	12319	12318
4	12320	12321	12323	12322
4	12324	12325	12327	12326
4	12328	12329	12331	12330
4	12332	12333	12335	12334
4	12336	12337	12339	12338
4	12340	12341	12343	12342
4	12344	12345	12347	12346
4	12348	12349	12351	12350
4	12352	12353	12355	12354
4	12356	12357	12359	12358
4	12360	12361	12363	12362
4	12364	12365	12367	12366
4	12368	12369	12371	12370
4	12372	12373	12375	12374
4	12376	12377	12379	12378
4	12380	12381	12383	12382
4	12384	12385	12387	12386
4	12388	12389	12391	12390
4	12392	12393	12395	12394
4	12396	12397	12399	12398
4	12400	12401	12403	12402
4	12404	12405	12407	12406
4	12408	12409	12411	12410
4	12412	12413	12415	12414
4	12416	12417	12419	12418
4	12420	12421	12423	12422
4	12424	12425	12427	12426
4	12428	12429	12431	12430
4	12432	12433	12435	12434
4	12436	12437	12439	12438
4	12440	12441	12443	12442
4	12444	12445	12447	12446
4	12448	12449	12451	12450
4	12452	12453	12455	12454
4	12456	12457	12459	12458
4	12460	12461	12463	12462
4	12464	12465	12467	12466
4	12468	12469	12471	12470
4	12472	12473	12475	12474
4	12476	12477	12479	12478
4	12480	12481	12483	12482
4	12484	12485	12487	12486
4	12488	12489	12491	12490
4	12492	12493	12495	12494
4	12496	12497	12499	12498
4	12500	12501	12503	12502
4	12504	12505	12507	12506
4	12508	12509	12511	12510
4	12512	12513	12515	12514
4	12516	12517	12519	12518
4	12520	12521	12523	12522
4	12524	12525	12527	12526
4	12528	12529	12531	12530
4	12532	12533	12535	12534
4	12536	12537	12539	12538
4	12540	12541	12543	12542
4	12544	12545	12547	12546
4	12548	12549	12551	12550
4	12552	12553	12555	12554
4	12556	12557	12559	12558
4	12560	12561	12563	12562
4	12564	12565	12567	12566
4	12568	12569	12571	12570
4	12572	12573	12575	12574
4	12576	12577	12579	12578
4	12580	12581	12583	12582
4	12584	12585	12587	12586
4	12588	12589	12591	12590
4	12592	12593	12595	12594
4	12596	12597	12599	12598
4	12600	12601	12603	12602
4	12604	12605	12607	12606
4	12608	12609	12611	12610
4	12612	12613	12615	12614
4	12616	12617	12619	12618
4	12620	12621	12623	12622
4	12624	12625	12627	12626
4	12628	12629	12631	12630
4	12632	12633	12635	12634
4	12636	12637	12639	12638
4	12640	12641	12643	12642
4	12644	12645	12647	12646
4	12648	12649	12651	12650
4	12652	12653	12655	12654
4	12656	12657	12659	12658
4	12660	12661	12663	12662
4	12664	12665	12667	12666
4	12668	12669	12671	12670
4	12672	12673	12675	12674
4	12676	12677	12679	12678
4	12680	12681	12683	12682
4	12684	12685	12687	12686
4	12688	12689	12691	12690
4	12692	12693	12695	12694
4	12696	12697	12699	12698
4	12700	12701	12703	12702
4	12704	12705	12707	12706
4	12708	12709	12711	12710
4	12712	12713	12715	12714
4	12716	12717	12719	12718
4	12720	12721	12723	12722
4	12724	12725	12727	12726
4	12728	12729	12731	12730
4	12732	12733	12735	12734
4	12736	12737	12739	12738
4	12740	12741	12743	12742
4	12744	12745	12747	12746
4	12748	12749	12751	12750
4	12752	12753	12755	12754
4	12756	12757	12759	12758
4	12760	12761	12763	12762
4	12764	12765	12767	12766
4	12768	12769	12771	12770
4	12772	12773	12775	12774
4	12776	12777	12779	12778
4	12780	12781	12783	12782
4	12784	12785	12787	12786
4	12788	12789	12791	12790
4	12792	12793	12795	12794
4	12796	12797	12799	12798
4	12800	12801	12803	12802
4	12804	12805	12807	12806
4	12808	12809	12811	12810
4	12812	12813	12815	12814
4	12816	12817	12819	12818
4	12820	12821	12823	12822
4	12824	12825	12827	12826
4	12828	12829	12831	12830
4	12832	12833	12835	12834
4	12836	12837	12839	12838
4	12840	12841	12843	12842
4	12844	12845	12847	12846
4	12848	12849	12851	12850
4	12852	12853	12855	12854
4	12856	12857	12859	12858
4	12860	12861	12863	12862
4	12864	12865	12867	12866
4	12868	12869	12871	12870
4	12872	12873	12875	12874
4	12876	12877	12879	12878
4	12880	12881	12883	12882
4	12884	12885	12887	12886
4	12888	12889	12891	12890
4	12892	12893	12895	12894
4	12896	12897	12899	12898
4	12900	12901	12903	12902
4	12904	12905	12907	12906
4	12908	12909	12911	12910
4	12912	12913	12915	12914
4	12916	12917	12919	12918
4	12920	12921	12923	12922
4	12924	12925	12927	12926
4	12928	12929	12931	12930
4	12932	12933	12935	12934
4	12936	12937	12939	12938
4	12940	12941	12943	12942
4	12944	12945	12947	12946
4	12948	12949	12951	12950
4	12952	12953	12955	12954
4	12956	12957	12959	12958
4	12960	12961	12963	12962
4	12964	12965	12967	12966
4	12968	12969	12971	12970
4	12972	12973	12975	12974
4	12976	12977	12979	12978
4	12980	12981	12983	12982
4	12984	12985	12987	12986
4	12988	12989	12991	12990
4	12992	12993	12995	12994
4	12996	12997	12999	12998
4	13000	13001	13003	13002
4	13004	13005	13007	13006
4	13008	13009	13011	13010
4	13012	13013	13015	13014
4	13016	13017	13019	13018
4	13020	13021	13023	13022
4	13024	13025	13027	13026
4	13028	13029	13031	13030
4	13032	13033	13035	13034
4	13036	13037	13039	13038
4	13040	13041	13043	13042
4	13044	13045	13047	13046
4	13048	13049	13051	13050
4	13052	13053	13055	13054
4	13056	13057	13059	13058
4	13060	13061	13063	13062
4	13064	13065	13067	13066
4	13068	13069	13071	13070
4	13072	13073	13075	13074
4	13076	13077	13079	13078
4	13080	13081	13083	13082
4	13084	13085	13087	13086
4	13088	13089	13091	13090
4	13092	13093	13095	13094
4	13096	13097	13099	13098
4	13100	13101	13103	13102
4	13104	13105	13107	13106
4	13108	13109	13111	13110
4	13112	13113	13115	13114
4	13116	13117	13119	13118
4	13120	13121	13123	13122
4	13124	13125	13127	13126
4	13128	13129	13131	13130
4	13132	13133	13135	13134
4	13136	13137	13139	13138
4	13140	13141	13143	13142
4	13144	13145	13147	13146
4	13148	13149	13151	13150
4	13152	13153	13155	13154
4	13156	13157	13159	13158
4	13160	13161	13163	13162
4	13164	13165	13167	13166
4	13168	13169	13171	13170
4	13172	13173	13175	13174
4	13176	13177	13179	13178
4	13180	13181	13183	13182
4	13184	13185	13187	13186
4	13188	13189	13191	13190
4	13192	13193	13195	13194
4	13196	13197	13199	13198
4	13200	13201	13203	13202
4	13204	13205	13207	13206
4	13208	13209	13211	13210
4	13212	13213	13215	13214
4	13216	13217	13219	13218
4	13220	13221	13223	13222
4	13224	13225	13227	13226
4	13228	13229	13231	13230
4	13232	13233	13235	13234
4	13236	13237	13239	13238
4	13240	13241	13243	13242
4	13244	13245	13247	13246
4	13248	13249	13251	13250
4	13252	13253	13255	13254
4	13256	13257	13259	13258
4	13260	13261	13263	13262
4	13264	13265	13267	13266
4	13268	13269	13271	13270
4	13272	13273	13275	13274
4	13276	13277	13279	13278
4	13280	13281	13283	13282
4	13284	13285	13287	13286
4	13288	13289	13291	13290
4	13292	13293	13295	13294
4	13296	13297	13299	13298
4	13300	13301	13303	13302
4	13304	13305	13307	13306
4	13308	13309	13311	13310
4	13312	13313	13315	13314
4	13316	13317	13319	13318
4	13320	13321	13323	13322
4	13324	13325	13327	13326
4	13328	13329	13331	13330
4	13332	13333	13335	13334
4	13336	13337	13339	13338
4	13340	13341	13343	13342
4	13344	13345	13347	13346
4	13348	13349	13351	13350
4	13352	13353	13355	13354
4	13356	13357	13359	13358
4	13360	13361	13363	13362
4	13364	13365	13367	13366
4	13368	13369	13371	13370
4	13372	13373	13375	13374
4	13376	13377	13379	13378
4	13380	13381	13383	13382
4	13384	13385	13387	13386
4	13388	13389	13391	13390
4	13392	13393	13395	13394
4	13396	13397	13399	13398
4	13400	13401	13403	13402
4	13404	13405	13407	13406
4	13408	13409	13411	13410
4	13412	13413	13415	13414
4	13416	13417	13419	13418
4	13420	13421	13423	13422
4	13424	13425	13427	13426
4	13428	13429	13431	13430
4	13432	13433	13435	13434
4	13436	13437	13439	13438
4	13440	13441	13443	13442
4	13444	13445	13447	13446
4	13448	13449	13451	13450
4	13452	13453	13455	13454
4	13456	13457	13459	13458
4	13460	13461	13463	13462
4	13464	13465	13467	13466
4	13468	13469	13471	13470
4	13472	13473	13475	13474
4	13476	13477	13479	13478
4	13480	13481	13483	13482
4	13484	13485	13487	13486
4	13488	13489	13491	13490
4	13492	13493	13495	13494
4	13496	13497	13499	13498
4	13500	13501	13503	13502
4	13504	13505	13507	13506
4	13508	13509	13511	13510
4	13512	13513	13515	13514
4	13516	13517	13519	13518
4	13520	13521	13523	13522
4	13524	13525	13527	13526
4	13528	13529	13531	13530
4	13532	13533	13535	13534
4	13536	13537	13539	13538
4	13540	13541	13543	13542
4	13544	13545	13547	13546
4	13548	13549	13551	13550
4	13552	13553	13555	13554
4	13556	13557	13559	13558
4	13560	13561	13563	13562
4	13564	13565	13567	13566
4	13568	13569	13571	13570
4	13572	13573	13575	13574
4	13576	13577	13579	13578
4	13580	13581	13583	13582
4	13584	13585	13587	13586
4	13588	13589	13591	13590
4	13592	13593	13595	13594
4	13596	13597	13599	13598
4	13600	13601	13603	13602
4	13604	13605	13607	13606
4	13608	13609	13611	13610
4	13612	13613	13615	13614
4	13616	13617	13619	13618
4	13620	13621	13623	13622
4	13624	13625	13627	13626
4	13628	13629	13631	13630
4	13632	13633	13635	13634
4	13636	13637	13639	13638
4	13640	13641	13643	13642
4	13644	13645	13647	13646
4	13648	13649	13651	13650
4	13652	13653	13655	13654
4	13656	13657	13659	13658
4	13660	13661	13663	13662
4	13664	13665	13667	13666
4	13668	13669	13671	13670
4	13672	13673	13675	13674
4	13676	13677	13679	13678
4	13680	13681	13683	13682
4	13684	13685	13687	13686
4	13688	13689	13691	13690
4	13692	13693	13695	13694
4	13696	13697	13699	13698
4	13700	13701	13703	13702
4	13704	13705	13707	13706
4	13708	13709	13711	13710
4	13712	13713	13715	13714
4	13716	13717	13719	13718
4	13720	13721	13723	13722
4	13724	13725	13727	13726
4	13728	13729	13731	13730
4	13732	13733	13735	13734
4	13736	13737	13739	13738
4	13740	13741	13743	13742
4	13744	13745	13747	13746
4	13748	13749	13751	13750
4	13752	13753	13755	13754
4	13756	13757	13759	13758
4	13760	13761	13763	13762
4	13764	13765	13767	13766
4	13768	13769	13771	13770
4	13772	13773	13775	13774
4	13776	13777	13779	13778
4	13780	13781	13783	13782
4	13784	13785	13787	13786
4	13788	13789	13791	13790
4	13792	13793	13795	13794
4	13796	13797	13799	13798
4	13800	13801	13803	13802
4	13804	13805	13807	13806
4	13808	13809	13811	13810
4	13812	13813	13815	13814
4	13816	13817	13819	13818
4	13820	13821	13823	13822
4	13824	13825	13827	13826
4	13828	13829	13831	13830
4	13832	13833	13835	13834
4	13836	13837	13839	13838
4	13840	13841	13843	13842
4	13844	13845	13847	13846
4	13848	13849	13851	13850
4	13852	13853	13855	13854
4	13856	13857	13859	13858
4	13860	13861	13863	13862
4	13864	13865	13867	13866
4	13868	13869	13871	13870
4	13872	13873	13875	13874
4	13876	13877	13879	13878
4	13880	13881	13883	13882
4	13884	13885	13887	13886
4	13888	13889	13891	13890
4	13892	13893	13895	13894
4	13896	13897	13899	13898
4	13900	13901	13903	13902
4	13904	13905	13907	13906
4	13908	13909	13911	13910
4	13912	13913	13915	13914
4	13916	13917	13919	13918
4	13920	13921	13923	13922
4	13924	13925	13927	13926
4	13928	13929	13931	13930
4	13932	13933	13935	13934
4	13936	13937	13939	13938
4	13940	13941	13943	13942
4	13944	13945	13947	13946
4	13948	13949	13951	13950
4	13952	13953	13955	13954
4	13956	13957	13959	13958
4	13960	13961	13963	13962
4	13964	13965	13967	13966
4	13968	13969	13971	13970
4	13972	13973	13975	13974
4	13976	13977	13979	13978
4	13980	13981	13983	13982
4	13984	13985	13987	13986
4	13988	13989	13991	13990
4	13992	13993	13995	13994
4	13996	13997	13999	13998
4	14000	14001	14003	14002
4	14004	14005	14007	14006
4	14008	14009	14011	14010
4	14012	14013	14015	14014
4	14016	14017	14019	14018
4	14020	14021	14023	14022
4	14024	14025	14027	14026
4	14028	14029	14031	14030
4	14032	14033	14035	14034
4	14036	14037	14039	14038
4	14040	14041	14043	14042
4	14044	14045	14047	14046
4	14048	14049	14051	14050
4	14052	14053	14055	14054
4	14056	14057	14059	14058
4	14060	14061	14063	14062
4	14064	14065	14067	14066
4	14068	14069	14071	14070
4	14072	14073	14075	14074
4	14076	14077	14079	14078
4	14080	14081	14083	14082
4	14084	14085	14087	14086
4	14088	14089	14091	14090
4	14092	14093	14095	14094
4	14096	14097	14099	14098
4	14100	14101	14103	14102
4	14104	14105	14107	14106
4	14108	14109	14111	14110
4	14112	14113	14115	14114
4	14116	14117	14119	14118
4	14120	14121	14123	14122
4	14124	14125	14127	14126
4	14128	14129	14131	14130
4	14132	14133	14135	14134
4	14136	14137	14139	14138
4	14140	14141	14143	14142
4	14144	14145	14147	14146
4	14148	14149	14151	14150
4	14152	14153	14155	14154
4	14156	14157	14159	14158
4	14160	14161	14163	14162
4	14164	14165	14167	14166
4	14168	14169	14171	14170
4	14172	14173	14175	14174
4	14176	14177	14179	14178
4	14180	14181	14183	14182
4	14184	14185	14187	14186
4	14188	14189	14191	14190
4	14192	14193	14195	14194
4	14196	14197	14199	14198
4	14200	14201	14203	14202
4	14204	14205	14207	14206
4	14208	14209	14211	14210
4	14212	14213	14215	14214
4	14216	14217	14219	14218
4	14220	14221	14223	14222
4	14224	14225	14227	14226
4	14228	14229	14231	14230
4	14232	14233	14235	14234
4	14236	14237	14239	14238
4	14240	14241	14243	14242
4	14244	14245	14247	14246
4	14248	14249	14251	14250
4	14252	14253	14255	14254
4	14256	14257	14259	14258
4	14260	14261	14263	14262
4	14264	14265	14267	14266
4	14268	14269	14271	14270
4	14272	14273	14275	14274
4	14276	14277	14279	14278
4	14280	14281	14283	14282
4	14284	14285	14287	14286
4	14288	14289	14291	14290
4	14292	14293	14295	14294
4	14296	14297	14299	14298
4	14300	14301	14303	14302
4	14304	14305	14307	14306
4	14308	14309	14311	14310
4	14312	14313	14315	14314
4	14316	14317	14319	14318
4	14320	14321	14323	14322
4	14324	14325	14327	14326
4	14328	14329	14331	14330
4	14332	14333	14335	14334
4	14336	14337	14339	14338
4	14340	14341	14343	14342
4	14344	14345	14347	14346
4	14348	14349	14351	14350
4	14352	14353	14355	14354
4	14356	14357	14359	14358
4	14360	14361	14363	14362
4	14364	14365	14367	14366
4	14368	14369	14371	14370
4	14372	14373	14375	14374
4	14376	14377	14379	14378
4	14380	14381	14383	14382
4	14384	14385	14387	14386
4	14388	14389	14391	14390
4	14392	14393	14395	14394
4	14396	14397	14399	14398
4	14400	14401	14403	14402
4	14404	14405	14407	14406
4	14408	14409	14411	14410
4	14412	14413	14415	14414
4	14416	14417	14419	14418
4	14420	14421	14423	14422
4	14424	14425	14427	14426
4	14428	14429	14431	14430
4	14432	14433	14435	14434
4	14436	14437	14439	14438
4	14440	14441	14443	14442
4	14444	14445	14447	14446
4	14448	14449	14451	14450
4	14452	14453	14455	14454
4	14456	14457	14459	14458
4	14460	14461	14463	14462
4	14464	14465	14467	14466
4	14468	14469	14471	14470
4	14472	14473	14475	14474
4	14476	14477	14479	14478
4	14480	14481	14483	14482
4	14484	14485	14487	14486
4	14488	14489	14491	14490
4	14492	14493	14495	14494
4	14496	14497	14499	14498
4	14500	14501	14503	14502
4	14504	14505	14507	14506
4	14508	14509	14511	14510
4	14512	14513	14515	14514
4	14516	14517	14519	14518
4	14520	14521	14523	14522
4	14524	14525	14527	14526
4	14528	14529	14531	14530
4	14532	14533	14535	14534
4	14536	14537	14539	14538
4	14540	14541	14543	14542
4	14544	14545	14547	14546
4	14548	14549	14551	14550
4	14552	14553	14555	14554
4	14556	14557	14559	14558
4	14560	14561	14563	14562
4	14564	14565	14567	14566
4	14568	14569	14571	14570
4	14572	14573	14575	14574
4	14576	14577	14579	14578
4	14580	14581	14583	14582
4	14584	14585	14587	14586
4	14588	14589	14591	14590
4	14592	14593	14595	14594
4	14596	14597	14599	14598
4	14600	14601	14603	14602
4	14604	14605	14607	14606
4	14608	14609	14611	14610
4	14612	14613	14615	14614
4	14616	14617	14619	14618
4	14620	14621	14623	14622
4	14624	14625	14627	14626
4	14628	14629	14631	14630
4	14632	14633	14635	14634
4	14636	14637	14639	14638
4	14640	14641	14643	14642
4	14644	14645	14647	14646
4	14648	14649	14651	14650
4	14652	14653	14655	14654
4	14656	14657	14659	14658
4	14660	14661	14663	14662
4	14664	14665	14667	14666
4	14668	14669	14671	14670
4	14672	14673	14675	14674
4	14676	14677	14679	14678
4	14680	14681	14683	14682
4	14684	14685	14687	14686
4	14688	14689	14691	14690
4	14692	14693	14695	14694
4	14696	14697	14699	14698
4	14700	14701	14703	14702
4	14704	14705	14707	14706
4	14708	14709	14711	14710
4	14712	14713	14715	14714
4	14716	14717	14719	14718
4	14720	14721	14723	14722
4	14724	14725	14727	14726
4	14728	14729	14731	14730
4	14732	14733	14735	14734
4	14736	14737	14739	14738
4	14740	14741	14743	14742
4	14744	14745	14747	14746
4	14748	14749	14751	14750
4	14752	14753	14755	14754
4	14756	14757	14759	14758
4	14760	14761	14763	14762
4	14764	14765	14767	14766
4	14768	14769	14771	14770
4	14772	14773	14775	14774
4	14776	14777	14779	14778
4	14780	14781	14783	14782
4	14784	14785	14787	14786
4	14788	14789	14791	14790
4	14792	14793	14795	14794
4	14796	14797	14799	14798
4	14800	14801	14803	14802
4	14804	14805	14807	14806
4	14808	14809	14811	14810
4	14812	14813	14815	14814
4	14816	14817	14819	14818
4	14820	14821	14823	14822
4	14824	14825	14827	14826
4	14828	14829	14831	14830
4	14832	14833	14835	14834
4	14836	14837	14839	14838
4	14840	14841	14843	14842
4	14844	14845	14847	14846
4	14848	14849	14851	14850
4	14852	14853	14855	14854
4	14856	14857	14859	14858
4	14860	14861	14863	14862
4	14864	14865	14867	14866
4	14868	14869	14871	14870
4	14872	14873	14875	14874
4	14876	14877	14879	14878
4	14880	14881	14883	14882
4	14884	14885	14887	14886
4	14888	14889	14891	14890
4	14892	14893	14895	14894
4	14896	14897	14899	14898
4	14900	14901	14903	14902
4	14904	14905	14907	14906
4	14908	14909	14911	14910
4	14912	14913	14915	14914
4	14916	14917	14919	14918
4	14920	14921	14923	14922
4	14924	14925	14927	14926
4	14928	14929	14931	14930
4	14932	14933	14935	14934
4	14936	14937	14939	14938
4	14940	14941	14943	14942
4	14944	14945	14947	14946
4	14948	14949	14951	14950
4	14952	14953	14955	14954
4	14956	14957	14959	14958
4	14960	14961	14963	14962
4	14964	14965	14967	14966
4	14968	14969	14971	14970
4	14972	14973	14975	14974
4	14976	14977	14979	14978
4	14980	14981	14983	14982
4	14984	14985	14987	14986
4	14988	14989	14991	14990
4	14992	14993	14995	14994
4	14996	14997	14999	14998
4	15000	15001	15003	15002
4	15004	15005	15007	15006
4	15008	15009	15011	15010
4	15012	15013	15015	15014
4	15016	15017	15019	15018
4	15020	15021	15023	15022
4	15024	15025	15027	15026
4	15028	15029	15031	15030
4	15032	15033	15035	15034
4	15036	15037	15039	15038
4	15040	15041	15043	15042
4	15044	15045	15047	15046
4	15048	15049	15051	15050
4	15052	15053	15055	15054
4	15056	15057	15059	15058
4	15060	15061	15063	15062
4	15064	15065	15067	15066
4	15068	15069	15071	15070
4	15072	15073	15075	15074
4	15076	15077	15079	15078
4	15080	15081	15083	15082
4	15084	15085	15087	15086
4	15088	15089	15091	15090
4	15092	15093	15095	15094
4	15096	15097	15099	15098
4	15100	15101	15103	15102
4	15104	15105	15107	15106
4	15108	15109	15111	15110
4	15112	15113	15115	15114
4	15116	15117	15119	15118
4	15120	15121	15123	15122
4	15124	15125	15127	15126
4	15128	15129	15131	15130
4	15132	15133	15135	15134
4	15136	15137	15139	15138
4	15140	15141	15143	15142
4	15144	15145	15147	15146
4	15148	15149	15151	15150
4	15152	15153	15155	15154
4	15156	15157	15159	15158
4	15160	15161	15163	15162
4	15164	15165	15167	15166
4	15168	15169	15171	15170
4	15172	15173	15175	15174
4	15176	15177	15179	15178
4	15180	15181	15183	15182
4	15184	15185	15187	15186
4	15188	15189	15191	15190
4	15192	15193	15195	15194
4	15196	15197	15199	15198
4	15200	15201	15203	15202
4	15204	15205	15207	15206
4	15208	15209	15211	15210
4	15212	15213	15215	15214
4	15216	15217	15219	15218
4	15220	15221	15223	15222
4	15224	15225	15227	15226
4	15228	15229	15231	15230
4	15232	15233	15235	15234
4	15236	15237	15239	15238
4	15240	15241	15243	15242
4	15244	15245	15247	15246
4	15248	15249	15251	15250
4	15252	15253	15255	15254
4	15256	15257	15259	15258
4	15260	15261	15263	15262
4	15264	15265	15267	15266
4	15268	15269	15271	15270
4	15272	15273	15275	15274
4	15276	15277	15279	15278
4	15280	15281	15283	15282
4	15284	15285	15287	15286
4	15288	15289	15291	15290
4	15292	15293	15295	15294
4	15296	15297	15299	15298
4	15300	15301	15303	15302
4	15304	15305	15307	15306
4	15308	15309	15311	15310
4	15312	15313	15315	15314
4	15316	15317	15319	15318
4	15320	15321	15323	15322
4	15324	15325	15327	15326
4	15328	15329	15331	15330
4	15332	15333	15335	15334
4	15336	15337	15339	15338
4	15340	15341	15343	15342
4	15344	15345	15347	15346
4	15348	15349	15351	15350
4	15352	15353	15355	15354
4	15356	15357	15359	15358
4	15360	15361	15363	15362
4	15364	15365	15367	15366
4	15368	15369	15371	15370
4	15372	15373	15375	15374
4	15376	15377	15379	15378
4	15380	15381	15383	15382
4	15384	15385	15387	15386
4	15388	15389	15391	15390
4	15392	15393	15395	15394
4	15396	15397	15399	15398
4	15400	15401	15403	15402
4	15404	15405	15407	15406
4	15408	15409	15411	15410
4	15412	15413	15415	15414
4	15416	15417	15419	15418
4	15420	15421	15423	15422
4	15424	15425	15427	15426
4	15428	15429	15431	15430
4	15432	15433	15435	15434
4	15436	15437	15439	15438
4	15440	15441	15443	15442
4	15444	15445	15447	15446
4	15448	15449	15451	15450
4	15452	15453	15455	15454
4	15456	15457	15459	15458
4	15460	15461	15463	15462
4	15464	15465	15467	15466
4	15468	15469	15471	15470
4	15472	15473	15475	15474
4	15476	15477	15479	15478
4	15480	15481	15483	15482
4	15484	15485	15487	15486
4	15488	15489	15491	15490
4	15492	15493	15495	15494
4	15496	15497	15499	15498
4	15500	15501	15503	15502
4	15504	15505	15507	15506
4	15508	15509	15511	15510
4	15512	15513	15515	15514
4	15516	15517	15519	15518
4	15520	15521	15523	15522
4	15524	15525	15527	15526
4	15528	15529	15531	15530
4	15532	15533	15535	15534
4	15536	15537	15539	15538
4	15540	15541	15543	15542
4	15544	15545	15547	15546
4	15548	15549	15551	15550
4	15552	15553	15555	15554
4	15556	15557	15559	15558
4	15560	15561	15563	15562
4	15564	15565	15567	15566
4	15568	15569	15571	15570
4	15572	15573	15575	15574
4	15576	15577	15579	15578
4	15580	15581	15583	15582
4	15584	15585	15587	15586
4	15588	15589	15591	15590
4	15592	15593	15595	15594
4	15596	15597	15599	15598
4	15600	15601	15603	15602
4	15604	15605	15607	15606
4	15608	15609	15611	15610
4	15612	15613	15615	15614
4	15616	15617	15619	15618
4	15620	15621	15623	15622
4	15624	15625	15627	15626
4	15628	15629	15631	15630
4	15632	15633	15635	15634
4	15636	15637	15639	15638
4	15640	15641	15643	15642
4	15644	15645	15647	15646
4	15648	15649	15651	15650
4	15652	15653	15655	15654
4	15656	15657	15659	15658
4	15660	15661	15663	15662
4	15664	15665	15667	15666
4	15668	15669	15671	15670
4	15672	15673	15675	15674
4	15676	15677	15679	15678
4	15680	15681	15683	15682
4	15684	15685	15687	15686
4	15688	15689	15691	15690
4	15692	15693	15695	15694
4	15696	15697	15699	15698
4	15700	15701	15703	15702
4	15704	15705	15707	15706
4	15708	15709	15711	15710
4	15712	15713	15715	15714
4	15716	15717	15719	15718
4	15720	15721	15723	15722
4	15724	15725	15727	15726
4	15728	15729	15731	15730
4	15732	15733	15735	15734
4	15736	15737	15739	15738
4	15740	15741	15743	15742
4	15744	15745	15747	15746
4	15748	15749	15751	15750
4	15752	15753	15755	15754
4	15756	15757	15759	15758
4	15760	15761	15763	15762
4	15764	15765	15767	15766
4	15768	15769	15771	15770
4	15772	15773	15775	15774
4	15776	15777	15779	15778
4	15780	15781	15783	15782
4	15784	15785	15787	15786
4	15788	15789	15791	15790
4	15792	15793	15795	15794
4	15796	15797	15799	15798
4	15800	15801	15803	15802
4	15804	15805	15807	15806
4	15808	15809	15811	15810
4	15812	15813	15815	15814
4	15816	15817	15819	15818
4	15820	15821	15823	15822
4	15824	15825	15827	15826
4	15828	15829	15831	15830
4	15832	15833	15835	15834
4	15836	15837	15839	15838
4	15840	15841	15843	15842
4	15844	15845	15847	15846
4	15848	15849	15851	15850
4	15852	15853	15855	15854
4	15856	15857	15859	15858
4	15860	15861	15863	15862
4	15864	15865	15867	15866
4	15868	15869	15871	15870
4	15872	15873	15875	15874
4	15876	15877	15879	15878
4	15880	15881	15883	15882
4	15884	15885	15887	15886
4	15888	15889	15891	15890
4	15892	15893	15895	15894
4	15896	15897	15899	15898
4	15900	15901	15903	15902
4	15904	15905	15907	15906
4	15908	15909	15911	15910
4	15912	15913	15915	15914
4	15916	15917	15919	15918
4	15920	15921	15923	15922
4	15924	15925	15927	15926
4	15928	15929	15931	15930
4	15932	15933	15935	15934
4	15936	15937	15939	15938
4	15940	15941	15943	15942
4	15944	15945	15947	15946
4	15948	15949	15951	15950
4	15952	15953	15955	15954
4	15956	15957	15959	15958
4	15960	15961	15963	15962
4	15964	15965	15967	15966
4	15968	15969	15971	15970
4	15972	15973	15975	15974
4	15976	15977	15979	15978
4	15980	15981	15983	15982
4	15984	15985	15987	15986
4	15988	15989	15991	15990
4	15992	15993	15995	15994
4	15996	15997	15999	15998
4	16000	16001	16003	16002
4	16004	16005	16007	16006
4	16008	16009	16011	16010
4	16012	16013	16015	16014
4	16016	16017	16019	16018
4	16020	16021	16023	16022
4	16024	16025	16027	16026
4	16028	16029	16031	16030
4	16032	16033	16035	16034
4	16036	16037	16039	16038
4	16040	16041	16043	16042
4	16044	16045	16047	16046
4	16048	16049	16051	16050
4	16052	16053	16055	16054
4	16056	16057	16059	16058
4	16060	16061	16063	16062
4	16064	16065	16067	16066
4	16068	16069	16071	16070
4	16072	16073	16075	16074
4	16076	16077	16079	16078
4	16080	16081	16083	16082
4	16084	16085	16087	16086
4	16088	16089	16091	16090
4	16092	16093	16095	16094
4	16096	16097	16099	16098
4	16100	16101	16103	16102
4	16104	16105	16107	16106
4	16108	16109	16111	16110
4	16112	16113	16115	16114
4	16116	16117	16119	16118
4	16120	16121	16123	16122
4	16124	16125	16127	16126
4	16128	16129	16131	16130
4	16132	16133	16135	16134
4	16136	16137	16139	16138
4	16140	16141	16143	16142
4	16144	16145	16147	16146
4	16148	16149	16151	16150
4	16152	16153	16155	16154
4	16156	16157	16159	16158
4	16160	16161	16163	16162
4	16164	16165	16167	16166
4	16168	16169	16171	16170
4	16172	16173	16175	16174
4	16176	16177	16179	16178
4	16180	16181	16183	16182
4	16184	16185	16187	16186
4	16188	16189	16191	16190
4	16192	16193	16195	16194
4	16196	16197	16199	16198
4	16200	16201	16203	16202
4	16204	16205	16207	16206
4	16208	16209	16211	16210
4	16212	16213	16215	16214
4	16216	16217	16219	16218
4	16220	16221	16223	16222
4	16224	16225	16227	16226
4	16228	16229	16231	16230
4	16232	16233	16235	16234
4	16236	16237	16239	16238
4	16240	16241	16243	16242
4	16244	16245	16247	16246
4	16248	16249	16251	16250
4	16252	16253	16255	16254
4	16256	16257	16259	16258
4	16260	16261	16263	16262
4	16264	16265	16267	16266
4	16268	16269	16271	16270
4	16272	16273	16275	16274
4	16276	16277	16279	16278
4	16280	16281	16283	16282
4	16284	16285	16287	16286
4	16288	16289	16291	16290
4	16292	16293	16295	16294
4	16296	16297	16299	16298
4	16300	16301	16303	16302
4	16304	16305	16307	16306
4	16308	16309	16311	16310
4	16312	16313	16315	16314
4	16316	16317	16319	16318
4	16320	16321	16323	16322
4	16324	16325	16327	16326
4	16328	16329	16331	16330
4	16332	16333	16335	16334
4	16336	16337	16339	16338
4	16340	16341	16343	16342
4	16344	16345	16347	16346
4	16348	16349	16351	16350
4	16352	16353	16355	16354
4	16356	16357	16359	16358
4	16360	16361	16363	16362
4	16364	16365	16367	16366
4	16368	16369	16371	16370
4	16372	16373	16375	16374
4	16376	16377	16379	16378
4	16380	16381	16383	16382

CELL_TYPES 4096
 9 9 9 9 9 9 9 9 9 9 9 9 9 9 9 9 9 9 9 9 9 9 9 9 9 9 9 9 9 9 9 9 9 9 9 9 9 9 9 9 9 9 9 9 9 9 9 9 9 9 9 9 9 9 9 9 9 9 9 9 9 9 9 9 9 9 9 9 9 9 9 9 9 9 9 9 9 9 9 9 9 9 9 9 9 9 9 9 9 9 9 9 9 9 9 9 9 9 9 9 9 9 9 9 9 9 9 9 9 9 9 9 9 9 9 9 9 9 9 9 9 9 9 9 9 9 9 9 9 9 9 9 9 9 9 9 9 9 9 9 9 9 9 9 9 9 9 9 9 9 9 9 9 9 9 9 9 9 9 9 9 9 9 9 9 9 9 9 9 9 9 9 9 9 9 9 9 9 9 9 9 9 9 9 9 9 9 9 9 9 9 9 9 9 9 9 9 9 9 9 9 9 9 9 9 9 9 9 9 9 9 9 9 9 9 9 9 9 9 9 9 9 9 9 9 9 9 9 9 9 9 9 9 9 9 9 9 9 9 9 9 9 9 9 9 9 9 9 9 9 9 9 9 9 9 9 9 9 9 9 9 9 9 9 9 9 9 9 9 9 9 9 9 9 9 9 9 9 9 9 9 9 9 9 9 9 9 9 9 9 9 9 9 9 9 9 9 9 9 9 9 9 9 9 9 9 9 9 9 9 9 9 9 9 9 9 9 9 9 9 9 9 9 9 9 9 9 9 9 9 9 9 9 9 9 9 9 9 9 9 9 9 9 9 9 9 9 9 9 9 9 9 9 9 9 9 9 9 9 9 9 9 9 9 9 9 9 9 9 9 9 9 9 9 9 9 9 9 9 9 9 9 9 9 9 9 9 9 9 9 9 9 9 9 9 9 9 9 9 9 9 9 9 9 9 9 9 9 9 9 9 9 9 9 9 9 9 9 9 9 9 9 9 9 9 9 9 9 9 9 9 9 9 9 9 9 9 9 9 9 9 9 9 9 9 9 9 9 9 9 9 9 9 9 9 9 9 9 9 9 9 9 9 9 9 9 9 9 9 9 9 9 9 9 9 9 9 9 9 9 9 9 9 9 9 9 9 9 9 9 9 9 9 9 9 9 9 9 9 9 9 9 9 9 9 9 9 9 9 9 9 9 9 9 9 9 9 9 9 9 9 9 9 9 9 9 9 9 9 9 9 9 9 9 9 9 9 9 9 9 9 9 9 9 9 9 9 9 9 9 9 9 9 9 9 9 9 9 9 9 9 9 9 9 9 9 9 9 9 9 9 9 9 9 9 9 9 9 9 9 9 9 9 9 9 9 9 9 9 9 9 9 9 9 9 9 9 9 9 9 9 9 9 9 9 9 9 9 9 9 9 9 9 9 9 9 9 9 9 9 9 9 9 9 9 9 9 9 9 9 9 9 9 9 9 9 9 9 9 9 9 9 9 9 9 9 9 9 9 9 9 9 9 9 9 9 9 9 9 9 9 9 9 9 9 9 9 9 9 9 9 9 9 9 9 9 9 9 9 9 9 9 9 9 9 9 9 9 9 9 9 9 9 9 9 9 9 9 9 9 9 9 9 9 9 9 9 9 9 9 9 9 9 9 9 9 9 9 9 9 9 9 9 9 9 9 9 9 9 9 9 9 9 9 9 9 9 9 9 9 9 9 9 9 9 9 9 9 9 9 9 9 9 9 9 9 9 9 9 9 9 9 9 9 9 9 9 9 9 9 9 9 9 9 9 9 9 9 9 9 9 9 9 9 9 9 9 9 9 9 9 9 9 9 9 9 9 9 9 9 9 9 9 9 9 9 9 9 9 9 9 9 9 9 9 9 9 9 9 9 9 9 9 9 9 9 9 9 9 9 9 9 9 9 9 9 9 9 9 9 9 9 9 9 9 9 9 9 9 9 9 9 9 9 9 9 9 9 9 9 9 9 9 9 9 9 9 9 9 9 9 9 9 9 9 9 9 9 9 9 9 9 9 9 9 9 9 9 9 9 9 9 9 9 9 9 9 9 9 9 9 9 9 9 9 9 9 9 9 9 9 9 9 9 9 9 9 9 9 9 9 9 9 9 9 9 9 9 9 9 9 9 9 9 9 9 9 9 9 9 9 9 9 9 9 9 9 9 9 9 9 9 9 9 9 9 9 9 9 9 9 9 9 9 9 9 9 9 9 9 9 9 9 9 9 9 9 9 9 9 9 9 9 9 9 9 9 9 9 9 9 9 9 9 9 9 9 9 9 9 9 9 9 9 9 9 9 9 9 9 9 9 9 9 9 9 9 9 9 9 9 9 9 9 9 9 9 9 9 9 9 9 9 9 9 9 9 9 9 9 9 9 9 9 9 9 9 9 9 9 9 9 9 9 9 9 9 9 9 9 9 9 9 9 9 9 9 9 9 9 9 9 9 9 9 9 9 9 9 9 9 9 9 9 9 9 9 9 9 9 9 9 9 9 9 9 9 9 9 9 9 9 9 9 9 9 9 9 9 9 9 9 9 9 9 9 9 9 9 9 9 9 9 9 9 9 9 9 9 9 9 9 9 9 9 9 9 9 9 9 9 9 9 9 9 9 9 9 9 9 9 9 9 9 9 9 9 9 9 9 9 9 9 9 9 9 9 9 9 9 9 9 9 9 9 9 9 9 9 9 9 9 9 9 9 9 9 9 9 9 9 9 9 9 9 9 9 9 9 9 9 9 9 9 9 9 9 9 9 9 9 9 9 9 9 9 9 9 9 9 9 9 9 9 9 9 9 9 9 9 9 9 9 9 9 9 9 9 9 9 9 9 9 9 9 9 9 9 9 9 9 9 9 9 9 9 9 9 9 9 9 9 9 9 9 9 9 9 9 9 9 9 9 9 9 9 9 9 9 9 9 9 9 9 9 9 9 9 9 9 9 9 9 9 9 9 9 9 9 9 9 9 9 9 9 9 9 9 9 9 9 9 9 9 9 9 9 9 9 9 9 9 9 9 9 9 9 9 9 9 9 9 9 9 9 9 9 9 9 9 9 9 9 9 9 9 9 9 9 9 9 9 9 9 9 9 9 9 9 9 9 9 9 9 9 9 9 9 9 9 9 9 9 9 9 9 9 9 9 9 9 9 9 9 9 9 9 9 9 9 9 9 9 9 9 9 9 9 9 9 9 9 9 9 9 9 9 9 9 9 9 9 9 9 9 9 9 9 9 9 9 9 9 9 9 9 9 9 9 9 9 9 9 9 9 9 9 9 9 9 9 9 9 9 9 9 9 9 9 9 9 9 9 9 9 9 9 9 9 9 9 9 9 9 9 9 9 9 9 9 9 9 9 9 9 9 9 9 9 9 9 9 9 9 9 9 9 9 9 9 9 9 9 9 9 9 9 9 9 9 9 9 9 9 9 9 9 9 9 9 9 9 9 9 9 9 9 9 9 9 9 9 9 9 9 9 9 9 9 9 9 9 9 9 9 9 9 9 9 9 9 9 9 9 9 9 9 9 9 9 9 9 9 9 9 9 9 9 9 9 9 9 9 9 9 9 9 9 9 9 9 9 9 9 9 9 9 9 9 9 9 9 9 9 9 9 9 9 9 9 9 9 9 9 9 9 9 9 9 9 9 9 9 9 9 9 9 9 9 9 9 9 9 9 9 9 9 9 9 9 9 9 9 9 9 9 9 9 9 9 9 9 9 9 9 9 9 9 9 9 9 9 9 9 9 9 9 9 9 9 9 9 9 9 9 9 9 9 9 9 9 9 9 9 9 9 9 9 9 9 9 9 9 9 9 9 9 9 9 9 9 9 9 9 9 9 9 9 9 9 9 9 9 9 9 9 9 9 9 9 9 9 9 9 9 9 9 9 9 9 9 9 9 9 9 9 9 9 9 9 9 9 9 9 9 9 9 9 9 9 9 9 9 9 9 9 9 9 9 9 9 9 9 9 9 9 9 9 9 9 9 9 9 9 9 9 9 9 9 9 9 9 9 9 9 9 9 9 9 9 9 9 9 9 9 9 9 9 9 9 9 9 9 9 9 9 9 9 9 9 9 9 9 9 9 9 9 9 9 9 9 9 9 9 9 9 9 9 9 9 9 9 9 9 9 9 9 9 9 9 9 9 9 9 9 9 9 9 9 9 9 9 9 9 9 9 9 9 9 9 9 9 9 9 9 9 9 9 9 9 9 9 9 9 9 9 9 9 9 9 9 9 9 9 9 9 9 9 9 9 9 9 9 9 9 9 9 9 9 9 9 9 9 9 9 9 9 9 9 9 9 9 9 9 9 9 9 9 9 9 9 9 9 9 9 9 9 9 9 9 9 9 9 9 9 9 9 9 9 9 9 9 9 9 9 9 9 9 9 9 9 9 9 9 9 9 9 9 9 9 9 9 9 9 9 9 9 9 9 9 9 9 9 9 9 9 9 9 9 9 9 9 9 9 9 9 9 9 9 9 9 9 9 9 9 9 9 9 9 9 9 9 9 9 9 9 9 9 9 9 9 9 9 9 9 9 9 9 9 9 9 9 9 9 9 9 9 9 9 9 9 9 9 9 9 9 9 9 9 9 9 9 9 9 9 9 9 9 9 9 9 9 9 9 9 9 9 9 9 9 9 9 9 9 9 9 9 9 9 9 9 9 9 9 9 9 9 9 9 9 9 9 9 9 9 9 9 9 9 9 9 9 9 9 9 9 9 9 9 9 9 9 9 9 9 9 9 9 9 9 9 9 9 9 9 9 9 9 9 9 9 9 9 9 9 9 9 9 9 9 9 9 9 9 9 9 9 9 9 9 9 9 9 9 9 9 9 9 9 9 9 9 9 9 9 9 9 9 9 9 9 9 9 9 9 9 9 9 9 9 9 9 9 9 9 9 9 9 9 9 9 9 9 9 9 9 9 9 9 9 9 9 9 9 9 9 9 9 9 9 9 9 9 9 9 9 9 9 9 9 9 9 9 9 9 9 9 9 9 9 9 9 9 9 9 9 9 9 9 9 9 9 9 9 9 9 9 9 9 9 9 9 9 9 9 9 9 9 9 9 9 9 9 9 9 9 9 9 9 9 9 9 9 9 9 9 9 9 9 9 9 9 9 9 9 9 9 9 9 9 9 9 9 9 9 9 9 9 9 9 9 9 9 9 9 9 9 9 9 9 9 9 9 9 9 9 9 9 9 9 9 9 9 9 9 9 9 9 9 9 9 9 9 9 9 9 9 9 9 9 9 9 9 9 9 9 9 9 9 9 9 9 9 9 9 9 9 9 9 9 9 9 9 9 9 9 9 9 9 9 9 9 9 9 9 9 9 9 9 9 9 9 9 9 9 9 9 9 9 9 9 9 9 9 9 9 9 9 9 9 9 9 9 9 9 9 9 9 9 9 9 9 9 9 9 9 9 9 9 9 9 9 9 9 9 9 9 9 9 9 9 9 9 9 9 9 9 9 9 9 9 9 9 9 9 9 9 9 9 9 9 9 9 9 9 9 9 9 9 9 9 9 9 9 9 9 9 9 9 9 9 9 9 9 9 9 9 9 9 9 9 9 9 9 9 9 9 9 9 9 9 9 9 9 9 9 9 9 9 9 9 9 9 9 9 9 9 9 9 9 9 9 9 9 9 9 9 9 9 9 9 9 9 9 9 9 9 9 9 9 9 9 9 9 9 9 9 9 9 9 9 9 9 9 9 9 9 9 9 9 9 9 9 9 9 9 9 9 9 9 9 9 9 9 9 9 9 9 9 9 9 9 9 9 9 9 9 9 9 9 9 9 9 9 9 9 9 9 9 9 9 9 9 9 9 9 9 9 9 9 9 9 9 9 9 9 9 9 9 9 9 9 9 9 9 9 9 9 9 9 9 9 9 9 9 9 9 9 9 9 9 9 9 9 9 9 9 9 9 9 9 9 9 9 9 9 9 9 9 9 9 9 9 9 9 9 9 9 9 9 9 9 9 9 9 9 9 9 9 9 9 9 9 9 9 9 9 9 9 9 9 9 9 9 9 9 9 9 9 9 9 9 9 9 9 9 9 9 9 9 9 9 9 9 9 9 9 9 9 9 9 9 9 9 9 9 9 9 9 9 9 9 9 9 9 9 9 9 9 9 9 9 9 9 9 9 9 9 9 9 9 9 9 9 9 9 9 9 9 9 9 9 9 9 9 9 9 9 9 9 9 9 9 9 9 9 9 9 9 9 9 9 9 9 9 9 9 9 9 9 9 9 9 9 9 9 9 9 9 9 9 9 9 9 9 9 9 9 9 9 9 9 9 9 9 9 9 9 9 9 9 9 9 9 9 9 9 9 9 9 9 9 9 9 9 9 9 9 9 9 9 9 9 9 9 9 9 9 9 9 9 9 9 9 9 9 9 9 9 9 9 9 9 9 9 9 9 9 9 9 9 9 9 9 9 9 9 9 9 9 9 9 9 9 9 9 9 9 9 9 9 9 9 9 9 9 9 9 9 9 9 9 9 9 9 9 9 9 9 9 9 9 9 9 9 9 9 9 9 9 9 9 9 9 9 9 9 9 9 9 9 9 9 9 9 9 9 9 9 9 9 9 9 9 9 9 9 9 9 9 9 9 9 9 9 9 9 9 9 9 9 9 9 9 9 9 9 9 9 9 9 9 9 9 9 9 9 9 9 9 9 9 9 9 9 9 9 9 9 9 9 9 9 9 9 9 9 9 9 9 9 9 9 9 9 9 9 9 9 9 9 9 9 9 9 9 9 9 9 9 9 9 9 9 9 9 9 9 9 9 9 9 9 9 9 9 9 9 9 9 9 9 9 9 9 9 9 9 9 9 9 9 9 9 9 9 9 9 9 9 9 9 9 9 9 9 9 9 9 9 9 9 9 9 9 9 9 9 9 9 9 9 9 9 9 9 9 9 9 9 9 9 9 9 9 9 9 9 9 9 9 9 9 9 9 9 9 9 9 9 9 9 9 9 9 9 9 9 9 9 9 9 9 9 9 9 9 9 9 9 9 9 9 9 9 9 9 9 9 9 9 9 9 9 9 9 9 9 9 9 9 9 9 9 9 9 9 9 9 9 9 9 9 9 9 9 9 9 9 9 9 9 9 9 9 9 9 9 9 9 9 9 9 9 9 9 9 9 9 9 9 9 9 9 9 9 9 9 9 9 9 9 9 9 9 9 9 9 9 9 9 9 9 9 9 9 9 9 9 9 9 9 9 9 9 9 9 9 9 9 9 9 9 9 9 9 9 9 9 9 9 9 9 9 9 9 9 9 9 9 9 9 9 9 9 9 9 9 9 9 9 9 9 9 9 9 9 9 9 9 9 9 9 9 9 9 9 9 9 9 9 9 9 9 9 9 9 9 9 9 9 9 9 9 9 9 9 9 9 9 9 9 9 9 9 9 9 9 9 9 9 9 9 9 9 9 9 9 9 9 9 9 9 9 9 9 9 9 9 9 9 9 9 9 9 9 9 9 9 9 9 9 9 9 9 9 9 9 9 9 9 9 9 9 9 9 9 9 9 9 9 9 9 9 9 9 9 9 9 9 9 9 9 9 9 9 9 9 9 9 9 9 9 9 9 9 9 9 9 9 9 9 9 9 9 9 9 9 9 9 9 9 9 9 9 9 9 9 9 9 9 9 9 9 9 9 9 9 9 9 9 9 9 9 9 9 9 9 9 9 9 9 9 9 9 9 9 9 9 9 9 9 9 9 9 9 9 9 9 9 9 9 9 9 9 9 9 9 9 9 9 9 9 9 9 9 9 9 9 9 9 9 9 9 9 9 9 9 9 9 9 9 9 9 9 9 9 9 9 9 9 9 9 9 9 9 9 9 9 9 9 9 9 9 9 9 9 9 9 9 9 9 9 9 9 9 9 9 9 9 9 9 9 9 9 9 9 9 9 9 9 9 9 9 9 9 9 9 9 9 9 9 9 9 9 9 9 9 9 9 9 9 9 9 9 9 9 9 9 9 9 9 9 9 9 9 9 9 9 9 9 9 9 9 9 9 9 9 9 9 9 9 9 9 9 9 9 9 9 9 9 9 9 9 9 9 9 9 9 9 9 9 9 9 9 9 9 9 9 9 9 9 9 9 9 9 9 9 9 9 9 9 9 9 9 9 9 9 9 9 9 9 9 9 9 9 9 9 9 9 9 9 9 9 9 9 9 9 9 9 9 9 9 9 9 9 9 9 9 9 9 9 9 9 9 9 9 9 9 9 9 9 9 9 9 9 9 9 9 9 9 9 9 9 9 9 9 9 9 9 9 9 9 9 9 9 9 9 9 9 9 9 9 9 9 9 9 9 9 9 9 9 9 9 9 9 9 9 9 9 9 9 9 9 9 9 9 9 9 9 9 9 9 9 9 9 9 9 9 9 9 9 9 9 9 9 9 9 9 9 9 9 9 9 9 9 9 9 9 9 9 9 9 9 9 9 9 9 9 9 9 9 9 9 9 9 9 9 9 9 9 9 9 9 9 9 9 9 9 9 9 9 9 9 9 9 9 9 9 9 9 9 9 9 9 9 9 9 9 9 9 9 9 9 9 9 9 9 9 9 9 9 9 9 9 9 9 9 9 9 9 9 9 9 9 9 9 9 9 9 9 9 9 9 9 9 9 9 9 9 9 9 9 9 9 9 9 9 9 9 9 9 9 9 9 9 9 9 9 9 9 9 9 9 9 9 9 9 9 9 9 9 9 9 9 9 9 9 9 9 9 9 9 9 9 9 9 9 9 9 9 9 9 9 9 9 9 9 9 9 9 9 9 9 9 9 9 9 9 9 9 9 9 9 9 9 9 9 9 9 9 9 9 9 9 9 9 9 9 9 9 9 9 9 9 9 9 9 9 9 9 9 9 9 9 9 9 9 9 9 9 9 9 9 9 9 9 9 9 9 9 9 9 9 9 9 9 9 9 9 9 9 9 9 9 9 9 9 9 9 9 9 9 9 9 9 9 9 9 9 9 9 9 9 9 9 9 9 9 9 9 9 9 9 9 9 9 9 9 9 9 9 9 9 9 9 9 9 9 9 9 9 9 9 9 9 9 9 9 9 9 9 9 9 9 9 9 9 9 9 9 9 9 9 9 9 9 9 9 9 9 9 9 9 9 9 9 9 9 9 9 9 9 9 9 9 9 9 9 9 9 9 9 9 9 9 9 9 9 9 9 9 9 9 9 9 9 9 9 9 9 9 9 9 9 9 9 9 9 9 9 9 9 9 9 9 9 9 9 9 9 9 9 9 9 9 9 9 9 9 9 9 9 9 9 9
POINT_DATA 16384
SCALARS solution double 1
LOOKUP_TABLE default
0 0.0490677 0 0.0494467 0.0490677 0.0980171 0.0494467 0.0987743 0 0.0494467 0 0.0498168 0.0494467 0.0987743 0.0498168 0.0995137 0.0980171 0.14673 0.0987743 0.147864 0.14673 0.19509 0.147864 0.196597 0.0987743 0.147864 0.0995137 0.148971 0.147864 0.196597 0.148971 0.198069 0 0.0498168 0 0.0501782 0.0498168 0.0995137 0.0501782 0.100236 0 0.0501782 0 0.0505309 0.0501782 0.100236 0.0505309 0.10094 0.0995137 0.148971 0.100236 0.150051 0.148971 0.198069 0.150051 0.199506 0.100236 0.150051 0.10094 0.151106 0.150051 0.199506 0.151106 0.200908 0.19509 0.24298 0.196597 0.244857 0.24298 0.290285 0.244857 0.292527 0.196597 0.244857 0.198069 0.24669 0.244857 0.292527 0.24669 0.294717 0.290285 0.33689 0.292527 0.339492 0.33689 0.382683 0.339492 0.38564 0.292527 0.339492 0.294717 0.342034 0.339492 0.38564 0.342034 0.388526 0.198069 0.24669 0.199506 0.24848 0.24669 0.294717 0.24848 0.296855 0.199506 0.24848 0.200908 0.250226 0.24848 0.296855 0.250226 0.298941 0.294717 0.342034 0.296855 0.344515 0.342034 0.388526 0.344515 0.391345 0.296855 0.344515 0.298941 0.346936 0.344515 0.391345 0.346936 0.394095 0 0.0505309 0 0.0508751 0.0505309 0.10094 0.0508751 0.101628 0 0.0508751 0 0.0512108 0.0508751 0.101628 0.0512108 0.102298 0.10094 0.151106 0.101628 0.152135 0.151106 0.200908 0.152135 0.202277 0.101628 0.152135 0.102298 0.153139 0.152135 0.202277 0.153139 0.203611 0 0.0512108 0 0.0515383 0.0512108 0.102298 0.0515383 0.102952 0 0.0515383 0 0.0518574 0.0515383 0.102952 0.0518574 0.10359 0.102298 0.153139 0.102952 0.154118 0.153139 0.203611 0.154118 0.204913 0.102952 0.154118 0.10359 0.155073 0.154118 0.204913 0.155073 0.206182 0.200908 0.250226 0.202277 0.25193 0.250226 0.298941 0.25193 0.300977 0.202277 0.25193 0.203611 0.253593 0.25193 0.300977 0.253593 0.302963 0.298941 0.346936 0.300977 0.349299 0.346936 0.394095 0.349299 0.39678 0.300977 0.349299 0.302963 0.351604 0.349299 0.39678 0.351604 0.399398 0.203611 0.253593 0.204913 0.255214 0.253593 0.302963 0.255214 0.304901 0.204913 0.255214 0.206182 0.256795 0.255214 0.304901 0.256795 0.306789 0.302963 0.351604 0.304901 0.353852 0.351604 0.399398 0.353852 0.401952 0.304901 0.353852 0.306789 0.356044 0.353852 0.401952 0.356044 0.404441 0.382683 0.427555 0.38564 0.430858 0.427555 0.471397 0.430858 0.475038 0.38564 0.430858 0.388526 0.434083 0.430858 0.475038 0.434083 0.478594 0.471397 0.514103 0.475038 0.518074 0.514103 0.55557 0.518074 0.559862 0.475038 0.518074 0.478594 0.521952 0.518074 0.559862 0.521952 0.564053 0.388526 0.434083 0.391345 0.437232 0.434083 0.478594 0.437232 0.482066 0.391345 0.437232 0.394095 0.440305 0.437232 0.482066 0.440305 0.485454 0.478594 0.521952 0.482066 0.525739 0.521952 0.564053 0.525739 0.568145 0.482066 0.525739 0.485454 0.529434 0.525739 0.568145 0.529434 0.572138 0.55557 0.595699 0.559862 0.600301 0.595699 0.634393 0.600301 0.639294 0.559862 0.600301 0.564053 0.604795 0.600301 0.639294 0.604795 0.644079 0.634393 0.671559 0.639294 0.676747 0.671559 0.707107 0.676747 0.712569 0.639294 0.676747 0.644079 0.681812 0.676747 0.712569 0.681812 0.717903 0.564053 0.604795 0.568145 0.609182 0.604795 0.644079 0.609182 0.648752 0.568145 0.609182 0.572138 0.613464 0.609182 0.648752 0.613464 0.653311 0.644079 0.681812 0.648752 0.686759 0.681812 0.717903 0.686759 0.723111 0.648752 0.686759 0.653311 0.691585 0.686759 0.723111 0.691585 0.728193 0.394095 0.440305 0.39678 0.443304 0.440305 0.485454 0.443304 0.488761 0.39678 0.443304 0.399398 0.446229 0.443304 0.488761 0.446229 0.491986 0.485454 0.529434 0.488761 0.53304 0.529434 0.572138 0.53304 0.576035 0.488761 0.53304 0.491986 0.536557 0.53304 0.576035 0.536557 0.579836 0.399398 0.446229 0.401952 0.449083 0.446229 0.491986 0.449083 0.495132 0.401952 0.449083 0.404441 0.451864 0.449083 0.495132 0.451864 0.498198 0.491986 0.536557 0.495132 0.539988 0.536557 0.579836 0.539988 0.583543 0.495132 0.539988 0.498198 0.543332 0.539988 0.583543 0.543332 0.587157 0.572138 0.613464 0.576035 0.617642 0.613464 0.653311 0.617642 0.657761 0.576035 0.617642 0.579836 0.621718 0.617642 0.657761 0.621718 0.662102 0.653311 0.691585 0.657761 0.696296 0.691585 0.728193 0.696296 0.733153 0.657761 0.696296 0.662102 0.700891 0.696296 0.733153 0.700891 0.737991 0.579836 0.621718 0.583543 0.625693 0.621718 0.662102 0.625693 0.666335 0.583543 0.625693 0.587157 0.629568 0.625693 0.666335 0.629568 0.670462 0.662102 0.700891 0.666335 0.705372 0.700891 0.737991 0.705372 0.74271 0.666335 0.705372 0.670462 0.709741 0.705372 0.74271 0.709741 0.747309 0 0.0518574 0 0.0521686 0.0518574 0.10359 0.0521686 0.104211 0 0.0521686 0 0.0524717 0.0521686 0.104211 0.0524717 0.104817 0.10359 0.155073 0.104211 0.156003 0.155073 0.206182 0.156003 0.207419 0.104211 0.156003 0.104817 0.15691 0.156003 0.207419 0.15691 0.208624 0 0.0524717 0 0.0527669 0.0524717 0.104817 0.0527669 0.105407 0 0.0527669 0 0.0530543 0.0527669 0.105407 0.0530543 0.105981 0.104817 0.15691 0.105407 0.157793 0.15691 0.208624 0.157793 0.209798 0.105407 0.157793 0.105981 0.158652 0.157793 0.209798 0.158652 0.210941 0.206182 0.256795 0.207419 0.258336 0.256795 0.306789 0.258336 0.30863 0.207419 0.258336 0.208624 0.259836 0.258336 0.30863 0.259836 0.310423 0.306789 0.356044 0.30863 0.35818 0.356044 0.404441 0.35818 0.406868 0.30863 0.35818 0.310423 0.360261 0.35818 0.406868 0.360261 0.409231 0.208624 0.259836 0.209798 0.261299 0.259836 0.310423 0.261299 0.312169 0.209798 0.261299 0.210941 0.262722 0.261299 0.312169 0.262722 0.31387 0.310423 0.360261 0.312169 0.362288 0.360261 0.409231 0.362288 0.411534 0.312169 0.362288 0.31387 0.364262 0.362288 0.411534 0.364262 0.413776 0 0.0530543 0 0.0533342 0.0530543 0.105981 0.0533342 0.10654 0 0.0533342 0 0.0536063 0.0533342 0.10654 0.0536063 0.107084 0.105981 0.158652 0.10654 0.159489 0.158652 0.210941 0.159489 0.212054 0.10654 0.159489 0.107084 0.160303 0.159489 0.212054 0.160303 0.213136 0 0.0536063 0 0.0538711 0.0536063 0.107084 0.0538711 0.107612 0 0.0538711 0 0.0541285 0.0538711 0.107612 0.0541285 0.108127 0.107084 0.160303 0.107612 0.161095 0.160303 0.213136 0.161095 0.214189 0.107612 0.161095 0.108127 0.161864 0.161095 0.214189 0.161864 0.215212 0.210941 0.262722 0.212054 0.264108 0.262722 0.31387 0.264108 0.315525 0.212054 0.264108 0.213136 0.265455 0.264108 0.315525 0.265455 0.317135 0.31387 0.364262 0.315525 0.366183 0.364262 0.413776 0.366183 0.415958 0.315525 0.366183 0.317135 0.368052 0.366183 0.415958 0.368052 0.418081 0.213136 0.265455 0.214189 0.266767 0.265455 0.317135 0.266767 0.318702 0.214189 0.266767 0.215212 0.268041 0.266767 0.318702 0.268041 0.320224 0.317135 0.368052 0.318702 0.36987 0.368052 0.418081 0.36987 0.420146 0.318702 0.36987 0.320224 0.371636 0.36987 0.420146 0.371636 0.422153 0.404441 0.451864 0.406868 0.454575 0.451864 0.498198 0.454575 0.501187 0.406868 0.454575 0.409231 0.457216 0.454575 0.501187 0.457216 0.504099 0.498198 0.543332 0.501187 0.546592 0.543332 0.587157 0.546592 0.59068 0.501187 0.546592 0.504099 0.549768 0.546592 0.59068 0.549768 0.594112 0.409231 0.457216 0.411534 0.459789 0.457216 0.504099 0.459789 0.506936 0.411534 0.459789 0.413776 0.462293 0.459789 0.506936 0.462293 0.509697 0.504099 0.549768 0.506936 0.552861 0.549768 0.594112 0.552861 0.597455 0.506936 0.552861 0.509697 0.555873 0.552861 0.597455 0.555873 0.600709 0.587157 0.629568 0.59068 0.633345 0.629568 0.670462 0.633345 0.674485 0.59068 0.633345 0.594112 0.637025 0.633345 0.674485 0.637025 0.678403 0.670462 0.709741 0.674485 0.713999 0.709741 0.747309 0.713999 0.751793 0.674485 0.713999 0.678403 0.718147 0.713999 0.751793 0.718147 0.756161 0.594112 0.637025 0.597455 0.64061 0.637025 0.678403 0.64061 0.682221 0.597455 0.64061 0.600709 0.644099 0.64061 0.682221 0.644099 0.685937 0.678403 0.718147 0.682221 0.722188 0.718147 0.756161 0.722188 0.760416 0.682221 0.722188 0.685937 0.726122 0.722188 0.760416 0.726122 0.764558 0.413776 0.462293 0.415958 0.464732 0.462293 0.509697 0.464732 0.512385 0.415958 0.464732 0.418081 0.467103 0.464732 0.512385 0.467103 0.515 0.509697 0.555873 0.512385 0.558805 0.555873 0.600709 0.558805 0.603878 0.512385 0.558805 0.515 0.561656 0.558805 0.603878 0.561656 0.606959 0.418081 0.467103 0.420146 0.46941 0.467103 0.515 0.46941 0.517544 0.420146 0.46941 0.422153 0.471653 0.46941 0.517544 0.471653 0.520016 0.515 0.561656 0.517544 0.564431 0.561656 0.606959 0.564431 0.609958 0.517544 0.564431 0.520016 0.567127 0.564431 0.609958 0.567127 0.612871 0.600709 0.644099 0.603878 0.647496 0.644099 0.685937 0.647496 0.689555 0.603878 0.647496 0.606959 0.6508 0.647496 0.689555 0.6508 0.693073 0.685937 0.726122 0.689555 0.729952 0.726122 0.764558 0.729952 0.768591 0.689555 0.729952 0.693073 0.733677 0.729952 0.768591 0.733677 0.772513 0.606959 0.6508 0.609958 0.654015 0.6508 0.693073 0.654015 0.696497 0.609958 0.654015 0.612871 0.657139 0.654015 0.696497 0.657139 0.699824 0.693073 0.733677 0.696497 0.737301 0.733677 0.772513 0.737301 0.776329 0.696497 0.737301 0.699824 0.740823 0.737301 0.776329 0.740823 0.780037 0.707107 0.740951 0.712569 0.746675 0.740951 0.77301 0.746675 0.778982 0.712569 0.746675 0.717903 0.752264 0.746675 0.778982 0.752264 0.784813 0.77301 0.803208 0.778982 0.809412 0.803208 0.83147 0.809412 0.837893 0.778982 0.809412 0.784813 0.815471 0.809412 0.837893 0.815471 0.844165 0.717903 0.752264 0.723111 0.757721 0.752264 0.784813 0.757721 0.790506 0.723111 0.757721 0.728193 0.763047 0.757721 0.790506 0.763047 0.796062 0.784813 0.815471 0.790506 0.821387 0.815471 0.844165 0.821387 0.850289 0.790506 0.821387 0.796062 0.82716 0.821387 0.850289 0.82716 0.856265 0.83147 0.857729 0.837893 0.864355 0.857729 0.881921 0.864355 0.888734 0.837893 0.864355 0.844165 0.870825 0.864355 0.888734 0.870825 0.895387 0.881921 0.903989 0.888734 0.910973 0.903989 0.92388 0.910973 0.931017 0.888734 0.910973 0.895387 0.917792 0.910973 0.931017 0.917792 0.937985 0.844165 0.870825 0.850289 0.877142 0.870825 0.895387 0.877142 0.901882 0.850289 0.877142 0.856265 0.883307 0.877142 0.901882 0.883307 0.908221 0.895387 0.917792 0.901882 0.92445 0.917792 0.937985 0.92445 0.94479 0.901882 0.92445 0.908221 0.930947 0.92445 0.94479 0.930947 0.95143 0.728193 0.763047 0.733153 0.768244 0.763047 0.796062 0.768244 0.801485 0.733153 0.768244 0.737991 0.773314 0.768244 0.801485 0.773314 0.806773 0.796062 0.82716 0.801485 0.832794 0.82716 0.856265 0.832794 0.862097 0.801485 0.832794 0.806773 0.838289 0.832794 0.862097 0.838289 0.867786 0.737991 0.773314 0.74271 0.778258 0.773314 0.806773 0.778258 0.811932 0.74271 0.778258 0.747309 0.783078 0.778258 0.811932 0.783078 0.81696 0.806773 0.838289 0.811932 0.843649 0.838289 0.867786 0.843649 0.873334 0.811932 0.843649 0.81696 0.848874 0.843649 0.873334 0.848874 0.878743 0.856265 0.883307 0.862097 0.889323 0.883307 0.908221 0.889323 0.914407 0.862097 0.889323 0.867786 0.895192 0.889323 0.914407 0.895192 0.920441 0.908221 0.930947 0.914407 0.937288 0.930947 0.95143 0.937288 0.957911 0.914407 0.937288 0.920441 0.943473 0.937288 0.957911 0.943473 0.964232 0.867786 0.895192 0.873334 0.900916 0.895192 0.920441 0.900916 0.926326 0.873334 0.900916 0.878743 0.906495 0.900916 0.926326 0.906495 0.932063 0.920441 0.943473 0.926326 0.949506 0.943473 0.964232 0.949506 0.970397 0.926326 0.949506 0.932063 0.955386 0.949506 0.970397 0.955386 0.976407 0.92388 0.941544 0.931017 0.948818 0.941544 0.95694 0.948818 0.964333 0.931017 0.948818 0.937985 0.95592 0.948818 0.964333 0.95592 0.971551 0.95694 0.970031 0.964333 0.977525 0.970031 0.980785 0.977525 0.988362 0.964333 0.977525 0.971551 0.984842 0.977525 0.988362 0.984842 0.99576 0.937985 0.95592 0.94479 0.962854 0.95592 0.971551 0.962854 0.978599 0.94479 0.962854 0.95143 0.969622 0.962854 0.978599 0.969622 0.985477 0.971551 0.984842 0.978599 0.991986 0.984842 0.99576 0.991986 1.00298 0.978599 0.991986 0.985477 0.998958 0.991986 1.00298 0.998958 1.01003 0.980785 0.989177 0.988362 0.996818 0.989177 0.995185 0.996818 1.00287 0.988362 0.996818 0.99576 1.00428 0.996818 1.00287 1.00428 1.01038 0.995185 0.998795 1.00287 1.00651 0.998795 1 1.00651 1.00773 1.00287 1.00651 1.01038 1.01405 1.00651 1.00773 1.01405 1.01527 0.99576 1.00428 1.00298 1.01156 1.00428 1.01038 1.01156 1.01771 1.00298 1.01156 1.01003 1.01867 1.01156 1.01771 1.01867 1.02486 1.01038 1.01405 1.01771 1.0214 1.01405 1.01527 1.0214 1.02263 1.01771 1.0214 1.02486 1.02858 1.0214 1.02263 1.02858 1.02982 0.95143 0.969622 0.957911 0.976226 0.969622 0.985477 0.976226 0.99219 0.957911 0.976226 0.964232 0.982668 0.976226 0.99219 0.982668 0.998737 0.985477 0.998958 0.99219 1.00576 0.998958 1.01003 1.00576 1.01691 0.99219 1.00576 0.998737 1.0124 1.00576 1.01691 1.0124 1.02362 0.964232 0.982668 0.970397 0.988951 0.982668 0.998737 0.988951 1.00512 0.970397 0.988951 0.976407 0.995076 0.988951 1.00512 0.995076 1.01135 0.998737 1.0124 1.00512 1.01887 1.0124 1.02362 1.01887 1.03017 1.00512 1.01887 1.01135 1.02518 1.01887 1.03017 1.02518 1.03655 1.01003 1.01867 1.01691 1.02561 1.01867 1.02486 1.02561 1.03184 1.01691 1.02561 1.02362 1.03238 1.02561 1.03184 1.03238 1.03865 1.02486 1.02858 1.03184 1.03559 1.02858 1.02982 1.03559 1.03684 1.03184 1.03559 1.03865 1.04242 1.03559 1.03684 1.04242 1.04368 1.02362 1.03238 1.03017 1.03898 1.03238 1.03865 1.03898 1.04529 1.03017 1.03898 1.03655 1.04542 1.03898 1.04529 1.04542 1.05177 1.03865 1.04242 1.04529 1.04909 1.04242 1.04368 1.04909 1.05035 1.04529 1.04909 1.05177 1.05558 1.04909 1.05035 1.05558 1.05686 0.747309 0.783078 0.751793 0.787776 0.783078 0.81696 0.787776 0.821862 0.751793 0.787776 0.756161 0.792353 0.787776 0.821862 0.792353 0.826637 0.81696 0.848874 0.821862 0.853967 0.848874 0.878743 0.853967 0.884015 0.821862 0.853967 0.826637 0.858929 0.853967 0.884015 0.858929 0.889151 0.756161 0.792353 0.760416 0.796812 0.792353 0.826637 0.796812 0.831288 0.760416 0.796812 0.764558 0.801152 0.796812 0.831288 0.801152 0.835816 0.826637 0.858929 0.831288 0.863762 0.858929 0.889151 0.863762 0.894155 0.831288 0.863762 0.835816 0.868467 0.863762 0.894155 0.868467 0.899025 0.878743 0.906495 0.884015 0.911934 0.906495 0.932063 0.911934 0.937655 0.884015 0.911934 0.889151 0.917232 0.911934 0.937655 0.917232 0.943103 0.932063 0.955386 0.937655 0.961118 0.955386 0.976407 0.961118 0.982265 0.937655 0.961118 0.943103 0.966702 0.961118 0.982265 0.966702 0.987972 0.889151 0.917232 0.894155 0.922394 0.917232 0.943103 0.922394 0.94841 0.894155 0.922394 0.899025 0.927418 0.922394 0.94841 0.927418 0.953576 0.943103 0.966702 0.94841 0.972142 0.966702 0.987972 0.972142 0.993532 0.94841 0.972142 0.953576 0.977437 0.972142 0.993532 0.977437 0.998943 0.764558 0.801152 0.768591 0.805378 0.801152 0.835816 0.805378 0.840225 0.768591 0.805378 0.772513 0.809488 0.805378 0.840225 0.809488 0.844512 0.835816 0.868467 0.840225 0.873047 0.868467 0.899025 0.873047 0.903767 0.840225 0.873047 0.844512 0.877503 0.873047 0.903767 0.877503 0.908379 0.772513 0.809488 0.776329 0.813486 0.809488 0.844512 0.813486 0.848684 0.776329 0.813486 0.780037 0.817372 0.813486 0.848684 0.817372 0.852738 0.844512 0.877503 0.848684 0.881837 0.877503 0.908379 0.881837 0.912866 0.848684 0.881837 0.852738 0.886049 0.881837 0.912866 0.886049 0.917226 0.899025 0.927418 0.903767 0.932309 0.927418 0.953576 0.932309 0.958605 0.903767 0.932309 0.908379 0.937067 0.932309 0.958605 0.937067 0.963497 0.953576 0.977437 0.958605 0.982592 0.977437 0.998943 0.982592 1.00421 0.958605 0.982592 0.963497 0.987607 0.982592 1.00421 0.987607 1.00934 0.908379 0.937067 0.912866 0.941696 0.937067 0.963497 0.941696 0.968257 0.912866 0.941696 0.917226 0.946194 0.941696 0.968257 0.946194 0.972882 0.963497 0.987607 0.968257 0.992485 0.987607 1.00934 0.992485 1.01432 0.968257 0.992485 0.972882 0.997226 0.992485 1.01432 0.997226 1.01917 0.976407 0.995076 0.982265 1.00105 0.995076 1.01135 1.00105 1.01742 0.982265 1.00105 0.987972 1.00686 1.00105 1.01742 1.00686 1.02333 1.01135 1.02518 1.01742 1.03133 1.02518 1.03655 1.03133 1.04277 1.01742 1.03133 1.02333 1.03733 1.03133 1.04277 1.03733 1.04883 0.987972 1.00686 0.993532 1.01253 1.00686 1.02333 1.01253 1.02908 0.993532 1.01253 0.998943 1.01804 1.01253 1.02908 1.01804 1.03469 1.02333 1.03733 1.02908 1.04316 1.03733 1.04883 1.04316 1.05473 1.02908 1.04316 1.03469 1.04884 1.04316 1.05473 1.04884 1.06047 1.03655 1.04542 1.04277 1.05169 1.04542 1.05177 1.05169 1.05808 1.04277 1.05169 1.04883 1.0578 1.05169 1.05808 1.0578 1.06422 1.05177 1.05558 1.05808 1.06192 1.05558 1.05686 1.06192 1.0632 1.05808 1.06192 1.06422 1.06808 1.06192 1.0632 1.06808 1.06937 1.04883 1.0578 1.05473 1.06375 1.0578 1.06422 1.06375 1.07021 1.05473 1.06375 1.06047 1.06955 1.06375 1.07021 1.06955 1.07604 1.06422 1.06808 1.07021 1.0741 1.06808 1.06937 1.0741 1.07539 1.07021 1.0741 1.07604 1.07995 1.0741 1.07539 1.07995 1.08125 0.998943 1.01804 1.00421 1.02341 1.01804 1.03469 1.02341 1.04015 1.00421 1.02341 1.00934 1.02864 1.02341 1.04015 1.02864 1.04546 1.03469 1.04884 1.04015 1.05438 1.04884 1.06047 1.05438 1.06607 1.04015 1.05438 1.04546 1.05976 1.05438 1.06607 1.05976 1.07151 1.00934 1.02864 1.01432 1.03372 1.02864 1.04546 1.03372 1.05062 1.01432 1.03372 1.01917 1.03865 1.03372 1.05062 1.03865 1.05564 1.04546 1.05976 1.05062 1.06499 1.05976 1.07151 1.06499 1.0768 1.05062 1.06499 1.05564 1.07008 1.06499 1.0768 1.07008 1.08194 1.06047 1.06955 1.06607 1.07519 1.06955 1.07604 1.07519 1.08172 1.06607 1.07519 1.07151 1.08067 1.07519 1.08172 1.08067 1.08724 1.07604 1.07995 1.08172 1.08564 1.07995 1.08125 1.08564 1.08695 1.08172 1.08564 1.08724 1.09118 1.08564 1.08695 1.09118 1.0925 1.07151 1.08067 1.0768 1.08601 1.08067 1.08724 1.08601 1.09261 1.0768 1.08601 1.08194 1.0912 1.08601 1.09261 1.0912 1.09783 1.08724 1.09118 1.09261 1.09657 1.09118 1.0925 1.09657 1.09789 1.09261 1.09657 1.09783 1.10181 1.09657 1.09789 1.10181 1.10314 0 0.0541285 0 0.0543786 0.0541285 0.108127 0.0543786 0.108626 0 0.0543786 0 0.0546215 0.0543786 0.108626 0.0546215 0.109111 0.108127 0.161864 0.108626 0.162612 0.161864 0.215212 0.162612 0.216206 0.108626 0.162612 0.109111 0.163338 0.162612 0.216206 0.163338 0.217172 0 0.0546215 0 0.0548574 0.0546215 0.109111 0.0548574 0.109583 0 0.0548574 0 0.0550862 0.0548574 0.109583 0.0550862 0.11004 0.109111 0.163338 0.109583 0.164044 0.163338 0.217172 0.164044 0.21811 0.109583 0.164044 0.11004 0.164728 0.164044 0.21811 0.164728 0.21902 0.215212 0.268041 0.216206 0.26928 0.268041 0.320224 0.26928 0.321704 0.216206 0.26928 0.217172 0.270482 0.26928 0.321704 0.270482 0.323141 0.320224 0.371636 0.321704 0.373354 0.371636 0.422153 0.373354 0.424104 0.321704 0.373354 0.323141 0.375021 0.373354 0.424104 0.375021 0.425998 0.217172 0.270482 0.21811 0.271651 0.270482 0.323141 0.271651 0.324537 0.21811 0.271651 0.21902 0.272784 0.271651 0.324537 0.272784 0.32589 0.323141 0.375021 0.324537 0.376641 0.375021 0.425998 0.376641 0.427838 0.324537 0.376641 0.32589 0.378212 0.376641 0.427838 0.378212 0.429623 0 0.0550862 0 0.0553083 0.0550862 0.11004 0.0553083 0.110483 0 0.0553083 0 0.0555234 0.0553083 0.110483 0.0555234 0.110913 0.11004 0.164728 0.110483 0.165392 0.164728 0.21902 0.165392 0.219903 0.110483 0.165392 0.110913 0.166035 0.165392 0.219903 0.166035 0.220758 0 0.0555234 0 0.055732 0.0555234 0.110913 0.055732 0.11133 0 0.055732 0 0.0559338 0.055732 0.11133 0.0559338 0.111733 0.110913 0.166035 0.11133 0.166659 0.166035 0.220758 0.166659 0.221587 0.11133 0.166659 0.111733 0.167263 0.166659 0.221587 0.167263 0.22239 0.21902 0.272784 0.219903 0.273883 0.272784 0.32589 0.273883 0.327204 0.219903 0.273883 0.220758 0.274949 0.273883 0.327204 0.274949 0.328477 0.32589 0.378212 0.327204 0.379737 0.378212 0.429623 0.379737 0.431354 0.327204 0.379737 0.328477 0.381214 0.379737 0.431354 0.381214 0.433032 0.220758 0.274949 0.221587 0.275981 0.274949 0.328477 0.275981 0.329711 0.221587 0.275981 0.22239 0.276981 0.275981 0.329711 0.276981 0.330905 0.328477 0.381214 0.329711 0.382646 0.381214 0.433032 0.382646 0.434659 0.329711 0.382646 0.330905 0.384031 0.382646 0.434659 0.384031 0.436233 0.422153 0.471653 0.424104 0.473832 0.471653 0.520016 0.473832 0.522419 0.424104 0.473832 0.425998 0.475949 0.473832 0.522419 0.475949 0.524753 0.520016 0.567127 0.522419 0.569748 0.567127 0.612871 0.569748 0.615703 0.522419 0.569748 0.524753 0.572292 0.569748 0.615703 0.572292 0.618453 0.425998 0.475949 0.427838 0.478004 0.475949 0.524753 0.478004 0.527019 0.427838 0.478004 0.429623 0.479998 0.478004 0.527019 0.479998 0.529217 0.524753 0.572292 0.527019 0.574764 0.572292 0.618453 0.574764 0.621125 0.527019 0.574764 0.529217 0.577161 0.574764 0.621125 0.577161 0.623715 0.612871 0.657139 0.615703 0.660176 0.657139 0.699824 0.660176 0.703058 0.615703 0.660176 0.618453 0.663125 0.660176 0.703058 0.663125 0.706198 0.699824 0.740823 0.703058 0.744246 0.740823 0.780037 0.744246 0.783642 0.703058 0.744246 0.706198 0.747571 0.744246 0.783642 0.747571 0.787142 0.618453 0.663125 0.621125 0.665989 0.663125 0.706198 0.665989 0.709248 0.621125 0.665989 0.623715 0.668766 0.665989 0.709248 0.668766 0.712207 0.706198 0.747571 0.709248 0.750799 0.747571 0.787142 0.750799 0.790542 0.709248 0.750799 0.712207 0.753931 0.750799 0.790542 0.753931 0.793839 0.429623 0.479998 0.431354 0.481933 0.479998 0.529217 0.481933 0.531351 0.431354 0.481933 0.433032 0.483808 0.481933 0.531351 0.483808 0.533417 0.529217 0.577161 0.531351 0.579488 0.577161 0.623715 0.579488 0.626229 0.531351 0.579488 0.533417 0.581742 0.579488 0.626229 0.581742 0.628665 0.433032 0.483808 0.434659 0.485625 0.483808 0.533417 0.485625 0.535421 0.434659 0.485625 0.436233 0.487383 0.485625 0.535421 0.487383 0.53736 0.533417 0.581742 0.535421 0.583927 0.581742 0.628665 0.583927 0.631027 0.535421 0.583927 0.53736 0.586042 0.583927 0.631027 0.586042 0.633312 0.623715 0.668766 0.626229 0.671462 0.668766 0.712207 0.671462 0.715078 0.626229 0.671462 0.628665 0.674074 0.671462 0.715078 0.674074 0.717859 0.712207 0.753931 0.715078 0.75697 0.753931 0.793839 0.75697 0.797039 0.715078 0.75697 0.717859 0.759914 0.75697 0.797039 0.759914 0.800139 0.628665 0.674074 0.631027 0.676606 0.674074 0.717859 0.676606 0.720555 0.631027 0.676606 0.633312 0.679056 0.676606 0.720555 0.679056 0.723165 0.717859 0.759914 0.720555 0.762769 0.759914 0.800139 0.762769 0.803145 0.720555 0.762769 0.723165 0.765531 0.762769 0.803145 0.765531 0.806053 0 0.0559338 0 0.0561292 0.0559338 0.111733 0.0561292 0.112123 0 0.0561292 0 0.0563181 0.0561292 0.112123 0.0563181 0.1125 0.111733 0.167263 0.112123 0.167847 0.167263 0.22239 0.167847 0.223167 0.112123 0.167847 0.1125 0.168412 0.167847 0.223167 0.168412 0.223918 0 0.0563181 0 0.0565008 0.0563181 0.1125 0.0565008 0.112865 0 0.0565008 0 0.056677 0.0565008 0.112865 0.056677 0.113218 0.1125 0.168412 0.112865 0.168958 0.168412 0.223918 0.168958 0.224644 0.112865 0.168958 0.113218 0.169485 0.168958 0.224644 0.169485 0.225345 0.22239 0.276981 0.223167 0.277949 0.276981 0.330905 0.277949 0.332061 0.223167 0.277949 0.223918 0.278884 0.277949 0.332061 0.278884 0.333178 0.330905 0.384031 0.332061 0.385373 0.384031 0.436233 0.385373 0.437757 0.332061 0.385373 0.333178 0.38667 0.385373 0.437757 0.38667 0.43923 0.223918 0.278884 0.224644 0.279788 0.278884 0.333178 0.279788 0.334259 0.224644 0.279788 0.225345 0.280661 0.279788 0.334259 0.280661 0.335302 0.333178 0.38667 0.334259 0.387924 0.38667 0.43923 0.387924 0.440655 0.334259 0.387924 0.335302 0.389134 0.387924 0.440655 0.389134 0.442029 0 0.056677 0 0.0568473 0.056677 0.113218 0.0568473 0.113558 0 0.0568473 0 0.0570113 0.0568473 0.113558 0.0570113 0.113885 0.113218 0.169485 0.113558 0.169994 0.169485 0.225345 0.169994 0.226022 0.113558 0.169994 0.113885 0.170485 0.169994 0.226022 0.170485 0.226674 0 0.0570113 0 0.0571695 0.0570113 0.113885 0.0571695 0.114201 0 0.0571695 0 0.0573216 0.0571695 0.114201 0.0573216 0.114505 0.113885 0.170485 0.114201 0.170958 0.170485 0.226674 0.170958 0.227303 0.114201 0.170958 0.114505 0.171413 0.170958 0.227303 0.171413 0.227907 0.225345 0.280661 0.226022 0.281504 0.280661 0.335302 0.281504 0.336309 0.226022 0.281504 0.226674 0.282317 0.281504 0.336309 0.282317 0.337279 0.335302 0.389134 0.336309 0.390303 0.389134 0.442029 0.390303 0.443357 0.336309 0.390303 0.337279 0.391429 0.390303 0.443357 0.391429 0.444636 0.226674 0.282317 0.227303 0.2831 0.282317 0.337279 0.2831 0.338215 0.227303 0.2831 0.227907 0.283853 0.2831 0.338215 0.283853 0.339115 0.337279 0.391429 0.338215 0.392516 0.391429 0.444636 0.392516 0.44587 0.338215 0.392516 0.339115 0.39356 0.392516 0.44587 0.39356 0.447056 0.436233 0.487383 0.437757 0.489086 0.487383 0.53736 0.489086 0.539237 0.437757 0.489086 0.43923 0.490732 0.489086 0.539237 0.490732 0.541052 0.53736 0.586042 0.539237 0.58809 0.586042 0.633312 0.58809 0.635525 0.539237 0.58809 0.541052 0.590068 0.58809 0.635525 0.590068 0.637663 0.43923 0.490732 0.440655 0.492324 0.490732 0.541052 0.492324 0.542807 0.440655 0.492324 0.442029 0.49386 0.492324 0.542807 0.49386 0.5445 0.541052 0.590068 0.542807 0.591982 0.590068 0.637663 0.591982 0.639732 0.542807 0.591982 0.5445 0.593829 0.591982 0.639732 0.593829 0.641727 0.633312 0.679056 0.635525 0.681429 0.679056 0.723165 0.681429 0.725692 0.635525 0.681429 0.637663 0.683722 0.681429 0.725692 0.683722 0.728133 0.723165 0.765531 0.725692 0.768206 0.765531 0.806053 0.768206 0.80887 0.725692 0.768206 0.728133 0.770791 0.768206 0.80887 0.770791 0.811591 0.637663 0.683722 0.639732 0.68594 0.683722 0.728133 0.68594 0.730495 0.639732 0.68594 0.641727 0.68808 0.68594 0.730495 0.68808 0.732774 0.728133 0.770791 0.730495 0.773291 0.770791 0.811591 0.773291 0.814224 0.730495 0.773291 0.732774 0.775703 0.773291 0.814224 0.775703 0.816764 0.442029 0.49386 0.443357 0.495343 0.49386 0.5445 0.495343 0.546136 0.443357 0.495343 0.444636 0.496772 0.495343 0.546136 0.496772 0.547712 0.5445 0.593829 0.546136 0.595613 0.593829 0.641727 0.595613 0.643655 0.546136 0.595613 0.547712 0.597331 0.595613 0.643655 0.597331 0.645512 0.444636 0.496772 0.44587 0.498151 0.496772 0.547712 0.498151 0.549232 0.44587 0.498151 0.447056 0.499476 0.498151 0.549232 0.499476 0.550693 0.547712 0.597331 0.549232 0.598989 0.597331 0.645512 0.598989 0.647303 0.549232 0.598989 0.550693 0.600582 0.598989 0.647303 0.600582 0.649025 0.641727 0.68808 0.643655 0.690147 0.68808 0.732774 0.690147 0.734976 0.643655 0.690147 0.645512 0.692138 0.690147 0.734976 0.692138 0.737096 0.732774 0.775703 0.734976 0.778034 0.775703 0.816764 0.778034 0.819218 0.734976 0.778034 0.737096 0.780278 0.778034 0.819218 0.780278 0.821581 0.645512 0.692138 0.647303 0.694058 0.692138 0.737096 0.694058 0.739141 0.647303 0.694058 0.649025 0.695905 0.694058 0.739141 0.695905 0.741108 0.737096 0.780278 0.739141 0.782444 0.780278 0.821581 0.782444 0.823861 0.739141 0.782444 0.741108 0.784525 0.782444 0.823861 0.784525 0.826053 0.780037 0.817372 0.783642 0.821149 0.817372 0.852738 0.821149 0.856679 0.783642 0.821149 0.787142 0.824817 0.821149 0.856679 0.824817 0.860505 0.852738 0.886049 0.856679 0.890144 0.886049 0.917226 0.890144 0.921465 0.856679 0.890144 0.860505 0.89412 0.890144 0.921465 0.89412 0.925581 0.787142 0.824817 0.790542 0.828379 0.824817 0.860505 0.828379 0.864222 0.790542 0.828379 0.793839 0.831835 0.828379 0.864222 0.831835 0.867826 0.860505 0.89412 0.864222 0.897982 0.89412 0.925581 0.897982 0.929579 0.864222 0.897982 0.867826 0.901727 0.897982 0.929579 0.901727 0.933456 0.917226 0.946194 0.921465 0.950567 0.946194 0.972882 0.950567 0.977378 0.921465 0.950567 0.925581 0.954812 0.950567 0.977378 0.954812 0.981743 0.972882 0.997226 0.977378 1.00183 0.997226 1.01917 1.00183 1.02388 0.977378 1.00183 0.981743 1.00631 1.00183 1.02388 1.00631 1.02845 0.925581 0.954812 0.929579 0.958936 0.954812 0.981743 0.958936 0.985983 0.929579 0.958936 0.933456 0.962936 0.958936 0.985983 0.962936 0.990096 0.981743 1.00631 0.985983 1.01066 1.00631 1.02845 1.01066 1.03289 0.985983 1.01066 0.990096 1.01487 1.01066 1.03289 1.01487 1.0372 0.793839 0.831835 0.797039 0.835188 0.831835 0.867826 0.835188 0.871324 0.797039 0.835188 0.800139 0.838436 0.835188 0.871324 0.838436 0.874714 0.867826 0.901727 0.871324 0.905362 0.901727 0.933456 0.905362 0.937219 0.871324 0.905362 0.874714 0.908884 0.905362 0.937219 0.908884 0.940864 0.800139 0.838436 0.803145 0.841586 0.838436 0.874714 0.841586 0.877999 0.803145 0.841586 0.806053 0.844633 0.841586 0.877999 0.844633 0.881179 0.874714 0.908884 0.877999 0.912298 0.908884 0.940864 0.912298 0.944398 0.877999 0.912298 0.881179 0.915601 0.912298 0.944398 0.915601 0.947818 0.933456 0.962936 0.937219 0.966817 0.962936 0.990096 0.966817 0.994087 0.937219 0.966817 0.940864 0.970578 0.966817 0.994087 0.970578 0.997954 0.990096 1.01487 0.994087 1.01896 1.01487 1.0372 1.01896 1.04138 0.994087 1.01896 0.997954 1.02293 1.01896 1.04138 1.02293 1.04543 0.940864 0.970578 0.944398 0.974224 0.970578 0.997954 0.974224 1.0017 0.944398 0.974224 0.947818 0.977752 0.974224 1.0017 0.977752 1.00533 0.997954 1.02293 1.0017 1.02677 1.02293 1.04543 1.02677 1.04936 1.0017 1.02677 1.00533 1.03049 1.02677 1.04936 1.03049 1.05316 1.01917 1.03865 1.02388 1.04345 1.03865 1.05564 1.04345 1.06052 1.02388 1.04345 1.02845 1.04811 1.04345 1.06052 1.04811 1.06525 1.05564 1.07008 1.06052 1.07502 1.07008 1.08194 1.07502 1.08694 1.06052 1.07502 1.06525 1.07983 1.07502 1.08694 1.07983 1.0918 1.02845 1.04811 1.03289 1.05264 1.04811 1.06525 1.05264 1.06985 1.03289 1.05264 1.0372 1.05703 1.05264 1.06985 1.05703 1.07432 1.06525 1.07983 1.06985 1.08449 1.07983 1.0918 1.08449 1.09651 1.06985 1.08449 1.07432 1.08901 1.08449 1.09651 1.08901 1.10109 1.08194 1.0912 1.08694 1.09624 1.0912 1.09783 1.09624 1.1029 1.08694 1.09624 1.0918 1.10114 1.09624 1.1029 1.10114 1.10783 1.09783 1.10181 1.1029 1.1069 1.10181 1.10314 1.1069 1.10824 1.1029 1.1069 1.10783 1.11185 1.1069 1.10824 1.11185 1.11319 1.0918 1.10114 1.09651 1.10589 1.10114 1.10783 1.10589 1.11261 1.09651 1.10589 1.10109 1.11051 1.10589 1.11261 1.11051 1.11725 1.10783 1.11185 1.11261 1.11665 1.11185 1.11319 1.11665 1.11799 1.11261 1.11665 1.11725 1.12131 1.11665 1.11799 1.12131 1.12266 1.0372 1.05703 1.04138 1.06129 1.05703 1.07432 1.06129 1.07865 1.04138 1.06129 1.04543 1.06542 1.06129 1.07865 1.06542 1.08284 1.07432 1.08901 1.07865 1.0934 1.08901 1.10109 1.0934 1.10552 1.07865 1.0934 1.08284 1.09766 1.0934 1.10552 1.09766 1.10982 1.04543 1.06542 1.04936 1.06942 1.06542 1.08284 1.06942 1.08691 1.04936 1.06942 1.05316 1.0733 1.06942 1.08691 1.0733 1.09085 1.08284 1.09766 1.08691 1.10178 1.09766 1.10982 1.10178 1.11399 1.08691 1.10178 1.09085 1.10577 1.10178 1.11399 1.10577 1.11803 1.10109 1.11051 1.10552 1.11498 1.11051 1.11725 1.11498 1.12176 1.10552 1.11498 1.10982 1.11932 1.11498 1.12176 1.11932 1.12612 1.11725 1.12131 1.12176 1.12583 1.12131 1.12266 1.12583 1.12718 1.12176 1.12583 1.12612 1.1302 1.12583 1.12718 1.1302 1.13157 1.10982 1.11932 1.11399 1.12352 1.11932 1.12612 1.12352 1.13035 1.11399 1.12352 1.11803 1.12759 1.12352 1.13035 1.12759 1.13444 1.12612 1.1302 1.13035 1.13445 1.1302 1.13157 1.13445 1.13582 1.13035 1.13445 1.13444 1.13856 1.13445 1.13582 1.13856 1.13993 0.806053 0.844633 0.80887 0.847585 0.844633 0.881179 0.847585 0.884258 0.80887 0.847585 0.811591 0.850437 0.847585 0.884258 0.850437 0.887233 0.881179 0.915601 0.884258 0.918801 0.915601 0.947818 0.918801 0.95113 0.884258 0.918801 0.887233 0.921892 0.918801 0.95113 0.921892 0.95433 0.811591 0.850437 0.814224 0.853195 0.850437 0.887233 0.853195 0.890111 0.814224 0.853195 0.816764 0.855857 0.853195 0.890111 0.855857 0.892888 0.887233 0.921892 0.890111 0.924883 0.921892 0.95433 0.924883 0.957426 0.890111 0.924883 0.892888 0.927768 0.924883 0.957426 0.927768 0.960413 0.947818 0.977752 0.95113 0.981168 0.977752 1.00533 0.981168 1.00884 0.95113 0.981168 0.95433 0.984469 0.981168 1.00884 0.984469 1.01224 1.00533 1.03049 1.00884 1.03409 1.03049 1.05316 1.03409 1.05684 1.00884 1.03409 1.01224 1.03757 1.03409 1.05684 1.03757 1.0604 0.95433 0.984469 0.957426 0.987663 0.984469 1.01224 0.987663 1.01552 0.957426 0.987663 0.960413 0.990744 0.987663 1.01552 0.990744 1.01869 1.01224 1.03757 1.01552 1.04093 1.03757 1.0604 1.04093 1.06383 1.01552 1.04093 1.01869 1.04418 1.04093 1.06383 1.04418 1.06715 0.816764 0.855857 0.819218 0.858428 0.855857 0.892888 0.858428 0.89557 0.819218 0.858428 0.821581 0.860905 0.858428 0.89557 0.860905 0.898154 0.892888 0.927768 0.89557 0.930555 0.927768 0.960413 0.930555 0.963298 0.89557 0.930555 0.898154 0.93324 0.930555 0.963298 0.93324 0.966077 0.821581 0.860905 0.823861 0.863294 0.860905 0.898154 0.863294 0.900646 0.823861 0.863294 0.826053 0.86559 0.863294 0.900646 0.86559 0.903042 0.898154 0.93324 0.900646 0.93583 0.93324 0.966077 0.93583 0.968758 0.900646 0.93583 0.903042 0.938319 0.93583 0.968758 0.938319 0.971335 0.960413 0.990744 0.963298 0.993721 0.990744 1.01869 0.993721 1.02175 0.963298 0.993721 0.966077 0.996587 0.993721 1.02175 0.996587 1.0247 1.01869 1.04418 1.02175 1.04732 1.04418 1.06715 1.04732 1.07036 1.02175 1.04732 1.0247 1.05034 1.04732 1.07036 1.05034 1.07345 0.966077 0.996587 0.968758 0.999353 0.996587 1.0247 0.999353 1.02754 0.968758 0.999353 0.971335 1.00201 0.999353 1.02754 1.00201 1.03027 1.0247 1.05034 1.02754 1.05325 1.05034 1.07345 1.05325 1.07643 1.02754 1.05325 1.03027 1.05605 1.05325 1.07643 1.05605 1.07929 1.05316 1.0733 1.05684 1.07705 1.0733 1.09085 1.07705 1.09466 1.05684 1.07705 1.0604 1.08067 1.07705 1.09466 1.08067 1.09834 1.09085 1.10577 1.09466 1.10963 1.10577 1.11803 1.10963 1.12193 1.09466 1.10963 1.09834 1.11337 1.10963 1.12193 1.11337 1.12571 1.0604 1.08067 1.06383 1.08418 1.08067 1.09834 1.08418 1.1019 1.06383 1.08418 1.06715 1.08756 1.08418 1.1019 1.08756 1.10534 1.09834 1.11337 1.1019 1.11698 1.11337 1.12571 1.11698 1.12936 1.1019 1.11698 1.10534 1.12046 1.11698 1.12936 1.12046 1.13288 1.11803 1.12759 1.12193 1.13153 1.12759 1.13444 1.13153 1.13841 1.12193 1.13153 1.12571 1.13534 1.13153 1.13841 1.13534 1.14224 1.13444 1.13856 1.13841 1.14254 1.13856 1.13993 1.14254 1.14391 1.13841 1.14254 1.14224 1.14638 1.14254 1.14391 1.14638 1.14776 1.12571 1.13534 1.12936 1.13902 1.13534 1.14224 1.13902 1.14594 1.12936 1.13902 1.13288 1.14258 1.13902 1.14594 1.14258 1.14952 1.14224 1.14638 1.14594 1.1501 1.14638 1.14776 1.1501 1.15149 1.14594 1.1501 1.14952 1.15369 1.1501 1.15149 1.15369 1.15508 1.06715 1.08756 1.07036 1.09082 1.08756 1.10534 1.09082 1.10866 1.07036 1.09082 1.07345 1.09397 1.09082 1.10866 1.09397 1.11186 1.10534 1.12046 1.10866 1.12383 1.12046 1.13288 1.12383 1.13629 1.10866 1.12383 1.11186 1.12707 1.12383 1.13629 1.12707 1.13957 1.07345 1.09397 1.07643 1.09701 1.09397 1.11186 1.09701 1.11495 1.07643 1.09701 1.07929 1.09993 1.09701 1.11495 1.09993 1.11791 1.11186 1.12707 1.11495 1.1302 1.12707 1.13957 1.1302 1.14273 1.11495 1.1302 1.11791 1.1332 1.1302 1.14273 1.1332 1.14577 1.13288 1.14258 1.13629 1.14601 1.14258 1.14952 1.14601 1.15297 1.13629 1.14601 1.13957 1.14932 1.14601 1.15297 1.14932 1.1563 1.14952 1.15369 1.15297 1.15715 1.15369 1.15508 1.15715 1.15855 1.15297 1.15715 1.1563 1.16049 1.15715 1.15855 1.16049 1.16189 1.13957 1.14932 1.14273 1.1525 1.14932 1.1563 1.1525 1.15951 1.14273 1.1525 1.14577 1.15557 1.1525 1.15951 1.15557 1.16259 1.1563 1.16049 1.15951 1.16371 1.16049 1.16189 1.16371 1.16512 1.15951 1.16371 1.16259 1.16681 1.16371 1.16512 1.16681 1.16821 1 0.998795 1.00773 1.00651 0.998795 0.995185 1.00651 1.00287 1.00773 1.00651 1.01527 1.01405 1.00651 1.00287 1.01405 1.01038 0.995185 0.989177 1.00287 0.996818 0.989177 0.980785 0.996818 0.988362 1.00287 0.996818 1.01038 1.00428 0.996818 0.988362 1.00428 0.99576 1.01527 1.01405 1.02263 1.0214 1.01405 1.01038 1.0214 1.01771 1.02263 1.0214 1.02982 1.02858 1.0214 1.01771 1.02858 1.02486 1.01038 1.00428 1.01771 1.01156 1.00428 0.99576 1.01156 1.00298 1.01771 1.01156 1.02486 1.01867 1.01156 1.00298 1.01867 1.01003 0.980785 0.970031 0.988362 0.977525 0.970031 0.95694 0.977525 0.964333 0.988362 0.977525 0.99576 0.984842 0.977525 0.964333 0.984842 0.971551 0.95694 0.941544 0.964333 0.948818 0.941544 0.92388 0.948818 0.931017 0.964333 0.948818 0.971551 0.95592 0.948818 0.931017 0.95592 0.937985 0.99576 0.984842 1.00298 0.991986 0.984842 0.971551 0.991986 0.978599 1.00298 0.991986 1.01003 0.998958 0.991986 0.978599 0.998958 0.985477 0.971551 0.95592 0.978599 0.962854 0.95592 0.937985 0.962854 0.94479 0.978599 0.962854 0.985477 0.969622 0.962854 0.94479 0.969622 0.95143 1.02982 1.02858 1.03684 1.03559 1.02858 1.02486 1.03559 1.03184 1.03684 1.03559 1.04368 1.04242 1.03559 1.03184 1.04242 1.03865 1.02486 1.01867 1.03184 1.02561 1.01867 1.01003 1.02561 1.01691 1.03184 1.02561 1.03865 1.03238 1.02561 1.01691 1.03238 1.02362 1.04368 1.04242 1.05035 1.04909 1.04242 1.03865 1.04909 1.04529 1.05035 1.04909 1.05686 1.05558 1.04909 1.04529 1.05558 1.05177 1.03865 1.03238 1.04529 1.03898 1.03238 1.02362 1.03898 1.03017 1.04529 1.03898 1.05177 1.04542 1.03898 1.03017 1.04542 1.03655 1.01003 0.998958 1.01691 1.00576 0.998958 0.985477 1.00576 0.99219 1.01691 1.00576 1.02362 1.0124 1.00576 0.99219 1.0124 0.998737 0.985477 0.969622 0.99219 0.976226 0.969622 0.95143 0.976226 0.957911 0.99219 0.976226 0.998737 0.982668 0.976226 0.957911 0.982668 0.964232 1.02362 1.0124 1.03017 1.01887 1.0124 0.998737 1.01887 1.00512 1.03017 1.01887 1.03655 1.02518 1.01887 1.00512 1.02518 1.01135 0.998737 0.982668 1.00512 0.988951 0.982668 0.964232 0.988951 0.970397 1.00512 0.988951 1.01135 0.995076 0.988951 0.970397 0.995076 0.976407 0.92388 0.903989 0.931017 0.910973 0.903989 0.881921 0.910973 0.888734 0.931017 0.910973 0.937985 0.917792 0.910973 0.888734 0.917792 0.895387 0.881921 0.857729 0.888734 0.864355 0.857729 0.83147 0.864355 0.837893 0.888734 0.864355 0.895387 0.870825 0.864355 0.837893 0.870825 0.844165 0.937985 0.917792 0.94479 0.92445 0.917792 0.895387 0.92445 0.901882 0.94479 0.92445 0.95143 0.930947 0.92445 0.901882 0.930947 0.908221 0.895387 0.870825 0.901882 0.877142 0.870825 0.844165 0.877142 0.850289 0.901882 0.877142 0.908221 0.883307 0.877142 0.850289 0.883307 0.856265 0.83147 0.803208 0.837893 0.809412 0.803208 0.77301 0.809412 0.778982 0.837893 0.809412 0.844165 0.815471 0.809412 0.778982 0.815471 0.784813 0.77301 0.740951 0.778982 0.746675 0.740951 0.707107 0.746675 0.712569 0.778982 0.746675 0.784813 0.752264 0.746675 0.712569 0.752264 0.717903 0.844165 0.815471 0.850289 0.821387 0.815471 0.784813 0.821387 0.790506 0.850289 0.821387 0.856265 0.82716 0.821387 0.790506 0.82716 0.796062 0.784813 0.752264 0.790506 0.757721 0.752264 0.717903 0.757721 0.723111 0.790506 0.757721 0.796062 0.763047 0.757721 0.723111 0.763047 0.728193 0.95143 0.930947 0.957911 0.937288 0.930947 0.908221 0.937288 0.914407 0.957911 0.937288 0.964232 0.943473 0.937288 0.914407 0.943473 0.920441 0.908221 0.883307 0.914407 0.889323 0.883307 0.856265 0.889323 0.862097 0.914407 0.889323 0.920441 0.895192 0.889323 0.862097 0.895192 0.867786 0.964232 0.943473 0.970397 0.949506 0.943473 0.920441 0.949506 0.926326 0.970397 0.949506 0.976407 0.955386 0.949506 0.926326 0.955386 0.932063 0.920441 0.895192 0.926326 0.900916 0.895192 0.867786 0.900916 0.873334 0.926326 0.900916 0.932063 0.906495 0.900916 0.873334 0.906495 0.878743 0.856265 0.82716 0.862097 0.832794 0.82716 0.796062 0.832794 0.801485 0.862097 0.832794 0.867786 0.838289 0.832794 0.801485 0.838289 0.806773 0.796062 0.763047 0.801485 0.768244 0.763047 0.728193 0.768244 0.733153 0.801485 0.768244 0.806773 0.773314 0.768244 0.733153 0.773314 0.737991 0.867786 0.838289 0.873334 0.843649 0.838289 0.806773 0.843649 0.811932 0.873334 0.843649 0.878743 0.848874 0.843649 0.811932 0.848874 0.81696 0.806773 0.773314 0.811932 0.778258 0.773314 0.737991 0.778258 0.74271 0.811932 0.778258 0.81696 0.783078 0.778258 0.74271 0.783078 0.747309 1.05686 1.05558 1.0632 1.06192 1.05558 1.05177 1.06192 1.05808 1.0632 1.06192 1.06937 1.06808 1.06192 1.05808 1.06808 1.06422 1.05177 1.04542 1.05808 1.05169 1.04542 1.03655 1.05169 1.04277 1.05808 1.05169 1.06422 1.0578 1.05169 1.04277 1.0578 1.04883 1.06937 1.06808 1.07539 1.0741 1.06808 1.06422 1.0741 1.07021 1.07539 1.0741 1.08125 1.07995 1.0741 1.07021 1.07995 1.07604 1.06422 1.0578 1.07021 1.06375 1.0578 1.04883 1.06375 1.05473 1.07021 1.06375 1.07604 1.06955 1.06375 1.05473 1.06955 1.06047 1.03655 1.02518 1.04277 1.03133 1.02518 1.01135 1.03133 1.01742 1.04277 1.03133 1.04883 1.03733 1.03133 1.01742 1.03733 1.02333 1.01135 0.995076 1.01742 1.00105 0.995076 0.976407 1.00105 0.982265 1.01742 1.00105 1.02333 1.00686 1.00105 0.982265 1.00686 0.987972 1.04883 1.03733 1.05473 1.04316 1.03733 1.02333 1.04316 1.02908 1.05473 1.04316 1.06047 1.04884 1.04316 1.02908 1.04884 1.03469 1.02333 1.00686 1.02908 1.01253 1.00686 0.987972 1.01253 0.993532 1.02908 1.01253 1.03469 1.01804 1.01253 0.993532 1.01804 0.998943 1.08125 1.07995 1.08695 1.08564 1.07995 1.07604 1.08564 1.08172 1.08695 1.08564 1.0925 1.09118 1.08564 1.08172 1.09118 1.08724 1.07604 1.06955 1.08172 1.07519 1.06955 1.06047 1.07519 1.06607 1.08172 1.07519 1.08724 1.08067 1.07519 1.06607 1.08067 1.07151 1.0925 1.09118 1.09789 1.09657 1.09118 1.08724 1.09657 1.09261 1.09789 1.09657 1.10314 1.10181 1.09657 1.09261 1.10181 1.09783 1.08724 1.08067 1.09261 1.08601 1.08067 1.07151 1.08601 1.0768 1.09261 1.08601 1.09783 1.0912 1.08601 1.0768 1.0912 1.08194 1.06047 1.04884 1.06607 1.05438 1.04884 1.03469 1.05438 1.04015 1.06607 1.05438 1.07151 1.05976 1.05438 1.04015 1.05976 1.04546 1.03469 1.01804 1.04015 1.02341 1.01804 0.998943 1.02341 1.00421 1.04015 1.02341 1.04546 1.02864 1.02341 1.00421 1.02864 1.00934 1.07151 1.05976 1.0768 1.06499 1.05976 1.04546 1.06499 1.05062 1.0768 1.06499 1.08194 1.07008 1.06499 1.05062 1.07008 1.05564 1.04546 1.02864 1.05062 1.03372 1.02864 1.00934 1.03372 1.01432 1.05062 1.03372 1.05564 1.03865 1.03372 1.01432 1.03865 1.01917 0.976407 0.955386 0.982265 0.961118 0.955386 0.932063 0.961118 0.937655 0.982265 0.961118 0.987972 0.966702 0.961118 0.937655 0.966702 0.943103 0.932063 0.906495 0.937655 0.911934 0.906495 0.878743 0.911934 0.884015 0.937655 0.911934 0.943103 0.917232 0.911934 0.884015 0.917232 0.889151 0.987972 0.966702 0.993532 0.972142 0.966702 0.943103 0.972142 0.94841 0.993532 0.972142 0.998943 0.977437 0.972142 0.94841 0.977437 0.953576 0.943103 0.917232 0.94841 0.922394 0.917232 0.889151 0.922394 0.894155 0.94841 0.922394 0.953576 0.927418 0.922394 0.894155 0.927418 0.899025 0.878743 0.848874 0.884015 0.853967 0.848874 0.81696 0.853967 0.821862 0.884015 0.853967 0.889151 0.858929 0.853967 0.821862 0.858929 0.826637 0.81696 0.783078 0.821862 0.787776 0.783078 0.747309 0.787776 0.751793 0.821862 0.787776 0.826637 0.792353 0.787776 0.751793 0.792353 0.756161 0.889151 0.858929 0.894155 0.863762 0.858929 0.826637 0.863762 0.831288 0.894155 0.863762 0.899025 0.868467 0.863762 0.831288 0.868467 0.835816 0.826637 0.792353 0.831288 0.796812 0.792353 0.756161 0.796812 0.760416 0.831288 0.796812 0.835816 0.801152 0.796812 0.760416 0.801152 0.764558 0.998943 0.977437 1.00421 0.982592 0.977437 0.953576 0.982592 0.958605 1.00421 0.982592 1.00934 0.987607 0.982592 0.958605 0.987607 0.963497 0.953576 0.927418 0.958605 0.932309 0.927418 0.899025 0.932309 0.903767 0.958605 0.932309 0.963497 0.937067 0.932309 0.903767 0.937067 0.908379 1.00934 0.987607 1.01432 0.992485 0.987607 0.963497 0.992485 0.968257 1.01432 0.992485 1.01917 0.997226 0.992485 0.968257 0.997226 0.972882 0.963497 0.937067 0.968257 0.941696 0.937067 0.908379 0.941696 0.912866 0.968257 0.941696 0.972882 0.946194 0.941696 0.912866 0.946194 0.917226 0.899025 0.868467 0.903767 0.873047 0.868467 0.835816 0.873047 0.840225 0.903767 0.873047 0.908379 0.877503 0.873047 0.840225 0.877503 0.844512 0.835816 0.801152 0.840225 0.805378 0.801152 0.764558 0.805378 0.768591 0.840225 0.805378 0.844512 0.809488 0.805378 0.768591 0.809488 0.772513 0.908379 0.877503 0.912866 0.881837 0.877503 0.844512 0.881837 0.848684 0.912866 0.881837 0.917226 0.886049 0.881837 0.848684 0.886049 0.852738 0.844512 0.809488 0.848684 0.813486 0.809488 0.772513 0.813486 0.776329 0.848684 0.813486 0.852738 0.817372 0.813486 0.776329 0.817372 0.780037 0.707107 0.671559 0.712569 0.676747 0.671559 0.634393 0.676747 0.639294 0.712569 0.676747 0.717903 0.681812 0.676747 0.639294 0.681812 0.644079 0.634393 0.595699 0.639294 0.600301 0.595699 0.55557 0.600301 0.559862 0.639294 0.600301 0.644079 0.604795 0.600301 0.559862 0.604795 0.564053 0.717903 0.681812 0.723111 0.686759 0.681812 0.644079 0.686759 0.648752 0.723111 0.686759 0.728193 0.691585 0.686759 0.648752 0.691585 0.653311 0.644079 0.604795 0.648752 0.609182 0.604795 0.564053 0.609182 0.568145 0.648752 0.609182 0.653311 0.613464 0.609182 0.568145 0.613464 0.572138 0.55557 0.514103 0.559862 0.518074 0.514103 0.471397 0.518074 0.475038 0.559862 0.518074 0.564053 0.521952 0.518074 0.475038 0.521952 0.478594 0.471397 0.427555 0.475038 0.430858 0.427555 0.382683 0.430858 0.38564 0.475038 0.430858 0.478594 0.434083 0.430858 0.38564 0.434083 0.388526 0.564053 0.521952 0.568145 0.525739 0.521952 0.478594 0.525739 0.482066 0.568145 0.525739 0.572138 0.529434 0.525739 0.482066 0.529434 0.485454 0.478594 0.434083 0.482066 0.437232 0.434083 0.388526 0.437232 0.391345 0.482066 0.437232 0.485454 0.440305 0.437232 0.391345 0.440305 0.394095 0.728193 0.691585 0.733153 0.696296 0.691585 0.653311 0.696296 0.657761 0.733153 0.696296 0.737991 0.700891 0.696296 0.657761 0.700891 0.662102 0.653311 0.613464 0.657761 0.617642 0.613464 0.572138 0.617642 0.576035 0.657761 0.617642 0.662102 0.621718 0.617642 0.576035 0.621718 0.579836 0.737991 0.700891 0.74271 0.705372 0.700891 0.662102 0.705372 0.666335 0.74271 0.705372 0.747309 0.709741 0.705372 0.666335 0.709741 0.670462 0.662102 0.621718 0.666335 0.625693 0.621718 0.579836 0.625693 0.583543 0.666335 0.625693 0.670462 0.629568 0.625693 0.583543 0.629568 0.587157 0.572138 0.529434 0.576035 0.53304 0.529434 0.485454 0.53304 0.488761 0.576035 0.53304 0.579836 0.536557 0.53304 0.488761 0.536557 0.491986 0.485454 0.440305 0.488761 0.443304 0.440305 0.394095 0.443304 0.39678 0.488761 0.443304 0.491986 0.446229 0.443304 0.39678 0.446229 0.399398 0.579836 0.536557 0.583543 0.539988 0.536557 0.491986 0.539988 0.495132 0.583543 0.539988 0.587157 0.543332 0.539988 0.495132 0.543332 0.498198 0.491986 0.446229 0.495132 0.449083 0.446229 0.399398 0.449083 0.401952 0.495132 0.449083 0.498198 0.451864 0.449083 0.401952 0.451864 0.404441 0.382683 0.33689 0.38564 0.339492 0.33689 0.290285 0.339492 0.292527 0.38564 0.339492 0.388526 0.342034 0.339492 0.292527 0.342034 0.294717 0.290285 0.24298 0.292527 0.244857 0.24298 0.19509 0.244857 0.196597 0.292527 0.244857 0.294717 0.24669 0.244857 0.196597 0.24669 0.198069 0.388526 0.342034 0.391345 0.344515 0.342034 0.294717 0.344515 0.296855 0.391345 0.344515 0.394095 0.346936 0.344515 0.296855 0.346936 0.298941 0.294717 0.24669 0.296855 0.24848 0.24669 0.198069 0.24848 0.199506 0.296855 0.24848 0.298941 0.250226 0.24848 0.199506 0.250226 0.200908 0.19509 0.14673 0.196597 0.147864 0.14673 0.0980171 0.147864 0.0987743 0.196597 0.147864 0.198069 0.148971 0.147864 0.0987743 0.148971 0.0995137 0.0980171 0.0490677 0.0987743 0.0494467 0.0490677 1.22465e-16 0.0494467 1.2341e-16 0.0987743 0.0494467 0.0995137 0.0498168 0.0494467 1.2341e-16 0.0498168 1.24334e-16 0.198069 0.148971 0.199506 0.150051 0.148971 0.0995137 0.150051 0.100236 0.199506 0.150051 0.200908 0.151106 0.150051 0.100236 0.151106 0.10094 0.0995137 0.0498168 0.100236 0.0501782 0.0498168 1.24334e-16 0.0501782 1.25235e-16 0.100236 0.0501782 0.10094 0.0505309 0.0501782 1.25235e-16 0.0505309 1.26115e-16 0.394095 0.346936 0.39678 0.349299 0.346936 0.298941 0.349299 0.300977 0.39678 0.349299 0.399398 0.351604 0.349299 0.300977 0.351604 0.302963 0.298941 0.250226 0.300977 0.25193 0.250226 0.200908 0.25193 0.202277 0.300977 0.25193 0.302963 0.253593 0.25193 0.202277 0.253593 0.203611 0.399398 0.351604 0.401952 0.353852 0.351604 0.302963 0.353852 0.304901 0.401952 0.353852 0.404441 0.356044 0.353852 0.304901 0.356044 0.306789 0.302963 0.253593 0.304901 0.255214 0.253593 0.203611 0.255214 0.204913 0.304901 0.255214 0.306789 0.256795 0.255214 0.204913 0.256795 0.206182 0.200908 0.151106 0.202277 0.152135 0.151106 0.10094 0.152135 0.101628 0.202277 0.152135 0.203611 0.153139 0.152135 0.101628 0.153139 0.102298 0.10094 0.0505309 0.101628 0.0508751 0.0505309 1.26115e-16 0.0508751 1.26974e-16 0.101628 0.0508751 0.102298 0.0512108 0.0508751 1.26974e-16 0.0512108 1.27812e-16 0.203611 0.153139 0.204913 0.154118 0.153139 0.102298 0.154118 0.102952 0.204913 0.154118 0.206182 0.155073 0.154118 0.102952 0.155073 0.10359 0.102298 0.0512108 0.102952 0.0515383 0.0512108 1.27812e-16 0.0515383 1.28629e-16 0.102952 0.0515383 0.10359 0.0518574 0.0515383 1.28629e-16 0.0518574 1.29426e-16 0.747309 0.709741 0.751793 0.713999 0.709741 0.670462 0.713999 0.674485 0.751793 0.713999 0.756161 0.718147 0.713999 0.674485 0.718147 0.678403 0.670462 0.629568 0.674485 0.633345 0.629568 0.587157 0.633345 0.59068 0.674485 0.633345 0.678403 0.637025 0.633345 0.59068 0.637025 0.594112 0.756161 0.718147 0.760416 0.722188 0.718147 0.678403 0.722188 0.682221 0.760416 0.722188 0.764558 0.726122 0.722188 0.682221 0.726122 0.685937 0.678403 0.637025 0.682221 0.64061 0.637025 0.594112 0.64061 0.597455 0.682221 0.64061 0.685937 0.644099 0.64061 0.597455 0.644099 0.600709 0.587157 0.543332 0.59068 0.546592 0.543332 0.498198 0.546592 0.501187 0.59068 0.546592 0.594112 0.549768 0.546592 0.501187 0.549768 0.504099 0.498198 0.451864 0.501187 0.454575 0.451864 0.404441 0.454575 0.406868 0.501187 0.454575 0.504099 0.457216 0.454575 0.406868 0.457216 0.409231 0.594112 0.549768 0.597455 0.552861 0.549768 0.504099 0.552861 0.506936 0.597455 0.552861 0.600709 0.555873 0.552861 0.506936 0.555873 0.509697 0.504099 0.457216 0.506936 0.459789 0.457216 0.409231 0.459789 0.411534 0.506936 0.459789 0.509697 0.462293 0.459789 0.411534 0.462293 0.413776 0.764558 0.726122 0.768591 0.729952 0.726122 0.685937 0.729952 0.689555 0.768591 0.729952 0.772513 0.733677 0.729952 0.689555 0.733677 0.693073 0.685937 0.644099 0.689555 0.647496 0.644099 0.600709 0.647496 0.603878 0.689555 0.647496 0.693073 0.6508 0.647496 0.603878 0.6508 0.606959 0.772513 0.733677 0.776329 0.737301 0.733677 0.693073 0.737301 0.696497 0.776329 0.737301 0.780037 0.740823 0.737301 0.696497 0.740823 0.699824 0.693073 0.6508 0.696497 0.654015 0.6508 0.606959 0.654015 0.609958 0.696497 0.654015 0.699824 0.657139 0.654015 0.609958 0.657139 0.612871 0.600709 0.555873 0.603878 0.558805 0.555873 0.509697 0.558805 0.512385 0.603878 0.558805 0.606959 0.561656 0.558805 0.512385 0.561656 0.515 0.509697 0.462293 0.512385 0.464732 0.462293 0.413776 0.464732 0.415958 0.512385 0.464732 0.515 0.467103 0.464732 0.415958 0.467103 0.418081 0.606959 0.561656 0.609958 0.564431 0.561656 0.515 0.564431 0.517544 0.609958 0.564431 0.612871 0.567127 0.564431 0.517544 0.567127 0.520016 0.515 0.467103 0.517544 0.46941 0.467103 0.418081 0.46941 0.420146 0.517544 0.46941 0.520016 0.471653 0.46941 0.420146 0.471653 0.422153 0.404441 0.356044 0.406868 0.35818 0.356044 0.306789 0.35818 0.30863 0.406868 0.35818 0.409231 0.360261 0.35818 0.30863 0.360261 0.310423 0.306789 0.256795 0.30863 0.258336 0.256795 0.206182 0.258336 0.207419 0.30863 0.258336 0.310423 0.259836 0.258336 0.207419 0.259836 0.208624 0.409231 0.360261 0.411534 0.362288 0.360261 0.310423 0.362288 0.312169 0.411534 0.362288 0.413776 0.364262 0.362288 0.312169 0.364262 0.31387 0.310423 0.259836 0.312169 0.261299 0.259836 0.208624 0.261299 0.209798 0.312169 0.261299 0.31387 0.262722 0.261299 0.209798 0.262722 0.210941 0.206182 0.155073 0.207419 0.156003 0.155073 0.10359 0.156003 0.104211 0.207419 0.156003 0.208624 0.15691 0.156003 0.104211 0.15691 0.104817 0.10359 0.0518574 0.104211 0.0521686 0.0518574 1.29426e-16 0.0521686 1.30202e-16 0.104211 0.0521686 0.104817 0.0524717 0.0521686 1.30202e-16 0.0524717 1.30958e-16 0.208624 0.15691 0.209798 0.157793 0.15691 0.104817 0.157793 0.105407 0.209798 0.157793 0.210941 0.158652 0.157793 0.105407 0.158652 0.105981 0.104817 0.0524717 0.105407 0.0527669 0.0524717 1.30958e-16 0.0527669 1.31695e-16 0.105407 0.0527669 0.105981 0.0530543 0.0527669 1.31695e-16 0.0530543 1.32413e-16 0.413776 0.364262 0.415958 0.366183 0.364262 0.31387 0.366183 0.315525 0.415958 0.366183 0.418081 0.368052 0.366183 0.315525 0.368052 0.317135 0.31387 0.262722 0.315525 0.264108 0.262722 0.210941 0.264108 0.212054 0.315525 0.264108 0.317135 0.265455 0.264108 0.212054 0.265455 0.213136 0.418081 0.368052 0.420146 0.36987 0.368052 0.317135 0.36987 0.318702 0.420146 0.36987 0.422153 0.371636 0.36987 0.318702 0.371636 0.320224 0.317135 0.265455 0.318702 0.266767 0.265455 0.213136 0.266767 0.214189 0.318702 0.266767 0.320224 0.268041 0.266767 0.214189 0.268041 0.215212 0.210941 0.158652 0.212054 0.159489 0.158652 0.105981 0.159489 0.10654 0.212054 0.159489 0.213136 0.160303 0.159489 0.10654 0.160303 0.107084 0.105981 0.0530543 0.10654 0.0533342 0.0530543 1.32413e-16 0.0533342 1.33111e-16 0.10654 0.0533342 0.107084 0.0536063 0.0533342 1.33111e-16 0.0536063 1.3379e-16 0.213136 0.160303 0.214189 0.161095 0.160303 0.107084 0.161095 0.107612 0.214189 0.161095 0.215212 0.161864 0.161095 0.107612 0.161864 0.108127 0.107084 0.0536063 0.107612 0.0538711 0.0536063 1.3379e-16 0.0538711 1.34451e-16 0.107612 0.0538711 0.108127 0.0541285 0.0538711 1.34451e-16 0.0541285 1.35093e-16 1.10314 1.10181 1.10824 1.1069 1.10181 1.09783 1.1069 1.1029 1.10824 1.1069 1.11319 1.11185 1.1069 1.1029 1.11185 1.10783 1.09783 1.0912 1.1029 1.09624 1.0912 1.08194 1.09624 1.08694 1.1029 1.09624 1.10783 1.10114 1.09624 1.08694 1.10114 1.0918 1.11319 1.11185 1.11799 1.11665 1.11185 1.10783 1.11665 1.11261 1.11799 1.11665 1.12266 1.12131 1.11665 1.11261 1.12131 1.11725 1.10783 1.10114 1.11261 1.10589 1.10114 1.0918 1.10589 1.09651 1.11261 1.10589 1.11725 1.11051 1.10589 1.09651 1.11051 1.10109 1.08194 1.07008 1.08694 1.07502 1.07008 1.05564 1.07502 1.06052 1.08694 1.07502 1.0918 1.07983 1.07502 1.06052 1.07983 1.06525 1.05564 1.03865 1.06052 1.04345 1.03865 1.01917 1.04345 1.02388 1.06052 1.04345 1.06525 1.04811 1.04345 1.02388 1.04811 1.02845 1.0918 1.07983 1.09651 1.08449 1.07983 1.06525 1.08449 1.06985 1.09651 1.08449 1.10109 1.08901 1.08449 1.06985 1.08901 1.07432 1.06525 1.04811 1.06985 1.05264 1.04811 1.02845 1.05264 1.03289 1.06985 1.05264 1.07432 1.05703 1.05264 1.03289 1.05703 1.0372 1.12266 1.12131 1.12718 1.12583 1.12131 1.11725 1.12583 1.12176 1.12718 1.12583 1.13157 1.1302 1.12583 1.12176 1.1302 1.12612 1.11725 1.11051 1.12176 1.11498 1.11051 1.10109 1.11498 1.10552 1.12176 1.11498 1.12612 1.11932 1.11498 1.10552 1.11932 1.10982 1.13157 1.1302 1.13582 1.13445 1.1302 1.12612 1.13445 1.13035 1.13582 1.13445 1.13993 1.13856 1.13445 1.13035 1.13856 1.13444 1.12612 1.11932 1.13035 1.12352 1.11932 1.10982 1.12352 1.11399 1.13035 1.12352 1.13444 1.12759 1.12352 1.11399 1.12759 1.11803 1.10109 1.08901 1.10552 1.0934 1.08901 1.07432 1.0934 1.07865 1.10552 1.0934 1.10982 1.09766 1.0934 1.07865 1.09766 1.08284 1.07432 1.05703 1.07865 1.06129 1.05703 1.0372 1.06129 1.04138 1.07865 1.06129 1.08284 1.06542 1.06129 1.04138 1.06542 1.04543 1.10982 1.09766 1.11399 1.10178 1.09766 1.08284 1.10178 1.08691 1.11399 1.10178 1.11803 1.10577 1.10178 1.08691 1.10577 1.09085 1.08284 1.06542 1.08691 1.06942 1.06542 1.04543 1.06942 1.04936 1.08691 1.06942 1.09085 1.0733 1.06942 1.04936 1.0733 1.05316 1.01917 0.997226 1.02388 1.00183 0.997226 0.972882 1.00183 0.977378 1.02388 1.00183 1.02845 1.00631 1.00183 0.977378 1.00631 0.981743 0.972882 0.946194 0.977378 0.950567 0.946194 0.917226 0.950567 0.921465 0.977378 0.950567 0.981743 0.954812 0.950567 0.921465 0.954812 0.925581 1.02845 1.00631 1.03289 1.01066 1.00631 0.981743 1.01066 0.985983 1.03289 1.01066 1.0372 1.01487 1.01066 0.985983 1.01487 0.990096 0.981743 0.954812 0.985983 0.958936 0.954812 0.925581 0.958936 0.929579 0.985983 0.958936 0.990096 0.962936 0.958936 0.929579 0.962936 0.933456 0.917226 0.886049 0.921465 0.890144 0.886049 0.852738 0.890144 0.856679 0.921465 0.890144 0.925581 0.89412 0.890144 0.856679 0.89412 0.860505 0.852738 0.817372 0.856679 0.821149 0.817372 0.780037 0.821149 0.783642 0.856679 0.821149 0.860505 0.824817 0.821149 0.783642 0.824817 0.787142 0.925581 0.89412 0.929579 0.897982 0.89412 0.860505 0.897982 0.864222 0.929579 0.897982 0.933456 0.901727 0.897982 0.864222 0.901727 0.867826 0.860505 0.824817 0.864222 0.828379 0.824817 0.787142 0.828379 0.790542 0.864222 0.828379 0.867826 0.831835 0.828379 0.790542 0.831835 0.793839 1.0372 1.01487 1.04138 1.01896 1.01487 0.990096 1.01896 0.994087 1.04138 1.01896 1.04543 1.02293 1.01896 0.994087 1.02293 0.997954 0.990096 0.962936 0.994087 0.966817 0.962936 0.933456 0.966817 0.937219 0.994087 0.966817 0.997954 0.970578 0.966817 0.937219 0.970578 0.940864 1.04543 1.02293 1.04936 1.02677 1.02293 0.997954 1.02677 1.0017 1.04936 1.02677 1.05316 1.03049 1.02677 1.0017 1.03049 1.00533 0.997954 0.970578 1.0017 0.974224 0.970578 0.940864 0.974224 0.944398 1.0017 0.974224 1.00533 0.977752 0.974224 0.944398 0.977752 0.947818 0.933456 0.901727 0.937219 0.905362 0.901727 0.867826 0.905362 0.871324 0.937219 0.905362 0.940864 0.908884 0.905362 0.871324 0.908884 0.874714 0.867826 0.831835 0.871324 0.835188 0.831835 0.793839 0.835188 0.797039 0.871324 0.835188 0.874714 0.838436 0.835188 0.797039 0.838436 0.800139 0.940864 0.908884 0.944398 0.912298 0.908884 0.874714 0.912298 0.877999 0.944398 0.912298 0.947818 0.915601 0.912298 0.877999 0.915601 0.881179 0.874714 0.838436 0.877999 0.841586 0.838436 0.800139 0.841586 0.803145 0.877999 0.841586 0.881179 0.844633 0.841586 0.803145 0.844633 0.806053 1.13993 1.13856 1.14391 1.14254 1.13856 1.13444 1.14254 1.13841 1.14391 1.14254 1.14776 1.14638 1.14254 1.13841 1.14638 1.14224 1.13444 1.12759 1.13841 1.13153 1.12759 1.11803 1.13153 1.12193 1.13841 1.13153 1.14224 1.13534 1.13153 1.12193 1.13534 1.12571 1.14776 1.14638 1.15149 1.1501 1.14638 1.14224 1.1501 1.14594 1.15149 1.1501 1.15508 1.15369 1.1501 1.14594 1.15369 1.14952 1.14224 1.13534 1.14594 1.13902 1.13534 1.12571 1.13902 1.12936 1.14594 1.13902 1.14952 1.14258 1.13902 1.12936 1.14258 1.13288 1.11803 1.10577 1.12193 1.10963 1.10577 1.09085 1.10963 1.09466 1.12193 1.10963 1.12571 1.11337 1.10963 1.09466 1.11337 1.09834 1.09085 1.0733 1.09466 1.07705 1.0733 1.05316 1.07705 1.05684 1.09466 1.07705 1.09834 1.08067 1.07705 1.05684 1.08067 1.0604 1.12571 1.11337 1.12936 1.11698 1.11337 1.09834 1.11698 1.1019 1.12936 1.11698 1.13288 1.12046 1.11698 1.1019 1.12046 1.10534 1.09834 1.08067 1.1019 1.08418 1.08067 1.0604 1.08418 1.06383 1.1019 1.08418 1.10534 1.08756 1.08418 1.06383 1.08756 1.06715 1.15508 1.15369 1.15855 1.15715 1.15369 1.14952 1.15715 1.15297 1.15855 1.15715 1.16189 1.16049 1.15715 1.15297 1.16049 1.1563 1.14952 1.14258 1.15297 1.14601 1.14258 1.13288 1.14601 1.13629 1.15297 1.14601 1.1563 1.14932 1.14601 1.13629 1.14932 1.13957 1.16189 1.16049 1.16512 1.16371 1.16049 1.1563 1.16371 1.15951 1.16512 1.16371 1.16821 1.16681 1.16371 1.15951 1.16681 1.16259 1.1563 1.14932 1.15951 1.1525 1.14932 1.13957 1.1525 1.14273 1.15951 1.1525 1.16259 1.15557 1.1525 1.14273 1.15557 1.14577 1.13288 1.12046 1.13629 1.12383 1.12046 1.10534 1.12383 1.10866 1.13629 1.12383 1.13957 1.12707 1.12383 1.10866 1.12707 1.11186 1.10534 1.08756 1.10866 1.09082 1.08756 1.06715 1.09082 1.07036 1.10866 1.09082 1.11186 1.09397 1.09082 1.07036 1.09397 1.07345 1.13957 1.12707 1.14273 1.1302 1.12707 1.11186 1.1302 1.11495 1.14273 1.1302 1.14577 1.1332 1.1302 1.11495 1.1332 1.11791 1.11186 1.09397 1.11495 1.09701 1.09397 1.07345 1.09701 1.07643 1.11495 1.09701 1.11791 1.09993 1.09701 1.07643 1.09993 1.07929 1.05316 1.03049 1.05684 1.03409 1.03049 1.00533 1.03409 1.00884 1.05684 1.03409 1.0604 1.03757 1.03409 1.00884 1.03757 1.01224 1.00533 0.977752 1.00884 0.981168 0.977752 0.947818 0.981168 0.95113 1.00884 0.981168 1.01224 0.984469 0.981168 0.95113 0.984469 0.95433 1.0604 1.03757 1.06383 1.04093 1.03757 1.01224 1.04093 1.01552 1.06383 1.04093 1.06715 1.04418 1.04093 1.01552 1.04418 1.01869 1.01224 0.984469 1.01552 0.987663 0.984469 0.95433 0.987663 0.957426 1.01552 0.987663 1.01869 0.990744 0.987663 0.957426 0.990744 0.960413 0.947818 0.915601 0.95113 0.918801 0.915601 0.881179 0.918801 0.884258 0.95113 0.918801 0.95433 0.921892 0.918801 0.884258 0.921892 0.887233 0.881179 0.844633 0.884258 0.847585 0.844633 0.806053 0.847585 0.80887 0.884258 0.847585 0.887233 0.850437 0.847585 0.80887 0.850437 0.811591 0.95433 0.921892 0.957426 0.924883 0.921892 0.887233 0.924883 0.890111 0.957426 0.924883 0.960413 0.927768 0.924883 0.890111 0.927768 0.892888 0.887233 0.850437 0.890111 0.853195 0.850437 0.811591 0.853195 0.814224 0.890111 0.853195 0.892888 0.855857 0.853195 0.814224 0.855857 0.816764 1.06715 1.04418 1.07036 1.04732 1.04418 1.01869 1.04732 1.02175 1.07036 1.04732 1.07345 1.05034 1.04732 1.02175 1.05034 1.0247 1.01869 0.990744 1.02175 0.993721 0.990744 0.960413 0.993721 0.963298 1.02175 0.993721 1.0247 0.996587 0.993721 0.963298 0.996587 0.966077 1.07345 1.05034 1.07643 1.05325 1.05034 1.0247 1.05325 1.02754 1.07643 1.05325 1.07929 1.05605 1.05325 1.02754 1.05605 1.03027 1.0247 0.996587 1.02754 0.999353 0.996587 0.966077 0.999353 0.968758 1.02754 0.999353 1.03027 1.00201 0.999353 0.968758 1.00201 0.971335 0.960413 0.927768 0.963298 0.930555 0.927768 0.892888 0.930555 0.89557 0.963298 0.930555 0.966077 0.93324 0.930555 0.89557 0.93324 0.898154 0.892888 0.855857 0.89557 0.858428 0.855857 0.816764 0.858428 0.819218 0.89557 0.858428 0.898154 0.860905 0.858428 0.819218 0.860905 0.821581 0.966077 0.93324 0.968758 0.93583 0.93324 0.898154 0.93583 0.900646 0.968758 0.93583 0.971335 0.938319 0.93583 0.900646 0.938319 0.903042 0.898154 0.860905 0.900646 0.863294 0.860905 0.821581 0.863294 0.823861 0.900646 0.863294 0.903042 0.86559 0.863294 0.823861 0.86559 0.826053 0.780037 0.740823 0.783642 0.744246 0.740823 0.699824 0.744246 0.703058 0.783642 0.744246 0.787142 0.747571 0.744246 0.703058 0.747571 0.706198 0.699824 0.657139 0.703058 0.660176 0.657139 0.612871 0.660176 0.615703 0.703058 0.660176 0.706198 0.663125 0.660176 0.615703 0.663125 0.618453 0.787142 0.747571 0.790542 0.750799 0.747571 0.706198 0.750799 0.709248 0.790542 0.750799 0.793839 0.753931 0.750799 0.709248 0.753931 0.712207 0.706198 0.663125 0.709248 0.665989 0.663125 0.618453 0.665989 0.621125 0.709248 0.665989 0.712207 0.668766 0.665989 0.621125 0.668766 0.623715 0.612871 0.567127 0.615703 0.569748 0.567127 0.520016 0.569748 0.522419 0.615703 0.569748 0.618453 0.572292 0.569748 0.522419 0.572292 0.524753 0.520016 0.471653 0.522419 0.473832 0.471653 0.422153 0.473832 0.424104 0.522419 0.473832 0.524753 0.475949 0.473832 0.424104 0.475949 0.425998 0.618453 0.572292 0.621125 0.574764 0.572292 0.524753 0.574764 0.527019 0.621125 0.574764 0.623715 0.577161 0.574764 0.527019 0.577161 0.529217 0.524753 0.475949 0.527019 0.478004 0.475949 0.425998 0.478004 0.427838 0.527019 0.478004 0.529217 0.479998 0.478004 0.427838 0.479998 0.429623 0.793839 0.753931 0.797039 0.75697 0.753931 0.712207 0.75697 0.715078 0.797039 0.75697 0.800139 0.759914 0.75697 0.715078 0.759914 0.717859 0.712207 0.668766 0.715078 0.671462 0.668766 0.623715 0.671462 0.626229 0.715078 0.671462 0.717859 0.674074 0.671462 0.626229 0.674074 0.628665 0.800139 0.759914 0.803145 0.762769 0.759914 0.717859 0.762769 0.720555 0.803145 0.762769 0.806053 0.765531 0.762769 0.720555 0.765531 0.723165 0.717859 0.674074 0.720555 0.676606 0.674074 0.628665 0.676606 0.631027 0.720555 0.676606 0.723165 0.679056 0.676606 0.631027 0.679056 0.633312 0.623715 0.577161 0.626229 0.579488 0.577161 0.529217 0.579488 0.531351 0.626229 0.579488 0.628665 0.581742 0.579488 0.531351 0.581742 0.533417 0.529217 0.479998 0.531351 0.481933 0.479998 0.429623 0.481933 0.431354 0.531351 0.481933 0.533417 0.483808 0.481933 0.431354 0.483808 0.433032 0.628665 0.581742 0.631027 0.583927 0.581742 0.533417 0.583927 0.535421 0.631027 0.583927 0.633312 0.586042 0.583927 0.535421 0.586042 0.53736 0.533417 0.483808 0.535421 0.485625 0.483808 0.433032 0.485625 0.434659 0.535421 0.485625 0.53736 0.487383 0.485625 0.434659 0.487383 0.436233 0.422153 0.371636 0.424104 0.373354 0.371636 0.320224 0.373354 0.321704 0.424104 0.373354 0.425998 0.375021 0.373354 0.321704 0.375021 0.323141 0.320224 0.268041 0.321704 0.26928 0.268041 0.215212 0.26928 0.216206 0.321704 0.26928 0.323141 0.270482 0.26928 0.216206 0.270482 0.217172 0.425998 0.375021 0.427838 0.376641 0.375021 0.323141 0.376641 0.324537 0.427838 0.376641 0.429623 0.378212 0.376641 0.324537 0.378212 0.32589 0.323141 0.270482 0.324537 0.271651 0.270482 0.217172 0.271651 0.21811 0.324537 0.271651 0.32589 0.272784 0.271651 0.21811 0.272784 0.21902 0.215212 0.161864 0.216206 0.162612 0.161864 0.108127 0.162612 0.108626 0.216206 0.162612 0.217172 0.163338 0.162612 0.108626 0.163338 0.109111 0.108127 0.0541285 0.108626 0.0543786 0.0541285 1.35093e-16 0.0543786 1.35718e-16 0.108626 0.0543786 0.109111 0.0546215 0.0543786 1.35718e-16 0.0546215 1.36324e-16 0.217172 0.163338 0.21811 0.164044 0.163338 0.109111 0.164044 0.109583 0.21811 0.164044 0.21902 0.164728 0.164044 0.109583 0.164728 0.11004 0.109111 0.0546215 0.109583 0.0548574 0.0546215 1.36324e-16 0.0548574 1.36913e-16 0.109583 0.0548574 0.11004 0.0550862 0.0548574 1.36913e-16 0.0550862 1.37484e-16 0.429623 0.378212 0.431354 0.379737 0.378212 0.32589 0.379737 0.327204 0.431354 0.379737 0.433032 0.381214 0.379737 0.327204 0.381214 0.328477 0.32589 0.272784 0.327204 0.273883 0.272784 0.21902 0.273883 0.219903 0.327204 0.273883 0.328477 0.274949 0.273883 0.219903 0.274949 0.220758 0.433032 0.381214 0.434659 0.382646 0.381214 0.328477 0.382646 0.329711 0.434659 0.382646 0.436233 0.384031 0.382646 0.329711 0.384031 0.330905 0.328477 0.274949 0.329711 0.275981 0.274949 0.220758 0.275981 0.221587 0.329711 0.275981 0.330905 0.276981 0.275981 0.221587 0.276981 0.22239 0.21902 0.164728 0.219903 0.165392 0.164728 0.11004 0.165392 0.110483 0.219903 0.165392 0.220758 0.166035 0.165392 0.110483 0.166035 0.110913 0.11004 0.0550862 0.110483 0.0553083 0.0550862 1.37484e-16 0.0553083 1.38038e-16 0.110483 0.0553083 0.110913 0.0555234 0.0553083 1.38038e-16 0.0555234 1.38575e-16 0.220758 0.166035 0.221587 0.166659 0.166035 0.110913 0.166659 0.11133 0.221587 0.166659 0.22239 0.167263 0.166659 0.11133 0.167263 0.111733 0.110913 0.0555234 0.11133 0.055732 0.0555234 1.38575e-16 0.055732 1.39095e-16 0.11133 0.055732 0.111733 0.0559338 0.055732 1.39095e-16 0.0559338 1.39599e-16 0.806053 0.765531 0.80887 0.768206 0.765531 0.723165 0.768206 0.725692 0.80887 0.768206 0.811591 0.770791 0.768206 0.725692 0.770791 0.728133 0.723165 0.679056 0.725692 0.681429 0.679056 0.633312 0.681429 0.635525 0.725692 0.681429 0.728133 0.683722 0.681429 0.635525 0.683722 0.637663 0.811591 0.770791 0.814224 0.773291 0.770791 0.728133 0.773291 0.730495 0.814224 0.773291 0.816764 0.775703 0.773291 0.730495 0.775703 0.732774 0.728133 0.683722 0.730495 0.68594 0.683722 0.637663 0.68594 0.639732 0.730495 0.68594 0.732774 0.68808 0.68594 0.639732 0.68808 0.641727 0.633312 0.586042 0.635525 0.58809 0.586042 0.53736 0.58809 0.539237 0.635525 0.58809 0.637663 0.590068 0.58809 0.539237 0.590068 0.541052 0.53736 0.487383 0.539237 0.489086 0.487383 0.436233 0.489086 0.437757 0.539237 0.489086 0.541052 0.490732 0.489086 0.437757 0.490732 0.43923 0.637663 0.590068 0.639732 0.591982 0.590068 0.541052 0.591982 0.542807 0.639732 0.591982 0.641727 0.593829 0.591982 0.542807 0.593829 0.5445 0.541052 0.490732 0.542807 0.492324 0.490732 0.43923 0.492324 0.440655 0.542807 0.492324 0.5445 0.49386 0.492324 0.440655 0.49386 0.442029 0.816764 0.775703 0.819218 0.778034 0.775703 0.732774 0.778034 0.734976 0.819218 0.778034 0.821581 0.780278 0.778034 0.734976 0.780278 0.737096 0.732774 0.68808 0.734976 0.690147 0.68808 0.641727 0.690147 0.643655 0.734976 0.690147 0.737096 0.692138 0.690147 0.643655 0.692138 0.645512 0.821581 0.780278 0.823861 0.782444 0.780278 0.737096 0.782444 0.739141 0.823861 0.782444 0.826053 0.784525 0.782444 0.739141 0.784525 0.741108 0.737096 0.692138 0.739141 0.694058 0.692138 0.645512 0.694058 0.647303 0.739141 0.694058 0.741108 0.695905 0.694058 0.647303 0.695905 0.649025 0.641727 0.593829 0.643655 0.595613 0.593829 0.5445 0.595613 0.546136 0.643655 0.595613 0.645512 0.597331 0.595613 0.546136 0.597331 0.547712 0.5445 0.49386 0.546136 0.495343 0.49386 0.442029 0.495343 0.443357 0.546136 0.495343 0.547712 0.496772 0.495343 0.443357 0.496772 0.444636 0.645512 0.597331 0.647303 0.598989 0.597331 0.547712 0.598989 0.549232 0.647303 0.598989 0.649025 0.600582 0.598989 0.549232 0.600582 0.550693 0.547712 0.496772 0.549232 0.498151 0.496772 0.444636 0.498151 0.44587 0.549232 0.498151 0.550693 0.499476 0.498151 0.44587 0.499476 0.447056 0.436233 0.384031 0.437757 0.385373 0.384031 0.330905 0.385373 0.332061 0.437757 0.385373 0.43923 0.38667 0.385373 0.332061 0.38667 0.333178 0.330905 0.276981 0.332061 0.277949 0.276981 0.22239 0.277949 0.223167 0.332061 0.277949 0.333178 0.278884 0.277949 0.223167 0.278884 0.223918 0.43923 0.38667 0.440655 0.387924 0.38667 0.333178 0.387924 0.334259 0.440655 0.387924 0.442029 0.389134 0.387924 0.334259 0.389134 0.335302 0.333178 0.278884 0.334259 0.279788 0.278884 0.223918 0.279788 0.224644 0.334259 0.279788 0.335302 0.280661 0.279788 0.224644 0.280661 0.225345 0.22239 0.167263 0.223167 0.167847 0.167263 0.111733 0.167847 0.112123 0.223167 0.167847 0.223918 0.168412 0.167847 0.112123 0.168412 0.1125 0.111733 0.0559338 0.112123 0.0561292 0.0559338 1.39599e-16 0.0561292 1.40087e-16 0.112123 0.0561292 0.1125 0.0563181 0.0561292 1.40087e-16 0.0563181 1.40559e-16 0.223918 0.168412 0.224644 0.168958 0.168412 0.1125 0.168958 0.112865 0.224644 0.168958 0.225345 0.169485 0.168958 0.112865 0.169485 0.113218 0.1125 0.0563181 0.112865 0.0565008 0.0563181 1.40559e-16 0.0565008 1.41014e-16 0.112865 0.0565008 0.113218 0.056677 0.0565008 1.41014e-16 0.056677 1.41455e-16 0.442029 0.389134 0.443357 0.390303 0.389134 0.335302 0.390303 0.336309 0.443357 0.390303 0.444636 0.391429 0.390303 0.336309 0.391429 0.337279 0.335302 0.280661 0.336309 0.281504 0.280661 0.225345 0.281504 0.226022 0.336309 0.281504 0.337279 0.282317 0.281504 0.226022 0.282317 0.226674 0.444636 0.391429 0.44587 0.392516 0.391429 0.337279 0.392516 0.338215 0.44587 0.392516 0.447056 0.39356 0.392516 0.338215 0.39356 0.339115 0.337279 0.282317 0.338215 0.2831 0.282317 0.226674 0.2831 0.227303 0.338215 0.2831 0.339115 0.283853 0.2831 0.227303 0.283853 0.227907 0.225345 0.169485 0.226022 0.169994 0.169485 0.113218 0.169994 0.113558 0.226022 0.169994 0.226674 0.170485 0.169994 0.113558 0.170485 0.113885 0.113218 0.056677 0.113558 0.0568473 0.056677 1.41455e-16 0.0568473 1.41879e-16 0.113558 0.0568473 0.113885 0.0570113 0.0568473 1.41879e-16 0.0570113 1.42289e-16 0.226674 0.170485 0.227303 0.170958 0.170485 0.113885 0.170958 0.114201 0.227303 0.170958 0.227907 0.171413 0.170958 0.114201 0.171413 0.114505 0.113885 0.0570113 0.114201 0.0571695 0.0570113 1.42289e-16 0.0571695 1.42684e-16 0.114201 0.0571695 0.114505 0.0573216 0.0571695 1.42684e-16 0.0573216 1.43063e-16 0 0.0573216 0 0.0574681 0.0573216 0.114505 0.0574681 0.114798 0 0.0574681 0 0.0576085 0.0574681 0.114798 0.0576085 0.115078 0.114505 0.171413 0.114798 0.171851 0.171413 0.227907 0.171851 0.22849 0.114798 0.171851 0.115078 0.172271 0.171851 0.22849 0.172271 0.229048 0 0.0576085 0 0.0577436 0.0576085 0.115078 0.0577436 0.115348 0 0.0577436 0 0.0578728 0.0577436 0.115348 0.0578728 0.115606 0.115078 0.172271 0.115348 0.172675 0.172271 0.229048 0.172675 0.229585 0.115348 0.172675 0.115606 0.173061 0.172675 0.229585 0.173061 0.230099 0.227907 0.283853 0.22849 0.284578 0.283853 0.339115 0.284578 0.339981 0.22849 0.284578 0.229048 0.285274 0.284578 0.339981 0.285274 0.340813 0.339115 0.39356 0.339981 0.394565 0.39356 0.447056 0.394565 0.448199 0.339981 0.394565 0.340813 0.39553 0.394565 0.448199 0.39553 0.449294 0.229048 0.285274 0.229585 0.285943 0.285274 0.340813 0.285943 0.341612 0.229585 0.285943 0.230099 0.286583 0.285943 0.341612 0.286583 0.342376 0.340813 0.39553 0.341612 0.396457 0.39553 0.449294 0.396457 0.450348 0.341612 0.396457 0.342376 0.397344 0.396457 0.450348 0.397344 0.451356 0 0.0578728 0 0.0579968 0.0578728 0.115606 0.0579968 0.115854 0 0.0579968 0 0.0581151 0.0579968 0.115854 0.0581151 0.11609 0.115606 0.173061 0.115854 0.173432 0.173061 0.230099 0.173432 0.230592 0.115854 0.173432 0.11609 0.173786 0.173432 0.230592 0.173786 0.231062 0 0.0581151 0 0.0582283 0.0581151 0.11609 0.0582283 0.116316 0 0.0582283 0 0.0583359 0.0582283 0.116316 0.0583359 0.116531 0.11609 0.173786 0.116316 0.174124 0.173786 0.231062 0.174124 0.231512 0.116316 0.174124 0.116531 0.174446 0.174124 0.231512 0.174446 0.23194 0.230099 0.286583 0.230592 0.287197 0.286583 0.342376 0.287197 0.343109 0.230592 0.287197 0.231062 0.287782 0.287197 0.343109 0.287782 0.343809 0.342376 0.397344 0.343109 0.398196 0.397344 0.451356 0.398196 0.452323 0.343109 0.398196 0.343809 0.399008 0.398196 0.452323 0.399008 0.453245 0.231062 0.287782 0.231512 0.288343 0.287782 0.343809 0.288343 0.344479 0.231512 0.288343 0.23194 0.288876 0.288343 0.344479 0.288876 0.345115 0.343809 0.399008 0.344479 0.399785 0.399008 0.453245 0.399785 0.454128 0.344479 0.399785 0.345115 0.400524 0.399785 0.454128 0.400524 0.454967 0.447056 0.499476 0.448199 0.500753 0.499476 0.550693 0.500753 0.5521 0.448199 0.500753 0.449294 0.501977 0.500753 0.5521 0.501977 0.553449 0.550693 0.600582 0.5521 0.602117 0.600582 0.649025 0.602117 0.650684 0.5521 0.602117 0.553449 0.603589 0.602117 0.650684 0.603589 0.652274 0.449294 0.501977 0.450348 0.503154 0.501977 0.553449 0.503154 0.554747 0.450348 0.503154 0.451356 0.504279 0.503154 0.554747 0.504279 0.555988 0.553449 0.603589 0.554747 0.605004 0.603589 0.652274 0.605004 0.653804 0.554747 0.605004 0.555988 0.606358 0.605004 0.653804 0.606358 0.655267 0.649025 0.695905 0.650684 0.697683 0.695905 0.741108 0.697683 0.743001 0.650684 0.697683 0.652274 0.699389 0.697683 0.743001 0.699389 0.744818 0.741108 0.784525 0.743001 0.78653 0.784525 0.826053 0.78653 0.828163 0.743001 0.78653 0.744818 0.788453 0.78653 0.828163 0.788453 0.830188 0.652274 0.699389 0.653804 0.701028 0.699389 0.744818 0.701028 0.746564 0.653804 0.701028 0.655267 0.702597 0.701028 0.746564 0.702597 0.748235 0.744818 0.788453 0.746564 0.790301 0.788453 0.830188 0.790301 0.832134 0.746564 0.790301 0.748235 0.79207 0.790301 0.832134 0.79207 0.833996 0.451356 0.504279 0.452323 0.50536 0.504279 0.555988 0.50536 0.55718 0.452323 0.50536 0.453245 0.50639 0.50536 0.55718 0.50639 0.558316 0.555988 0.606358 0.55718 0.607657 0.606358 0.655267 0.607657 0.656671 0.55718 0.607657 0.558316 0.608896 0.607657 0.656671 0.608896 0.65801 0.453245 0.50639 0.454128 0.507377 0.50639 0.558316 0.507377 0.559403 0.454128 0.507377 0.454967 0.508314 0.507377 0.559403 0.508314 0.560437 0.558316 0.608896 0.559403 0.610082 0.608896 0.65801 0.610082 0.659291 0.559403 0.610082 0.560437 0.61121 0.610082 0.659291 0.61121 0.66051 0.655267 0.702597 0.656671 0.704102 0.702597 0.748235 0.704102 0.749838 0.656671 0.704102 0.65801 0.705538 0.704102 0.749838 0.705538 0.751366 0.748235 0.79207 0.749838 0.793766 0.79207 0.833996 0.793766 0.835783 0.749838 0.793766 0.751366 0.795385 0.793766 0.835783 0.795385 0.837487 0.65801 0.705538 0.659291 0.706912 0.705538 0.751366 0.706912 0.75283 0.659291 0.706912 0.66051 0.708219 0.706912 0.75283 0.708219 0.754221 0.751366 0.795385 0.75283 0.796934 0.795385 0.837487 0.796934 0.839119 0.75283 0.796934 0.754221 0.798407 0.796934 0.839119 0.798407 0.840669 0 0.0583359 0 0.0584386 0.0583359 0.116531 0.0584386 0.116736 0 0.0584386 0 0.0585359 0.0584386 0.116736 0.0585359 0.116931 0.116531 0.174446 0.116736 0.174753 0.174446 0.23194 0.174753 0.232349 0.116736 0.174753 0.116931 0.175044 0.174753 0.232349 0.175044 0.232735 0 0.0585359 0 0.0586285 0.0585359 0.116931 0.0586285 0.117116 0 0.0586285 0 0.0587157 0.0586285 0.117116 0.0587157 0.11729 0.116931 0.175044 0.117116 0.175321 0.175044 0.232735 0.175321 0.233103 0.117116 0.175321 0.11729 0.175581 0.175321 0.233103 0.175581 0.23345 0.23194 0.288876 0.232349 0.289385 0.288876 0.345115 0.289385 0.345723 0.232349 0.289385 0.232735 0.289866 0.289385 0.345723 0.289866 0.346299 0.345115 0.400524 0.345723 0.401229 0.400524 0.454967 0.401229 0.455768 0.345723 0.401229 0.346299 0.401897 0.401229 0.455768 0.401897 0.456527 0.232735 0.289866 0.233103 0.290325 0.289866 0.346299 0.290325 0.346846 0.233103 0.290325 0.23345 0.290756 0.290325 0.346846 0.290756 0.347362 0.346299 0.401897 0.346846 0.402533 0.401897 0.456527 0.402533 0.457249 0.346846 0.402533 0.347362 0.403131 0.402533 0.457249 0.403131 0.457929 0 0.0587157 0 0.0587984 0.0587157 0.11729 0.0587984 0.117455 0 0.0587984 0 0.0588758 0.0587984 0.117455 0.0588758 0.11761 0.11729 0.175581 0.117455 0.175829 0.175581 0.23345 0.175829 0.233779 0.117455 0.175829 0.11761 0.17606 0.175829 0.233779 0.17606 0.234087 0 0.0588758 0 0.0589489 0.0588758 0.11761 0.0589489 0.117756 0 0.0589489 0 0.0590168 0.0589489 0.117756 0.0590168 0.117891 0.11761 0.17606 0.117756 0.176279 0.17606 0.234087 0.176279 0.234378 0.117756 0.176279 0.117891 0.176482 0.176279 0.234378 0.176482 0.234648 0.23345 0.290756 0.233779 0.291166 0.290756 0.347362 0.291166 0.347852 0.233779 0.291166 0.234087 0.291549 0.291166 0.347852 0.291549 0.34831 0.347362 0.403131 0.347852 0.403699 0.403131 0.457929 0.403699 0.458574 0.347852 0.403699 0.34831 0.404231 0.403699 0.458574 0.404231 0.459178 0.234087 0.291549 0.234378 0.291911 0.291549 0.34831 0.291911 0.348742 0.234378 0.291911 0.234648 0.292248 0.291911 0.348742 0.292248 0.349144 0.34831 0.404231 0.348742 0.404733 0.404231 0.459178 0.404733 0.459748 0.348742 0.404733 0.349144 0.405199 0.404733 0.459748 0.405199 0.460278 0.454967 0.508314 0.455768 0.50921 0.508314 0.560437 0.50921 0.561424 0.455768 0.50921 0.456527 0.510057 0.50921 0.561424 0.510057 0.562358 0.560437 0.61121 0.561424 0.612286 0.61121 0.66051 0.612286 0.661673 0.561424 0.612286 0.562358 0.613305 0.612286 0.661673 0.613305 0.662774 0.456527 0.510057 0.457249 0.510864 0.510057 0.562358 0.510864 0.563248 0.457249 0.510864 0.457929 0.511624 0.510864 0.563248 0.511624 0.564086 0.562358 0.613305 0.563248 0.614275 0.613305 0.662774 0.614275 0.663823 0.563248 0.614275 0.564086 0.615189 0.614275 0.663823 0.615189 0.66481 0.66051 0.708219 0.661673 0.709466 0.708219 0.754221 0.709466 0.75555 0.661673 0.709466 0.662774 0.710647 0.709466 0.75555 0.710647 0.756807 0.754221 0.798407 0.75555 0.799813 0.798407 0.840669 0.799813 0.84215 0.75555 0.799813 0.756807 0.801144 0.799813 0.84215 0.801144 0.843552 0.662774 0.710647 0.663823 0.711771 0.710647 0.756807 0.711771 0.758004 0.663823 0.711771 0.66481 0.712829 0.711771 0.758004 0.712829 0.759131 0.756807 0.801144 0.758004 0.802412 0.801144 0.843552 0.802412 0.844886 0.758004 0.802412 0.759131 0.803605 0.802412 0.844886 0.803605 0.846142 0.457929 0.511624 0.458574 0.512344 0.511624 0.564086 0.512344 0.56488 0.458574 0.512344 0.459178 0.513019 0.512344 0.56488 0.513019 0.565624 0.564086 0.615189 0.56488 0.616055 0.615189 0.66481 0.616055 0.665746 0.56488 0.616055 0.565624 0.616866 0.616055 0.665746 0.616866 0.666623 0.459178 0.513019 0.459748 0.513656 0.513019 0.565624 0.513656 0.566326 0.459748 0.513656 0.460278 0.514248 0.513656 0.566326 0.514248 0.566979 0.565624 0.616866 0.566326 0.617633 0.616866 0.666623 0.617633 0.667451 0.566326 0.617633 0.566979 0.618344 0.617633 0.667451 0.618344 0.66822 0.66481 0.712829 0.665746 0.713833 0.712829 0.759131 0.713833 0.760201 0.665746 0.713833 0.666623 0.714773 0.713833 0.760201 0.714773 0.761202 0.759131 0.803605 0.760201 0.804737 0.803605 0.846142 0.804737 0.847334 0.760201 0.804737 0.761202 0.805797 0.804737 0.847334 0.805797 0.84845 0.666623 0.714773 0.667451 0.715661 0.714773 0.761202 0.715661 0.762147 0.667451 0.715661 0.66822 0.716486 0.715661 0.762147 0.716486 0.763025 0.761202 0.805797 0.762147 0.806797 0.805797 0.84845 0.806797 0.849504 0.762147 0.806797 0.763025 0.807727 0.806797 0.849504 0.807727 0.850483 0.826053 0.86559 0.828163 0.867802 0.86559 0.903042 0.867802 0.90535 0.828163 0.867802 0.830188 0.869923 0.867802 0.90535 0.869923 0.907563 0.903042 0.938319 0.90535 0.940717 0.938319 0.971335 0.940717 0.973817 0.90535 0.940717 0.907563 0.943016 0.940717 0.973817 0.943016 0.976198 0.830188 0.869923 0.832134 0.871963 0.869923 0.907563 0.871963 0.909691 0.832134 0.871963 0.833996 0.873914 0.871963 0.909691 0.873914 0.911726 0.907563 0.943016 0.909691 0.945227 0.943016 0.976198 0.945227 0.978487 0.909691 0.945227 0.911726 0.947342 0.945227 0.978487 0.947342 0.980676 0.971335 1.00201 0.973817 1.00457 1.00201 1.03027 1.00457 1.03291 0.973817 1.00457 0.976198 1.00703 1.00457 1.03291 1.00703 1.03543 1.03027 1.05605 1.03291 1.05875 1.05605 1.07929 1.05875 1.08205 1.03291 1.05875 1.03543 1.06134 1.05875 1.08205 1.06134 1.08469 0.976198 1.00703 0.978487 1.00939 1.00703 1.03543 1.00939 1.03786 0.978487 1.00939 0.980676 1.01165 1.00939 1.03786 1.01165 1.04018 1.03543 1.06134 1.03786 1.06383 1.06134 1.08469 1.06383 1.08724 1.03786 1.06383 1.04018 1.06621 1.06383 1.08724 1.06621 1.08967 0.833996 0.873914 0.835783 0.875786 0.873914 0.911726 0.875786 0.91368 0.835783 0.875786 0.837487 0.877572 0.875786 0.91368 0.877572 0.915543 0.911726 0.947342 0.91368 0.949372 0.947342 0.980676 0.949372 0.982777 0.91368 0.949372 0.915543 0.951308 0.949372 0.982777 0.951308 0.984781 0.837487 0.877572 0.839119 0.879282 0.877572 0.915543 0.879282 0.917326 0.839119 0.879282 0.840669 0.880907 0.879282 0.917326 0.880907 0.919021 0.915543 0.951308 0.917326 0.953161 0.951308 0.984781 0.953161 0.986699 0.917326 0.953161 0.919021 0.954922 0.953161 0.986699 0.954922 0.988523 0.980676 1.01165 0.982777 1.01381 1.01165 1.04018 1.01381 1.04241 0.982777 1.01381 0.984781 1.01588 1.01381 1.04241 1.01588 1.04454 1.04018 1.06621 1.04241 1.06849 1.06621 1.08967 1.06849 1.092 1.04241 1.06849 1.04454 1.07067 1.06849 1.092 1.07067 1.09423 0.984781 1.01588 0.986699 1.01786 1.01588 1.04454 1.01786 1.04657 0.986699 1.01786 0.988523 1.01974 1.01786 1.04657 1.01974 1.0485 1.04454 1.07067 1.04657 1.07276 1.07067 1.09423 1.07276 1.09636 1.04657 1.07276 1.0485 1.07474 1.07276 1.09636 1.07474 1.09839 1.07929 1.09993 1.08205 1.10274 1.09993 1.11791 1.10274 1.12077 1.08205 1.10274 1.08469 1.10543 1.10274 1.12077 1.10543 1.12351 1.11791 1.1332 1.12077 1.1361 1.1332 1.14577 1.1361 1.1487 1.12077 1.1361 1.12351 1.13888 1.1361 1.1487 1.13888 1.1515 1.08469 1.10543 1.08724 1.10802 1.10543 1.12351 1.10802 1.12614 1.08724 1.10802 1.08967 1.1105 1.10802 1.12614 1.1105 1.12866 1.12351 1.13888 1.12614 1.14155 1.13888 1.1515 1.14155 1.1542 1.12614 1.14155 1.12866 1.1441 1.14155 1.1542 1.1441 1.15679 1.14577 1.15557 1.1487 1.15852 1.15557 1.16259 1.15852 1.16556 1.1487 1.15852 1.1515 1.16136 1.15852 1.16556 1.16136 1.16841 1.16259 1.16681 1.16556 1.16979 1.16681 1.16821 1.16979 1.1712 1.16556 1.16979 1.16841 1.17265 1.16979 1.1712 1.17265 1.17406 1.1515 1.16136 1.1542 1.16408 1.16136 1.16841 1.16408 1.17115 1.1542 1.16408 1.15679 1.16668 1.16408 1.17115 1.16668 1.17377 1.16841 1.17265 1.17115 1.1754 1.17265 1.17406 1.1754 1.17682 1.17115 1.1754 1.17377 1.17803 1.1754 1.17682 1.17803 1.17945 1.08967 1.1105 1.092 1.11288 1.1105 1.12866 1.11288 1.13108 1.092 1.11288 1.09423 1.11515 1.11288 1.13108 1.11515 1.13339 1.12866 1.1441 1.13108 1.14655 1.1441 1.15679 1.14655 1.15926 1.13108 1.14655 1.13339 1.14889 1.14655 1.15926 1.14889 1.16163 1.09423 1.11515 1.09636 1.11732 1.11515 1.13339 1.11732 1.13559 1.09636 1.11732 1.09839 1.11939 1.11732 1.13559 1.11939 1.13769 1.13339 1.14889 1.13559 1.15113 1.14889 1.16163 1.15113 1.16389 1.13559 1.15113 1.13769 1.15326 1.15113 1.16389 1.15326 1.16604 1.15679 1.16668 1.15926 1.16918 1.16668 1.17377 1.16918 1.17628 1.15926 1.16918 1.16163 1.17157 1.16918 1.17628 1.17157 1.17868 1.17377 1.17803 1.17628 1.18055 1.17803 1.17945 1.18055 1.18198 1.17628 1.18055 1.17868 1.18296 1.18055 1.18198 1.18296 1.18439 1.16163 1.17157 1.16389 1.17385 1.17157 1.17868 1.17385 1.18098 1.16389 1.17385 1.16604 1.17602 1.17385 1.18098 1.17602 1.18316 1.17868 1.18296 1.18098 1.18526 1.18296 1.18439 1.18526 1.18669 1.18098 1.18526 1.18316 1.18745 1.18526 1.18669 1.18745 1.18889 0.840669 0.880907 0.84215 0.882458 0.880907 0.919021 0.882458 0.92064 0.84215 0.882458 0.843552 0.883927 0.882458 0.92064 0.883927 0.922172 0.919021 0.954922 0.92064 0.956604 0.954922 0.988523 0.956604 0.990264 0.92064 0.956604 0.922172 0.958196 0.956604 0.990264 0.958196 0.991912 0.843552 0.883927 0.844886 0.885325 0.883927 0.922172 0.885325 0.923631 0.844886 0.885325 0.846142 0.886641 0.885325 0.923631 0.886641 0.925004 0.922172 0.958196 0.923631 0.959712 0.958196 0.991912 0.959712 0.993481 0.923631 0.959712 0.925004 0.961139 0.959712 0.993481 0.961139 0.994958 0.988523 1.01974 0.990264 1.02154 1.01974 1.0485 1.02154 1.05035 0.990264 1.02154 0.991912 1.02324 1.02154 1.05035 1.02324 1.0521 1.0485 1.07474 1.05035 1.07663 1.07474 1.09839 1.07663 1.10032 1.05035 1.07663 1.0521 1.07843 1.07663 1.10032 1.07843 1.10215 0.991912 1.02324 0.993481 1.02486 1.02324 1.0521 1.02486 1.05376 0.993481 1.02486 0.994958 1.02638 1.02486 1.05376 1.02638 1.05533 1.0521 1.07843 1.05376 1.08013 1.07843 1.10215 1.08013 1.1039 1.05376 1.08013 1.05533 1.08174 1.08013 1.1039 1.08174 1.10554 0.846142 0.886641 0.847334 0.88789 0.886641 0.925004 0.88789 0.926307 0.847334 0.88789 0.84845 0.889059 0.88789 0.926307 0.889059 0.927527 0.925004 0.961139 0.926307 0.962493 0.961139 0.994958 0.962493 0.99636 0.926307 0.962493 0.927527 0.96376 0.962493 0.99636 0.96376 0.997672 0.84845 0.889059 0.849504 0.890164 0.889059 0.927527 0.890164 0.928679 0.849504 0.890164 0.850483 0.891189 0.890164 0.928679 0.891189 0.929749 0.927527 0.96376 0.928679 0.964957 0.96376 0.997672 0.964957 0.998911 0.928679 0.964957 0.929749 0.966069 0.964957 0.998911 0.966069 1.00006 0.994958 1.02638 0.99636 1.02783 1.02638 1.05533 1.02783 1.05682 0.99636 1.02783 0.997672 1.02918 1.02783 1.05682 1.02918 1.05821 1.05533 1.08174 1.05682 1.08326 1.08174 1.10554 1.08326 1.1071 1.05682 1.08326 1.05821 1.08469 1.08326 1.1071 1.08469 1.10855 0.997672 1.02918 0.998911 1.03046 1.02918 1.05821 1.03046 1.05952 0.998911 1.03046 1.00006 1.03165 1.03046 1.05952 1.03165 1.06074 1.05821 1.08469 1.05952 1.08603 1.08469 1.10855 1.08603 1.10993 1.05952 1.08603 1.06074 1.08729 1.08603 1.10993 1.08729 1.11121 1.09839 1.11939 1.10032 1.12136 1.11939 1.13769 1.12136 1.1397 1.10032 1.12136 1.10215 1.12323 1.12136 1.1397 1.12323 1.14159 1.13769 1.15326 1.1397 1.15529 1.15326 1.16604 1.15529 1.1681 1.1397 1.15529 1.14159 1.15721 1.15529 1.1681 1.15721 1.17004 1.10215 1.12323 1.1039 1.125 1.12323 1.14159 1.125 1.1434 1.1039 1.125 1.10554 1.12668 1.125 1.1434 1.12668 1.1451 1.14159 1.15721 1.1434 1.15904 1.15721 1.17004 1.15904 1.17189 1.1434 1.15904 1.1451 1.16076 1.15904 1.17189 1.16076 1.17363 1.16604 1.17602 1.1681 1.17809 1.17602 1.18316 1.17809 1.18525 1.1681 1.17809 1.17004 1.18005 1.17809 1.18525 1.18005 1.18722 1.18316 1.18745 1.18525 1.18955 1.18745 1.18889 1.18955 1.19098 1.18525 1.18955 1.18722 1.19153 1.18955 1.19098 1.19153 1.19296 1.17004 1.18005 1.17189 1.18192 1.18005 1.18722 1.18192 1.1891 1.17189 1.18192 1.17363 1.18367 1.18192 1.1891 1.18367 1.19086 1.18722 1.19153 1.1891 1.19341 1.19153 1.19296 1.19341 1.19485 1.1891 1.19341 1.19086 1.19518 1.19341 1.19485 1.19518 1.19663 1.10554 1.12668 1.1071 1.12826 1.12668 1.1451 1.12826 1.14671 1.1071 1.12826 1.10855 1.12975 1.12826 1.14671 1.12975 1.14822 1.1451 1.16076 1.14671 1.1624 1.16076 1.17363 1.1624 1.17529 1.14671 1.1624 1.14822 1.16393 1.1624 1.17529 1.16393 1.17683 1.10855 1.12975 1.10993 1.13115 1.12975 1.14822 1.13115 1.14965 1.10993 1.13115 1.11121 1.13246 1.13115 1.14965 1.13246 1.15097 1.14822 1.16393 1.14965 1.16538 1.16393 1.17683 1.16538 1.1783 1.14965 1.16538 1.15097 1.16672 1.16538 1.1783 1.16672 1.17965 1.17363 1.18367 1.17529 1.18534 1.18367 1.19086 1.18534 1.19254 1.17529 1.18534 1.17683 1.1869 1.18534 1.19254 1.1869 1.19411 1.19086 1.19518 1.19254 1.19687 1.19518 1.19663 1.19687 1.19831 1.19254 1.19687 1.19411 1.19844 1.19687 1.19831 1.19844 1.19989 1.17683 1.1869 1.1783 1.18838 1.1869 1.19411 1.18838 1.19559 1.1783 1.18838 1.17965 1.18975 1.18838 1.19559 1.18975 1.19697 1.19411 1.19844 1.19559 1.19993 1.19844 1.19989 1.19993 1.20138 1.19559 1.19993 1.19697 1.20132 1.19993 1.20138 1.20132 1.20276 0 0.0590168 0 0.0590807 0.0590168 0.117891 0.0590807 0.118019 0 0.0590807 0 0.0591394 0.0590807 0.118019 0.0591394 0.118136 0.117891 0.176482 0.118019 0.176673 0.176482 0.234648 0.176673 0.234901 0.118019 0.176673 0.118136 0.176849 0.176673 0.234901 0.176849 0.235135 0 0.0591394 0 0.0591941 0.0591394 0.118136 0.0591941 0.118246 0 0.0591941 0 0.0592439 0.0591941 0.118246 0.0592439 0.118345 0.118136 0.176849 0.118246 0.177012 0.176849 0.235135 0.177012 0.235353 0.118246 0.177012 0.118345 0.177161 0.177012 0.235353 0.177161 0.23555 0.234648 0.292248 0.234901 0.292564 0.292248 0.349144 0.292564 0.349522 0.234901 0.292564 0.235135 0.292855 0.292564 0.349522 0.292855 0.349869 0.349144 0.405199 0.349522 0.405637 0.405199 0.460278 0.405637 0.460776 0.349522 0.405637 0.349869 0.40604 0.405637 0.460776 0.40604 0.461233 0.235135 0.292855 0.235353 0.293126 0.292855 0.349869 0.293126 0.350193 0.235353 0.293126 0.23555 0.293372 0.293126 0.350193 0.293372 0.350487 0.349869 0.40604 0.350193 0.406416 0.40604 0.461233 0.406416 0.461661 0.350193 0.406416 0.350487 0.406758 0.406416 0.461661 0.406758 0.462049 0 0.0592439 0 0.0592899 0.0592439 0.118345 0.0592899 0.118437 0 0.0592899 0 0.059331 0.0592899 0.118437 0.059331 0.118519 0.118345 0.177161 0.118437 0.177299 0.177161 0.23555 0.177299 0.235733 0.118437 0.177299 0.118519 0.177422 0.177299 0.235733 0.177422 0.235897 0 0.059331 0 0.0593685 0.059331 0.118519 0.0593685 0.118594 0 0.0593685 0 0.0594011 0.0593685 0.118594 0.0594011 0.118659 0.118519 0.177422 0.118594 0.177534 0.177422 0.235897 0.177534 0.236046 0.118594 0.177534 0.118659 0.177631 0.177534 0.236046 0.177631 0.236175 0.23555 0.293372 0.235733 0.2936 0.293372 0.350487 0.2936 0.35076 0.235733 0.2936 0.235897 0.293803 0.2936 0.35076 0.293803 0.351002 0.350487 0.406758 0.35076 0.407074 0.406758 0.462049 0.407074 0.462408 0.35076 0.407074 0.351002 0.407356 0.407074 0.462408 0.407356 0.462728 0.235897 0.293803 0.236046 0.293989 0.293803 0.351002 0.293989 0.351224 0.236046 0.293989 0.236175 0.294151 0.293989 0.351224 0.294151 0.351417 0.351002 0.407356 0.351224 0.407614 0.407356 0.462728 0.407614 0.463021 0.351224 0.407614 0.351417 0.407837 0.407614 0.463021 0.407837 0.463275 0.460278 0.514248 0.460776 0.514804 0.514248 0.566979 0.514804 0.567592 0.460776 0.514804 0.461233 0.515315 0.514804 0.567592 0.515315 0.568156 0.566979 0.618344 0.567592 0.619013 0.618344 0.66822 0.619013 0.668943 0.567592 0.619013 0.568156 0.619628 0.619013 0.668943 0.619628 0.669607 0.461233 0.515315 0.461661 0.515793 0.515315 0.568156 0.515793 0.568682 0.461661 0.515793 0.462049 0.516226 0.515793 0.568682 0.516226 0.56916 0.568156 0.619628 0.568682 0.620202 0.619628 0.669607 0.620202 0.670228 0.568682 0.620202 0.56916 0.620723 0.620202 0.670228 0.620723 0.670791 0.66822 0.716486 0.668943 0.717261 0.716486 0.763025 0.717261 0.763851 0.668943 0.717261 0.669607 0.717973 0.717261 0.763851 0.717973 0.76461 0.763025 0.807727 0.763851 0.8086 0.807727 0.850483 0.8086 0.851402 0.763851 0.8086 0.76461 0.809404 0.8086 0.851402 0.809404 0.852248 0.669607 0.717973 0.670228 0.718638 0.717973 0.76461 0.718638 0.765318 0.670228 0.718638 0.670791 0.719242 0.718638 0.765318 0.719242 0.765961 0.76461 0.809404 0.765318 0.810154 0.809404 0.852248 0.810154 0.853038 0.765318 0.810154 0.765961 0.810835 0.810154 0.853038 0.810835 0.853755 0.462049 0.516226 0.462408 0.516627 0.516226 0.56916 0.516627 0.569603 0.462408 0.516627 0.462728 0.516985 0.516627 0.569603 0.516985 0.569997 0.56916 0.620723 0.569603 0.621206 0.620723 0.670791 0.621206 0.671312 0.569603 0.621206 0.569997 0.621636 0.621206 0.671312 0.621636 0.671777 0.462728 0.516985 0.463021 0.517312 0.516985 0.569997 0.517312 0.570358 0.463021 0.517312 0.463275 0.517596 0.517312 0.570358 0.517596 0.570671 0.569997 0.621636 0.570358 0.622029 0.621636 0.671777 0.622029 0.672202 0.570358 0.622029 0.570671 0.62237 0.622029 0.672202 0.62237 0.672571 0.670791 0.719242 0.671312 0.719801 0.719242 0.765961 0.719801 0.766556 0.671312 0.719801 0.671777 0.720299 0.719801 0.766556 0.720299 0.767087 0.765961 0.810835 0.766556 0.811465 0.810835 0.853755 0.811465 0.854418 0.766556 0.811465 0.767087 0.812026 0.811465 0.854418 0.812026 0.85501 0.671777 0.720299 0.672202 0.720755 0.720299 0.767087 0.720755 0.767572 0.672202 0.720755 0.672571 0.721151 0.720755 0.767572 0.721151 0.767994 0.767087 0.812026 0.767572 0.81254 0.812026 0.85501 0.81254 0.85555 0.767572 0.81254 0.767994 0.812986 0.81254 0.85555 0.812986 0.85602 0 0.0594011 0 0.0594304 0.0594011 0.118659 0.0594304 0.118718 0 0.0594304 0 0.0594548 0.0594304 0.118718 0.0594548 0.118766 0.118659 0.177631 0.118718 0.177719 0.177631 0.236175 0.177719 0.236292 0.118718 0.177719 0.118766 0.177792 0.177719 0.236292 0.177792 0.236389 0 0.0594548 0 0.0594761 0.0594548 0.118766 0.0594761 0.118809 0 0.0594761 0 0.0594926 0.0594761 0.118809 0.0594926 0.118842 0.118766 0.177792 0.118809 0.177856 0.177792 0.236389 0.177856 0.236474 0.118809 0.177856 0.118842 0.177905 0.177856 0.236474 0.177905 0.236539 0.236175 0.294151 0.236292 0.294296 0.294151 0.351417 0.294296 0.351591 0.236292 0.294296 0.236389 0.294417 0.294296 0.351591 0.294417 0.351735 0.351417 0.407837 0.351591 0.408038 0.407837 0.463275 0.408038 0.463503 0.351591 0.408038 0.351735 0.408206 0.408038 0.463503 0.408206 0.463694 0.236389 0.294417 0.236474 0.294522 0.294417 0.351735 0.294522 0.351861 0.236474 0.294522 0.236539 0.294604 0.294522 0.351861 0.294604 0.351958 0.351735 0.408206 0.351861 0.408352 0.408206 0.463694 0.408352 0.46386 0.351861 0.408352 0.351958 0.408465 0.408352 0.46386 0.408465 0.463988 0 0.0594926 0 0.0595061 0.0594926 0.118842 0.0595061 0.118869 0 0.0595061 0 0.0595148 0.0595061 0.118869 0.0595148 0.118886 0.118842 0.177905 0.118869 0.177945 0.177905 0.236539 0.177945 0.236593 0.118869 0.177945 0.118886 0.177971 0.177945 0.236593 0.177971 0.236628 0 0.0595148 0 0.0595209 0.0595148 0.118886 0.0595209 0.118898 0 0.0595209 0 0.0595221 0.0595209 0.118898 0.0595221 0.118901 0.118886 0.177971 0.118898 0.177989 0.177971 0.236628 0.177989 0.236652 0.118898 0.177989 0.118901 0.177993 0.177989 0.236652 0.177993 0.236657 0.236539 0.294604 0.236593 0.294671 0.294604 0.351958 0.294671 0.352039 0.236593 0.294671 0.236628 0.294714 0.294671 0.352039 0.294714 0.35209 0.351958 0.408465 0.352039 0.408558 0.408465 0.463988 0.408558 0.464094 0.352039 0.408558 0.35209 0.408618 0.408558 0.464094 0.408618 0.464162 0.236628 0.294714 0.236652 0.294744 0.294714 0.35209 0.294744 0.352126 0.236652 0.294744 0.236657 0.29475 0.294744 0.352126 0.29475 0.352133 0.35209 0.408618 0.352126 0.40866 0.408618 0.464162 0.40866 0.464209 0.352126 0.40866 0.352133 0.408668 0.40866 0.464209 0.408668 0.464219 0.463275 0.517596 0.463503 0.517852 0.517596 0.570671 0.517852 0.570952 0.463503 0.517852 0.463694 0.518064 0.517852 0.570952 0.518064 0.571187 0.570671 0.62237 0.570952 0.622677 0.62237 0.672571 0.622677 0.672903 0.570952 0.622677 0.571187 0.622933 0.622677 0.672903 0.622933 0.673179 0.463694 0.518064 0.46386 0.51825 0.518064 0.571187 0.51825 0.571391 0.46386 0.51825 0.463988 0.518393 0.51825 0.571391 0.518393 0.571549 0.571187 0.622933 0.571391 0.623156 0.622933 0.673179 0.623156 0.67342 0.571391 0.623156 0.571549 0.623329 0.623156 0.67342 0.623329 0.673606 0.672571 0.721151 0.672903 0.721507 0.721151 0.767994 0.721507 0.768372 0.672903 0.721507 0.673179 0.721803 0.721507 0.768372 0.721803 0.768688 0.767994 0.812986 0.768372 0.813387 0.812986 0.85602 0.813387 0.856442 0.768372 0.813387 0.768688 0.813721 0.813387 0.856442 0.813721 0.856794 0.673179 0.721803 0.67342 0.722061 0.721803 0.768688 0.722061 0.768963 0.67342 0.722061 0.673606 0.722261 0.722061 0.768963 0.722261 0.769176 0.768688 0.813721 0.768963 0.814013 0.813721 0.856794 0.814013 0.857101 0.768963 0.814013 0.769176 0.814238 0.814013 0.857101 0.814238 0.857338 0.463988 0.518393 0.464094 0.518511 0.518393 0.571549 0.518511 0.57168 0.464094 0.518511 0.464162 0.518587 0.518511 0.57168 0.518587 0.571763 0.571549 0.623329 0.57168 0.623471 0.623329 0.673606 0.623471 0.67376 0.57168 0.623471 0.571763 0.623562 0.623471 0.67376 0.623562 0.673859 0.464162 0.518587 0.464209 0.51864 0.518587 0.571763 0.51864 0.571822 0.464209 0.51864 0.464219 0.518651 0.51864 0.571822 0.518651 0.571833 0.571763 0.623562 0.571822 0.623626 0.623562 0.673859 0.623626 0.673927 0.571822 0.623626 0.571833 0.623639 0.623626 0.673927 0.623639 0.673941 0.673606 0.722261 0.67376 0.722426 0.722261 0.769176 0.722426 0.769351 0.67376 0.722426 0.673859 0.722532 0.722426 0.769351 0.722532 0.769464 0.769176 0.814238 0.769351 0.814424 0.814238 0.857338 0.814424 0.857534 0.769351 0.814424 0.769464 0.814543 0.814424 0.857534 0.814543 0.857659 0.673859 0.722532 0.673927 0.722605 0.722532 0.769464 0.722605 0.769543 0.673927 0.722605 0.673941 0.72262 0.722605 0.769543 0.72262 0.769558 0.769464 0.814543 0.769543 0.814626 0.814543 0.857659 0.814626 0.857747 0.769543 0.814626 0.769558 0.814643 0.814626 0.857747 0.814643 0.857764 0.850483 0.891189 0.851402 0.892153 0.891189 0.929749 0.892153 0.930755 0.851402 0.892153 0.852248 0.89304 0.892153 0.930755 0.89304 0.931679 0.929749 0.966069 0.930755 0.967114 0.966069 1.00006 0.967114 1.00114 0.930755 0.967114 0.931679 0.968075 0.967114 1.00114 0.968075 1.00214 0.852248 0.89304 0.853038 0.893867 0.89304 0.931679 0.893867 0.932543 0.853038 0.893867 0.853755 0.894618 0.893867 0.932543 0.894618 0.933326 0.931679 0.968075 0.932543 0.968972 0.968075 1.00214 0.968972 1.00307 0.932543 0.968972 0.933326 0.969786 0.968972 1.00307 0.969786 1.00391 1.00006 1.03165 1.00114 1.03276 1.03165 1.06074 1.03276 1.06189 1.00114 1.03276 1.00214 1.03379 1.03276 1.06189 1.03379 1.06295 1.06074 1.08729 1.06189 1.08846 1.08729 1.11121 1.08846 1.11241 1.06189 1.08846 1.06295 1.08954 1.08846 1.11241 1.08954 1.11352 1.00214 1.03379 1.00307 1.03474 1.03379 1.06295 1.03474 1.06393 1.00307 1.03474 1.00391 1.03561 1.03474 1.06393 1.03561 1.06482 1.06295 1.08954 1.06393 1.09055 1.08954 1.11352 1.09055 1.11455 1.06393 1.09055 1.06482 1.09147 1.09055 1.11455 1.09147 1.11548 0.853755 0.894618 0.854418 0.895313 0.894618 0.933326 0.895313 0.934051 0.854418 0.895313 0.85501 0.895933 0.895313 0.934051 0.895933 0.934698 0.933326 0.969786 0.934051 0.970539 0.969786 1.00391 0.970539 1.00469 0.934051 0.970539 0.934698 0.971211 0.970539 1.00469 0.971211 1.00538 0.85501 0.895933 0.85555 0.8965 0.895933 0.934698 0.8965 0.935289 0.85555 0.8965 0.85602 0.896992 0.8965 0.935289 0.896992 0.935803 0.934698 0.971211 0.935289 0.971826 0.971211 1.00538 0.971826 1.00602 0.935289 0.971826 0.935803 0.972359 0.971826 1.00602 0.972359 1.00657 1.00391 1.03561 1.00469 1.03642 1.03561 1.06482 1.03642 1.06565 1.00469 1.03642 1.00538 1.03714 1.03642 1.06565 1.03714 1.06639 1.06482 1.09147 1.06565 1.09232 1.09147 1.11548 1.09232 1.11635 1.06565 1.09232 1.06639 1.09307 1.09232 1.11635 1.09307 1.11712 1.00538 1.03714 1.00602 1.03779 1.03714 1.06639 1.03779 1.06706 1.00602 1.03779 1.00657 1.03836 1.03779 1.06706 1.03836 1.06765 1.06639 1.09307 1.06706 1.09376 1.09307 1.11712 1.09376 1.11783 1.06706 1.09376 1.06765 1.09437 1.09376 1.11783 1.09437 1.11844 1.11121 1.13246 1.11241 1.13368 1.13246 1.15097 1.13368 1.15222 1.11241 1.13368 1.11352 1.13481 1.13368 1.15222 1.13481 1.15336 1.15097 1.16672 1.15222 1.16798 1.16672 1.17965 1.16798 1.18093 1.15222 1.16798 1.15336 1.16914 1.16798 1.18093 1.16914 1.1821 1.11352 1.13481 1.11455 1.13586 1.13481 1.15336 1.13586 1.15443 1.11455 1.13586 1.11548 1.13681 1.13586 1.15443 1.13681 1.1554 1.15336 1.16914 1.15443 1.17022 1.16914 1.1821 1.17022 1.1832 1.15443 1.17022 1.1554 1.17121 1.17022 1.1832 1.17121 1.18419 1.17965 1.18975 1.18093 1.19103 1.18975 1.19697 1.19103 1.19827 1.18093 1.19103 1.1821 1.19222 1.19103 1.19827 1.19222 1.19946 1.19697 1.20132 1.19827 1.20261 1.20132 1.20276 1.20261 1.20406 1.19827 1.20261 1.19946 1.20381 1.20261 1.20406 1.20381 1.20526 1.1821 1.19222 1.1832 1.19332 1.19222 1.19946 1.19332 1.20057 1.1832 1.19332 1.18419 1.19432 1.19332 1.20057 1.19432 1.20158 1.19946 1.20381 1.20057 1.20492 1.20381 1.20526 1.20492 1.20638 1.20057 1.20492 1.20158 1.20594 1.20492 1.20638 1.20594 1.20739 1.11548 1.13681 1.11635 1.1377 1.13681 1.1554 1.1377 1.1563 1.11635 1.1377 1.11712 1.13848 1.1377 1.1563 1.13848 1.1571 1.1554 1.17121 1.1563 1.17212 1.17121 1.18419 1.17212 1.18511 1.1563 1.17212 1.1571 1.17293 1.17212 1.18511 1.17293 1.18593 1.11712 1.13848 1.11783 1.1392 1.13848 1.1571 1.1392 1.15783 1.11783 1.1392 1.11844 1.13983 1.1392 1.15783 1.13983 1.15847 1.1571 1.17293 1.15783 1.17367 1.17293 1.18593 1.17367 1.18668 1.15783 1.17367 1.15847 1.17432 1.17367 1.18668 1.17432 1.18733 1.18419 1.19432 1.18511 1.19525 1.19432 1.20158 1.19525 1.20251 1.18511 1.19525 1.18593 1.19608 1.19525 1.20251 1.19608 1.20334 1.20158 1.20594 1.20251 1.20687 1.20594 1.20739 1.20687 1.20833 1.20251 1.20687 1.20334 1.20771 1.20687 1.20833 1.20771 1.20917 1.18593 1.19608 1.18668 1.19684 1.19608 1.20334 1.19684 1.2041 1.18668 1.19684 1.18733 1.19749 1.19684 1.2041 1.19749 1.20477 1.20334 1.20771 1.2041 1.20847 1.20771 1.20917 1.20847 1.20993 1.2041 1.20847 1.20477 1.20914 1.20847 1.20993 1.20914 1.2106 0.85602 0.896992 0.856442 0.897434 0.896992 0.935803 0.897434 0.936264 0.856442 0.897434 0.856794 0.897803 0.897434 0.936264 0.897803 0.936649 0.935803 0.972359 0.936264 0.972839 0.972359 1.00657 0.972839 1.00707 0.936264 0.972839 0.936649 0.973238 0.972839 1.00707 0.973238 1.00748 0.856794 0.897803 0.857101 0.898125 0.897803 0.936649 0.898125 0.936985 0.857101 0.898125 0.857338 0.898373 0.898125 0.936985 0.898373 0.937244 0.936649 0.973238 0.936985 0.973587 0.973238 1.00748 0.973587 1.00784 0.936985 0.973587 0.937244 0.973856 0.973587 1.00784 0.973856 1.00812 1.00657 1.03836 1.00707 1.03887 1.03836 1.06765 1.03887 1.06818 1.00707 1.03887 1.00748 1.0393 1.03887 1.06818 1.0393 1.06862 1.06765 1.09437 1.06818 1.09491 1.09437 1.11844 1.09491 1.119 1.06818 1.09491 1.06862 1.09535 1.09491 1.119 1.09535 1.11946 1.00748 1.0393 1.00784 1.03967 1.0393 1.06862 1.03967 1.069 1.00784 1.03967 1.00812 1.03996 1.03967 1.069 1.03996 1.06929 1.06862 1.09535 1.069 1.09575 1.09535 1.11946 1.09575 1.11986 1.069 1.09575 1.06929 1.09605 1.09575 1.11986 1.09605 1.12017 0.857338 0.898373 0.857534 0.898578 0.898373 0.937244 0.898578 0.937457 0.857534 0.898578 0.857659 0.89871 0.898578 0.937457 0.89871 0.937595 0.937244 0.973856 0.937457 0.974078 0.973856 1.00812 0.974078 1.00835 0.937457 0.974078 0.937595 0.974221 0.974078 1.00835 0.974221 1.0085 0.857659 0.89871 0.857747 0.898801 0.89871 0.937595 0.898801 0.93769 0.857747 0.898801 0.857764 0.89882 0.898801 0.93769 0.89882 0.93771 0.937595 0.974221 0.93769 0.97432 0.974221 1.0085 0.97432 1.0086 0.93769 0.97432 0.93771 0.974341 0.97432 1.0086 0.974341 1.00862 1.00812 1.03996 1.00835 1.0402 1.03996 1.06929 1.0402 1.06954 1.00835 1.0402 1.0085 1.04035 1.0402 1.06954 1.04035 1.06969 1.06929 1.09605 1.06954 1.0963 1.09605 1.12017 1.0963 1.12042 1.06954 1.0963 1.06969 1.09646 1.0963 1.12042 1.09646 1.12059 1.0085 1.04035 1.0086 1.04046 1.04035 1.06969 1.04046 1.0698 1.0086 1.04046 1.00862 1.04048 1.04046 1.0698 1.04048 1.06983 1.06969 1.09646 1.0698 1.09657 1.09646 1.12059 1.09657 1.1207 1.0698 1.09657 1.06983 1.0966 1.09657 1.1207 1.0966 1.12072 1.11844 1.13983 1.119 1.14039 1.13983 1.15847 1.14039 1.15904 1.119 1.14039 1.11946 1.14086 1.14039 1.15904 1.14086 1.15951 1.15847 1.17432 1.15904 1.17489 1.17432 1.18733 1.17489 1.18792 1.15904 1.17489 1.15951 1.17538 1.17489 1.18792 1.17538 1.18841 1.11946 1.14086 1.11986 1.14127 1.14086 1.15951 1.14127 1.15993 1.11986 1.14127 1.12017 1.14158 1.14127 1.15993 1.14158 1.16025 1.15951 1.17538 1.15993 1.1758 1.17538 1.18841 1.1758 1.18883 1.15993 1.1758 1.16025 1.17612 1.1758 1.18883 1.17612 1.18916 1.18733 1.19749 1.18792 1.19808 1.19749 1.20477 1.19808 1.20536 1.18792 1.19808 1.18841 1.19858 1.19808 1.20536 1.19858 1.20586 1.20477 1.20914 1.20536 1.20973 1.20914 1.2106 1.20973 1.21119 1.20536 1.20973 1.20586 1.21023 1.20973 1.21119 1.21023 1.21169 1.18841 1.19858 1.18883 1.199 1.19858 1.20586 1.199 1.20629 1.18883 1.199 1.18916 1.19934 1.199 1.20629 1.19934 1.20662 1.20586 1.21023 1.20629 1.21066 1.21023 1.21169 1.21066 1.21212 1.20629 1.21066 1.20662 1.211 1.21066 1.21212 1.211 1.21246 1.12017 1.14158 1.12042 1.14184 1.14158 1.16025 1.14184 1.16052 1.12042 1.14184 1.12059 1.14201 1.14184 1.16052 1.14201 1.16069 1.16025 1.17612 1.16052 1.17639 1.17612 1.18916 1.17639 1.18943 1.16052 1.17639 1.16069 1.17656 1.17639 1.18943 1.17656 1.18961 1.12059 1.14201 1.1207 1.14213 1.14201 1.16069 1.14213 1.1608 1.1207 1.14213 1.12072 1.14215 1.14213 1.1608 1.14215 1.16083 1.16069 1.17656 1.1608 1.17668 1.17656 1.18961 1.17668 1.18973 1.1608 1.17668 1.16083 1.17671 1.17668 1.18973 1.17671 1.18975 1.18916 1.19934 1.18943 1.19961 1.19934 1.20662 1.19961 1.2069 1.18943 1.19961 1.18961 1.19979 1.19961 1.2069 1.19979 1.20707 1.20662 1.211 1.2069 1.21127 1.211 1.21246 1.21127 1.21274 1.2069 1.21127 1.20707 1.21145 1.21127 1.21274 1.21145 1.21291 1.18961 1.19979 1.18973 1.19991 1.19979 1.20707 1.19991 1.2072 1.18973 1.19991 1.18975 1.19993 1.19991 1.2072 1.19993 1.20722 1.20707 1.21145 1.2072 1.21158 1.21145 1.21291 1.21158 1.21304 1.2072 1.21158 1.20722 1.2116 1.21158 1.21304 1.2116 1.21306 1.16821 1.16681 1.1712 1.16979 1.16681 1.16259 1.16979 1.16556 1.1712 1.16979 1.17406 1.17265 1.16979 1.16556 1.17265 1.16841 1.16259 1.15557 1.16556 1.15852 1.15557 1.14577 1.15852 1.1487 1.16556 1.15852 1.16841 1.16136 1.15852 1.1487 1.16136 1.1515 1.17406 1.17265 1.17682 1.1754 1.17265 1.16841 1.1754 1.17115 1.17682 1.1754 1.17945 1.17803 1.1754 1.17115 1.17803 1.17377 1.16841 1.16136 1.17115 1.16408 1.16136 1.1515 1.16408 1.1542 1.17115 1.16408 1.17377 1.16668 1.16408 1.1542 1.16668 1.15679 1.14577 1.1332 1.1487 1.1361 1.1332 1.11791 1.1361 1.12077 1.1487 1.1361 1.1515 1.13888 1.1361 1.12077 1.13888 1.12351 1.11791 1.09993 1.12077 1.10274 1.09993 1.07929 1.10274 1.08205 1.12077 1.10274 1.12351 1.10543 1.10274 1.08205 1.10543 1.08469 1.1515 1.13888 1.1542 1.14155 1.13888 1.12351 1.14155 1.12614 1.1542 1.14155 1.15679 1.1441 1.14155 1.12614 1.1441 1.12866 1.12351 1.10543 1.12614 1.10802 1.10543 1.08469 1.10802 1.08724 1.12614 1.10802 1.12866 1.1105 1.10802 1.08724 1.1105 1.08967 1.17945 1.17803 1.18198 1.18055 1.17803 1.17377 1.18055 1.17628 1.18198 1.18055 1.18439 1.18296 1.18055 1.17628 1.18296 1.17868 1.17377 1.16668 1.17628 1.16918 1.16668 1.15679 1.16918 1.15926 1.17628 1.16918 1.17868 1.17157 1.16918 1.15926 1.17157 1.16163 1.18439 1.18296 1.18669 1.18526 1.18296 1.17868 1.18526 1.18098 1.18669 1.18526 1.18889 1.18745 1.18526 1.18098 1.18745 1.18316 1.17868 1.17157 1.18098 1.17385 1.17157 1.16163 1.17385 1.16389 1.18098 1.17385 1.18316 1.17602 1.17385 1.16389 1.17602 1.16604 1.15679 1.1441 1.15926 1.14655 1.1441 1.12866 1.14655 1.13108 1.15926 1.14655 1.16163 1.14889 1.14655 1.13108 1.14889 1.13339 1.12866 1.1105 1.13108 1.11288 1.1105 1.08967 1.11288 1.092 1.13108 1.11288 1.13339 1.11515 1.11288 1.092 1.11515 1.09423 1.16163 1.14889 1.16389 1.15113 1.14889 1.13339 1.15113 1.13559 1.16389 1.15113 1.16604 1.15326 1.15113 1.13559 1.15326 1.13769 1.13339 1.11515 1.13559 1.11732 1.11515 1.09423 1.11732 1.09636 1.13559 1.11732 1.13769 1.11939 1.11732 1.09636 1.11939 1.09839 1.07929 1.05605 1.08205 1.05875 1.05605 1.03027 1.05875 1.03291 1.08205 1.05875 1.08469 1.06134 1.05875 1.03291 1.06134 1.03543 1.03027 1.00201 1.03291 1.00457 1.00201 0.971335 1.00457 0.973817 1.03291 1.00457 1.03543 1.00703 1.00457 0.973817 1.00703 0.976198 1.08469 1.06134 1.08724 1.06383 1.06134 1.03543 1.06383 1.03786 1.08724 1.06383 1.08967 1.06621 1.06383 1.03786 1.06621 1.04018 1.03543 1.00703 1.03786 1.00939 1.00703 0.976198 1.00939 0.978487 1.03786 1.00939 1.04018 1.01165 1.00939 0.978487 1.01165 0.980676 0.971335 0.938319 0.973817 0.940717 0.938319 0.903042 0.940717 0.90535 0.973817 0.940717 0.976198 0.943016 0.940717 0.90535 0.943016 0.907563 0.903042 0.86559 0.90535 0.867802 0.86559 0.826053 0.867802 0.828163 0.90535 0.867802 0.907563 0.869923 0.867802 0.828163 0.869923 0.830188 0.976198 0.943016 0.978487 0.945227 0.943016 0.907563 0.945227 0.909691 0.978487 0.945227 0.980676 0.947342 0.945227 0.909691 0.947342 0.911726 0.907563 0.869923 0.909691 0.871963 0.869923 0.830188 0.871963 0.832134 0.909691 0.871963 0.911726 0.873914 0.871963 0.832134 0.873914 0.833996 1.08967 1.06621 1.092 1.06849 1.06621 1.04018 1.06849 1.04241 1.092 1.06849 1.09423 1.07067 1.06849 1.04241 1.07067 1.04454 1.04018 1.01165 1.04241 1.01381 1.01165 0.980676 1.01381 0.982777 1.04241 1.01381 1.04454 1.01588 1.01381 0.982777 1.01588 0.984781 1.09423 1.07067 1.09636 1.07276 1.07067 1.04454 1.07276 1.04657 1.09636 1.07276 1.09839 1.07474 1.07276 1.04657 1.07474 1.0485 1.04454 1.01588 1.04657 1.01786 1.01588 0.984781 1.01786 0.986699 1.04657 1.01786 1.0485 1.01974 1.01786 0.986699 1.01974 0.988523 0.980676 0.947342 0.982777 0.949372 0.947342 0.911726 0.949372 0.91368 0.982777 0.949372 0.984781 0.951308 0.949372 0.91368 0.951308 0.915543 0.911726 0.873914 0.91368 0.875786 0.873914 0.833996 0.875786 0.835783 0.91368 0.875786 0.915543 0.877572 0.875786 0.835783 0.877572 0.837487 0.984781 0.951308 0.986699 0.953161 0.951308 0.915543 0.953161 0.917326 0.986699 0.953161 0.988523 0.954922 0.953161 0.917326 0.954922 0.919021 0.915543 0.877572 0.917326 0.879282 0.877572 0.837487 0.879282 0.839119 0.917326 0.879282 0.919021 0.880907 0.879282 0.839119 0.880907 0.840669 1.18889 1.18745 1.19098 1.18955 1.18745 1.18316 1.18955 1.18525 1.19098 1.18955 1.19296 1.19153 1.18955 1.18525 1.19153 1.18722 1.18316 1.17602 1.18525 1.17809 1.17602 1.16604 1.17809 1.1681 1.18525 1.17809 1.18722 1.18005 1.17809 1.1681 1.18005 1.17004 1.19296 1.19153 1.19485 1.19341 1.19153 1.18722 1.19341 1.1891 1.19485 1.19341 1.19663 1.19518 1.19341 1.1891 1.19518 1.19086 1.18722 1.18005 1.1891 1.18192 1.18005 1.17004 1.18192 1.17189 1.1891 1.18192 1.19086 1.18367 1.18192 1.17189 1.18367 1.17363 1.16604 1.15326 1.1681 1.15529 1.15326 1.13769 1.15529 1.1397 1.1681 1.15529 1.17004 1.15721 1.15529 1.1397 1.15721 1.14159 1.13769 1.11939 1.1397 1.12136 1.11939 1.09839 1.12136 1.10032 1.1397 1.12136 1.14159 1.12323 1.12136 1.10032 1.12323 1.10215 1.17004 1.15721 1.17189 1.15904 1.15721 1.14159 1.15904 1.1434 1.17189 1.15904 1.17363 1.16076 1.15904 1.1434 1.16076 1.1451 1.14159 1.12323 1.1434 1.125 1.12323 1.10215 1.125 1.1039 1.1434 1.125 1.1451 1.12668 1.125 1.1039 1.12668 1.10554 1.19663 1.19518 1.19831 1.19687 1.19518 1.19086 1.19687 1.19254 1.19831 1.19687 1.19989 1.19844 1.19687 1.19254 1.19844 1.19411 1.19086 1.18367 1.19254 1.18534 1.18367 1.17363 1.18534 1.17529 1.19254 1.18534 1.19411 1.1869 1.18534 1.17529 1.1869 1.17683 1.19989 1.19844 1.20138 1.19993 1.19844 1.19411 1.19993 1.19559 1.20138 1.19993 1.20276 1.20132 1.19993 1.19559 1.20132 1.19697 1.19411 1.1869 1.19559 1.18838 1.1869 1.17683 1.18838 1.1783 1.19559 1.18838 1.19697 1.18975 1.18838 1.1783 1.18975 1.17965 1.17363 1.16076 1.17529 1.1624 1.16076 1.1451 1.1624 1.14671 1.17529 1.1624 1.17683 1.16393 1.1624 1.14671 1.16393 1.14822 1.1451 1.12668 1.14671 1.12826 1.12668 1.10554 1.12826 1.1071 1.14671 1.12826 1.14822 1.12975 1.12826 1.1071 1.12975 1.10855 1.17683 1.16393 1.1783 1.16538 1.16393 1.14822 1.16538 1.14965 1.1783 1.16538 1.17965 1.16672 1.16538 1.14965 1.16672 1.15097 1.14822 1.12975 1.14965 1.13115 1.12975 1.10855 1.13115 1.10993 1.14965 1.13115 1.15097 1.13246 1.13115 1.10993 1.13246 1.11121 1.09839 1.07474 1.10032 1.07663 1.07474 1.0485 1.07663 1.05035 1.10032 1.07663 1.10215 1.07843 1.07663 1.05035 1.07843 1.0521 1.0485 1.01974 1.05035 1.02154 1.01974 0.988523 1.02154 0.990264 1.05035 1.02154 1.0521 1.02324 1.02154 0.990264 1.02324 0.991912 1.10215 1.07843 1.1039 1.08013 1.07843 1.0521 1.08013 1.05376 1.1039 1.08013 1.10554 1.08174 1.08013 1.05376 1.08174 1.05533 1.0521 1.02324 1.05376 1.02486 1.02324 0.991912 1.02486 0.993481 1.05376 1.02486 1.05533 1.02638 1.02486 0.993481 1.02638 0.994958 0.988523 0.954922 0.990264 0.956604 0.954922 0.919021 0.956604 0.92064 0.990264 0.956604 0.991912 0.958196 0.956604 0.92064 0.958196 0.922172 0.919021 0.880907 0.92064 0.882458 0.880907 0.840669 0.882458 0.84215 0.92064 0.882458 0.922172 0.883927 0.882458 0.84215 0.883927 0.843552 0.991912 0.958196 0.993481 0.959712 0.958196 0.922172 0.959712 0.923631 0.993481 0.959712 0.994958 0.961139 0.959712 0.923631 0.961139 0.925004 0.922172 0.883927 0.923631 0.885325 0.883927 0.843552 0.885325 0.844886 0.923631 0.885325 0.925004 0.886641 0.885325 0.844886 0.886641 0.846142 1.10554 1.08174 1.1071 1.08326 1.08174 1.05533 1.08326 1.05682 1.1071 1.08326 1.10855 1.08469 1.08326 1.05682 1.08469 1.05821 1.05533 1.02638 1.05682 1.02783 1.02638 0.994958 1.02783 0.99636 1.05682 1.02783 1.05821 1.02918 1.02783 0.99636 1.02918 0.997672 1.10855 1.08469 1.10993 1.08603 1.08469 1.05821 1.08603 1.05952 1.10993 1.08603 1.11121 1.08729 1.08603 1.05952 1.08729 1.06074 1.05821 1.02918 1.05952 1.03046 1.02918 0.997672 1.03046 0.998911 1.05952 1.03046 1.06074 1.03165 1.03046 0.998911 1.03165 1.00006 0.994958 0.961139 0.99636 0.962493 0.961139 0.925004 0.962493 0.926307 0.99636 0.962493 0.997672 0.96376 0.962493 0.926307 0.96376 0.927527 0.925004 0.886641 0.926307 0.88789 0.886641 0.846142 0.88789 0.847334 0.926307 0.88789 0.927527 0.889059 0.88789 0.847334 0.889059 0.84845 0.997672 0.96376 0.998911 0.964957 0.96376 0.927527 0.964957 0.928679 0.998911 0.964957 1.00006 0.966069 0.964957 0.928679 0.966069 0.929749 0.927527 0.889059 0.928679 0.890164 0.889059 0.84845 0.890164 0.849504 0.928679 0.890164 0.929749 0.891189 0.890164 0.849504 0.891189 0.850483 0.826053 0.784525 0.828163 0.78653 0.784525 0.741108 0.78653 0.743001 0.828163 0.78653 0.830188 0.788453 0.78653 0.743001 0.788453 0.744818 0.741108 0.695905 0.743001 0.697683 0.695905 0.649025 0.697683 0.650684 0.743001 0.697683 0.744818 0.699389 0.697683 0.650684 0.699389 0.652274 0.830188 0.788453 0.832134 0.790301 0.788453 0.744818 0.790301 0.746564 0.832134 0.790301 0.833996 0.79207 0.790301 0.746564 0.79207 0.748235 0.744818 0.699389 0.746564 0.701028 0.699389 0.652274 0.701028 0.653804 0.746564 0.701028 0.748235 0.702597 0.701028 0.653804 0.702597 0.655267 0.649025 0.600582 0.650684 0.602117 0.600582 0.550693 0.602117 0.5521 0.650684 0.602117 0.652274 0.603589 0.602117 0.5521 0.603589 0.553449 0.550693 0.499476 0.5521 0.500753 0.499476 0.447056 0.500753 0.448199 0.5521 0.500753 0.553449 0.501977 0.500753 0.448199 0.501977 0.449294 0.652274 0.603589 0.653804 0.605004 0.603589 0.553449 0.605004 0.554747 0.653804 0.605004 0.655267 0.606358 0.605004 0.554747 0.606358 0.555988 0.553449 0.501977 0.554747 0.503154 0.501977 0.449294 0.503154 0.450348 0.554747 0.503154 0.555988 0.504279 0.503154 0.450348 0.504279 0.451356 0.833996 0.79207 0.835783 0.793766 0.79207 0.748235 0.793766 0.749838 0.835783 0.793766 0.837487 0.795385 0.793766 0.749838 0.795385 0.751366 0.748235 0.702597 0.749838 0.704102 0.702597 0.655267 0.704102 0.656671 0.749838 0.704102 0.751366 0.705538 0.704102 0.656671 0.705538 0.65801 0.837487 0.795385 0.839119 0.796934 0.795385 0.751366 0.796934 0.75283 0.839119 0.796934 0.840669 0.798407 0.796934 0.75283 0.798407 0.754221 0.751366 0.705538 0.75283 0.706912 0.705538 0.65801 0.706912 0.659291 0.75283 0.706912 0.754221 0.708219 0.706912 0.659291 0.708219 0.66051 0.655267 0.606358 0.656671 0.607657 0.606358 0.555988 0.607657 0.55718 0.656671 0.607657 0.65801 0.608896 0.607657 0.55718 0.608896 0.558316 0.555988 0.504279 0.55718 0.50536 0.504279 0.451356 0.50536 0.452323 0.55718 0.50536 0.558316 0.50639 0.50536 0.452323 0.50639 0.453245 0.65801 0.608896 0.659291 0.610082 0.608896 0.558316 0.610082 0.559403 0.659291 0.610082 0.66051 0.61121 0.610082 0.559403 0.61121 0.560437 0.558316 0.50639 0.559403 0.507377 0.50639 0.453245 0.507377 0.454128 0.559403 0.507377 0.560437 0.508314 0.507377 0.454128 0.508314 0.454967 0.447056 0.39356 0.448199 0.394565 0.39356 0.339115 0.394565 0.339981 0.448199 0.394565 0.449294 0.39553 0.394565 0.339981 0.39553 0.340813 0.339115 0.283853 0.339981 0.284578 0.283853 0.227907 0.284578 0.22849 0.339981 0.284578 0.340813 0.285274 0.284578 0.22849 0.285274 0.229048 0.449294 0.39553 0.450348 0.396457 0.39553 0.340813 0.396457 0.341612 0.450348 0.396457 0.451356 0.397344 0.396457 0.341612 0.397344 0.342376 0.340813 0.285274 0.341612 0.285943 0.285274 0.229048 0.285943 0.229585 0.341612 0.285943 0.342376 0.286583 0.285943 0.229585 0.286583 0.230099 0.227907 0.171413 0.22849 0.171851 0.171413 0.114505 0.171851 0.114798 0.22849 0.171851 0.229048 0.172271 0.171851 0.114798 0.172271 0.115078 0.114505 0.0573216 0.114798 0.0574681 0.0573216 1.43063e-16 0.0574681 1.43429e-16 0.114798 0.0574681 0.115078 0.0576085 0.0574681 1.43429e-16 0.0576085 1.4378e-16 0.229048 0.172271 0.229585 0.172675 0.172271 0.115078 0.172675 0.115348 0.229585 0.172675 0.230099 0.173061 0.172675 0.115348 0.173061 0.115606 0.115078 0.0576085 0.115348 0.0577436 0.0576085 1.4378e-16 0.0577436 1.44116e-16 0.115348 0.0577436 0.115606 0.0578728 0.0577436 1.44116e-16 0.0578728 1.44439e-16 0.451356 0.397344 0.452323 0.398196 0.397344 0.342376 0.398196 0.343109 0.452323 0.398196 0.453245 0.399008 0.398196 0.343109 0.399008 0.343809 0.342376 0.286583 0.343109 0.287197 0.286583 0.230099 0.287197 0.230592 0.343109 0.287197 0.343809 0.287782 0.287197 0.230592 0.287782 0.231062 0.453245 0.399008 0.454128 0.399785 0.399008 0.343809 0.399785 0.344479 0.454128 0.399785 0.454967 0.400524 0.399785 0.344479 0.400524 0.345115 0.343809 0.287782 0.344479 0.288343 0.287782 0.231062 0.288343 0.231512 0.344479 0.288343 0.345115 0.288876 0.288343 0.231512 0.288876 0.23194 0.230099 0.173061 0.230592 0.173432 0.173061 0.115606 0.173432 0.115854 0.230592 0.173432 0.231062 0.173786 0.173432 0.115854 0.173786 0.11609 0.115606 0.0578728 0.115854 0.0579968 0.0578728 1.44439e-16 0.0579968 1.44748e-16 0.115854 0.0579968 0.11609 0.0581151 0.0579968 1.44748e-16 0.0581151 1.45044e-16 0.231062 0.173786 0.231512 0.174124 0.173786 0.11609 0.174124 0.116316 0.231512 0.174124 0.23194 0.174446 0.174124 0.116316 0.174446 0.116531 0.11609 0.0581151 0.116316 0.0582283 0.0581151 1.45044e-16 0.0582283 1.45326e-16 0.116316 0.0582283 0.116531 0.0583359 0.0582283 1.45326e-16 0.0583359 1.45595e-16 0.840669 0.798407 0.84215 0.799813 0.798407 0.754221 0.799813 0.75555 0.84215 0.799813 0.843552 0.801144 0.799813 0.75555 0.801144 0.756807 0.754221 0.708219 0.75555 0.709466 0.708219 0.66051 0.709466 0.661673 0.75555 0.709466 0.756807 0.710647 0.709466 0.661673 0.710647 0.662774 0.843552 0.801144 0.844886 0.802412 0.801144 0.756807 0.802412 0.758004 0.844886 0.802412 0.846142 0.803605 0.802412 0.758004 0.803605 0.759131 0.756807 0.710647 0.758004 0.711771 0.710647 0.662774 0.711771 0.663823 0.758004 0.711771 0.759131 0.712829 0.711771 0.663823 0.712829 0.66481 0.66051 0.61121 0.661673 0.612286 0.61121 0.560437 0.612286 0.561424 0.661673 0.612286 0.662774 0.613305 0.612286 0.561424 0.613305 0.562358 0.560437 0.508314 0.561424 0.50921 0.508314 0.454967 0.50921 0.455768 0.561424 0.50921 0.562358 0.510057 0.50921 0.455768 0.510057 0.456527 0.662774 0.613305 0.663823 0.614275 0.613305 0.562358 0.614275 0.563248 0.663823 0.614275 0.66481 0.615189 0.614275 0.563248 0.615189 0.564086 0.562358 0.510057 0.563248 0.510864 0.510057 0.456527 0.510864 0.457249 0.563248 0.510864 0.564086 0.511624 0.510864 0.457249 0.511624 0.457929 0.846142 0.803605 0.847334 0.804737 0.803605 0.759131 0.804737 0.760201 0.847334 0.804737 0.84845 0.805797 0.804737 0.760201 0.805797 0.761202 0.759131 0.712829 0.760201 0.713833 0.712829 0.66481 0.713833 0.665746 0.760201 0.713833 0.761202 0.714773 0.713833 0.665746 0.714773 0.666623 0.84845 0.805797 0.849504 0.806797 0.805797 0.761202 0.806797 0.762147 0.849504 0.806797 0.850483 0.807727 0.806797 0.762147 0.807727 0.763025 0.761202 0.714773 0.762147 0.715661 0.714773 0.666623 0.715661 0.667451 0.762147 0.715661 0.763025 0.716486 0.715661 0.667451 0.716486 0.66822 0.66481 0.615189 0.665746 0.616055 0.615189 0.564086 0.616055 0.56488 0.665746 0.616055 0.666623 0.616866 0.616055 0.56488 0.616866 0.565624 0.564086 0.511624 0.56488 0.512344 0.511624 0.457929 0.512344 0.458574 0.56488 0.512344 0.565624 0.513019 0.512344 0.458574 0.513019 0.459178 0.666623 0.616866 0.667451 0.617633 0.616866 0.565624 0.617633 0.566326 0.667451 0.617633 0.66822 0.618344 0.617633 0.566326 0.618344 0.566979 0.565624 0.513019 0.566326 0.513656 0.513019 0.459178 0.513656 0.459748 0.566326 0.513656 0.566979 0.514248 0.513656 0.459748 0.514248 0.460278 0.454967 0.400524 0.455768 0.401229 0.400524 0.345115 0.401229 0.345723 0.455768 0.401229 0.456527 0.401897 0.401229 0.345723 0.401897 0.346299 0.345115 0.288876 0.345723 0.289385 0.288876 0.23194 0.289385 0.232349 0.345723 0.289385 0.346299 0.289866 0.289385 0.232349 0.289866 0.232735 0.456527 0.401897 0.457249 0.402533 0.401897 0.346299 0.402533 0.346846 0.457249 0.402533 0.457929 0.403131 0.402533 0.346846 0.403131 0.347362 0.346299 0.289866 0.346846 0.290325 0.289866 0.232735 0.290325 0.233103 0.346846 0.290325 0.347362 0.290756 0.290325 0.233103 0.290756 0.23345 0.23194 0.174446 0.232349 0.174753 0.174446 0.116531 0.174753 0.116736 0.232349 0.174753 0.232735 0.175044 0.174753 0.116736 0.175044 0.116931 0.116531 0.0583359 0.116736 0.0584386 0.0583359 1.45595e-16 0.0584386 1.45851e-16 0.116736 0.0584386 0.116931 0.0585359 0.0584386 1.45851e-16 0.0585359 1.46094e-16 0.232735 0.175044 0.233103 0.175321 0.175044 0.116931 0.175321 0.117116 0.233103 0.175321 0.23345 0.175581 0.175321 0.117116 0.175581 0.11729 0.116931 0.0585359 0.117116 0.0586285 0.0585359 1.46094e-16 0.0586285 1.46325e-16 0.117116 0.0586285 0.11729 0.0587157 0.0586285 1.46325e-16 0.0587157 1.46543e-16 0.457929 0.403131 0.458574 0.403699 0.403131 0.347362 0.403699 0.347852 0.458574 0.403699 0.459178 0.404231 0.403699 0.347852 0.404231 0.34831 0.347362 0.290756 0.347852 0.291166 0.290756 0.23345 0.291166 0.233779 0.347852 0.291166 0.34831 0.291549 0.291166 0.233779 0.291549 0.234087 0.459178 0.404231 0.459748 0.404733 0.404231 0.34831 0.404733 0.348742 0.459748 0.404733 0.460278 0.405199 0.404733 0.348742 0.405199 0.349144 0.34831 0.291549 0.348742 0.291911 0.291549 0.234087 0.291911 0.234378 0.348742 0.291911 0.349144 0.292248 0.291911 0.234378 0.292248 0.234648 0.23345 0.175581 0.233779 0.175829 0.175581 0.11729 0.175829 0.117455 0.233779 0.175829 0.234087 0.17606 0.175829 0.117455 0.17606 0.11761 0.11729 0.0587157 0.117455 0.0587984 0.0587157 1.46543e-16 0.0587984 1.46749e-16 0.117455 0.0587984 0.11761 0.0588758 0.0587984 1.46749e-16 0.0588758 1.46943e-16 0.234087 0.17606 0.234378 0.176279 0.17606 0.11761 0.176279 0.117756 0.234378 0.176279 0.234648 0.176482 0.176279 0.117756 0.176482 0.117891 0.11761 0.0588758 0.117756 0.0589489 0.0588758 1.46943e-16 0.0589489 1.47125e-16 0.117756 0.0589489 0.117891 0.0590168 0.0589489 1.47125e-16 0.0590168 1.47295e-16 1.20276 1.20132 1.20406 1.20261 1.20132 1.19697 1.20261 1.19827 1.20406 1.20261 1.20526 1.20381 1.20261 1.19827 1.20381 1.19946 1.19697 1.18975 1.19827 1.19103 1.18975 1.17965 1.19103 1.18093 1.19827 1.19103 1.19946 1.19222 1.19103 1.18093 1.19222 1.1821 1.20526 1.20381 1.20638 1.20492 1.20381 1.19946 1.20492 1.20057 1.20638 1.20492 1.20739 1.20594 1.20492 1.20057 1.20594 1.20158 1.19946 1.19222 1.20057 1.19332 1.19222 1.1821 1.19332 1.1832 1.20057 1.19332 1.20158 1.19432 1.19332 1.1832 1.19432 1.18419 1.17965 1.16672 1.18093 1.16798 1.16672 1.15097 1.16798 1.15222 1.18093 1.16798 1.1821 1.16914 1.16798 1.15222 1.16914 1.15336 1.15097 1.13246 1.15222 1.13368 1.13246 1.11121 1.13368 1.11241 1.15222 1.13368 1.15336 1.13481 1.13368 1.11241 1.13481 1.11352 1.1821 1.16914 1.1832 1.17022 1.16914 1.15336 1.17022 1.15443 1.1832 1.17022 1.18419 1.17121 1.17022 1.15443 1.17121 1.1554 1.15336 1.13481 1.15443 1.13586 1.13481 1.11352 1.13586 1.11455 1.15443 1.13586 1.1554 1.13681 1.13586 1.11455 1.13681 1.11548 1.20739 1.20594 1.20833 1.20687 1.20594 1.20158 1.20687 1.20251 1.20833 1.20687 1.20917 1.20771 1.20687 1.20251 1.20771 1.20334 1.20158 1.19432 1.20251 1.19525 1.19432 1.18419 1.19525 1.18511 1.20251 1.19525 1.20334 1.19608 1.19525 1.18511 1.19608 1.18593 1.20917 1.20771 1.20993 1.20847 1.20771 1.20334 1.20847 1.2041 1.20993 1.20847 1.2106 1.20914 1.20847 1.2041 1.20914 1.20477 1.20334 1.19608 1.2041 1.19684 1.19608 1.18593 1.19684 1.18668 1.2041 1.19684 1.20477 1.19749 1.19684 1.18668 1.19749 1.18733 1.18419 1.17121 1.18511 1.17212 1.17121 1.1554 1.17212 1.1563 1.18511 1.17212 1.18593 1.17293 1.17212 1.1563 1.17293 1.1571 1.1554 1.13681 1.1563 1.1377 1.13681 1.11548 1.1377 1.11635 1.1563 1.1377 1.1571 1.13848 1.1377 1.11635 1.13848 1.11712 1.18593 1.17293 1.18668 1.17367 1.17293 1.1571 1.17367 1.15783 1.18668 1.17367 1.18733 1.17432 1.17367 1.15783 1.17432 1.15847 1.1571 1.13848 1.15783 1.1392 1.13848 1.11712 1.1392 1.11783 1.15783 1.1392 1.15847 1.13983 1.1392 1.11783 1.13983 1.11844 1.11121 1.08729 1.11241 1.08846 1.08729 1.06074 1.08846 1.06189 1.11241 1.08846 1.11352 1.08954 1.08846 1.06189 1.08954 1.06295 1.06074 1.03165 1.06189 1.03276 1.03165 1.00006 1.03276 1.00114 1.06189 1.03276 1.06295 1.03379 1.03276 1.00114 1.03379 1.00214 1.11352 1.08954 1.11455 1.09055 1.08954 1.06295 1.09055 1.06393 1.11455 1.09055 1.11548 1.09147 1.09055 1.06393 1.09147 1.06482 1.06295 1.03379 1.06393 1.03474 1.03379 1.00214 1.03474 1.00307 1.06393 1.03474 1.06482 1.03561 1.03474 1.00307 1.03561 1.00391 1.00006 0.966069 1.00114 0.967114 0.966069 0.929749 0.967114 0.930755 1.00114 0.967114 1.00214 0.968075 0.967114 0.930755 0.968075 0.931679 0.929749 0.891189 0.930755 0.892153 0.891189 0.850483 0.892153 0.851402 0.930755 0.892153 0.931679 0.89304 0.892153 0.851402 0.89304 0.852248 1.00214 0.968075 1.00307 0.968972 0.968075 0.931679 0.968972 0.932543 1.00307 0.968972 1.00391 0.969786 0.968972 0.932543 0.969786 0.933326 0.931679 0.89304 0.932543 0.893867 0.89304 0.852248 0.893867 0.853038 0.932543 0.893867 0.933326 0.894618 0.893867 0.853038 0.894618 0.853755 1.11548 1.09147 1.11635 1.09232 1.09147 1.06482 1.09232 1.06565 1.11635 1.09232 1.11712 1.09307 1.09232 1.06565 1.09307 1.06639 1.06482 1.03561 1.06565 1.03642 1.03561 1.00391 1.03642 1.00469 1.06565 1.03642 1.06639 1.03714 1.03642 1.00469 1.03714 1.00538 1.11712 1.09307 1.11783 1.09376 1.09307 1.06639 1.09376 1.06706 1.11783 1.09376 1.11844 1.09437 1.09376 1.06706 1.09437 1.06765 1.06639 1.03714 1.06706 1.03779 1.03714 1.00538 1.03779 1.00602 1.06706 1.03779 1.06765 1.03836 1.03779 1.00602 1.03836 1.00657 1.00391 0.969786 1.00469 0.970539 0.969786 0.933326 0.970539 0.934051 1.00469 0.970539 1.00538 0.971211 0.970539 0.934051 0.971211 0.934698 0.933326 0.894618 0.934051 0.895313 0.894618 0.853755 0.895313 0.854418 0.934051 0.895313 0.934698 0.895933 0.895313 0.854418 0.895933 0.85501 1.00538 0.971211 1.00602 0.971826 0.971211 0.934698 0.971826 0.935289 1.00602 0.971826 1.00657 0.972359 0.971826 0.935289 0.972359 0.935803 0.934698 0.895933 0.935289 0.8965 0.895933 0.85501 0.8965 0.85555 0.935289 0.8965 0.935803 0.896992 0.8965 0.85555 0.896992 0.85602 1.2106 1.20914 1.21119 1.20973 1.20914 1.20477 1.20973 1.20536 1.21119 1.20973 1.21169 1.21023 1.20973 1.20536 1.21023 1.20586 1.20477 1.19749 1.20536 1.19808 1.19749 1.18733 1.19808 1.18792 1.20536 1.19808 1.20586 1.19858 1.19808 1.18792 1.19858 1.18841 1.21169 1.21023 1.21212 1.21066 1.21023 1.20586 1.21066 1.20629 1.21212 1.21066 1.21246 1.211 1.21066 1.20629 1.211 1.20662 1.20586 1.19858 1.20629 1.199 1.19858 1.18841 1.199 1.18883 1.20629 1.199 1.20662 1.19934 1.199 1.18883 1.19934 1.18916 1.18733 1.17432 1.18792 1.17489 1.17432 1.15847 1.17489 1.15904 1.18792 1.17489 1.18841 1.17538 1.17489 1.15904 1.17538 1.15951 1.15847 1.13983 1.15904 1.14039 1.13983 1.11844 1.14039 1.119 1.15904 1.14039 1.15951 1.14086 1.14039 1.119 1.14086 1.11946 1.18841 1.17538 1.18883 1.1758 1.17538 1.15951 1.1758 1.15993 1.18883 1.1758 1.18916 1.17612 1.1758 1.15993 1.17612 1.16025 1.15951 1.14086 1.15993 1.14127 1.14086 1.11946 1.14127 1.11986 1.15993 1.14127 1.16025 1.14158 1.14127 1.11986 1.14158 1.12017 1.21246 1.211 1.21274 1.21127 1.211 1.20662 1.21127 1.2069 1.21274 1.21127 1.21291 1.21145 1.21127 1.2069 1.21145 1.20707 1.20662 1.19934 1.2069 1.19961 1.19934 1.18916 1.19961 1.18943 1.2069 1.19961 1.20707 1.19979 1.19961 1.18943 1.19979 1.18961 1.21291 1.21145 1.21304 1.21158 1.21145 1.20707 1.21158 1.2072 1.21304 1.21158 1.21306 1.2116 1.21158 1.2072 1.2116 1.20722 1.20707 1.19979 1.2072 1.19991 1.19979 1.18961 1.19991 1.18973 1.2072 1.19991 1.20722 1.19993 1.19991 1.18973 1.19993 1.18975 1.18916 1.17612 1.18943 1.17639 1.17612 1.16025 1.17639 1.16052 1.18943 1.17639 1.18961 1.17656 1.17639 1.16052 1.17656 1.16069 1.16025 1.14158 1.16052 1.14184 1.14158 1.12017 1.14184 1.12042 1.16052 1.14184 1.16069 1.14201 1.14184 1.12042 1.14201 1.12059 1.18961 1.17656 1.18973 1.17668 1.17656 1.16069 1.17668 1.1608 1.18973 1.17668 1.18975 1.17671 1.17668 1.1608 1.17671 1.16083 1.16069 1.14201 1.1608 1.14213 1.14201 1.12059 1.14213 1.1207 1.1608 1.14213 1.16083 1.14215 1.14213 1.1207 1.14215 1.12072 1.11844 1.09437 1.119 1.09491 1.09437 1.06765 1.09491 1.06818 1.119 1.09491 1.11946 1.09535 1.09491 1.06818 1.09535 1.06862 1.06765 1.03836 1.06818 1.03887 1.03836 1.00657 1.03887 1.00707 1.06818 1.03887 1.06862 1.0393 1.03887 1.00707 1.0393 1.00748 1.11946 1.09535 1.11986 1.09575 1.09535 1.06862 1.09575 1.069 1.11986 1.09575 1.12017 1.09605 1.09575 1.069 1.09605 1.06929 1.06862 1.0393 1.069 1.03967 1.0393 1.00748 1.03967 1.00784 1.069 1.03967 1.06929 1.03996 1.03967 1.00784 1.03996 1.00812 1.00657 0.972359 1.00707 0.972839 0.972359 0.935803 0.972839 0.936264 1.00707 0.972839 1.00748 0.973238 0.972839 0.936264 0.973238 0.936649 0.935803 0.896992 0.936264 0.897434 0.896992 0.85602 0.897434 0.856442 0.936264 0.897434 0.936649 0.897803 0.897434 0.856442 0.897803 0.856794 1.00748 0.973238 1.00784 0.973587 0.973238 0.936649 0.973587 0.936985 1.00784 0.973587 1.00812 0.973856 0.973587 0.936985 0.973856 0.937244 0.936649 0.897803 0.936985 0.898125 0.897803 0.856794 0.898125 0.857101 0.936985 0.898125 0.937244 0.898373 0.898125 0.857101 0.898373 0.857338 1.12017 1.09605 1.12042 1.0963 1.09605 1.06929 1.0963 1.06954 1.12042 1.0963 1.12059 1.09646 1.0963 1.06954 1.09646 1.06969 1.06929 1.03996 1.06954 1.0402 1.03996 1.00812 1.0402 1.00835 1.06954 1.0402 1.06969 1.04035 1.0402 1.00835 1.04035 1.0085 1.12059 1.09646 1.1207 1.09657 1.09646 1.06969 1.09657 1.0698 1.1207 1.09657 1.12072 1.0966 1.09657 1.0698 1.0966 1.06983 1.06969 1.04035 1.0698 1.04046 1.04035 1.0085 1.04046 1.0086 1.0698 1.04046 1.06983 1.04048 1.04046 1.0086 1.04048 1.00862 1.00812 0.973856 1.00835 0.974078 0.973856 0.937244 0.974078 0.937457 1.00835 0.974078 1.0085 0.974221 0.974078 0.937457 0.974221 0.937595 0.937244 0.898373 0.937457 0.898578 0.898373 0.857338 0.898578 0.857534 0.937457 0.898578 0.937595 0.89871 0.898578 0.857534 0.89871 0.857659 1.0085 0.974221 1.0086 0.97432 0.974221 0.937595 0.97432 0.93769 1.0086 0.97432 1.00862 0.974341 0.97432 0.93769 0.974341 0.93771 0.937595 0.89871 0.93769 0.898801 0.89871 0.857659 0.898801 0.857747 0.93769 0.898801 0.93771 0.89882 0.898801 0.857747 0.89882 0.857764 0.850483 0.807727 0.851402 0.8086 0.807727 0.763025 0.8086 0.763851 0.851402 0.8086 0.852248 0.809404 0.8086 0.763851 0.809404 0.76461 0.763025 0.716486 0.763851 0.717261 0.716486 0.66822 0.717261 0.668943 0.763851 0.717261 0.76461 0.717973 0.717261 0.668943 0.717973 0.669607 0.852248 0.809404 0.853038 0.810154 0.809404 0.76461 0.810154 0.765318 0.853038 0.810154 0.853755 0.810835 0.810154 0.765318 0.810835 0.765961 0.76461 0.717973 0.765318 0.718638 0.717973 0.669607 0.718638 0.670228 0.765318 0.718638 0.765961 0.719242 0.718638 0.670228 0.719242 0.670791 0.66822 0.618344 0.668943 0.619013 0.618344 0.566979 0.619013 0.567592 0.668943 0.619013 0.669607 0.619628 0.619013 0.567592 0.619628 0.568156 0.566979 0.514248 0.567592 0.514804 0.514248 0.460278 0.514804 0.460776 0.567592 0.514804 0.568156 0.515315 0.514804 0.460776 0.515315 0.461233 0.669607 0.619628 0.670228 0.620202 0.619628 0.568156 0.620202 0.568682 0.670228 0.620202 0.670791 0.620723 0.620202 0.568682 0.620723 0.56916 0.568156 0.515315 0.568682 0.515793 0.515315 0.461233 0.515793 0.461661 0.568682 0.515793 0.56916 0.516226 0.515793 0.461661 0.516226 0.462049 0.853755 0.810835 0.854418 0.811465 0.810835 0.765961 0.811465 0.766556 0.854418 0.811465 0.85501 0.812026 0.811465 0.766556 0.812026 0.767087 0.765961 0.719242 0.766556 0.719801 0.719242 0.670791 0.719801 0.671312 0.766556 0.719801 0.767087 0.720299 0.719801 0.671312 0.720299 0.671777 0.85501 0.812026 0.85555 0.81254 0.812026 0.767087 0.81254 0.767572 0.85555 0.81254 0.85602 0.812986 0.81254 0.767572 0.812986 0.767994 0.767087 0.720299 0.767572 0.720755 0.720299 0.671777 0.720755 0.672202 0.767572 0.720755 0.767994 0.721151 0.720755 0.672202 0.721151 0.672571 0.670791 0.620723 0.671312 0.621206 0.620723 0.56916 0.621206 0.569603 0.671312 0.621206 0.671777 0.621636 0.621206 0.569603 0.621636 0.569997 0.56916 0.516226 0.569603 0.516627 0.516226 0.462049 0.516627 0.462408 0.569603 0.516627 0.569997 0.516985 0.516627 0.462408 0.516985 0.462728 0.671777 0.621636 0.672202 0.622029 0.621636 0.569997 0.622029 0.570358 0.672202 0.622029 0.672571 0.62237 0.622029 0.570358 0.62237 0.570671 0.569997 0.516985 0.570358 0.517312 0.516985 0.462728 0.517312 0.463021 0.570358 0.517312 0.570671 0.517596 0.517312 0.463021 0.517596 0.463275 0.460278 0.405199 0.460776 0.405637 0.405199 0.349144 0.405637 0.349522 0.460776 0.405637 0.461233 0.40604 0.405637 0.349522 0.40604 0.349869 0.349144 0.292248 0.349522 0.292564 0.292248 0.234648 0.292564 0.234901 0.349522 0.292564 0.349869 0.292855 0.292564 0.234901 0.292855 0.235135 0.461233 0.40604 0.461661 0.406416 0.40604 0.349869 0.406416 0.350193 0.461661 0.406416 0.462049 0.406758 0.406416 0.350193 0.406758 0.350487 0.349869 0.292855 0.350193 0.293126 0.292855 0.235135 0.293126 0.235353 0.350193 0.293126 0.350487 0.293372 0.293126 0.235353 0.293372 0.23555 0.234648 0.176482 0.234901 0.176673 0.176482 0.117891 0.176673 0.118019 0.234901 0.176673 0.235135 0.176849 0.176673 0.118019 0.176849 0.118136 0.117891 0.0590168 0.118019 0.0590807 0.0590168 1.47295e-16 0.0590807 1.47454e-16 0.118019 0.0590807 0.118136 0.0591394 0.0590807 1.47454e-16 0.0591394 1.47601e-16 0.235135 0.176849 0.235353 0.177012 0.176849 0.118136 0.177012 0.118246 0.235353 0.177012 0.23555 0.177161 0.177012 0.118246 0.177161 0.118345 0.118136 0.0591394 0.118246 0.0591941 0.0591394 1.47601e-16 0.0591941 1.47737e-16 0.118246 0.0591941 0.118345 0.0592439 0.0591941 1.47737e-16 0.0592439 1.47862e-16 0.462049 0.406758 0.462408 0.407074 0.406758 0.350487 0.407074 0.35076 0.462408 0.407074 0.462728 0.407356 0.407074 0.35076 0.407356 0.351002 0.350487 0.293372 0.35076 0.2936 0.293372 0.23555 0.2936 0.235733 0.35076 0.2936 0.351002 0.293803 0.2936 0.235733 0.293803 0.235897 0.462728 0.407356 0.463021 0.407614 0.407356 0.351002 0.407614 0.351224 0.463021 0.407614 0.463275 0.407837 0.407614 0.351224 0.407837 0.351417 0.351002 0.293803 0.351224 0.293989 0.293803 0.235897 0.293989 0.236046 0.351224 0.293989 0.351417 0.294151 0.293989 0.236046 0.294151 0.236175 0.23555 0.177161 0.235733 0.177299 0.177161 0.118345 0.177299 0.118437 0.235733 0.177299 0.235897 0.177422 0.177299 0.118437 0.177422 0.118519 0.118345 0.0592439 0.118437 0.0592899 0.0592439 1.47862e-16 0.0592899 1.47976e-16 0.118437 0.0592899 0.118519 0.059331 0.0592899 1.47976e-16 0.059331 1.48079e-16 0.235897 0.177422 0.236046 0.177534 0.177422 0.118519 0.177534 0.118594 0.236046 0.177534 0.236175 0.177631 0.177534 0.118594 0.177631 0.118659 0.118519 0.059331 0.118594 0.0593685 0.059331 1.48079e-16 0.0593685 1.48172e-16 0.118594 0.0593685 0.118659 0.0594011 0.0593685 1.48172e-16 0.0594011 1.48255e-16 0.85602 0.812986 0.856442 0.813387 0.812986 0.767994 0.813387 0.768372 0.856442 0.813387 0.856794 0.813721 0.813387 0.768372 0.813721 0.768688 0.767994 0.721151 0.768372 0.721507 0.721151 0.672571 0.721507 0.672903 0.768372 0.721507 0.768688 0.721803 0.721507 0.672903 0.721803 0.673179 0.856794 0.813721 0.857101 0.814013 0.813721 0.768688 0.814013 0.768963 0.857101 0.814013 0.857338 0.814238 0.814013 0.768963 0.814238 0.769176 0.768688 0.721803 0.768963 0.722061 0.721803 0.673179 0.722061 0.67342 0.768963 0.722061 0.769176 0.722261 0.722061 0.67342 0.722261 0.673606 0.672571 0.62237 0.672903 0.622677 0.62237 0.570671 0.622677 0.570952 0.672903 0.622677 0.673179 0.622933 0.622677 0.570952 0.622933 0.571187 0.570671 0.517596 0.570952 0.517852 0.517596 0.463275 0.517852 0.463503 0.570952 0.517852 0.571187 0.518064 0.517852 0.463503 0.518064 0.463694 0.673179 0.622933 0.67342 0.623156 0.622933 0.571187 0.623156 0.571391 0.67342 0.623156 0.673606 0.623329 0.623156 0.571391 0.623329 0.571549 0.571187 0.518064 0.571391 0.51825 0.518064 0.463694 0.51825 0.46386 0.571391 0.51825 0.571549 0.518393 0.51825 0.46386 0.518393 0.463988 0.857338 0.814238 0.857534 0.814424 0.814238 0.769176 0.814424 0.769351 0.857534 0.814424 0.857659 0.814543 0.814424 0.769351 0.814543 0.769464 0.769176 0.722261 0.769351 0.722426 0.722261 0.673606 0.722426 0.67376 0.769351 0.722426 0.769464 0.722532 0.722426 0.67376 0.722532 0.673859 0.857659 0.814543 0.857747 0.814626 0.814543 0.769464 0.814626 0.769543 0.857747 0.814626 0.857764 0.814643 0.814626 0.769543 0.814643 0.769558 0.769464 0.722532 0.769543 0.722605 0.722532 0.673859 0.722605 0.673927 0.769543 0.722605 0.769558 0.72262 0.722605 0.673927 0.72262 0.673941 0.673606 0.623329 0.67376 0.623471 0.623329 0.571549 0.623471 0.57168 0.67376 0.623471 0.673859 0.623562 0.623471 0.57168 0.623562 0.571763 0.571549 0.518393 0.57168 0.518511 0.518393 0.463988 0.518511 0.464094 0.57168 0.518511 0.571763 0.518587 0.518511 0.464094 0.518587 0.464162 0.673859 0.623562 0.673927 0.623626 0.623562 0.571763 0.623626 0.571822 0.673927 0.623626 0.673941 0.623639 0.623626 0.571822 0.623639 0.571833 0.571763 0.518587 0.571822 0.51864 0.518587 0.464162 0.51864 0.464209 0.571822 0.51864 0.571833 0.518651 0.51864 0.464209 0.518651 0.464219 0.463275 0.407837 0.463503 0.408038 0.407837 0.351417 0.408038 0.351591 0.463503 0.408038 0.463694 0.408206 0.408038 0.351591 0.408206 0.351735 0.351417 0.294151 0.351591 0.294296 0.294151 0.236175 0.294296 0.236292 0.351591 0.294296 0.351735 0.294417 0.294296 0.236292 0.294417 0.236389 0.463694 0.408206 0.46386 0.408352 0.408206 0.351735 0.408352 0.351861 0.46386 0.408352 0.463988 0.408465 0.408352 0.351861 0.408465 0.351958 0.351735 0.294417 0.351861 0.294522 0.294417 0.236389 0.294522 0.236474 0.351861 0.294522 0.351958 0.294604 0.294522 0.236474 0.294604 0.236539 0.236175 0.177631 0.236292 0.177719 0.177631 0.118659 0.177719 0.118718 0.236292 0.177719 0.236389 0.177792 0.177719 0.118718 0.177792 0.118766 0.118659 0.0594011 0.118718 0.0594304 0.0594011 1.48255e-16 0.0594304 1.48327e-16 0.118718 0.0594304 0.118766 0.0594548 0.0594304 1.48327e-16 0.0594548 1.48389e-16 0.236389 0.177792 0.236474 0.177856 0.177792 0.118766 0.177856 0.118809 0.236474 0.177856 0.236539 0.177905 0.177856 0.118809 0.177905 0.118842 0.118766 0.0594548 0.118809 0.0594761 0.0594548 1.48389e-16 0.0594761 1.48441e-16 0.118809 0.0594761 0.118842 0.0594926 0.0594761 1.48441e-16 0.0594926 1.48483e-16 0.463988 0.408465 0.464094 0.408558 0.408465 0.351958 0.408558 0.352039 0.464094 0.408558 0.464162 0.408618 0.408558 0.352039 0.408618 0.35209 0.351958 0.294604 0.352039 0.294671 0.294604 0.236539 0.294671 0.236593 0.352039 0.294671 0.35209 0.294714 0.294671 0.236593 0.294714 0.236628 0.464162 0.408618 0.464209 0.40866 0.408618 0.35209 0.40866 0.352126 0.464209 0.40866 0.464219 0.408668 0.40866 0.352126 0.408668 0.352133 0.35209 0.294714 0.352126 0.294744 0.294714 0.236628 0.294744 0.236652 0.352126 0.294744 0.352133 0.29475 0.294744 0.236652 0.29475 0.236657 0.236539 0.177905 0.236593 0.177945 0.177905 0.118842 0.177945 0.118869 0.236593 0.177945 0.236628 0.177971 0.177945 0.118869 0.177971 0.118886 0.118842 0.0594926 0.118869 0.0595061 0.0594926 1.48483e-16 0.0595061 1.48516e-16 0.118869 0.0595061 0.118886 0.0595148 0.0595061 1.48516e-16 0.0595148 1.48539e-16 0.236628 0.177971 0.236652 0.177989 0.177971 0.118886 0.177989 0.118898 0.236652 0.177989 0.236657 0.177993 0.177989 0.118898 0.177993 0.118901 0.118886 0.0595148 0.118898 0.0595209 0.0595148 1.48539e-16 0.0595209 1.48553e-16 0.118898 0.0595209 0.118901 0.0595221 0.0595209 1.48553e-16 0.0595221 1.48557e-16 
SCALARS exact_solution double 1
LOOKUP_TABLE default
0 0.0490677 0 0.0494465 0.0490677 0.0980171 0.0494465 0.098774 0 0.0494465 0 0.0498165 0.0494465 0.098774 0.0498165 0.0995131 0.0980171 0.14673 0.098774 0.147863 0.14673 0.19509 0.147863 0.196597 0.098774 0.147863 0.0995131 0.14897 0.147863 0.196597 0.14897 0.198068 0 0.0498165 0 0.0501778 0.0498165 0.0995131 0.0501778 0.100235 0 0.0501778 0 0.0505304 0.0501778 0.100235 0.0505304 0.100939 0.0995131 0.14897 0.100235 0.15005 0.14897 0.198068 0.15005 0.199504 0.100235 0.15005 0.100939 0.151105 0.15005 0.199504 0.151105 0.200906 0.19509 0.24298 0.196597 0.244856 0.24298 0.290285 0.244856 0.292526 0.196597 0.244856 0.198068 0.246689 0.244856 0.292526 0.246689 0.294715 0.290285 0.33689 0.292526 0.339491 0.33689 0.382683 0.339491 0.385638 0.292526 0.339491 0.294715 0.342031 0.339491 0.385638 0.342031 0.388524 0.198068 0.246689 0.199504 0.248477 0.246689 0.294715 0.248477 0.296852 0.199504 0.248477 0.200906 0.250223 0.248477 0.296852 0.250223 0.298938 0.294715 0.342031 0.296852 0.344512 0.342031 0.388524 0.344512 0.391341 0.296852 0.344512 0.298938 0.346933 0.344512 0.391341 0.346933 0.394091 0 0.0505304 0 0.0508745 0.0505304 0.100939 0.0508745 0.101626 0 0.0508745 0 0.0512101 0.0508745 0.101626 0.0512101 0.102297 0.100939 0.151105 0.101626 0.152133 0.151105 0.200906 0.152133 0.202274 0.101626 0.152133 0.102297 0.153137 0.152133 0.202274 0.153137 0.203609 0 0.0512101 0 0.0515375 0.0512101 0.102297 0.0515375 0.102951 0 0.0515375 0 0.0518567 0.0515375 0.102951 0.0518567 0.103588 0.102297 0.153137 0.102951 0.154116 0.153137 0.203609 0.154116 0.20491 0.102951 0.154116 0.103588 0.155071 0.154116 0.20491 0.155071 0.206179 0.200906 0.250223 0.202274 0.251927 0.250223 0.298938 0.251927 0.300974 0.202274 0.251927 0.203609 0.25359 0.251927 0.300974 0.25359 0.30296 0.298938 0.346933 0.300974 0.349295 0.346933 0.394091 0.349295 0.396775 0.300974 0.349295 0.30296 0.3516 0.349295 0.396775 0.3516 0.399393 0.203609 0.25359 0.20491 0.255211 0.25359 0.30296 0.255211 0.304896 0.20491 0.255211 0.206179 0.256791 0.255211 0.304896 0.256791 0.306784 0.30296 0.3516 0.304896 0.353847 0.3516 0.399393 0.353847 0.401946 0.304896 0.353847 0.306784 0.356039 0.353847 0.401946 0.356039 0.404435 0.382683 0.427555 0.385638 0.430856 0.427555 0.471397 0.430856 0.475037 0.385638 0.430856 0.388524 0.43408 0.430856 0.475037 0.43408 0.478591 0.471397 0.514103 0.475037 0.518072 0.514103 0.55557 0.518072 0.55986 0.475037 0.518072 0.478591 0.521949 0.518072 0.55986 0.521949 0.564049 0.388524 0.43408 0.391341 0.437228 0.43408 0.478591 0.437228 0.482062 0.391341 0.437228 0.394091 0.440301 0.437228 0.482062 0.440301 0.485449 0.478591 0.521949 0.482062 0.525734 0.521949 0.564049 0.525734 0.56814 0.482062 0.525734 0.485449 0.529428 0.525734 0.56814 0.529428 0.572132 0.55557 0.595699 0.55986 0.600299 0.595699 0.634393 0.600299 0.639292 0.55986 0.600299 0.564049 0.604791 0.600299 0.639292 0.604791 0.644075 0.634393 0.671559 0.639292 0.676744 0.671559 0.707107 0.676744 0.712567 0.639292 0.676744 0.644075 0.681808 0.676744 0.712567 0.681808 0.717899 0.564049 0.604791 0.56814 0.609177 0.604791 0.644075 0.609177 0.648746 0.56814 0.609177 0.572132 0.613457 0.609177 0.648746 0.613457 0.653305 0.644075 0.681808 0.648746 0.686752 0.681808 0.717899 0.686752 0.723104 0.648746 0.686752 0.653305 0.691578 0.686752 0.723104 0.691578 0.728186 0.394091 0.440301 0.396775 0.443299 0.440301 0.485449 0.443299 0.488755 0.396775 0.443299 0.399393 0.446224 0.443299 0.488755 0.446224 0.49198 0.485449 0.529428 0.488755 0.533033 0.529428 0.572132 0.533033 0.576028 0.488755 0.533033 0.49198 0.53655 0.533033 0.576028 0.53655 0.579828 0.399393 0.446224 0.401946 0.449076 0.446224 0.49198 0.449076 0.495125 0.401946 0.449076 0.404435 0.451857 0.449076 0.495125 0.451857 0.498191 0.49198 0.53655 0.495125 0.53998 0.53655 0.579828 0.53998 0.583535 0.495125 0.53998 0.498191 0.543324 0.53998 0.583535 0.543324 0.587149 0.572132 0.613457 0.576028 0.617635 0.613457 0.653305 0.617635 0.657753 0.576028 0.617635 0.579828 0.62171 0.617635 0.657753 0.62171 0.662093 0.653305 0.691578 0.657753 0.696288 0.691578 0.728186 0.696288 0.733144 0.657753 0.696288 0.662093 0.700882 0.696288 0.733144 0.700882 0.737982 0.579828 0.62171 0.583535 0.625684 0.62171 0.662093 0.625684 0.666326 0.583535 0.625684 0.587149 0.629559 0.625684 0.666326 0.629559 0.670452 0.662093 0.700882 0.666326 0.705362 0.700882 0.737982 0.705362 0.742699 0.666326 0.705362 0.670452 0.70973 0.705362 0.742699 0.70973 0.747299 0 0.0518567 0 0.0521677 0.0518567 0.103588 0.0521677 0.10421 0 0.0521677 0 0.0524708 0.0521677 0.10421 0.0524708 0.104815 0.103588 0.155071 0.10421 0.156001 0.155071 0.206179 0.156001 0.207416 0.10421 0.156001 0.104815 0.156907 0.156001 0.207416 0.156907 0.208621 0 0.0524708 0 0.0527661 0.0524708 0.104815 0.0527661 0.105405 0 0.0527661 0 0.0530535 0.0527661 0.105405 0.0530535 0.105979 0.104815 0.156907 0.105405 0.15779 0.156907 0.208621 0.15779 0.209795 0.105405 0.15779 0.105979 0.15865 0.15779 0.209795 0.15865 0.210938 0.206179 0.256791 0.207416 0.258332 0.256791 0.306784 0.258332 0.308625 0.207416 0.258332 0.208621 0.259832 0.258332 0.308625 0.259832 0.310418 0.306784 0.356039 0.308625 0.358174 0.356039 0.404435 0.358174 0.406861 0.308625 0.358174 0.310418 0.360255 0.358174 0.406861 0.360255 0.409225 0.208621 0.259832 0.209795 0.261294 0.259832 0.310418 0.261294 0.312164 0.209795 0.261294 0.210938 0.262718 0.261294 0.312164 0.262718 0.313865 0.310418 0.360255 0.312164 0.362282 0.360255 0.409225 0.362282 0.411527 0.312164 0.362282 0.313865 0.364256 0.362282 0.411527 0.364256 0.413769 0 0.0530535 0 0.0533333 0.0530535 0.105979 0.0533333 0.106538 0 0.0533333 0 0.0536055 0.0533333 0.106538 0.0536055 0.107082 0.105979 0.15865 0.106538 0.159486 0.15865 0.210938 0.159486 0.21205 0.106538 0.159486 0.107082 0.1603 0.159486 0.21205 0.1603 0.213132 0 0.0536055 0 0.0538702 0.0536055 0.107082 0.0538702 0.107611 0 0.0538702 0 0.0541276 0.0538702 0.107611 0.0541276 0.108125 0.107082 0.1603 0.107611 0.161092 0.1603 0.213132 0.161092 0.214185 0.107611 0.161092 0.108125 0.161861 0.161092 0.214185 0.161861 0.215208 0.210938 0.262718 0.21205 0.264103 0.262718 0.313865 0.264103 0.31552 0.21205 0.264103 0.213132 0.265451 0.264103 0.31552 0.265451 0.31713 0.313865 0.364256 0.31552 0.366177 0.364256 0.413769 0.366177 0.415951 0.31552 0.366177 0.31713 0.368046 0.366177 0.415951 0.368046 0.418074 0.213132 0.265451 0.214185 0.266762 0.265451 0.31713 0.266762 0.318697 0.214185 0.266762 0.215208 0.268037 0.266762 0.318697 0.268037 0.320219 0.31713 0.368046 0.318697 0.369863 0.368046 0.418074 0.369863 0.420139 0.318697 0.369863 0.320219 0.37163 0.369863 0.420139 0.37163 0.422146 0.404435 0.451857 0.406861 0.454568 0.451857 0.498191 0.454568 0.501179 0.406861 0.454568 0.409225 0.457209 0.454568 0.501179 0.457209 0.504091 0.498191 0.543324 0.501179 0.546583 0.543324 0.587149 0.546583 0.590671 0.501179 0.546583 0.504091 0.549759 0.546583 0.590671 0.549759 0.594103 0.409225 0.457209 0.411527 0.459781 0.457209 0.504091 0.459781 0.506927 0.411527 0.459781 0.413769 0.462286 0.459781 0.506927 0.462286 0.509689 0.504091 0.549759 0.506927 0.552852 0.549759 0.594103 0.552852 0.597445 0.506927 0.552852 0.509689 0.555864 0.552852 0.597445 0.555864 0.6007 0.587149 0.629559 0.590671 0.633335 0.629559 0.670452 0.633335 0.674474 0.590671 0.633335 0.594103 0.637015 0.633335 0.674474 0.637015 0.678393 0.670452 0.70973 0.674474 0.713988 0.70973 0.747299 0.713988 0.751781 0.674474 0.713988 0.678393 0.718136 0.713988 0.751781 0.718136 0.756149 0.594103 0.637015 0.597445 0.640599 0.637015 0.678393 0.640599 0.682209 0.597445 0.640599 0.6007 0.644089 0.640599 0.682209 0.644089 0.685926 0.678393 0.718136 0.682209 0.722176 0.718136 0.756149 0.722176 0.760404 0.682209 0.722176 0.685926 0.72611 0.722176 0.760404 0.72611 0.764546 0.413769 0.462286 0.415951 0.464724 0.462286 0.509689 0.464724 0.512377 0.415951 0.464724 0.418074 0.467096 0.464724 0.512377 0.467096 0.514992 0.509689 0.555864 0.512377 0.558795 0.555864 0.6007 0.558795 0.603868 0.512377 0.558795 0.514992 0.561647 0.558795 0.603868 0.561647 0.60695 0.418074 0.467096 0.420139 0.469402 0.467096 0.514992 0.469402 0.517535 0.420139 0.469402 0.422146 0.471645 0.469402 0.517535 0.471645 0.520008 0.514992 0.561647 0.517535 0.564421 0.561647 0.60695 0.564421 0.609947 0.517535 0.564421 0.520008 0.567118 0.564421 0.609947 0.567118 0.612861 0.6007 0.644089 0.603868 0.647485 0.644089 0.685926 0.647485 0.689543 0.603868 0.647485 0.60695 0.65079 0.647485 0.689543 0.65079 0.693062 0.685926 0.72611 0.689543 0.72994 0.72611 0.764546 0.72994 0.768578 0.689543 0.72994 0.693062 0.733665 0.72994 0.768578 0.733665 0.7725 0.60695 0.65079 0.609947 0.654004 0.65079 0.693062 0.654004 0.696485 0.609947 0.654004 0.612861 0.657129 0.654004 0.696485 0.657129 0.699813 0.693062 0.733665 0.696485 0.737288 0.733665 0.7725 0.737288 0.776315 0.696485 0.737288 0.699813 0.740811 0.737288 0.776315 0.740811 0.780024 0.707107 0.740951 0.712567 0.746672 0.740951 0.77301 0.746672 0.778979 0.712567 0.746672 0.717899 0.752259 0.746672 0.778979 0.752259 0.784808 0.77301 0.803208 0.778979 0.809409 0.803208 0.83147 0.809409 0.83789 0.778979 0.809409 0.784808 0.815466 0.809409 0.83789 0.815466 0.844159 0.717899 0.752259 0.723104 0.757715 0.752259 0.784808 0.757715 0.790499 0.723104 0.757715 0.728186 0.763039 0.757715 0.790499 0.763039 0.796054 0.784808 0.815466 0.790499 0.821379 0.815466 0.844159 0.821379 0.850281 0.790499 0.821379 0.796054 0.827151 0.821379 0.850281 0.827151 0.856256 0.83147 0.857729 0.83789 0.864351 0.857729 0.881921 0.864351 0.888731 0.83789 0.864351 0.844159 0.870819 0.864351 0.888731 0.870819 0.895381 0.881921 0.903989 0.888731 0.910969 0.903989 0.92388 0.910969 0.931013 0.888731 0.910969 0.895381 0.917786 0.910969 0.931013 0.917786 0.93798 0.844159 0.870819 0.850281 0.877134 0.870819 0.895381 0.877134 0.901874 0.850281 0.877134 0.856256 0.883298 0.877134 0.901874 0.883298 0.908212 0.895381 0.917786 0.901874 0.924441 0.917786 0.93798 0.924441 0.944782 0.901874 0.924441 0.908212 0.930937 0.924441 0.944782 0.930937 0.951421 0.728186 0.763039 0.733144 0.768235 0.763039 0.796054 0.768235 0.801475 0.733144 0.768235 0.737982 0.773304 0.768235 0.801475 0.773304 0.806763 0.796054 0.827151 0.801475 0.832784 0.827151 0.856256 0.832784 0.862087 0.801475 0.832784 0.806763 0.838278 0.832784 0.862087 0.838278 0.867775 0.737982 0.773304 0.742699 0.778247 0.773304 0.806763 0.778247 0.81192 0.742699 0.778247 0.747299 0.783067 0.778247 0.81192 0.783067 0.816948 0.806763 0.838278 0.81192 0.843637 0.838278 0.867775 0.843637 0.873322 0.81192 0.843637 0.816948 0.848862 0.843637 0.873322 0.848862 0.87873 0.856256 0.883298 0.862087 0.889313 0.883298 0.908212 0.889313 0.914396 0.862087 0.889313 0.867775 0.89518 0.889313 0.914396 0.89518 0.920429 0.908212 0.930937 0.914396 0.937277 0.930937 0.951421 0.937277 0.957899 0.914396 0.937277 0.920429 0.943461 0.937277 0.957899 0.943461 0.964219 0.867775 0.89518 0.873322 0.900903 0.89518 0.920429 0.900903 0.926313 0.873322 0.900903 0.87873 0.906482 0.900903 0.926313 0.906482 0.932049 0.920429 0.943461 0.926313 0.949492 0.943461 0.964219 0.949492 0.970383 0.926313 0.949492 0.932049 0.955372 0.949492 0.970383 0.955372 0.976393 0.92388 0.941544 0.931013 0.948814 0.941544 0.95694 0.948814 0.964329 0.931013 0.948814 0.93798 0.955914 0.948814 0.964329 0.955914 0.971545 0.95694 0.970031 0.964329 0.977521 0.970031 0.980785 0.977521 0.988358 0.964329 0.977521 0.971545 0.984836 0.977521 0.988358 0.984836 0.995754 0.93798 0.955914 0.944782 0.962846 0.955914 0.971545 0.962846 0.97859 0.944782 0.962846 0.951421 0.969612 0.962846 0.97859 0.969612 0.985467 0.971545 0.984836 0.97859 0.991977 0.984836 0.995754 0.991977 1.00297 0.97859 0.991977 0.985467 0.998948 0.991977 1.00297 0.998948 1.01002 0.980785 0.989177 0.988358 0.996814 0.989177 0.995185 0.996814 1.00287 0.988358 0.996814 0.995754 1.00427 0.996814 1.00287 1.00427 1.01037 0.995185 0.998795 1.00287 1.00651 0.998795 1 1.00651 1.00772 1.00287 1.00651 1.01037 1.01404 1.00651 1.00772 1.01404 1.01526 0.995754 1.00427 1.00297 1.01156 1.00427 1.01037 1.01156 1.0177 1.00297 1.01156 1.01002 1.01866 1.01156 1.0177 1.01866 1.02485 1.01037 1.01404 1.0177 1.02139 1.01404 1.01526 1.02139 1.02262 1.0177 1.02139 1.02485 1.02857 1.02139 1.02262 1.02857 1.02981 0.951421 0.969612 0.957899 0.976214 0.969612 0.985467 0.976214 0.992177 0.957899 0.976214 0.964219 0.982655 0.976214 0.992177 0.982655 0.998724 0.985467 0.998948 0.992177 1.00575 0.998948 1.01002 1.00575 1.0169 0.992177 1.00575 0.998724 1.01239 1.00575 1.0169 1.01239 1.02361 0.964219 0.982655 0.970383 0.988937 0.982655 0.998724 0.988937 1.00511 0.970383 0.988937 0.976393 0.995061 0.988937 1.00511 0.995061 1.01133 0.998724 1.01239 1.00511 1.01886 1.01239 1.02361 1.01886 1.03015 1.00511 1.01886 1.01133 1.02517 1.01886 1.03015 1.02517 1.03653 1.01002 1.01866 1.0169 1.0256 1.01866 1.02485 1.0256 1.03183 1.0169 1.0256 1.02361 1.03237 1.0256 1.03183 1.03237 1.03864 1.02485 1.02857 1.03183 1.03557 1.02857 1.02981 1.03557 1.03682 1.03183 1.03557 1.03864 1.04241 1.03557 1.03682 1.04241 1.04366 1.02361 1.03237 1.03015 1.03897 1.03237 1.03864 1.03897 1.04528 1.03015 1.03897 1.03653 1.0454 1.03897 1.04528 1.0454 1.05175 1.03864 1.04241 1.04528 1.04907 1.04241 1.04366 1.04907 1.05034 1.04528 1.04907 1.05175 1.05557 1.04907 1.05034 1.05557 1.05684 0.747299 0.783067 0.751781 0.787764 0.783067 0.816948 0.787764 0.821849 0.751781 0.787764 0.756149 0.792341 0.787764 0.821849 0.792341 0.826624 0.816948 0.848862 0.821849 0.853954 0.848862 0.87873 0.853954 0.884001 0.821849 0.853954 0.826624 0.858915 0.853954 0.884001 0.858915 0.889137 0.756149 0.792341 0.760404 0.796799 0.792341 0.826624 0.796799 0.831275 0.760404 0.796799 0.764546 0.801139 0.796799 0.831275 0.801139 0.835803 0.826624 0.858915 0.831275 0.863748 0.858915 0.889137 0.863748 0.89414 0.831275 0.863748 0.835803 0.868453 0.863748 0.89414 0.868453 0.899011 0.87873 0.906482 0.884001 0.911919 0.906482 0.932049 0.911919 0.937641 0.884001 0.911919 0.889137 0.917218 0.911919 0.937641 0.917218 0.943088 0.932049 0.955372 0.937641 0.961103 0.955372 0.976393 0.961103 0.98225 0.937641 0.961103 0.943088 0.966687 0.961103 0.98225 0.966687 0.987957 0.889137 0.917218 0.89414 0.922378 0.917218 0.943088 0.922378 0.948394 0.89414 0.922378 0.899011 0.927403 0.922378 0.948394 0.927403 0.953561 0.943088 0.966687 0.948394 0.972126 0.966687 0.987957 0.972126 0.993515 0.948394 0.972126 0.953561 0.977421 0.972126 0.993515 0.977421 0.998927 0.764546 0.801139 0.768578 0.805364 0.801139 0.835803 0.805364 0.84021 0.768578 0.805364 0.7725 0.809475 0.805364 0.84021 0.809475 0.844499 0.835803 0.868453 0.84021 0.873033 0.868453 0.899011 0.873033 0.903752 0.84021 0.873033 0.844499 0.877488 0.873033 0.903752 0.877488 0.908364 0.7725 0.809475 0.776315 0.813472 0.809475 0.844499 0.813472 0.84867 0.776315 0.813472 0.780024 0.817359 0.813472 0.84867 0.817359 0.852724 0.844499 0.877488 0.84867 0.881822 0.877488 0.908364 0.881822 0.91285 0.84867 0.881822 0.852724 0.886035 0.881822 0.91285 0.886035 0.917212 0.899011 0.927403 0.903752 0.932293 0.927403 0.953561 0.932293 0.958589 0.903752 0.932293 0.908364 0.937052 0.932293 0.958589 0.937052 0.963482 0.953561 0.977421 0.958589 0.982576 0.977421 0.998927 0.982576 1.00419 0.958589 0.982576 0.963482 0.987591 0.982576 1.00419 0.987591 1.00932 0.908364 0.937052 0.91285 0.94168 0.937052 0.963482 0.94168 0.96824 0.91285 0.94168 0.917212 0.946179 0.94168 0.96824 0.946179 0.972866 0.963482 0.987591 0.96824 0.992468 0.987591 1.00932 0.992468 1.0143 0.96824 0.992468 0.972866 0.99721 0.992468 1.0143 0.99721 1.01915 0.976393 0.995061 0.98225 1.00103 0.995061 1.01133 1.00103 1.0174 0.98225 1.00103 0.987957 1.00685 1.00103 1.0174 1.00685 1.02331 1.01133 1.02517 1.0174 1.03132 1.02517 1.03653 1.03132 1.04275 1.0174 1.03132 1.02331 1.03731 1.03132 1.04275 1.03731 1.04881 0.987957 1.00685 0.993515 1.01251 1.00685 1.02331 1.01251 1.02907 0.993515 1.01251 0.998927 1.01803 1.01251 1.02907 1.01803 1.03467 1.02331 1.03731 1.02907 1.04315 1.03731 1.04881 1.04315 1.05471 1.02907 1.04315 1.03467 1.04883 1.04315 1.05471 1.04883 1.06046 1.03653 1.0454 1.04275 1.05167 1.0454 1.05175 1.05167 1.05806 1.04275 1.05167 1.04881 1.05778 1.05167 1.05806 1.05778 1.06421 1.05175 1.05557 1.05806 1.0619 1.05557 1.05684 1.0619 1.06318 1.05806 1.0619 1.06421 1.06807 1.0619 1.06318 1.06807 1.06936 1.04881 1.05778 1.05471 1.06373 1.05778 1.06421 1.06373 1.07019 1.05471 1.06373 1.06046 1.06953 1.06373 1.07019 1.06953 1.07602 1.06421 1.06807 1.07019 1.07408 1.06807 1.06936 1.07408 1.07537 1.07019 1.07408 1.07602 1.07993 1.07408 1.07537 1.07993 1.08123 0.998927 1.01803 1.00419 1.0234 1.01803 1.03467 1.0234 1.04013 1.00419 1.0234 1.00932 1.02862 1.0234 1.04013 1.02862 1.04544 1.03467 1.04883 1.04013 1.05436 1.04883 1.06046 1.05436 1.06605 1.04013 1.05436 1.04544 1.05974 1.05436 1.06605 1.05974 1.07149 1.00932 1.02862 1.0143 1.0337 1.02862 1.04544 1.0337 1.0506 1.0143 1.0337 1.01915 1.03864 1.0337 1.0506 1.03864 1.05562 1.04544 1.05974 1.0506 1.06497 1.05974 1.07149 1.06497 1.07678 1.0506 1.06497 1.05562 1.07006 1.06497 1.07678 1.07006 1.08192 1.06046 1.06953 1.06605 1.07517 1.06953 1.07602 1.07517 1.0817 1.06605 1.07517 1.07149 1.08066 1.07517 1.0817 1.08066 1.08722 1.07602 1.07993 1.0817 1.08562 1.07993 1.08123 1.08562 1.08693 1.0817 1.08562 1.08722 1.09116 1.08562 1.08693 1.09116 1.09248 1.07149 1.08066 1.07678 1.08599 1.08066 1.08722 1.08599 1.09259 1.07678 1.08599 1.08192 1.09118 1.08599 1.09259 1.09118 1.09781 1.08722 1.09116 1.09259 1.09655 1.09116 1.09248 1.09655 1.09788 1.09259 1.09655 1.09781 1.10179 1.09655 1.09788 1.10179 1.10312 0 0.0541276 0 0.0543777 0.0541276 0.108125 0.0543777 0.108624 0 0.0543777 0 0.0546206 0.0543777 0.108624 0.0546206 0.10911 0.108125 0.161861 0.108624 0.162609 0.161861 0.215208 0.162609 0.216203 0.108624 0.162609 0.10911 0.163336 0.162609 0.216203 0.163336 0.217169 0 0.0546206 0 0.0548565 0.0546206 0.10911 0.0548565 0.109581 0 0.0548565 0 0.0550854 0.0548565 0.109581 0.0550854 0.110038 0.10911 0.163336 0.109581 0.164041 0.163336 0.217169 0.164041 0.218106 0.109581 0.164041 0.110038 0.164726 0.164041 0.218106 0.164726 0.219016 0.215208 0.268037 0.216203 0.269275 0.268037 0.320219 0.269275 0.321699 0.216203 0.269275 0.217169 0.270478 0.269275 0.321699 0.270478 0.323136 0.320219 0.37163 0.321699 0.373347 0.37163 0.422146 0.373347 0.424097 0.321699 0.373347 0.323136 0.375015 0.373347 0.424097 0.375015 0.425991 0.217169 0.270478 0.218106 0.271646 0.270478 0.323136 0.271646 0.324531 0.218106 0.271646 0.219016 0.272779 0.271646 0.324531 0.272779 0.325885 0.323136 0.375015 0.324531 0.376635 0.375015 0.425991 0.376635 0.427831 0.324531 0.376635 0.325885 0.378206 0.376635 0.427831 0.378206 0.429616 0 0.0550854 0 0.0553074 0.0550854 0.110038 0.0553074 0.110481 0 0.0553074 0 0.0555226 0.0553074 0.110481 0.0555226 0.110911 0.110038 0.164726 0.110481 0.165389 0.164726 0.219016 0.165389 0.219899 0.110481 0.165389 0.110911 0.166033 0.165389 0.219899 0.166033 0.220755 0 0.0555226 0 0.0557311 0.0555226 0.110911 0.0557311 0.111328 0 0.0557311 0 0.055933 0.0557311 0.111328 0.055933 0.111731 0.110911 0.166033 0.111328 0.166657 0.166033 0.220755 0.166657 0.221584 0.111328 0.166657 0.111731 0.16726 0.166657 0.221584 0.16726 0.222386 0.219016 0.272779 0.219899 0.273879 0.272779 0.325885 0.273879 0.327199 0.219899 0.273879 0.220755 0.274944 0.273879 0.327199 0.274944 0.328472 0.325885 0.378206 0.327199 0.37973 0.378206 0.429616 0.37973 0.431347 0.327199 0.37973 0.328472 0.381208 0.37973 0.431347 0.381208 0.433026 0.220755 0.274944 0.221584 0.275977 0.274944 0.328472 0.275977 0.329705 0.221584 0.275977 0.222386 0.276977 0.275977 0.329705 0.276977 0.3309 0.328472 0.381208 0.329705 0.38264 0.381208 0.433026 0.38264 0.434652 0.329705 0.38264 0.3309 0.384026 0.38264 0.434652 0.384026 0.436227 0.422146 0.471645 0.424097 0.473824 0.471645 0.520008 0.473824 0.52241 0.424097 0.473824 0.425991 0.475941 0.473824 0.52241 0.475941 0.524744 0.520008 0.567118 0.52241 0.569738 0.567118 0.612861 0.569738 0.615693 0.52241 0.569738 0.524744 0.572283 0.569738 0.615693 0.572283 0.618444 0.425991 0.475941 0.427831 0.477996 0.475941 0.524744 0.477996 0.52701 0.427831 0.477996 0.429616 0.479991 0.477996 0.52701 0.479991 0.529209 0.524744 0.572283 0.52701 0.574755 0.572283 0.618444 0.574755 0.621114 0.52701 0.574755 0.529209 0.577153 0.574755 0.621114 0.577153 0.623706 0.612861 0.657129 0.615693 0.660165 0.657129 0.699813 0.660165 0.703046 0.615693 0.660165 0.618444 0.663114 0.660165 0.703046 0.663114 0.706187 0.699813 0.740811 0.703046 0.744234 0.740811 0.780024 0.744234 0.783629 0.703046 0.744234 0.706187 0.747559 0.744234 0.783629 0.747559 0.78713 0.618444 0.663114 0.621114 0.665978 0.663114 0.706187 0.665978 0.709237 0.621114 0.665978 0.623706 0.668756 0.665978 0.709237 0.668756 0.712196 0.706187 0.747559 0.709237 0.750787 0.747559 0.78713 0.750787 0.790528 0.709237 0.750787 0.712196 0.753919 0.750787 0.790528 0.753919 0.793827 0.429616 0.479991 0.431347 0.481925 0.479991 0.529209 0.481925 0.531342 0.431347 0.481925 0.433026 0.4838 0.481925 0.531342 0.4838 0.533409 0.529209 0.577153 0.531342 0.579479 0.577153 0.623706 0.579479 0.626219 0.531342 0.579479 0.533409 0.581733 0.579479 0.626219 0.581733 0.628656 0.433026 0.4838 0.434652 0.485617 0.4838 0.533409 0.485617 0.535413 0.434652 0.485617 0.436227 0.487376 0.485617 0.535413 0.487376 0.537352 0.533409 0.581733 0.535413 0.583918 0.581733 0.628656 0.583918 0.631017 0.535413 0.583918 0.537352 0.586033 0.583918 0.631017 0.586033 0.633303 0.623706 0.668756 0.626219 0.671451 0.668756 0.712196 0.671451 0.715066 0.626219 0.671451 0.628656 0.674064 0.671451 0.715066 0.674064 0.717848 0.712196 0.753919 0.715066 0.756958 0.753919 0.793827 0.756958 0.797026 0.715066 0.756958 0.717848 0.759903 0.756958 0.797026 0.759903 0.800127 0.628656 0.674064 0.631017 0.676595 0.674064 0.717848 0.676595 0.720544 0.631017 0.676595 0.633303 0.679047 0.676595 0.720544 0.679047 0.723154 0.717848 0.759903 0.720544 0.762757 0.759903 0.800127 0.762757 0.803132 0.720544 0.762757 0.723154 0.76552 0.762757 0.803132 0.76552 0.806042 0 0.055933 0 0.0561284 0.055933 0.111731 0.0561284 0.112122 0 0.0561284 0 0.0563173 0.0561284 0.112122 0.0563173 0.112499 0.111731 0.16726 0.112122 0.167845 0.16726 0.222386 0.167845 0.223163 0.112122 0.167845 0.112499 0.16841 0.167845 0.223163 0.16841 0.223914 0 0.0563173 0 0.0564999 0.0563173 0.112499 0.0564999 0.112864 0 0.0564999 0 0.0566763 0.0564999 0.112864 0.0566763 0.113216 0.112499 0.16841 0.112864 0.168956 0.16841 0.223914 0.168956 0.224641 0.112864 0.168956 0.113216 0.169483 0.168956 0.224641 0.169483 0.225342 0.222386 0.276977 0.223163 0.277944 0.276977 0.3309 0.277944 0.332056 0.223163 0.277944 0.223914 0.27888 0.277944 0.332056 0.27888 0.333174 0.3309 0.384026 0.332056 0.385367 0.384026 0.436227 0.385367 0.43775 0.332056 0.385367 0.333174 0.386665 0.385367 0.43775 0.386665 0.439224 0.223914 0.27888 0.224641 0.279784 0.27888 0.333174 0.279784 0.334254 0.224641 0.279784 0.225342 0.280658 0.279784 0.334254 0.280658 0.335297 0.333174 0.386665 0.334254 0.387918 0.386665 0.439224 0.387918 0.440648 0.334254 0.387918 0.335297 0.389129 0.387918 0.440648 0.389129 0.442024 0 0.0566763 0 0.0568465 0.0566763 0.113216 0.0568465 0.113556 0 0.0568465 0 0.0570106 0.0568465 0.113556 0.0570106 0.113884 0.113216 0.169483 0.113556 0.169992 0.169483 0.225342 0.169992 0.226018 0.113556 0.169992 0.113884 0.170483 0.169992 0.226018 0.170483 0.226671 0 0.0570106 0 0.0571687 0.0570106 0.113884 0.0571687 0.1142 0 0.0571687 0 0.0573209 0.0571687 0.1142 0.0573209 0.114504 0.113884 0.170483 0.1142 0.170956 0.170483 0.226671 0.170956 0.2273 0.1142 0.170956 0.114504 0.171411 0.170956 0.2273 0.171411 0.227905 0.225342 0.280658 0.226018 0.2815 0.280658 0.335297 0.2815 0.336304 0.226018 0.2815 0.226671 0.282313 0.2815 0.336304 0.282313 0.337275 0.335297 0.389129 0.336304 0.390298 0.389129 0.442024 0.390298 0.443351 0.336304 0.390298 0.337275 0.391425 0.390298 0.443351 0.391425 0.444631 0.226671 0.282313 0.2273 0.283096 0.282313 0.337275 0.283096 0.33821 0.2273 0.283096 0.227905 0.28385 0.283096 0.33821 0.28385 0.339111 0.337275 0.391425 0.33821 0.39251 0.391425 0.444631 0.39251 0.445864 0.33821 0.39251 0.339111 0.393555 0.39251 0.445864 0.393555 0.447051 0.436227 0.487376 0.43775 0.489079 0.487376 0.537352 0.489079 0.539229 0.43775 0.489079 0.439224 0.490725 0.489079 0.539229 0.490725 0.541045 0.537352 0.586033 0.539229 0.588081 0.586033 0.633303 0.588081 0.635515 0.539229 0.588081 0.541045 0.59006 0.588081 0.635515 0.59006 0.637654 0.439224 0.490725 0.440648 0.492317 0.490725 0.541045 0.492317 0.542799 0.440648 0.492317 0.442024 0.493853 0.492317 0.542799 0.493853 0.544493 0.541045 0.59006 0.542799 0.591974 0.59006 0.637654 0.591974 0.639722 0.542799 0.591974 0.544493 0.593821 0.591974 0.639722 0.593821 0.641719 0.633303 0.679047 0.635515 0.681419 0.679047 0.723154 0.681419 0.725681 0.635515 0.681419 0.637654 0.683713 0.681419 0.725681 0.683713 0.728123 0.723154 0.76552 0.725681 0.768194 0.76552 0.806042 0.768194 0.808857 0.725681 0.768194 0.728123 0.77078 0.768194 0.808857 0.77078 0.81158 0.637654 0.683713 0.639722 0.68593 0.683713 0.728123 0.68593 0.730484 0.639722 0.68593 0.641719 0.688071 0.68593 0.730484 0.688071 0.732765 0.728123 0.77078 0.730484 0.77328 0.77078 0.81158 0.77328 0.814212 0.730484 0.77328 0.732765 0.775693 0.77328 0.814212 0.775693 0.816753 0.442024 0.493853 0.443351 0.495336 0.493853 0.544493 0.495336 0.546128 0.443351 0.495336 0.444631 0.496766 0.495336 0.546128 0.496766 0.547705 0.544493 0.593821 0.546128 0.595605 0.593821 0.641719 0.595605 0.643646 0.546128 0.595605 0.547705 0.597324 0.595605 0.643646 0.597324 0.645504 0.444631 0.496766 0.445864 0.498144 0.496766 0.547705 0.498144 0.549224 0.445864 0.498144 0.447051 0.49947 0.498144 0.549224 0.49947 0.550686 0.547705 0.597324 0.549224 0.598981 0.597324 0.645504 0.598981 0.647294 0.549224 0.598981 0.550686 0.600575 0.598981 0.647294 0.600575 0.649018 0.641719 0.688071 0.643646 0.690137 0.688071 0.732765 0.690137 0.734965 0.643646 0.690137 0.645504 0.692129 0.690137 0.734965 0.692129 0.737087 0.732765 0.775693 0.734965 0.778023 0.775693 0.816753 0.778023 0.819206 0.734965 0.778023 0.737087 0.780269 0.778023 0.819206 0.780269 0.821571 0.645504 0.692129 0.647294 0.694049 0.692129 0.737087 0.694049 0.739131 0.647294 0.694049 0.649018 0.695897 0.694049 0.739131 0.695897 0.741099 0.737087 0.780269 0.739131 0.782433 0.780269 0.821571 0.782433 0.82385 0.739131 0.782433 0.741099 0.784516 0.782433 0.82385 0.784516 0.826043 0.780024 0.817359 0.783629 0.821136 0.817359 0.852724 0.821136 0.856664 0.783629 0.821136 0.78713 0.824804 0.821136 0.856664 0.824804 0.860492 0.852724 0.886035 0.856664 0.890129 0.886035 0.917212 0.890129 0.92145 0.856664 0.890129 0.860492 0.894106 0.890129 0.92145 0.894106 0.925566 0.78713 0.824804 0.790528 0.828366 0.824804 0.860492 0.828366 0.864207 0.790528 0.828366 0.793827 0.831822 0.828366 0.864207 0.831822 0.867813 0.860492 0.894106 0.864207 0.897967 0.894106 0.925566 0.897967 0.929563 0.864207 0.897967 0.867813 0.901713 0.897967 0.929563 0.901713 0.933442 0.917212 0.946179 0.92145 0.95055 0.946179 0.972866 0.95055 0.977361 0.92145 0.95055 0.925566 0.954797 0.95055 0.977361 0.954797 0.981728 0.972866 0.99721 0.977361 1.00182 0.99721 1.01915 1.00182 1.02386 0.977361 1.00182 0.981728 1.00629 1.00182 1.02386 1.00629 1.02843 0.925566 0.954797 0.929563 0.95892 0.954797 0.981728 0.95892 0.985967 0.929563 0.95892 0.933442 0.962921 0.95892 0.985967 0.962921 0.990081 0.981728 1.00629 0.985967 1.01064 1.00629 1.02843 1.01064 1.03288 0.985967 1.01064 0.990081 1.01486 1.01064 1.03288 1.01486 1.03718 0.793827 0.831822 0.797026 0.835174 0.831822 0.867813 0.835174 0.87131 0.797026 0.835174 0.800127 0.838424 0.835174 0.87131 0.838424 0.874701 0.867813 0.901713 0.87131 0.905347 0.901713 0.933442 0.905347 0.937203 0.87131 0.905347 0.874701 0.90887 0.905347 0.937203 0.90887 0.94085 0.800127 0.838424 0.803132 0.841573 0.838424 0.874701 0.841573 0.877986 0.803132 0.841573 0.806042 0.844621 0.841573 0.877986 0.844621 0.881166 0.874701 0.90887 0.877986 0.912283 0.90887 0.94085 0.912283 0.944383 0.877986 0.912283 0.881166 0.915588 0.912283 0.944383 0.915588 0.947805 0.933442 0.962921 0.937203 0.966802 0.962921 0.990081 0.966802 0.994071 0.937203 0.966802 0.94085 0.970564 0.966802 0.994071 0.970564 0.997939 0.990081 1.01486 0.994071 1.01895 1.01486 1.03718 1.01895 1.04136 0.994071 1.01895 0.997939 1.02291 1.01895 1.04136 1.02291 1.04542 0.94085 0.970564 0.944383 0.974208 0.970564 0.997939 0.974208 1.00169 0.944383 0.974208 0.947805 0.977738 0.974208 1.00169 0.977738 1.00532 0.997939 1.02291 1.00169 1.02675 1.02291 1.04542 1.02675 1.04934 1.00169 1.02675 1.00532 1.03047 1.02675 1.04934 1.03047 1.05314 1.01915 1.03864 1.02386 1.04344 1.03864 1.05562 1.04344 1.0605 1.02386 1.04344 1.02843 1.0481 1.04344 1.0605 1.0481 1.06524 1.05562 1.07006 1.0605 1.07501 1.07006 1.08192 1.07501 1.08692 1.0605 1.07501 1.06524 1.07981 1.07501 1.08692 1.07981 1.09178 1.02843 1.0481 1.03288 1.05262 1.0481 1.06524 1.05262 1.06984 1.03288 1.05262 1.03718 1.05702 1.05262 1.06984 1.05702 1.0743 1.06524 1.07981 1.06984 1.08447 1.07981 1.09178 1.08447 1.09649 1.06984 1.08447 1.0743 1.089 1.08447 1.09649 1.089 1.10107 1.08192 1.09118 1.08692 1.09622 1.09118 1.09781 1.09622 1.10288 1.08692 1.09622 1.09178 1.10112 1.09622 1.10288 1.10112 1.10781 1.09781 1.10179 1.10288 1.10688 1.10179 1.10312 1.10688 1.10822 1.10288 1.10688 1.10781 1.11183 1.10688 1.10822 1.11183 1.11317 1.09178 1.10112 1.09649 1.10588 1.10112 1.10781 1.10588 1.11259 1.09649 1.10588 1.10107 1.11049 1.10588 1.11259 1.11049 1.11723 1.10781 1.11183 1.11259 1.11663 1.11183 1.11317 1.11663 1.11798 1.11259 1.11663 1.11723 1.12129 1.11663 1.11798 1.12129 1.12264 1.03718 1.05702 1.04136 1.06128 1.05702 1.0743 1.06128 1.07863 1.04136 1.06128 1.04542 1.06541 1.06128 1.07863 1.06541 1.08283 1.0743 1.089 1.07863 1.09339 1.089 1.10107 1.09339 1.10551 1.07863 1.09339 1.08283 1.09764 1.09339 1.10551 1.09764 1.10981 1.04542 1.06541 1.04934 1.06941 1.06541 1.08283 1.06941 1.08689 1.04934 1.06941 1.05314 1.07328 1.06941 1.08689 1.07328 1.09083 1.08283 1.09764 1.08689 1.10176 1.09764 1.10981 1.10176 1.11398 1.08689 1.10176 1.09083 1.10575 1.10176 1.11398 1.10575 1.11801 1.10107 1.11049 1.10551 1.11497 1.11049 1.11723 1.11497 1.12174 1.10551 1.11497 1.10981 1.1193 1.11497 1.12174 1.1193 1.1261 1.11723 1.12129 1.12174 1.12581 1.12129 1.12264 1.12581 1.12717 1.12174 1.12581 1.1261 1.13019 1.12581 1.12717 1.13019 1.13155 1.10981 1.1193 1.11398 1.12351 1.1193 1.1261 1.12351 1.13033 1.11398 1.12351 1.11801 1.12758 1.12351 1.13033 1.12758 1.13443 1.1261 1.13019 1.13033 1.13443 1.13019 1.13155 1.13443 1.1358 1.13033 1.13443 1.13443 1.13854 1.13443 1.1358 1.13854 1.13991 0.806042 0.844621 0.808857 0.847572 0.844621 0.881166 0.847572 0.884244 0.808857 0.847572 0.81158 0.850425 0.847572 0.884244 0.850425 0.887221 0.881166 0.915588 0.884244 0.918787 0.915588 0.947805 0.918787 0.951116 0.884244 0.918787 0.887221 0.92188 0.918787 0.951116 0.92188 0.954317 0.81158 0.850425 0.814212 0.853183 0.850425 0.887221 0.853183 0.890098 0.814212 0.853183 0.816753 0.855846 0.853183 0.890098 0.855846 0.892876 0.887221 0.92188 0.890098 0.924869 0.92188 0.954317 0.924869 0.957412 0.890098 0.924869 0.892876 0.927756 0.924869 0.957412 0.927756 0.9604 0.947805 0.977738 0.951116 0.981153 0.977738 1.00532 0.981153 1.00883 0.951116 0.981153 0.954317 0.984456 0.981153 1.00883 0.984456 1.01222 1.00532 1.03047 1.00883 1.03407 1.03047 1.05314 1.03407 1.05682 1.00883 1.03407 1.01222 1.03755 1.03407 1.05682 1.03755 1.06038 0.954317 0.984456 0.957412 0.987648 0.984456 1.01222 0.987648 1.01551 0.957412 0.987648 0.9604 0.990731 0.987648 1.01551 0.990731 1.01868 1.01222 1.03755 1.01551 1.04092 1.03755 1.06038 1.04092 1.06382 1.01551 1.04092 1.01868 1.04417 1.04092 1.06382 1.04417 1.06714 0.816753 0.855846 0.819206 0.858416 0.855846 0.892876 0.858416 0.895558 0.819206 0.858416 0.821571 0.860894 0.858416 0.895558 0.860894 0.898143 0.892876 0.927756 0.895558 0.930542 0.927756 0.9604 0.930542 0.963284 0.895558 0.930542 0.898143 0.933228 0.930542 0.963284 0.933228 0.966065 0.821571 0.860894 0.82385 0.863282 0.860894 0.898143 0.863282 0.900634 0.82385 0.863282 0.826043 0.86558 0.863282 0.900634 0.86558 0.903032 0.898143 0.933228 0.900634 0.935817 0.933228 0.966065 0.935817 0.968745 0.900634 0.935817 0.903032 0.938308 0.935817 0.968745 0.938308 0.971324 0.9604 0.990731 0.963284 0.993706 0.990731 1.01868 0.993706 1.02173 0.963284 0.993706 0.966065 0.996575 0.993706 1.02173 0.996575 1.02468 1.01868 1.04417 1.02173 1.0473 1.04417 1.06714 1.0473 1.07034 1.02173 1.0473 1.02468 1.05032 1.0473 1.07034 1.05032 1.07343 0.966065 0.996575 0.968745 0.999339 0.996575 1.02468 0.999339 1.02753 0.968745 0.999339 0.971324 1.002 0.999339 1.02753 1.002 1.03026 1.02468 1.05032 1.02753 1.05324 1.05032 1.07343 1.05324 1.07641 1.02753 1.05324 1.03026 1.05604 1.05324 1.07641 1.05604 1.07928 1.05314 1.07328 1.05682 1.07703 1.07328 1.09083 1.07703 1.09464 1.05682 1.07703 1.06038 1.08066 1.07703 1.09464 1.08066 1.09833 1.09083 1.10575 1.09464 1.10962 1.10575 1.11801 1.10962 1.12192 1.09464 1.10962 1.09833 1.11335 1.10962 1.12192 1.11335 1.12569 1.06038 1.08066 1.06382 1.08416 1.08066 1.09833 1.08416 1.10189 1.06382 1.08416 1.06714 1.08754 1.08416 1.10189 1.08754 1.10533 1.09833 1.11335 1.10189 1.11696 1.11335 1.12569 1.11696 1.12934 1.10189 1.11696 1.10533 1.12045 1.11696 1.12934 1.12045 1.13287 1.11801 1.12758 1.12192 1.13152 1.12758 1.13443 1.13152 1.13839 1.12192 1.13152 1.12569 1.13533 1.13152 1.13839 1.13533 1.14222 1.13443 1.13854 1.13839 1.14252 1.13854 1.13991 1.14252 1.1439 1.13839 1.14252 1.14222 1.14637 1.14252 1.1439 1.14637 1.14775 1.12569 1.13533 1.12934 1.13901 1.13533 1.14222 1.13901 1.14592 1.12934 1.13901 1.13287 1.14256 1.13901 1.14592 1.14256 1.1495 1.14222 1.14637 1.14592 1.15008 1.14637 1.14775 1.15008 1.15147 1.14592 1.15008 1.1495 1.15367 1.15008 1.15147 1.15367 1.15506 1.06714 1.08754 1.07034 1.09081 1.08754 1.10533 1.09081 1.10865 1.07034 1.09081 1.07343 1.09396 1.09081 1.10865 1.09396 1.11185 1.10533 1.12045 1.10865 1.12381 1.12045 1.13287 1.12381 1.13627 1.10865 1.12381 1.11185 1.12706 1.12381 1.13627 1.12706 1.13955 1.07343 1.09396 1.07641 1.09699 1.09396 1.11185 1.09699 1.11493 1.07641 1.09699 1.07928 1.09991 1.09699 1.11493 1.09991 1.1179 1.11185 1.12706 1.11493 1.13018 1.12706 1.13955 1.13018 1.14271 1.11493 1.13018 1.1179 1.13319 1.13018 1.14271 1.13319 1.14575 1.13287 1.14256 1.13627 1.14599 1.14256 1.1495 1.14599 1.15295 1.13627 1.14599 1.13955 1.1493 1.14599 1.15295 1.1493 1.15628 1.1495 1.15367 1.15295 1.15714 1.15367 1.15506 1.15714 1.15853 1.15295 1.15714 1.15628 1.16048 1.15714 1.15853 1.16048 1.16188 1.13955 1.1493 1.14271 1.15249 1.1493 1.15628 1.15249 1.15949 1.14271 1.15249 1.14575 1.15556 1.15249 1.15949 1.15556 1.16258 1.15628 1.16048 1.15949 1.1637 1.16048 1.16188 1.1637 1.1651 1.15949 1.1637 1.16258 1.16679 1.1637 1.1651 1.16679 1.1682 1 0.998795 1.00772 1.00651 0.998795 0.995185 1.00651 1.00287 1.00772 1.00651 1.01526 1.01404 1.00651 1.00287 1.01404 1.01037 0.995185 0.989177 1.00287 0.996814 0.989177 0.980785 0.996814 0.988358 1.00287 0.996814 1.01037 1.00427 0.996814 0.988358 1.00427 0.995754 1.01526 1.01404 1.02262 1.02139 1.01404 1.01037 1.02139 1.0177 1.02262 1.02139 1.02981 1.02857 1.02139 1.0177 1.02857 1.02485 1.01037 1.00427 1.0177 1.01156 1.00427 0.995754 1.01156 1.00297 1.0177 1.01156 1.02485 1.01866 1.01156 1.00297 1.01866 1.01002 0.980785 0.970031 0.988358 0.977521 0.970031 0.95694 0.977521 0.964329 0.988358 0.977521 0.995754 0.984836 0.977521 0.964329 0.984836 0.971545 0.95694 0.941544 0.964329 0.948814 0.941544 0.92388 0.948814 0.931013 0.964329 0.948814 0.971545 0.955914 0.948814 0.931013 0.955914 0.93798 0.995754 0.984836 1.00297 0.991977 0.984836 0.971545 0.991977 0.97859 1.00297 0.991977 1.01002 0.998948 0.991977 0.97859 0.998948 0.985467 0.971545 0.955914 0.97859 0.962846 0.955914 0.93798 0.962846 0.944782 0.97859 0.962846 0.985467 0.969612 0.962846 0.944782 0.969612 0.951421 1.02981 1.02857 1.03682 1.03557 1.02857 1.02485 1.03557 1.03183 1.03682 1.03557 1.04366 1.04241 1.03557 1.03183 1.04241 1.03864 1.02485 1.01866 1.03183 1.0256 1.01866 1.01002 1.0256 1.0169 1.03183 1.0256 1.03864 1.03237 1.0256 1.0169 1.03237 1.02361 1.04366 1.04241 1.05034 1.04907 1.04241 1.03864 1.04907 1.04528 1.05034 1.04907 1.05684 1.05557 1.04907 1.04528 1.05557 1.05175 1.03864 1.03237 1.04528 1.03897 1.03237 1.02361 1.03897 1.03015 1.04528 1.03897 1.05175 1.0454 1.03897 1.03015 1.0454 1.03653 1.01002 0.998948 1.0169 1.00575 0.998948 0.985467 1.00575 0.992177 1.0169 1.00575 1.02361 1.01239 1.00575 0.992177 1.01239 0.998724 0.985467 0.969612 0.992177 0.976214 0.969612 0.951421 0.976214 0.957899 0.992177 0.976214 0.998724 0.982655 0.976214 0.957899 0.982655 0.964219 1.02361 1.01239 1.03015 1.01886 1.01239 0.998724 1.01886 1.00511 1.03015 1.01886 1.03653 1.02517 1.01886 1.00511 1.02517 1.01133 0.998724 0.982655 1.00511 0.988937 0.982655 0.964219 0.988937 0.970383 1.00511 0.988937 1.01133 0.995061 0.988937 0.970383 0.995061 0.976393 0.92388 0.903989 0.931013 0.910969 0.903989 0.881921 0.910969 0.888731 0.931013 0.910969 0.93798 0.917786 0.910969 0.888731 0.917786 0.895381 0.881921 0.857729 0.888731 0.864351 0.857729 0.83147 0.864351 0.83789 0.888731 0.864351 0.895381 0.870819 0.864351 0.83789 0.870819 0.844159 0.93798 0.917786 0.944782 0.924441 0.917786 0.895381 0.924441 0.901874 0.944782 0.924441 0.951421 0.930937 0.924441 0.901874 0.930937 0.908212 0.895381 0.870819 0.901874 0.877134 0.870819 0.844159 0.877134 0.850281 0.901874 0.877134 0.908212 0.883298 0.877134 0.850281 0.883298 0.856256 0.83147 0.803208 0.83789 0.809409 0.803208 0.77301 0.809409 0.778979 0.83789 0.809409 0.844159 0.815466 0.809409 0.778979 0.815466 0.784808 0.77301 0.740951 0.778979 0.746672 0.740951 0.707107 0.746672 0.712567 0.778979 0.746672 0.784808 0.752259 0.746672 0.712567 0.752259 0.717899 0.844159 0.815466 0.850281 0.821379 0.815466 0.784808 0.821379 0.790499 0.850281 0.821379 0.856256 0.827151 0.821379 0.790499 0.827151 0.796054 0.784808 0.752259 0.790499 0.757715 0.752259 0.717899 0.757715 0.723104 0.790499 0.757715 0.796054 0.763039 0.757715 0.723104 0.763039 0.728186 0.951421 0.930937 0.957899 0.937277 0.930937 0.908212 0.937277 0.914396 0.957899 0.937277 0.964219 0.943461 0.937277 0.914396 0.943461 0.920429 0.908212 0.883298 0.914396 0.889313 0.883298 0.856256 0.889313 0.862087 0.914396 0.889313 0.920429 0.89518 0.889313 0.862087 0.89518 0.867775 0.964219 0.943461 0.970383 0.949492 0.943461 0.920429 0.949492 0.926313 0.970383 0.949492 0.976393 0.955372 0.949492 0.926313 0.955372 0.932049 0.920429 0.89518 0.926313 0.900903 0.89518 0.867775 0.900903 0.873322 0.926313 0.900903 0.932049 0.906482 0.900903 0.873322 0.906482 0.87873 0.856256 0.827151 0.862087 0.832784 0.827151 0.796054 0.832784 0.801475 0.862087 0.832784 0.867775 0.838278 0.832784 0.801475 0.838278 0.806763 0.796054 0.763039 0.801475 0.768235 0.763039 0.728186 0.768235 0.733144 0.801475 0.768235 0.806763 0.773304 0.768235 0.733144 0.773304 0.737982 0.867775 0.838278 0.873322 0.843637 0.838278 0.806763 0.843637 0.81192 0.873322 0.843637 0.87873 0.848862 0.843637 0.81192 0.848862 0.816948 0.806763 0.773304 0.81192 0.778247 0.773304 0.737982 0.778247 0.742699 0.81192 0.778247 0.816948 0.783067 0.778247 0.742699 0.783067 0.747299 1.05684 1.05557 1.06318 1.0619 1.05557 1.05175 1.0619 1.05806 1.06318 1.0619 1.06936 1.06807 1.0619 1.05806 1.06807 1.06421 1.05175 1.0454 1.05806 1.05167 1.0454 1.03653 1.05167 1.04275 1.05806 1.05167 1.06421 1.05778 1.05167 1.04275 1.05778 1.04881 1.06936 1.06807 1.07537 1.07408 1.06807 1.06421 1.07408 1.07019 1.07537 1.07408 1.08123 1.07993 1.07408 1.07019 1.07993 1.07602 1.06421 1.05778 1.07019 1.06373 1.05778 1.04881 1.06373 1.05471 1.07019 1.06373 1.07602 1.06953 1.06373 1.05471 1.06953 1.06046 1.03653 1.02517 1.04275 1.03132 1.02517 1.01133 1.03132 1.0174 1.04275 1.03132 1.04881 1.03731 1.03132 1.0174 1.03731 1.02331 1.01133 0.995061 1.0174 1.00103 0.995061 0.976393 1.00103 0.98225 1.0174 1.00103 1.02331 1.00685 1.00103 0.98225 1.00685 0.987957 1.04881 1.03731 1.05471 1.04315 1.03731 1.02331 1.04315 1.02907 1.05471 1.04315 1.06046 1.04883 1.04315 1.02907 1.04883 1.03467 1.02331 1.00685 1.02907 1.01251 1.00685 0.987957 1.01251 0.993515 1.02907 1.01251 1.03467 1.01803 1.01251 0.993515 1.01803 0.998927 1.08123 1.07993 1.08693 1.08562 1.07993 1.07602 1.08562 1.0817 1.08693 1.08562 1.09248 1.09116 1.08562 1.0817 1.09116 1.08722 1.07602 1.06953 1.0817 1.07517 1.06953 1.06046 1.07517 1.06605 1.0817 1.07517 1.08722 1.08066 1.07517 1.06605 1.08066 1.07149 1.09248 1.09116 1.09788 1.09655 1.09116 1.08722 1.09655 1.09259 1.09788 1.09655 1.10312 1.10179 1.09655 1.09259 1.10179 1.09781 1.08722 1.08066 1.09259 1.08599 1.08066 1.07149 1.08599 1.07678 1.09259 1.08599 1.09781 1.09118 1.08599 1.07678 1.09118 1.08192 1.06046 1.04883 1.06605 1.05436 1.04883 1.03467 1.05436 1.04013 1.06605 1.05436 1.07149 1.05974 1.05436 1.04013 1.05974 1.04544 1.03467 1.01803 1.04013 1.0234 1.01803 0.998927 1.0234 1.00419 1.04013 1.0234 1.04544 1.02862 1.0234 1.00419 1.02862 1.00932 1.07149 1.05974 1.07678 1.06497 1.05974 1.04544 1.06497 1.0506 1.07678 1.06497 1.08192 1.07006 1.06497 1.0506 1.07006 1.05562 1.04544 1.02862 1.0506 1.0337 1.02862 1.00932 1.0337 1.0143 1.0506 1.0337 1.05562 1.03864 1.0337 1.0143 1.03864 1.01915 0.976393 0.955372 0.98225 0.961103 0.955372 0.932049 0.961103 0.937641 0.98225 0.961103 0.987957 0.966687 0.961103 0.937641 0.966687 0.943088 0.932049 0.906482 0.937641 0.911919 0.906482 0.87873 0.911919 0.884001 0.937641 0.911919 0.943088 0.917218 0.911919 0.884001 0.917218 0.889137 0.987957 0.966687 0.993515 0.972126 0.966687 0.943088 0.972126 0.948394 0.993515 0.972126 0.998927 0.977421 0.972126 0.948394 0.977421 0.953561 0.943088 0.917218 0.948394 0.922378 0.917218 0.889137 0.922378 0.89414 0.948394 0.922378 0.953561 0.927403 0.922378 0.89414 0.927403 0.899011 0.87873 0.848862 0.884001 0.853954 0.848862 0.816948 0.853954 0.821849 0.884001 0.853954 0.889137 0.858915 0.853954 0.821849 0.858915 0.826624 0.816948 0.783067 0.821849 0.787764 0.783067 0.747299 0.787764 0.751781 0.821849 0.787764 0.826624 0.792341 0.787764 0.751781 0.792341 0.756149 0.889137 0.858915 0.89414 0.863748 0.858915 0.826624 0.863748 0.831275 0.89414 0.863748 0.899011 0.868453 0.863748 0.831275 0.868453 0.835803 0.826624 0.792341 0.831275 0.796799 0.792341 0.756149 0.796799 0.760404 0.831275 0.796799 0.835803 0.801139 0.796799 0.760404 0.801139 0.764546 0.998927 0.977421 1.00419 0.982576 0.977421 0.953561 0.982576 0.958589 1.00419 0.982576 1.00932 0.987591 0.982576 0.958589 0.987591 0.963482 0.953561 0.927403 0.958589 0.932293 0.927403 0.899011 0.932293 0.903752 0.958589 0.932293 0.963482 0.937052 0.932293 0.903752 0.937052 0.908364 1.00932 0.987591 1.0143 0.992468 0.987591 0.963482 0.992468 0.96824 1.0143 0.992468 1.01915 0.99721 0.992468 0.96824 0.99721 0.972866 0.963482 0.937052 0.96824 0.94168 0.937052 0.908364 0.94168 0.91285 0.96824 0.94168 0.972866 0.946179 0.94168 0.91285 0.946179 0.917212 0.899011 0.868453 0.903752 0.873033 0.868453 0.835803 0.873033 0.84021 0.903752 0.873033 0.908364 0.877488 0.873033 0.84021 0.877488 0.844499 0.835803 0.801139 0.84021 0.805364 0.801139 0.764546 0.805364 0.768578 0.84021 0.805364 0.844499 0.809475 0.805364 0.768578 0.809475 0.7725 0.908364 0.877488 0.91285 0.881822 0.877488 0.844499 0.881822 0.84867 0.91285 0.881822 0.917212 0.886035 0.881822 0.84867 0.886035 0.852724 0.844499 0.809475 0.84867 0.813472 0.809475 0.7725 0.813472 0.776315 0.84867 0.813472 0.852724 0.817359 0.813472 0.776315 0.817359 0.780024 0.707107 0.671559 0.712567 0.676744 0.671559 0.634393 0.676744 0.639292 0.712567 0.676744 0.717899 0.681808 0.676744 0.639292 0.681808 0.644075 0.634393 0.595699 0.639292 0.600299 0.595699 0.55557 0.600299 0.55986 0.639292 0.600299 0.644075 0.604791 0.600299 0.55986 0.604791 0.564049 0.717899 0.681808 0.723104 0.686752 0.681808 0.644075 0.686752 0.648746 0.723104 0.686752 0.728186 0.691578 0.686752 0.648746 0.691578 0.653305 0.644075 0.604791 0.648746 0.609177 0.604791 0.564049 0.609177 0.56814 0.648746 0.609177 0.653305 0.613457 0.609177 0.56814 0.613457 0.572132 0.55557 0.514103 0.55986 0.518072 0.514103 0.471397 0.518072 0.475037 0.55986 0.518072 0.564049 0.521949 0.518072 0.475037 0.521949 0.478591 0.471397 0.427555 0.475037 0.430856 0.427555 0.382683 0.430856 0.385638 0.475037 0.430856 0.478591 0.43408 0.430856 0.385638 0.43408 0.388524 0.564049 0.521949 0.56814 0.525734 0.521949 0.478591 0.525734 0.482062 0.56814 0.525734 0.572132 0.529428 0.525734 0.482062 0.529428 0.485449 0.478591 0.43408 0.482062 0.437228 0.43408 0.388524 0.437228 0.391341 0.482062 0.437228 0.485449 0.440301 0.437228 0.391341 0.440301 0.394091 0.728186 0.691578 0.733144 0.696288 0.691578 0.653305 0.696288 0.657753 0.733144 0.696288 0.737982 0.700882 0.696288 0.657753 0.700882 0.662093 0.653305 0.613457 0.657753 0.617635 0.613457 0.572132 0.617635 0.576028 0.657753 0.617635 0.662093 0.62171 0.617635 0.576028 0.62171 0.579828 0.737982 0.700882 0.742699 0.705362 0.700882 0.662093 0.705362 0.666326 0.742699 0.705362 0.747299 0.70973 0.705362 0.666326 0.70973 0.670452 0.662093 0.62171 0.666326 0.625684 0.62171 0.579828 0.625684 0.583535 0.666326 0.625684 0.670452 0.629559 0.625684 0.583535 0.629559 0.587149 0.572132 0.529428 0.576028 0.533033 0.529428 0.485449 0.533033 0.488755 0.576028 0.533033 0.579828 0.53655 0.533033 0.488755 0.53655 0.49198 0.485449 0.440301 0.488755 0.443299 0.440301 0.394091 0.443299 0.396775 0.488755 0.443299 0.49198 0.446224 0.443299 0.396775 0.446224 0.399393 0.579828 0.53655 0.583535 0.53998 0.53655 0.49198 0.53998 0.495125 0.583535 0.53998 0.587149 0.543324 0.53998 0.495125 0.543324 0.498191 0.49198 0.446224 0.495125 0.449076 0.446224 0.399393 0.449076 0.401946 0.495125 0.449076 0.498191 0.451857 0.449076 0.401946 0.451857 0.404435 0.382683 0.33689 0.385638 0.339491 0.33689 0.290285 0.339491 0.292526 0.385638 0.339491 0.388524 0.342031 0.339491 0.292526 0.342031 0.294715 0.290285 0.24298 0.292526 0.244856 0.24298 0.19509 0.244856 0.196597 0.292526 0.244856 0.294715 0.246689 0.244856 0.196597 0.246689 0.198068 0.388524 0.342031 0.391341 0.344512 0.342031 0.294715 0.344512 0.296852 0.391341 0.344512 0.394091 0.346933 0.344512 0.296852 0.346933 0.298938 0.294715 0.246689 0.296852 0.248477 0.246689 0.198068 0.248477 0.199504 0.296852 0.248477 0.298938 0.250223 0.248477 0.199504 0.250223 0.200906 0.19509 0.14673 0.196597 0.147863 0.14673 0.0980171 0.147863 0.098774 0.196597 0.147863 0.198068 0.14897 0.147863 0.098774 0.14897 0.0995131 0.0980171 0.0490677 0.098774 0.0494465 0.0490677 1.22465e-16 0.0494465 1.2341e-16 0.098774 0.0494465 0.0995131 0.0498165 0.0494465 1.2341e-16 0.0498165 1.24334e-16 0.198068 0.14897 0.199504 0.15005 0.14897 0.0995131 0.15005 0.100235 0.199504 0.15005 0.200906 0.151105 0.15005 0.100235 0.151105 0.100939 0.0995131 0.0498165 0.100235 0.0501778 0.0498165 1.24334e-16 0.0501778 1.25235e-16 0.100235 0.0501778 0.100939 0.0505304 0.0501778 1.25235e-16 0.0505304 1.26115e-16 0.394091 0.346933 0.396775 0.349295 0.346933 0.298938 0.349295 0.300974 0.396775 0.349295 0.399393 0.3516 0.349295 0.300974 0.3516 0.30296 0.298938 0.250223 0.300974 0.251927 0.250223 0.200906 0.251927 0.202274 0.300974 0.251927 0.30296 0.25359 0.251927 0.202274 0.25359 0.203609 0.399393 0.3516 0.401946 0.353847 0.3516 0.30296 0.353847 0.304896 0.401946 0.353847 0.404435 0.356039 0.353847 0.304896 0.356039 0.306784 0.30296 0.25359 0.304896 0.255211 0.25359 0.203609 0.255211 0.20491 0.304896 0.255211 0.306784 0.256791 0.255211 0.20491 0.256791 0.206179 0.200906 0.151105 0.202274 0.152133 0.151105 0.100939 0.152133 0.101626 0.202274 0.152133 0.203609 0.153137 0.152133 0.101626 0.153137 0.102297 0.100939 0.0505304 0.101626 0.0508745 0.0505304 1.26115e-16 0.0508745 1.26974e-16 0.101626 0.0508745 0.102297 0.0512101 0.0508745 1.26974e-16 0.0512101 1.27812e-16 0.203609 0.153137 0.20491 0.154116 0.153137 0.102297 0.154116 0.102951 0.20491 0.154116 0.206179 0.155071 0.154116 0.102951 0.155071 0.103588 0.102297 0.0512101 0.102951 0.0515375 0.0512101 1.27812e-16 0.0515375 1.28629e-16 0.102951 0.0515375 0.103588 0.0518567 0.0515375 1.28629e-16 0.0518567 1.29426e-16 0.747299 0.70973 0.751781 0.713988 0.70973 0.670452 0.713988 0.674474 0.751781 0.713988 0.756149 0.718136 0.713988 0.674474 0.718136 0.678393 0.670452 0.629559 0.674474 0.633335 0.629559 0.587149 0.633335 0.590671 0.674474 0.633335 0.678393 0.637015 0.633335 0.590671 0.637015 0.594103 0.756149 0.718136 0.760404 0.722176 0.718136 0.678393 0.722176 0.682209 0.760404 0.722176 0.764546 0.72611 0.722176 0.682209 0.72611 0.685926 0.678393 0.637015 0.682209 0.640599 0.637015 0.594103 0.640599 0.597445 0.682209 0.640599 0.685926 0.644089 0.640599 0.597445 0.644089 0.6007 0.587149 0.543324 0.590671 0.546583 0.543324 0.498191 0.546583 0.501179 0.590671 0.546583 0.594103 0.549759 0.546583 0.501179 0.549759 0.504091 0.498191 0.451857 0.501179 0.454568 0.451857 0.404435 0.454568 0.406861 0.501179 0.454568 0.504091 0.457209 0.454568 0.406861 0.457209 0.409225 0.594103 0.549759 0.597445 0.552852 0.549759 0.504091 0.552852 0.506927 0.597445 0.552852 0.6007 0.555864 0.552852 0.506927 0.555864 0.509689 0.504091 0.457209 0.506927 0.459781 0.457209 0.409225 0.459781 0.411527 0.506927 0.459781 0.509689 0.462286 0.459781 0.411527 0.462286 0.413769 0.764546 0.72611 0.768578 0.72994 0.72611 0.685926 0.72994 0.689543 0.768578 0.72994 0.7725 0.733665 0.72994 0.689543 0.733665 0.693062 0.685926 0.644089 0.689543 0.647485 0.644089 0.6007 0.647485 0.603868 0.689543 0.647485 0.693062 0.65079 0.647485 0.603868 0.65079 0.60695 0.7725 0.733665 0.776315 0.737288 0.733665 0.693062 0.737288 0.696485 0.776315 0.737288 0.780024 0.740811 0.737288 0.696485 0.740811 0.699813 0.693062 0.65079 0.696485 0.654004 0.65079 0.60695 0.654004 0.609947 0.696485 0.654004 0.699813 0.657129 0.654004 0.609947 0.657129 0.612861 0.6007 0.555864 0.603868 0.558795 0.555864 0.509689 0.558795 0.512377 0.603868 0.558795 0.60695 0.561647 0.558795 0.512377 0.561647 0.514992 0.509689 0.462286 0.512377 0.464724 0.462286 0.413769 0.464724 0.415951 0.512377 0.464724 0.514992 0.467096 0.464724 0.415951 0.467096 0.418074 0.60695 0.561647 0.609947 0.564421 0.561647 0.514992 0.564421 0.517535 0.609947 0.564421 0.612861 0.567118 0.564421 0.517535 0.567118 0.520008 0.514992 0.467096 0.517535 0.469402 0.467096 0.418074 0.469402 0.420139 0.517535 0.469402 0.520008 0.471645 0.469402 0.420139 0.471645 0.422146 0.404435 0.356039 0.406861 0.358174 0.356039 0.306784 0.358174 0.308625 0.406861 0.358174 0.409225 0.360255 0.358174 0.308625 0.360255 0.310418 0.306784 0.256791 0.308625 0.258332 0.256791 0.206179 0.258332 0.207416 0.308625 0.258332 0.310418 0.259832 0.258332 0.207416 0.259832 0.208621 0.409225 0.360255 0.411527 0.362282 0.360255 0.310418 0.362282 0.312164 0.411527 0.362282 0.413769 0.364256 0.362282 0.312164 0.364256 0.313865 0.310418 0.259832 0.312164 0.261294 0.259832 0.208621 0.261294 0.209795 0.312164 0.261294 0.313865 0.262718 0.261294 0.209795 0.262718 0.210938 0.206179 0.155071 0.207416 0.156001 0.155071 0.103588 0.156001 0.10421 0.207416 0.156001 0.208621 0.156907 0.156001 0.10421 0.156907 0.104815 0.103588 0.0518567 0.10421 0.0521677 0.0518567 1.29426e-16 0.0521677 1.30202e-16 0.10421 0.0521677 0.104815 0.0524708 0.0521677 1.30202e-16 0.0524708 1.30958e-16 0.208621 0.156907 0.209795 0.15779 0.156907 0.104815 0.15779 0.105405 0.209795 0.15779 0.210938 0.15865 0.15779 0.105405 0.15865 0.105979 0.104815 0.0524708 0.105405 0.0527661 0.0524708 1.30958e-16 0.0527661 1.31695e-16 0.105405 0.0527661 0.105979 0.0530535 0.0527661 1.31695e-16 0.0530535 1.32413e-16 0.413769 0.364256 0.415951 0.366177 0.364256 0.313865 0.366177 0.31552 0.415951 0.366177 0.418074 0.368046 0.366177 0.31552 0.368046 0.31713 0.313865 0.262718 0.31552 0.264103 0.262718 0.210938 0.264103 0.21205 0.31552 0.264103 0.31713 0.265451 0.264103 0.21205 0.265451 0.213132 0.418074 0.368046 0.420139 0.369863 0.368046 0.31713 0.369863 0.318697 0.420139 0.369863 0.422146 0.37163 0.369863 0.318697 0.37163 0.320219 0.31713 0.265451 0.318697 0.266762 0.265451 0.213132 0.266762 0.214185 0.318697 0.266762 0.320219 0.268037 0.266762 0.214185 0.268037 0.215208 0.210938 0.15865 0.21205 0.159486 0.15865 0.105979 0.159486 0.106538 0.21205 0.159486 0.213132 0.1603 0.159486 0.106538 0.1603 0.107082 0.105979 0.0530535 0.106538 0.0533333 0.0530535 1.32413e-16 0.0533333 1.33111e-16 0.106538 0.0533333 0.107082 0.0536055 0.0533333 1.33111e-16 0.0536055 1.3379e-16 0.213132 0.1603 0.214185 0.161092 0.1603 0.107082 0.161092 0.107611 0.214185 0.161092 0.215208 0.161861 0.161092 0.107611 0.161861 0.108125 0.107082 0.0536055 0.107611 0.0538702 0.0536055 1.3379e-16 0.0538702 1.34451e-16 0.107611 0.0538702 0.108125 0.0541276 0.0538702 1.34451e-16 0.0541276 1.35093e-16 1.10312 1.10179 1.10822 1.10688 1.10179 1.09781 1.10688 1.10288 1.10822 1.10688 1.11317 1.11183 1.10688 1.10288 1.11183 1.10781 1.09781 1.09118 1.10288 1.09622 1.09118 1.08192 1.09622 1.08692 1.10288 1.09622 1.10781 1.10112 1.09622 1.08692 1.10112 1.09178 1.11317 1.11183 1.11798 1.11663 1.11183 1.10781 1.11663 1.11259 1.11798 1.11663 1.12264 1.12129 1.11663 1.11259 1.12129 1.11723 1.10781 1.10112 1.11259 1.10588 1.10112 1.09178 1.10588 1.09649 1.11259 1.10588 1.11723 1.11049 1.10588 1.09649 1.11049 1.10107 1.08192 1.07006 1.08692 1.07501 1.07006 1.05562 1.07501 1.0605 1.08692 1.07501 1.09178 1.07981 1.07501 1.0605 1.07981 1.06524 1.05562 1.03864 1.0605 1.04344 1.03864 1.01915 1.04344 1.02386 1.0605 1.04344 1.06524 1.0481 1.04344 1.02386 1.0481 1.02843 1.09178 1.07981 1.09649 1.08447 1.07981 1.06524 1.08447 1.06984 1.09649 1.08447 1.10107 1.089 1.08447 1.06984 1.089 1.0743 1.06524 1.0481 1.06984 1.05262 1.0481 1.02843 1.05262 1.03288 1.06984 1.05262 1.0743 1.05702 1.05262 1.03288 1.05702 1.03718 1.12264 1.12129 1.12717 1.12581 1.12129 1.11723 1.12581 1.12174 1.12717 1.12581 1.13155 1.13019 1.12581 1.12174 1.13019 1.1261 1.11723 1.11049 1.12174 1.11497 1.11049 1.10107 1.11497 1.10551 1.12174 1.11497 1.1261 1.1193 1.11497 1.10551 1.1193 1.10981 1.13155 1.13019 1.1358 1.13443 1.13019 1.1261 1.13443 1.13033 1.1358 1.13443 1.13991 1.13854 1.13443 1.13033 1.13854 1.13443 1.1261 1.1193 1.13033 1.12351 1.1193 1.10981 1.12351 1.11398 1.13033 1.12351 1.13443 1.12758 1.12351 1.11398 1.12758 1.11801 1.10107 1.089 1.10551 1.09339 1.089 1.0743 1.09339 1.07863 1.10551 1.09339 1.10981 1.09764 1.09339 1.07863 1.09764 1.08283 1.0743 1.05702 1.07863 1.06128 1.05702 1.03718 1.06128 1.04136 1.07863 1.06128 1.08283 1.06541 1.06128 1.04136 1.06541 1.04542 1.10981 1.09764 1.11398 1.10176 1.09764 1.08283 1.10176 1.08689 1.11398 1.10176 1.11801 1.10575 1.10176 1.08689 1.10575 1.09083 1.08283 1.06541 1.08689 1.06941 1.06541 1.04542 1.06941 1.04934 1.08689 1.06941 1.09083 1.07328 1.06941 1.04934 1.07328 1.05314 1.01915 0.99721 1.02386 1.00182 0.99721 0.972866 1.00182 0.977361 1.02386 1.00182 1.02843 1.00629 1.00182 0.977361 1.00629 0.981728 0.972866 0.946179 0.977361 0.95055 0.946179 0.917212 0.95055 0.92145 0.977361 0.95055 0.981728 0.954797 0.95055 0.92145 0.954797 0.925566 1.02843 1.00629 1.03288 1.01064 1.00629 0.981728 1.01064 0.985967 1.03288 1.01064 1.03718 1.01486 1.01064 0.985967 1.01486 0.990081 0.981728 0.954797 0.985967 0.95892 0.954797 0.925566 0.95892 0.929563 0.985967 0.95892 0.990081 0.962921 0.95892 0.929563 0.962921 0.933442 0.917212 0.886035 0.92145 0.890129 0.886035 0.852724 0.890129 0.856664 0.92145 0.890129 0.925566 0.894106 0.890129 0.856664 0.894106 0.860492 0.852724 0.817359 0.856664 0.821136 0.817359 0.780024 0.821136 0.783629 0.856664 0.821136 0.860492 0.824804 0.821136 0.783629 0.824804 0.78713 0.925566 0.894106 0.929563 0.897967 0.894106 0.860492 0.897967 0.864207 0.929563 0.897967 0.933442 0.901713 0.897967 0.864207 0.901713 0.867813 0.860492 0.824804 0.864207 0.828366 0.824804 0.78713 0.828366 0.790528 0.864207 0.828366 0.867813 0.831822 0.828366 0.790528 0.831822 0.793827 1.03718 1.01486 1.04136 1.01895 1.01486 0.990081 1.01895 0.994071 1.04136 1.01895 1.04542 1.02291 1.01895 0.994071 1.02291 0.997939 0.990081 0.962921 0.994071 0.966802 0.962921 0.933442 0.966802 0.937203 0.994071 0.966802 0.997939 0.970564 0.966802 0.937203 0.970564 0.94085 1.04542 1.02291 1.04934 1.02675 1.02291 0.997939 1.02675 1.00169 1.04934 1.02675 1.05314 1.03047 1.02675 1.00169 1.03047 1.00532 0.997939 0.970564 1.00169 0.974208 0.970564 0.94085 0.974208 0.944383 1.00169 0.974208 1.00532 0.977738 0.974208 0.944383 0.977738 0.947805 0.933442 0.901713 0.937203 0.905347 0.901713 0.867813 0.905347 0.87131 0.937203 0.905347 0.94085 0.90887 0.905347 0.87131 0.90887 0.874701 0.867813 0.831822 0.87131 0.835174 0.831822 0.793827 0.835174 0.797026 0.87131 0.835174 0.874701 0.838424 0.835174 0.797026 0.838424 0.800127 0.94085 0.90887 0.944383 0.912283 0.90887 0.874701 0.912283 0.877986 0.944383 0.912283 0.947805 0.915588 0.912283 0.877986 0.915588 0.881166 0.874701 0.838424 0.877986 0.841573 0.838424 0.800127 0.841573 0.803132 0.877986 0.841573 0.881166 0.844621 0.841573 0.803132 0.844621 0.806042 1.13991 1.13854 1.1439 1.14252 1.13854 1.13443 1.14252 1.13839 1.1439 1.14252 1.14775 1.14637 1.14252 1.13839 1.14637 1.14222 1.13443 1.12758 1.13839 1.13152 1.12758 1.11801 1.13152 1.12192 1.13839 1.13152 1.14222 1.13533 1.13152 1.12192 1.13533 1.12569 1.14775 1.14637 1.15147 1.15008 1.14637 1.14222 1.15008 1.14592 1.15147 1.15008 1.15506 1.15367 1.15008 1.14592 1.15367 1.1495 1.14222 1.13533 1.14592 1.13901 1.13533 1.12569 1.13901 1.12934 1.14592 1.13901 1.1495 1.14256 1.13901 1.12934 1.14256 1.13287 1.11801 1.10575 1.12192 1.10962 1.10575 1.09083 1.10962 1.09464 1.12192 1.10962 1.12569 1.11335 1.10962 1.09464 1.11335 1.09833 1.09083 1.07328 1.09464 1.07703 1.07328 1.05314 1.07703 1.05682 1.09464 1.07703 1.09833 1.08066 1.07703 1.05682 1.08066 1.06038 1.12569 1.11335 1.12934 1.11696 1.11335 1.09833 1.11696 1.10189 1.12934 1.11696 1.13287 1.12045 1.11696 1.10189 1.12045 1.10533 1.09833 1.08066 1.10189 1.08416 1.08066 1.06038 1.08416 1.06382 1.10189 1.08416 1.10533 1.08754 1.08416 1.06382 1.08754 1.06714 1.15506 1.15367 1.15853 1.15714 1.15367 1.1495 1.15714 1.15295 1.15853 1.15714 1.16188 1.16048 1.15714 1.15295 1.16048 1.15628 1.1495 1.14256 1.15295 1.14599 1.14256 1.13287 1.14599 1.13627 1.15295 1.14599 1.15628 1.1493 1.14599 1.13627 1.1493 1.13955 1.16188 1.16048 1.1651 1.1637 1.16048 1.15628 1.1637 1.15949 1.1651 1.1637 1.1682 1.16679 1.1637 1.15949 1.16679 1.16258 1.15628 1.1493 1.15949 1.15249 1.1493 1.13955 1.15249 1.14271 1.15949 1.15249 1.16258 1.15556 1.15249 1.14271 1.15556 1.14575 1.13287 1.12045 1.13627 1.12381 1.12045 1.10533 1.12381 1.10865 1.13627 1.12381 1.13955 1.12706 1.12381 1.10865 1.12706 1.11185 1.10533 1.08754 1.10865 1.09081 1.08754 1.06714 1.09081 1.07034 1.10865 1.09081 1.11185 1.09396 1.09081 1.07034 1.09396 1.07343 1.13955 1.12706 1.14271 1.13018 1.12706 1.11185 1.13018 1.11493 1.14271 1.13018 1.14575 1.13319 1.13018 1.11493 1.13319 1.1179 1.11185 1.09396 1.11493 1.09699 1.09396 1.07343 1.09699 1.07641 1.11493 1.09699 1.1179 1.09991 1.09699 1.07641 1.09991 1.07928 1.05314 1.03047 1.05682 1.03407 1.03047 1.00532 1.03407 1.00883 1.05682 1.03407 1.06038 1.03755 1.03407 1.00883 1.03755 1.01222 1.00532 0.977738 1.00883 0.981153 0.977738 0.947805 0.981153 0.951116 1.00883 0.981153 1.01222 0.984456 0.981153 0.951116 0.984456 0.954317 1.06038 1.03755 1.06382 1.04092 1.03755 1.01222 1.04092 1.01551 1.06382 1.04092 1.06714 1.04417 1.04092 1.01551 1.04417 1.01868 1.01222 0.984456 1.01551 0.987648 0.984456 0.954317 0.987648 0.957412 1.01551 0.987648 1.01868 0.990731 0.987648 0.957412 0.990731 0.9604 0.947805 0.915588 0.951116 0.918787 0.915588 0.881166 0.918787 0.884244 0.951116 0.918787 0.954317 0.92188 0.918787 0.884244 0.92188 0.887221 0.881166 0.844621 0.884244 0.847572 0.844621 0.806042 0.847572 0.808857 0.884244 0.847572 0.887221 0.850425 0.847572 0.808857 0.850425 0.81158 0.954317 0.92188 0.957412 0.924869 0.92188 0.887221 0.924869 0.890098 0.957412 0.924869 0.9604 0.927756 0.924869 0.890098 0.927756 0.892876 0.887221 0.850425 0.890098 0.853183 0.850425 0.81158 0.853183 0.814212 0.890098 0.853183 0.892876 0.855846 0.853183 0.814212 0.855846 0.816753 1.06714 1.04417 1.07034 1.0473 1.04417 1.01868 1.0473 1.02173 1.07034 1.0473 1.07343 1.05032 1.0473 1.02173 1.05032 1.02468 1.01868 0.990731 1.02173 0.993706 0.990731 0.9604 0.993706 0.963284 1.02173 0.993706 1.02468 0.996575 0.993706 0.963284 0.996575 0.966065 1.07343 1.05032 1.07641 1.05324 1.05032 1.02468 1.05324 1.02753 1.07641 1.05324 1.07928 1.05604 1.05324 1.02753 1.05604 1.03026 1.02468 0.996575 1.02753 0.999339 0.996575 0.966065 0.999339 0.968745 1.02753 0.999339 1.03026 1.002 0.999339 0.968745 1.002 0.971324 0.9604 0.927756 0.963284 0.930542 0.927756 0.892876 0.930542 0.895558 0.963284 0.930542 0.966065 0.933228 0.930542 0.895558 0.933228 0.898143 0.892876 0.855846 0.895558 0.858416 0.855846 0.816753 0.858416 0.819206 0.895558 0.858416 0.898143 0.860894 0.858416 0.819206 0.860894 0.821571 0.966065 0.933228 0.968745 0.935817 0.933228 0.898143 0.935817 0.900634 0.968745 0.935817 0.971324 0.938308 0.935817 0.900634 0.938308 0.903032 0.898143 0.860894 0.900634 0.863282 0.860894 0.821571 0.863282 0.82385 0.900634 0.863282 0.903032 0.86558 0.863282 0.82385 0.86558 0.826043 0.780024 0.740811 0.783629 0.744234 0.740811 0.699813 0.744234 0.703046 0.783629 0.744234 0.78713 0.747559 0.744234 0.703046 0.747559 0.706187 0.699813 0.657129 0.703046 0.660165 0.657129 0.612861 0.660165 0.615693 0.703046 0.660165 0.706187 0.663114 0.660165 0.615693 0.663114 0.618444 0.78713 0.747559 0.790528 0.750787 0.747559 0.706187 0.750787 0.709237 0.790528 0.750787 0.793827 0.753919 0.750787 0.709237 0.753919 0.712196 0.706187 0.663114 0.709237 0.665978 0.663114 0.618444 0.665978 0.621114 0.709237 0.665978 0.712196 0.668756 0.665978 0.621114 0.668756 0.623706 0.612861 0.567118 0.615693 0.569738 0.567118 0.520008 0.569738 0.52241 0.615693 0.569738 0.618444 0.572283 0.569738 0.52241 0.572283 0.524744 0.520008 0.471645 0.52241 0.473824 0.471645 0.422146 0.473824 0.424097 0.52241 0.473824 0.524744 0.475941 0.473824 0.424097 0.475941 0.425991 0.618444 0.572283 0.621114 0.574755 0.572283 0.524744 0.574755 0.52701 0.621114 0.574755 0.623706 0.577153 0.574755 0.52701 0.577153 0.529209 0.524744 0.475941 0.52701 0.477996 0.475941 0.425991 0.477996 0.427831 0.52701 0.477996 0.529209 0.479991 0.477996 0.427831 0.479991 0.429616 0.793827 0.753919 0.797026 0.756958 0.753919 0.712196 0.756958 0.715066 0.797026 0.756958 0.800127 0.759903 0.756958 0.715066 0.759903 0.717848 0.712196 0.668756 0.715066 0.671451 0.668756 0.623706 0.671451 0.626219 0.715066 0.671451 0.717848 0.674064 0.671451 0.626219 0.674064 0.628656 0.800127 0.759903 0.803132 0.762757 0.759903 0.717848 0.762757 0.720544 0.803132 0.762757 0.806042 0.76552 0.762757 0.720544 0.76552 0.723154 0.717848 0.674064 0.720544 0.676595 0.674064 0.628656 0.676595 0.631017 0.720544 0.676595 0.723154 0.679047 0.676595 0.631017 0.679047 0.633303 0.623706 0.577153 0.626219 0.579479 0.577153 0.529209 0.579479 0.531342 0.626219 0.579479 0.628656 0.581733 0.579479 0.531342 0.581733 0.533409 0.529209 0.479991 0.531342 0.481925 0.479991 0.429616 0.481925 0.431347 0.531342 0.481925 0.533409 0.4838 0.481925 0.431347 0.4838 0.433026 0.628656 0.581733 0.631017 0.583918 0.581733 0.533409 0.583918 0.535413 0.631017 0.583918 0.633303 0.586033 0.583918 0.535413 0.586033 0.537352 0.533409 0.4838 0.535413 0.485617 0.4838 0.433026 0.485617 0.434652 0.535413 0.485617 0.537352 0.487376 0.485617 0.434652 0.487376 0.436227 0.422146 0.37163 0.424097 0.373347 0.37163 0.320219 0.373347 0.321699 0.424097 0.373347 0.425991 0.375015 0.373347 0.321699 0.375015 0.323136 0.320219 0.268037 0.321699 0.269275 0.268037 0.215208 0.269275 0.216203 0.321699 0.269275 0.323136 0.270478 0.269275 0.216203 0.270478 0.217169 0.425991 0.375015 0.427831 0.376635 0.375015 0.323136 0.376635 0.324531 0.427831 0.376635 0.429616 0.378206 0.376635 0.324531 0.378206 0.325885 0.323136 0.270478 0.324531 0.271646 0.270478 0.217169 0.271646 0.218106 0.324531 0.271646 0.325885 0.272779 0.271646 0.218106 0.272779 0.219016 0.215208 0.161861 0.216203 0.162609 0.161861 0.108125 0.162609 0.108624 0.216203 0.162609 0.217169 0.163336 0.162609 0.108624 0.163336 0.10911 0.108125 0.0541276 0.108624 0.0543777 0.0541276 1.35093e-16 0.0543777 1.35718e-16 0.108624 0.0543777 0.10911 0.0546206 0.0543777 1.35718e-16 0.0546206 1.36324e-16 0.217169 0.163336 0.218106 0.164041 0.163336 0.10911 0.164041 0.109581 0.218106 0.164041 0.219016 0.164726 0.164041 0.109581 0.164726 0.110038 0.10911 0.0546206 0.109581 0.0548565 0.0546206 1.36324e-16 0.0548565 1.36913e-16 0.109581 0.0548565 0.110038 0.0550854 0.0548565 1.36913e-16 0.0550854 1.37484e-16 0.429616 0.378206 0.431347 0.37973 0.378206 0.325885 0.37973 0.327199 0.431347 0.37973 0.433026 0.381208 0.37973 0.327199 0.381208 0.328472 0.325885 0.272779 0.327199 0.273879 0.272779 0.219016 0.273879 0.219899 0.327199 0.273879 0.328472 0.274944 0.273879 0.219899 0.274944 0.220755 0.433026 0.381208 0.434652 0.38264 0.381208 0.328472 0.38264 0.329705 0.434652 0.38264 0.436227 0.384026 0.38264 0.329705 0.384026 0.3309 0.328472 0.274944 0.329705 0.275977 0.274944 0.220755 0.275977 0.221584 0.329705 0.275977 0.3309 0.276977 0.275977 0.221584 0.276977 0.222386 0.219016 0.164726 0.219899 0.165389 0.164726 0.110038 0.165389 0.110481 0.219899 0.165389 0.220755 0.166033 0.165389 0.110481 0.166033 0.110911 0.110038 0.0550854 0.110481 0.0553074 0.0550854 1.37484e-16 0.0553074 1.38038e-16 0.110481 0.0553074 0.110911 0.0555226 0.0553074 1.38038e-16 0.0555226 1.38575e-16 0.220755 0.166033 0.221584 0.166657 0.166033 0.110911 0.166657 0.111328 0.221584 0.166657 0.222386 0.16726 0.166657 0.111328 0.16726 0.111731 0.110911 0.0555226 0.111328 0.0557311 0.0555226 1.38575e-16 0.0557311 1.39095e-16 0.111328 0.0557311 0.111731 0.055933 0.0557311 1.39095e-16 0.055933 1.39599e-16 0.806042 0.76552 0.808857 0.768194 0.76552 0.723154 0.768194 0.725681 0.808857 0.768194 0.81158 0.77078 0.768194 0.725681 0.77078 0.728123 0.723154 0.679047 0.725681 0.681419 0.679047 0.633303 0.681419 0.635515 0.725681 0.681419 0.728123 0.683713 0.681419 0.635515 0.683713 0.637654 0.81158 0.77078 0.814212 0.77328 0.77078 0.728123 0.77328 0.730484 0.814212 0.77328 0.816753 0.775693 0.77328 0.730484 0.775693 0.732765 0.728123 0.683713 0.730484 0.68593 0.683713 0.637654 0.68593 0.639722 0.730484 0.68593 0.732765 0.688071 0.68593 0.639722 0.688071 0.641719 0.633303 0.586033 0.635515 0.588081 0.586033 0.537352 0.588081 0.539229 0.635515 0.588081 0.637654 0.59006 0.588081 0.539229 0.59006 0.541045 0.537352 0.487376 0.539229 0.489079 0.487376 0.436227 0.489079 0.43775 0.539229 0.489079 0.541045 0.490725 0.489079 0.43775 0.490725 0.439224 0.637654 0.59006 0.639722 0.591974 0.59006 0.541045 0.591974 0.542799 0.639722 0.591974 0.641719 0.593821 0.591974 0.542799 0.593821 0.544493 0.541045 0.490725 0.542799 0.492317 0.490725 0.439224 0.492317 0.440648 0.542799 0.492317 0.544493 0.493853 0.492317 0.440648 0.493853 0.442024 0.816753 0.775693 0.819206 0.778023 0.775693 0.732765 0.778023 0.734965 0.819206 0.778023 0.821571 0.780269 0.778023 0.734965 0.780269 0.737087 0.732765 0.688071 0.734965 0.690137 0.688071 0.641719 0.690137 0.643646 0.734965 0.690137 0.737087 0.692129 0.690137 0.643646 0.692129 0.645504 0.821571 0.780269 0.82385 0.782433 0.780269 0.737087 0.782433 0.739131 0.82385 0.782433 0.826043 0.784516 0.782433 0.739131 0.784516 0.741099 0.737087 0.692129 0.739131 0.694049 0.692129 0.645504 0.694049 0.647294 0.739131 0.694049 0.741099 0.695897 0.694049 0.647294 0.695897 0.649018 0.641719 0.593821 0.643646 0.595605 0.593821 0.544493 0.595605 0.546128 0.643646 0.595605 0.645504 0.597324 0.595605 0.546128 0.597324 0.547705 0.544493 0.493853 0.546128 0.495336 0.493853 0.442024 0.495336 0.443351 0.546128 0.495336 0.547705 0.496766 0.495336 0.443351 0.496766 0.444631 0.645504 0.597324 0.647294 0.598981 0.597324 0.547705 0.598981 0.549224 0.647294 0.598981 0.649018 0.600575 0.598981 0.549224 0.600575 0.550686 0.547705 0.496766 0.549224 0.498144 0.496766 0.444631 0.498144 0.445864 0.549224 0.498144 0.550686 0.49947 0.498144 0.445864 0.49947 0.447051 0.436227 0.384026 0.43775 0.385367 0.384026 0.3309 0.385367 0.332056 0.43775 0.385367 0.439224 0.386665 0.385367 0.332056 0.386665 0.333174 0.3309 0.276977 0.332056 0.277944 0.276977 0.222386 0.277944 0.223163 0.332056 0.277944 0.333174 0.27888 0.277944 0.223163 0.27888 0.223914 0.439224 0.386665 0.440648 0.387918 0.386665 0.333174 0.387918 0.334254 0.440648 0.387918 0.442024 0.389129 0.387918 0.334254 0.389129 0.335297 0.333174 0.27888 0.334254 0.279784 0.27888 0.223914 0.279784 0.224641 0.334254 0.279784 0.335297 0.280658 0.279784 0.224641 0.280658 0.225342 0.222386 0.16726 0.223163 0.167845 0.16726 0.111731 0.167845 0.112122 0.223163 0.167845 0.223914 0.16841 0.167845 0.112122 0.16841 0.112499 0.111731 0.055933 0.112122 0.0561284 0.055933 1.39599e-16 0.0561284 1.40087e-16 0.112122 0.0561284 0.112499 0.0563173 0.0561284 1.40087e-16 0.0563173 1.40559e-16 0.223914 0.16841 0.224641 0.168956 0.16841 0.112499 0.168956 0.112864 0.224641 0.168956 0.225342 0.169483 0.168956 0.112864 0.169483 0.113216 0.112499 0.0563173 0.112864 0.0564999 0.0563173 1.40559e-16 0.0564999 1.41014e-16 0.112864 0.0564999 0.113216 0.0566763 0.0564999 1.41014e-16 0.0566763 1.41455e-16 0.442024 0.389129 0.443351 0.390298 0.389129 0.335297 0.390298 0.336304 0.443351 0.390298 0.444631 0.391425 0.390298 0.336304 0.391425 0.337275 0.335297 0.280658 0.336304 0.2815 0.280658 0.225342 0.2815 0.226018 0.336304 0.2815 0.337275 0.282313 0.2815 0.226018 0.282313 0.226671 0.444631 0.391425 0.445864 0.39251 0.391425 0.337275 0.39251 0.33821 0.445864 0.39251 0.447051 0.393555 0.39251 0.33821 0.393555 0.339111 0.337275 0.282313 0.33821 0.283096 0.282313 0.226671 0.283096 0.2273 0.33821 0.283096 0.339111 0.28385 0.283096 0.2273 0.28385 0.227905 0.225342 0.169483 0.226018 0.169992 0.169483 0.113216 0.169992 0.113556 0.226018 0.169992 0.226671 0.170483 0.169992 0.113556 0.170483 0.113884 0.113216 0.0566763 0.113556 0.0568465 0.0566763 1.41455e-16 0.0568465 1.41879e-16 0.113556 0.0568465 0.113884 0.0570106 0.0568465 1.41879e-16 0.0570106 1.42289e-16 0.226671 0.170483 0.2273 0.170956 0.170483 0.113884 0.170956 0.1142 0.2273 0.170956 0.227905 0.171411 0.170956 0.1142 0.171411 0.114504 0.113884 0.0570106 0.1142 0.0571687 0.0570106 1.42289e-16 0.0571687 1.42684e-16 0.1142 0.0571687 0.114504 0.0573209 0.0571687 1.42684e-16 0.0573209 1.43063e-16 0 0.0573209 0 0.0574673 0.0573209 0.114504 0.0574673 0.114796 0 0.0574673 0 0.0576079 0.0574673 0.114796 0.0576079 0.115077 0.114504 0.171411 0.114796 0.171848 0.171411 0.227905 0.171848 0.228487 0.114796 0.171848 0.115077 0.172269 0.171848 0.228487 0.172269 0.229046 0 0.0576079 0 0.0577429 0.0576079 0.115077 0.0577429 0.115347 0 0.0577429 0 0.0578722 0.0577429 0.115347 0.0578722 0.115605 0.115077 0.172269 0.115347 0.172672 0.172269 0.229046 0.172672 0.229582 0.115347 0.172672 0.115605 0.173059 0.172672 0.229582 0.173059 0.230097 0.227905 0.28385 0.228487 0.284575 0.28385 0.339111 0.284575 0.339977 0.228487 0.284575 0.229046 0.285271 0.284575 0.339977 0.285271 0.340809 0.339111 0.393555 0.339977 0.39456 0.393555 0.447051 0.39456 0.448193 0.339977 0.39456 0.340809 0.395526 0.39456 0.448193 0.395526 0.44929 0.229046 0.285271 0.229582 0.285939 0.285271 0.340809 0.285939 0.341607 0.229582 0.285939 0.230097 0.28658 0.285939 0.341607 0.28658 0.342372 0.340809 0.395526 0.341607 0.396452 0.395526 0.44929 0.396452 0.450342 0.341607 0.396452 0.342372 0.39734 0.396452 0.450342 0.39734 0.451351 0 0.0578722 0 0.0579961 0.0578722 0.115605 0.0579961 0.115852 0 0.0579961 0 0.0581145 0.0579961 0.115852 0.0581145 0.116089 0.115605 0.173059 0.115852 0.17343 0.173059 0.230097 0.17343 0.230589 0.115852 0.17343 0.116089 0.173784 0.17343 0.230589 0.173784 0.23106 0 0.0581145 0 0.0582276 0.0581145 0.116089 0.0582276 0.116315 0 0.0582276 0 0.0583353 0.0582276 0.116315 0.0583353 0.11653 0.116089 0.173784 0.116315 0.174122 0.173784 0.23106 0.174122 0.23151 0.116315 0.174122 0.11653 0.174444 0.174122 0.23151 0.174444 0.231938 0.230097 0.28658 0.230589 0.287193 0.28658 0.342372 0.287193 0.343105 0.230589 0.287193 0.23106 0.28778 0.287193 0.343105 0.28778 0.343806 0.342372 0.39734 0.343105 0.398191 0.39734 0.451351 0.398191 0.452317 0.343105 0.398191 0.343806 0.399004 0.398191 0.452317 0.399004 0.45324 0.23106 0.28778 0.23151 0.288339 0.28778 0.343806 0.288339 0.344475 0.23151 0.288339 0.231938 0.288873 0.288339 0.344475 0.288873 0.345112 0.343806 0.399004 0.344475 0.39978 0.399004 0.45324 0.39978 0.454122 0.344475 0.39978 0.345112 0.40052 0.39978 0.454122 0.40052 0.454963 0.447051 0.49947 0.448193 0.500746 0.49947 0.550686 0.500746 0.552092 0.448193 0.500746 0.44929 0.501971 0.500746 0.552092 0.501971 0.553443 0.550686 0.600575 0.552092 0.602109 0.600575 0.649018 0.602109 0.650675 0.552092 0.602109 0.553443 0.603582 0.602109 0.650675 0.603582 0.652267 0.44929 0.501971 0.450342 0.503147 0.501971 0.553443 0.503147 0.55474 0.450342 0.503147 0.451351 0.504274 0.503147 0.55474 0.504274 0.555983 0.553443 0.603582 0.55474 0.604996 0.603582 0.652267 0.604996 0.653795 0.55474 0.604996 0.555983 0.606352 0.604996 0.653795 0.606352 0.65526 0.649018 0.695897 0.650675 0.697674 0.695897 0.741099 0.697674 0.742991 0.650675 0.697674 0.652267 0.699381 0.697674 0.742991 0.699381 0.74481 0.741099 0.784516 0.742991 0.786519 0.784516 0.826043 0.786519 0.828152 0.742991 0.786519 0.74481 0.788444 0.786519 0.828152 0.788444 0.830179 0.652267 0.699381 0.653795 0.701019 0.699381 0.74481 0.701019 0.746554 0.653795 0.701019 0.65526 0.70259 0.701019 0.746554 0.70259 0.748227 0.74481 0.788444 0.746554 0.790291 0.788444 0.830179 0.790291 0.832124 0.746554 0.790291 0.748227 0.792061 0.790291 0.832124 0.792061 0.833988 0.451351 0.504274 0.452317 0.505353 0.504274 0.555983 0.505353 0.557173 0.452317 0.505353 0.45324 0.506385 0.505353 0.557173 0.506385 0.55831 0.555983 0.606352 0.557173 0.607649 0.606352 0.65526 0.607649 0.656662 0.557173 0.607649 0.55831 0.60889 0.607649 0.656662 0.60889 0.658003 0.45324 0.506385 0.454122 0.507371 0.506385 0.55831 0.507371 0.559396 0.454122 0.507371 0.454963 0.50831 0.507371 0.559396 0.50831 0.560432 0.55831 0.60889 0.559396 0.610075 0.60889 0.658003 0.610075 0.659283 0.559396 0.610075 0.560432 0.611204 0.610075 0.659283 0.611204 0.660504 0.65526 0.70259 0.656662 0.704093 0.70259 0.748227 0.704093 0.749828 0.656662 0.704093 0.658003 0.705531 0.704093 0.749828 0.705531 0.751359 0.748227 0.792061 0.749828 0.793756 0.792061 0.833988 0.793756 0.835773 0.749828 0.793756 0.751359 0.795377 0.793756 0.835773 0.795377 0.837479 0.658003 0.705531 0.659283 0.706904 0.705531 0.751359 0.706904 0.752821 0.659283 0.706904 0.660504 0.708212 0.706904 0.752821 0.708212 0.754215 0.751359 0.795377 0.752821 0.796925 0.795377 0.837479 0.796925 0.839109 0.752821 0.796925 0.754215 0.7984 0.796925 0.839109 0.7984 0.840662 0 0.0583353 0 0.0584379 0.0583353 0.11653 0.0584379 0.116735 0 0.0584379 0 0.0585354 0.0584379 0.116735 0.0585354 0.11693 0.11653 0.174444 0.116735 0.174751 0.174444 0.231938 0.174751 0.232346 0.116735 0.174751 0.11693 0.175042 0.174751 0.232346 0.175042 0.232733 0 0.0585354 0 0.0586278 0.0585354 0.11693 0.0586278 0.117114 0 0.0586278 0 0.0587152 0.0586278 0.117114 0.0587152 0.117289 0.11693 0.175042 0.117114 0.175319 0.175042 0.232733 0.175319 0.233101 0.117114 0.175319 0.117289 0.17558 0.175319 0.233101 0.17558 0.233448 0.231938 0.288873 0.232346 0.289381 0.288873 0.345112 0.289381 0.345719 0.232346 0.289381 0.232733 0.289864 0.289381 0.345719 0.289864 0.346296 0.345112 0.40052 0.345719 0.401224 0.40052 0.454963 0.401224 0.455763 0.345719 0.401224 0.346296 0.401893 0.401224 0.455763 0.401893 0.456523 0.232733 0.289864 0.233101 0.290321 0.289864 0.346296 0.290321 0.346842 0.233101 0.290321 0.233448 0.290754 0.290321 0.346842 0.290754 0.347359 0.346296 0.401893 0.346842 0.402528 0.401893 0.456523 0.402528 0.457244 0.346842 0.402528 0.347359 0.403128 0.402528 0.457244 0.403128 0.457925 0 0.0587152 0 0.0587977 0.0587152 0.117289 0.0587977 0.117454 0 0.0587977 0 0.0588754 0.0587977 0.117454 0.0588754 0.117609 0.117289 0.17558 0.117454 0.175827 0.17558 0.233448 0.175827 0.233776 0.117454 0.175827 0.117609 0.176059 0.175827 0.233776 0.176059 0.234085 0 0.0588754 0 0.0589483 0.0588754 0.117609 0.0589483 0.117755 0 0.0589483 0 0.0590165 0.0589483 0.117755 0.0590165 0.117891 0.117609 0.176059 0.117755 0.176277 0.176059 0.234085 0.176277 0.234375 0.117755 0.176277 0.117891 0.176481 0.176277 0.234375 0.176481 0.234646 0.233448 0.290754 0.233776 0.291163 0.290754 0.347359 0.291163 0.347848 0.233776 0.291163 0.234085 0.291547 0.291163 0.347848 0.291547 0.348307 0.347359 0.403128 0.347848 0.403694 0.403128 0.457925 0.403694 0.458569 0.347848 0.403694 0.348307 0.404228 0.403694 0.458569 0.404228 0.459175 0.234085 0.291547 0.234375 0.291908 0.291547 0.348307 0.291908 0.348738 0.234375 0.291908 0.234646 0.292246 0.291908 0.348738 0.292246 0.349142 0.348307 0.404228 0.348738 0.404728 0.404228 0.459175 0.404728 0.459743 0.348738 0.404728 0.349142 0.405196 0.404728 0.459743 0.405196 0.460275 0.454963 0.50831 0.455763 0.509204 0.50831 0.560432 0.509204 0.561418 0.455763 0.509204 0.456523 0.510053 0.509204 0.561418 0.510053 0.562354 0.560432 0.611204 0.561418 0.612279 0.611204 0.660504 0.612279 0.661665 0.561418 0.612279 0.562354 0.6133 0.612279 0.661665 0.6133 0.662769 0.456523 0.510053 0.457244 0.510858 0.510053 0.562354 0.510858 0.563241 0.457244 0.510858 0.457925 0.51162 0.510858 0.563241 0.51162 0.564081 0.562354 0.6133 0.563241 0.614268 0.6133 0.662769 0.614268 0.663815 0.563241 0.614268 0.564081 0.615184 0.614268 0.663815 0.615184 0.664805 0.660504 0.708212 0.661665 0.709458 0.708212 0.754215 0.709458 0.755541 0.661665 0.709458 0.662769 0.710641 0.709458 0.755541 0.710641 0.756801 0.754215 0.7984 0.755541 0.799804 0.7984 0.840662 0.799804 0.84214 0.755541 0.799804 0.756801 0.801138 0.799804 0.84214 0.801138 0.843545 0.662769 0.710641 0.663815 0.711762 0.710641 0.756801 0.711762 0.757995 0.663815 0.711762 0.664805 0.712824 0.711762 0.757995 0.712824 0.759126 0.756801 0.801138 0.757995 0.802402 0.801138 0.843545 0.802402 0.844876 0.757995 0.802402 0.759126 0.803599 0.802402 0.844876 0.803599 0.846136 0.457925 0.51162 0.458569 0.512338 0.51162 0.564081 0.512338 0.564874 0.458569 0.512338 0.459175 0.513015 0.512338 0.564874 0.513015 0.56562 0.564081 0.615184 0.564874 0.616048 0.615184 0.664805 0.616048 0.665739 0.564874 0.616048 0.56562 0.616862 0.616048 0.665739 0.616862 0.666618 0.459175 0.513015 0.459743 0.51365 0.513015 0.56562 0.51365 0.56632 0.459743 0.51365 0.460275 0.514245 0.51365 0.56632 0.514245 0.566975 0.56562 0.616862 0.56632 0.617626 0.616862 0.666618 0.617626 0.667443 0.56632 0.617626 0.566975 0.61834 0.617626 0.667443 0.61834 0.668216 0.664805 0.712824 0.665739 0.713825 0.712824 0.759126 0.713825 0.760192 0.665739 0.713825 0.666618 0.714768 0.713825 0.760192 0.714768 0.761196 0.759126 0.803599 0.760192 0.804728 0.803599 0.846136 0.804728 0.847325 0.760192 0.804728 0.761196 0.805791 0.804728 0.847325 0.805791 0.848444 0.666618 0.714768 0.667443 0.715653 0.714768 0.761196 0.715653 0.762139 0.667443 0.715653 0.668216 0.716481 0.715653 0.762139 0.716481 0.76302 0.761196 0.805791 0.762139 0.806788 0.805791 0.848444 0.806788 0.849494 0.762139 0.806788 0.76302 0.807722 0.806788 0.849494 0.807722 0.850477 0.826043 0.86558 0.828152 0.86779 0.86558 0.903032 0.86779 0.905338 0.828152 0.86779 0.830179 0.869914 0.86779 0.905338 0.869914 0.907553 0.903032 0.938308 0.905338 0.940704 0.938308 0.971324 0.940704 0.973804 0.905338 0.940704 0.907553 0.943006 0.940704 0.973804 0.943006 0.976187 0.830179 0.869914 0.832124 0.871952 0.869914 0.907553 0.871952 0.909679 0.832124 0.871952 0.833988 0.873905 0.871952 0.909679 0.873905 0.911717 0.907553 0.943006 0.909679 0.945215 0.943006 0.976187 0.945215 0.978474 0.909679 0.945215 0.911717 0.947333 0.945215 0.978474 0.947333 0.980666 0.971324 1.002 0.973804 1.00456 1.002 1.03026 1.00456 1.03289 0.973804 1.00456 0.976187 1.00702 1.00456 1.03289 1.00702 1.03542 1.03026 1.05604 1.03289 1.05874 1.05604 1.07928 1.05874 1.08203 1.03289 1.05874 1.03542 1.06133 1.05874 1.08203 1.06133 1.08468 0.976187 1.00702 0.978474 1.00938 1.00702 1.03542 1.00938 1.03785 0.978474 1.00938 0.980666 1.01164 1.00938 1.03785 1.01164 1.04017 1.03542 1.06133 1.03785 1.06381 1.06133 1.08468 1.06381 1.08722 1.03785 1.06381 1.04017 1.0662 1.06381 1.08722 1.0662 1.08966 0.833988 0.873905 0.835773 0.875775 0.873905 0.911717 0.875775 0.913668 0.835773 0.875775 0.837479 0.877564 0.875775 0.913668 0.877564 0.915534 0.911717 0.947333 0.913668 0.94936 0.947333 0.980666 0.94936 0.982765 0.913668 0.94936 0.915534 0.951298 0.94936 0.982765 0.951298 0.984771 0.837479 0.877564 0.839109 0.879271 0.877564 0.915534 0.879271 0.917315 0.839109 0.879271 0.840662 0.880899 0.879271 0.917315 0.880899 0.919013 0.915534 0.951298 0.917315 0.953149 0.951298 0.984771 0.953149 0.986687 0.917315 0.953149 0.919013 0.954914 0.953149 0.986687 0.954914 0.988514 0.980666 1.01164 0.982765 1.0138 1.01164 1.04017 1.0138 1.0424 0.982765 1.0138 0.984771 1.01587 1.0138 1.0424 1.01587 1.04453 1.04017 1.0662 1.0424 1.06848 1.0662 1.08966 1.06848 1.09199 1.0424 1.06848 1.04453 1.07066 1.06848 1.09199 1.07066 1.09422 0.984771 1.01587 0.986687 1.01785 1.01587 1.04453 1.01785 1.04656 0.986687 1.01785 0.988514 1.01973 1.01785 1.04656 1.01973 1.04849 1.04453 1.07066 1.04656 1.07274 1.07066 1.09422 1.07274 1.09635 1.04656 1.07274 1.04849 1.07473 1.07274 1.09635 1.07473 1.09838 1.07928 1.09991 1.08203 1.10272 1.09991 1.1179 1.10272 1.12075 1.08203 1.10272 1.08468 1.10542 1.10272 1.12075 1.10542 1.1235 1.1179 1.13319 1.12075 1.13609 1.13319 1.14575 1.13609 1.14868 1.12075 1.13609 1.1235 1.13887 1.13609 1.14868 1.13887 1.15149 1.08468 1.10542 1.08722 1.10801 1.10542 1.1235 1.10801 1.12613 1.08722 1.10801 1.08966 1.11049 1.10801 1.12613 1.11049 1.12865 1.1235 1.13887 1.12613 1.14153 1.13887 1.15149 1.14153 1.15419 1.12613 1.14153 1.12865 1.14409 1.14153 1.15419 1.14409 1.15677 1.14575 1.15556 1.14868 1.15851 1.15556 1.16258 1.15851 1.16554 1.14868 1.15851 1.15149 1.16134 1.15851 1.16554 1.16134 1.1684 1.16258 1.16679 1.16554 1.16977 1.16679 1.1682 1.16977 1.17118 1.16554 1.16977 1.1684 1.17264 1.16977 1.17118 1.17264 1.17405 1.15149 1.16134 1.15419 1.16406 1.16134 1.1684 1.16406 1.17113 1.15419 1.16406 1.15677 1.16667 1.16406 1.17113 1.16667 1.17376 1.1684 1.17264 1.17113 1.17538 1.17264 1.17405 1.17538 1.1768 1.17113 1.17538 1.17376 1.17802 1.17538 1.1768 1.17802 1.17944 1.08966 1.11049 1.09199 1.11287 1.11049 1.12865 1.11287 1.13107 1.09199 1.11287 1.09422 1.11514 1.11287 1.13107 1.11514 1.13338 1.12865 1.14409 1.13107 1.14654 1.14409 1.15677 1.14654 1.15925 1.13107 1.14654 1.13338 1.14888 1.14654 1.15925 1.14888 1.16162 1.09422 1.11514 1.09635 1.11731 1.11514 1.13338 1.11731 1.13558 1.09635 1.11731 1.09838 1.11938 1.11731 1.13558 1.11938 1.13768 1.13338 1.14888 1.13558 1.15112 1.14888 1.16162 1.15112 1.16388 1.13558 1.15112 1.13768 1.15325 1.15112 1.16388 1.15325 1.16603 1.15677 1.16667 1.15925 1.16917 1.16667 1.17376 1.16917 1.17627 1.15925 1.16917 1.16162 1.17156 1.16917 1.17627 1.17156 1.17867 1.17376 1.17802 1.17627 1.18054 1.17802 1.17944 1.18054 1.18196 1.17627 1.18054 1.17867 1.18295 1.18054 1.18196 1.18295 1.18437 1.16162 1.17156 1.16388 1.17383 1.17156 1.17867 1.17383 1.18096 1.16388 1.17383 1.16603 1.17601 1.17383 1.18096 1.17601 1.18315 1.17867 1.18295 1.18096 1.18525 1.18295 1.18437 1.18525 1.18668 1.18096 1.18525 1.18315 1.18744 1.18525 1.18668 1.18744 1.18888 0.840662 0.880899 0.84214 0.882448 0.880899 0.919013 0.882448 0.920629 0.84214 0.882448 0.843545 0.883919 0.882448 0.920629 0.883919 0.922164 0.919013 0.954914 0.920629 0.956593 0.954914 0.988514 0.956593 0.990252 0.920629 0.956593 0.922164 0.958188 0.956593 0.990252 0.958188 0.991903 0.843545 0.883919 0.844876 0.885314 0.883919 0.922164 0.885314 0.92362 0.844876 0.885314 0.846136 0.886634 0.885314 0.92362 0.886634 0.924997 0.922164 0.958188 0.92362 0.959701 0.958188 0.991903 0.959701 0.993469 0.92362 0.959701 0.924997 0.961132 0.959701 0.993469 0.961132 0.99495 0.988514 1.01973 0.990252 1.02153 1.01973 1.04849 1.02153 1.05034 0.990252 1.02153 0.991903 1.02323 1.02153 1.05034 1.02323 1.05209 1.04849 1.07473 1.05034 1.07662 1.07473 1.09838 1.07662 1.10031 1.05034 1.07662 1.05209 1.07842 1.07662 1.10031 1.07842 1.10214 0.991903 1.02323 0.993469 1.02484 1.02323 1.05209 1.02484 1.05375 0.993469 1.02484 0.99495 1.02637 1.02484 1.05375 1.02637 1.05532 1.05209 1.07842 1.05375 1.08012 1.07842 1.10214 1.08012 1.10388 1.05375 1.08012 1.05532 1.08173 1.08012 1.10388 1.08173 1.10553 0.846136 0.886634 0.847325 0.88788 0.886634 0.924997 0.88788 0.926297 0.847325 0.88788 0.848444 0.889053 0.88788 0.926297 0.889053 0.92752 0.924997 0.961132 0.926297 0.962482 0.961132 0.99495 0.962482 0.996348 0.926297 0.962482 0.92752 0.963753 0.962482 0.996348 0.963753 0.997665 0.848444 0.889053 0.849494 0.890154 0.889053 0.92752 0.890154 0.928669 0.849494 0.890154 0.850477 0.891184 0.890154 0.928669 0.891184 0.929743 0.92752 0.963753 0.928669 0.964947 0.963753 0.997665 0.964947 0.9989 0.928669 0.964947 0.929743 0.966063 0.964947 0.9989 0.966063 1.00006 0.99495 1.02637 0.996348 1.02781 1.02637 1.05532 1.02781 1.0568 0.996348 1.02781 0.997665 1.02917 1.02781 1.0568 1.02917 1.0582 1.05532 1.08173 1.0568 1.08325 1.08173 1.10553 1.08325 1.10708 1.0568 1.08325 1.0582 1.08468 1.08325 1.10708 1.08468 1.10855 0.997665 1.02917 0.9989 1.03045 1.02917 1.0582 1.03045 1.05951 0.9989 1.03045 1.00006 1.03164 1.03045 1.05951 1.03164 1.06074 1.0582 1.08468 1.05951 1.08602 1.08468 1.10855 1.08602 1.10992 1.05951 1.08602 1.06074 1.08728 1.08602 1.10992 1.08728 1.1112 1.09838 1.11938 1.10031 1.12135 1.11938 1.13768 1.12135 1.13968 1.10031 1.12135 1.10214 1.12322 1.12135 1.13968 1.12322 1.14158 1.13768 1.15325 1.13968 1.15527 1.15325 1.16603 1.15527 1.16808 1.13968 1.15527 1.14158 1.1572 1.15527 1.16808 1.1572 1.17003 1.10214 1.12322 1.10388 1.12499 1.12322 1.14158 1.12499 1.14339 1.10388 1.12499 1.10553 1.12667 1.12499 1.14339 1.12667 1.14509 1.14158 1.1572 1.14339 1.15903 1.1572 1.17003 1.15903 1.17188 1.14339 1.15903 1.14509 1.16076 1.15903 1.17188 1.16076 1.17362 1.16603 1.17601 1.16808 1.17808 1.17601 1.18315 1.17808 1.18523 1.16808 1.17808 1.17003 1.18004 1.17808 1.18523 1.18004 1.18721 1.18315 1.18744 1.18523 1.18953 1.18744 1.18888 1.18953 1.19097 1.18523 1.18953 1.18721 1.19152 1.18953 1.19097 1.19152 1.19295 1.17003 1.18004 1.17188 1.1819 1.18004 1.18721 1.1819 1.18908 1.17188 1.1819 1.17362 1.18367 1.1819 1.18908 1.18367 1.19085 1.18721 1.19152 1.18908 1.1934 1.19152 1.19295 1.1934 1.19484 1.18908 1.1934 1.19085 1.19518 1.1934 1.19484 1.19518 1.19662 1.10553 1.12667 1.10708 1.12825 1.12667 1.14509 1.12825 1.1467 1.10708 1.12825 1.10855 1.12974 1.12825 1.1467 1.12974 1.14821 1.14509 1.16076 1.1467 1.16239 1.16076 1.17362 1.16239 1.17527 1.1467 1.16239 1.14821 1.16392 1.16239 1.17527 1.16392 1.17683 1.10855 1.12974 1.10992 1.13114 1.12974 1.14821 1.13114 1.14964 1.10992 1.13114 1.1112 1.13245 1.13114 1.14964 1.13245 1.15097 1.14821 1.16392 1.14964 1.16536 1.16392 1.17683 1.16536 1.17828 1.14964 1.16536 1.15097 1.16671 1.16536 1.17828 1.16671 1.17965 1.17362 1.18367 1.17527 1.18533 1.18367 1.19085 1.18533 1.19253 1.17527 1.18533 1.17683 1.18689 1.18533 1.19253 1.18689 1.1941 1.19085 1.19518 1.19253 1.19685 1.19518 1.19662 1.19685 1.1983 1.19253 1.19685 1.1941 1.19844 1.19685 1.1983 1.19844 1.19988 1.17683 1.18689 1.17828 1.18836 1.18689 1.1941 1.18836 1.19558 1.17828 1.18836 1.17965 1.18974 1.18836 1.19558 1.18974 1.19696 1.1941 1.19844 1.19558 1.19992 1.19844 1.19988 1.19992 1.20137 1.19558 1.19992 1.19696 1.20131 1.19992 1.20137 1.20131 1.20276 0 0.0590165 0 0.05908 0.0590165 0.117891 0.05908 0.118018 0 0.05908 0 0.059139 0.05908 0.118018 0.059139 0.118136 0.117891 0.176481 0.118018 0.176671 0.176481 0.234646 0.176671 0.234899 0.118018 0.176671 0.118136 0.176848 0.176671 0.234899 0.176848 0.235133 0 0.059139 0 0.0591935 0.059139 0.118136 0.0591935 0.118244 0 0.0591935 0 0.0592436 0.0591935 0.118244 0.0592436 0.118344 0.118136 0.176848 0.118244 0.17701 0.176848 0.235133 0.17701 0.23535 0.118244 0.17701 0.118344 0.17716 0.17701 0.23535 0.17716 0.235549 0.234646 0.292246 0.234899 0.292561 0.292246 0.349142 0.292561 0.349518 0.234899 0.292561 0.235133 0.292853 0.292561 0.349518 0.292853 0.349867 0.349142 0.405196 0.349518 0.405633 0.405196 0.460275 0.405633 0.460771 0.349518 0.405633 0.349867 0.406038 0.405633 0.460771 0.406038 0.461231 0.235133 0.292853 0.23535 0.293123 0.292853 0.349867 0.293123 0.350189 0.23535 0.293123 0.235549 0.293371 0.293123 0.350189 0.293371 0.350485 0.349867 0.406038 0.350189 0.406412 0.406038 0.461231 0.406412 0.461656 0.350189 0.406412 0.350485 0.406756 0.406412 0.461656 0.406756 0.462046 0 0.0592436 0 0.0592893 0.0592436 0.118344 0.0592893 0.118436 0 0.0592893 0 0.0593307 0.0592893 0.118436 0.0593307 0.118518 0.118344 0.17716 0.118436 0.177297 0.17716 0.235549 0.177297 0.235731 0.118436 0.177297 0.118518 0.177421 0.177297 0.235731 0.177421 0.235896 0 0.0593307 0 0.0593679 0.0593307 0.118518 0.0593679 0.118593 0 0.0593679 0 0.0594009 0.0593679 0.118593 0.0594009 0.118659 0.118518 0.177421 0.118593 0.177532 0.177421 0.235896 0.177532 0.236043 0.118593 0.177532 0.118659 0.177631 0.177532 0.236043 0.177631 0.236175 0.235549 0.293371 0.235731 0.293597 0.293371 0.350485 0.293597 0.350756 0.235731 0.293597 0.235896 0.293802 0.293597 0.350756 0.293802 0.351001 0.350485 0.406756 0.350756 0.40707 0.406756 0.462046 0.40707 0.462403 0.350756 0.40707 0.351001 0.407354 0.40707 0.462403 0.407354 0.462726 0.235896 0.293802 0.236043 0.293986 0.293802 0.351001 0.293986 0.351221 0.236043 0.293986 0.236175 0.29415 0.293986 0.351221 0.29415 0.351416 0.351001 0.407354 0.351221 0.407609 0.407354 0.462726 0.407609 0.463016 0.351221 0.407609 0.351416 0.407836 0.407609 0.463016 0.407836 0.463273 0.460275 0.514245 0.460771 0.514798 0.514245 0.566975 0.514798 0.567586 0.460771 0.514798 0.461231 0.515312 0.514798 0.567586 0.515312 0.568153 0.566975 0.61834 0.567586 0.619006 0.61834 0.668216 0.619006 0.668935 0.567586 0.619006 0.568153 0.619624 0.619006 0.668935 0.619624 0.669603 0.461231 0.515312 0.461656 0.515787 0.515312 0.568153 0.515787 0.568676 0.461656 0.515787 0.462046 0.516224 0.515787 0.568676 0.516224 0.569157 0.568153 0.619624 0.568676 0.620195 0.619624 0.669603 0.620195 0.67022 0.568676 0.620195 0.569157 0.62072 0.620195 0.67022 0.62072 0.670787 0.668216 0.716481 0.668935 0.717253 0.716481 0.76302 0.717253 0.763842 0.668935 0.717253 0.669603 0.717969 0.717253 0.763842 0.717969 0.764605 0.76302 0.807722 0.763842 0.808592 0.807722 0.850477 0.808592 0.851393 0.763842 0.808592 0.764605 0.809399 0.808592 0.851393 0.809399 0.852243 0.669603 0.717969 0.67022 0.718631 0.717969 0.764605 0.718631 0.76531 0.67022 0.718631 0.670787 0.719239 0.718631 0.76531 0.719239 0.765957 0.764605 0.809399 0.76531 0.810145 0.809399 0.852243 0.810145 0.853029 0.76531 0.810145 0.765957 0.81083 0.810145 0.853029 0.81083 0.85375 0.462046 0.516224 0.462403 0.516622 0.516224 0.569157 0.516622 0.569597 0.462403 0.516622 0.462726 0.516983 0.516622 0.569597 0.516983 0.569994 0.569157 0.62072 0.569597 0.621199 0.62072 0.670787 0.621199 0.671305 0.569597 0.621199 0.569994 0.621633 0.621199 0.671305 0.621633 0.671774 0.462726 0.516983 0.463016 0.517307 0.516983 0.569994 0.517307 0.570352 0.463016 0.517307 0.463273 0.517594 0.517307 0.570352 0.517594 0.570669 0.569994 0.621633 0.570352 0.622022 0.621633 0.671774 0.622022 0.672195 0.570352 0.622022 0.570669 0.622368 0.622022 0.672195 0.622368 0.672568 0.670787 0.719239 0.671305 0.719793 0.719239 0.765957 0.719793 0.766548 0.671305 0.719793 0.671774 0.720296 0.719793 0.766548 0.720296 0.767083 0.765957 0.81083 0.766548 0.811456 0.81083 0.85375 0.811456 0.854409 0.766548 0.811456 0.767083 0.812023 0.811456 0.854409 0.812023 0.855006 0.671774 0.720296 0.672195 0.720748 0.720296 0.767083 0.720748 0.767564 0.672195 0.720748 0.672568 0.721148 0.720748 0.767564 0.721148 0.767991 0.767083 0.812023 0.767564 0.812532 0.812023 0.855006 0.812532 0.855541 0.767564 0.812532 0.767991 0.812983 0.812532 0.855541 0.812983 0.856017 0 0.0594009 0 0.0594298 0.0594009 0.118659 0.0594298 0.118716 0 0.0594298 0 0.0594546 0.0594298 0.118716 0.0594546 0.118766 0.118659 0.177631 0.118716 0.177717 0.177631 0.236175 0.177717 0.236289 0.118716 0.177717 0.118766 0.177791 0.177717 0.236289 0.177791 0.236388 0 0.0594546 0 0.0594755 0.0594546 0.118766 0.0594755 0.118808 0 0.0594755 0 0.0594924 0.0594755 0.118808 0.0594924 0.118842 0.118766 0.177791 0.118808 0.177854 0.177791 0.236388 0.177854 0.236471 0.118808 0.177854 0.118842 0.177904 0.177854 0.236471 0.177904 0.236539 0.236175 0.29415 0.236289 0.294293 0.29415 0.351416 0.294293 0.351587 0.236289 0.294293 0.236388 0.294416 0.294293 0.351587 0.294416 0.351734 0.351416 0.407836 0.351587 0.408034 0.407836 0.463273 0.408034 0.463498 0.351587 0.408034 0.351734 0.408205 0.408034 0.463498 0.408205 0.463692 0.236388 0.294416 0.236471 0.294519 0.294416 0.351734 0.294519 0.351857 0.236471 0.294519 0.236539 0.294603 0.294519 0.351857 0.294603 0.351958 0.351734 0.408205 0.351857 0.408348 0.408205 0.463692 0.408348 0.463855 0.351857 0.408348 0.351958 0.408464 0.408348 0.463855 0.408464 0.463987 0 0.0594924 0 0.0595055 0.0594924 0.118842 0.0595055 0.118868 0 0.0595055 0 0.0595148 0.0595055 0.118868 0.0595148 0.118886 0.118842 0.177904 0.118868 0.177943 0.177904 0.236539 0.177943 0.236591 0.118868 0.177943 0.118886 0.177971 0.177943 0.236591 0.177971 0.236627 0 0.0595148 0 0.0595203 0.0595148 0.118886 0.0595203 0.118897 0 0.0595203 0 0.0595221 0.0595203 0.118897 0.0595221 0.118901 0.118886 0.177971 0.118897 0.177988 0.177971 0.236627 0.177988 0.236649 0.118897 0.177988 0.118901 0.177993 0.177988 0.236649 0.177993 0.236657 0.236539 0.294603 0.236591 0.294668 0.294603 0.351958 0.294668 0.352035 0.236591 0.294668 0.236627 0.294713 0.294668 0.352035 0.294713 0.35209 0.351958 0.408464 0.352035 0.408554 0.408464 0.463987 0.408554 0.464089 0.352035 0.408554 0.35209 0.408618 0.408554 0.464089 0.408618 0.464161 0.236627 0.294713 0.236649 0.294741 0.294713 0.35209 0.294741 0.352122 0.236649 0.294741 0.236657 0.29475 0.294741 0.352122 0.29475 0.352133 0.35209 0.408618 0.352122 0.408656 0.408618 0.464161 0.408656 0.464204 0.352122 0.408656 0.352133 0.408668 0.408656 0.464204 0.408668 0.464218 0.463273 0.517594 0.463498 0.517846 0.517594 0.570669 0.517846 0.570946 0.463498 0.517846 0.463692 0.518063 0.517846 0.570946 0.518063 0.571185 0.570669 0.622368 0.570946 0.622671 0.622368 0.672568 0.622671 0.672895 0.570946 0.622671 0.571185 0.622931 0.622671 0.672895 0.622931 0.673177 0.463692 0.518063 0.463855 0.518244 0.518063 0.571185 0.518244 0.571385 0.463855 0.518244 0.463987 0.518392 0.518244 0.571385 0.518392 0.571548 0.571185 0.622931 0.571385 0.62315 0.622931 0.673177 0.62315 0.673413 0.571385 0.62315 0.571548 0.623327 0.62315 0.673413 0.623327 0.673605 0.672568 0.721148 0.672895 0.721499 0.721148 0.767991 0.721499 0.768364 0.672895 0.721499 0.673177 0.721801 0.721499 0.768364 0.721801 0.768686 0.767991 0.812983 0.768364 0.813379 0.812983 0.856017 0.813379 0.856433 0.768364 0.813379 0.768686 0.813719 0.813379 0.856433 0.813719 0.856792 0.673177 0.721801 0.673413 0.722054 0.721801 0.768686 0.722054 0.768955 0.673413 0.722054 0.673605 0.72226 0.722054 0.768955 0.72226 0.769174 0.768686 0.813719 0.768955 0.814004 0.813719 0.856792 0.814004 0.857092 0.768955 0.814004 0.769174 0.814236 0.814004 0.857092 0.814236 0.857336 0.463987 0.518392 0.464089 0.518506 0.518392 0.571548 0.518506 0.571674 0.464089 0.518506 0.464161 0.518587 0.518506 0.571674 0.518587 0.571763 0.571548 0.623327 0.571674 0.623464 0.623327 0.673605 0.623464 0.673753 0.571674 0.623464 0.571763 0.623561 0.623464 0.673753 0.623561 0.673858 0.464161 0.518587 0.464204 0.518635 0.518587 0.571763 0.518635 0.571816 0.464204 0.518635 0.464218 0.518651 0.518635 0.571816 0.518651 0.571833 0.571763 0.623561 0.571816 0.623619 0.623561 0.673858 0.623619 0.67392 0.571816 0.623619 0.571833 0.623638 0.623619 0.67392 0.623638 0.673941 0.673605 0.72226 0.673753 0.722418 0.72226 0.769174 0.722418 0.769343 0.673753 0.722418 0.673858 0.722531 0.722418 0.769343 0.722531 0.769463 0.769174 0.814236 0.769343 0.814415 0.814236 0.857336 0.814415 0.857525 0.769343 0.814415 0.769463 0.814542 0.814415 0.857525 0.814542 0.857658 0.673858 0.722531 0.67392 0.722598 0.722531 0.769463 0.722598 0.769534 0.67392 0.722598 0.673941 0.72262 0.722598 0.769534 0.72262 0.769558 0.769463 0.814542 0.769534 0.814617 0.814542 0.857658 0.814617 0.857738 0.769534 0.814617 0.769558 0.814642 0.814617 0.857738 0.814642 0.857764 0.850477 0.891184 0.851393 0.892143 0.891184 0.929743 0.892143 0.930745 0.851393 0.892143 0.852243 0.893034 0.892143 0.930745 0.893034 0.931674 0.929743 0.966063 0.930745 0.967103 0.966063 1.00006 0.967103 1.00113 0.930745 0.967103 0.931674 0.968069 0.967103 1.00113 0.968069 1.00213 0.852243 0.893034 0.853029 0.893857 0.893034 0.931674 0.893857 0.932533 0.853029 0.893857 0.85375 0.894614 0.893857 0.932533 0.894614 0.933321 0.931674 0.968069 0.932533 0.968961 0.968069 1.00213 0.968961 1.00306 0.932533 0.968961 0.933321 0.969781 0.968961 1.00306 0.969781 1.0039 1.00006 1.03164 1.00113 1.03275 1.03164 1.06074 1.03275 1.06188 1.00113 1.03275 1.00213 1.03378 1.03275 1.06188 1.03378 1.06294 1.06074 1.08728 1.06188 1.08845 1.08728 1.1112 1.08845 1.1124 1.06188 1.08845 1.06294 1.08954 1.08845 1.1124 1.08954 1.11351 1.00213 1.03378 1.00306 1.03473 1.03378 1.06294 1.03473 1.06392 1.00306 1.03473 1.0039 1.03561 1.03473 1.06392 1.03561 1.06482 1.06294 1.08954 1.06392 1.09054 1.08954 1.11351 1.09054 1.11454 1.06392 1.09054 1.06482 1.09146 1.09054 1.11454 1.09146 1.11548 0.85375 0.894614 0.854409 0.895304 0.894614 0.933321 0.895304 0.934042 0.854409 0.895304 0.855006 0.895929 0.895304 0.934042 0.895929 0.934694 0.933321 0.969781 0.934042 0.970529 0.969781 1.0039 0.970529 1.00468 0.934042 0.970529 0.934694 0.971207 0.970529 1.00468 0.971207 1.00538 0.855006 0.895929 0.855541 0.89649 0.895929 0.934694 0.89649 0.93528 0.855541 0.89649 0.856017 0.896989 0.89649 0.93528 0.896989 0.935799 0.934694 0.971207 0.93528 0.971816 0.971207 1.00538 0.971816 1.00601 0.93528 0.971816 0.935799 0.972356 0.971816 1.00601 0.972356 1.00657 1.0039 1.03561 1.00468 1.03641 1.03561 1.06482 1.03641 1.06564 1.00468 1.03641 1.00538 1.03713 1.03641 1.06564 1.03713 1.06638 1.06482 1.09146 1.06564 1.09231 1.09146 1.11548 1.09231 1.11634 1.06564 1.09231 1.06638 1.09307 1.09231 1.11634 1.09307 1.11712 1.00538 1.03713 1.00601 1.03778 1.03713 1.06638 1.03778 1.06705 1.00601 1.03778 1.00657 1.03836 1.03778 1.06705 1.03836 1.06765 1.06638 1.09307 1.06705 1.09375 1.09307 1.11712 1.09375 1.11782 1.06705 1.09375 1.06765 1.09436 1.09375 1.11782 1.09436 1.11844 1.1112 1.13245 1.1124 1.13367 1.13245 1.15097 1.13367 1.15221 1.1124 1.13367 1.11351 1.1348 1.13367 1.15221 1.1348 1.15336 1.15097 1.16671 1.15221 1.16797 1.16671 1.17965 1.16797 1.18092 1.15221 1.16797 1.15336 1.16913 1.16797 1.18092 1.16913 1.1821 1.11351 1.1348 1.11454 1.13585 1.1348 1.15336 1.13585 1.15442 1.11454 1.13585 1.11548 1.13681 1.13585 1.15442 1.13681 1.1554 1.15336 1.16913 1.15442 1.17021 1.16913 1.1821 1.17021 1.18318 1.15442 1.17021 1.1554 1.1712 1.17021 1.18318 1.1712 1.18419 1.17965 1.18974 1.18092 1.19102 1.18974 1.19696 1.19102 1.19825 1.18092 1.19102 1.1821 1.19221 1.19102 1.19825 1.19221 1.19945 1.19696 1.20131 1.19825 1.2026 1.20131 1.20276 1.2026 1.20405 1.19825 1.2026 1.19945 1.2038 1.2026 1.20405 1.2038 1.20525 1.1821 1.19221 1.18318 1.19331 1.19221 1.19945 1.19331 1.20056 1.18318 1.19331 1.18419 1.19432 1.19331 1.20056 1.19432 1.20157 1.19945 1.2038 1.20056 1.20491 1.2038 1.20525 1.20491 1.20636 1.20056 1.20491 1.20157 1.20593 1.20491 1.20636 1.20593 1.20739 1.11548 1.13681 1.11634 1.13768 1.13681 1.1554 1.13768 1.15629 1.11634 1.13768 1.11712 1.13848 1.13768 1.15629 1.13848 1.15709 1.1554 1.1712 1.15629 1.17211 1.1712 1.18419 1.17211 1.1851 1.15629 1.17211 1.15709 1.17292 1.17211 1.1851 1.17292 1.18593 1.11712 1.13848 1.11782 1.13919 1.13848 1.15709 1.13919 1.15782 1.11782 1.13919 1.11844 1.13982 1.13919 1.15782 1.13982 1.15846 1.15709 1.17292 1.15782 1.17366 1.17292 1.18593 1.17366 1.18667 1.15782 1.17366 1.15846 1.17431 1.17366 1.18667 1.17431 1.18733 1.18419 1.19432 1.1851 1.19524 1.19432 1.20157 1.19524 1.2025 1.1851 1.19524 1.18593 1.19607 1.19524 1.2025 1.19607 1.20334 1.20157 1.20593 1.2025 1.20686 1.20593 1.20739 1.20686 1.20832 1.2025 1.20686 1.20334 1.2077 1.20686 1.20832 1.2077 1.20916 1.18593 1.19607 1.18667 1.19682 1.19607 1.20334 1.19682 1.20409 1.18667 1.19682 1.18733 1.19749 1.19682 1.20409 1.19749 1.20476 1.20334 1.2077 1.20409 1.20846 1.2077 1.20916 1.20846 1.20992 1.20409 1.20846 1.20476 1.20913 1.20846 1.20992 1.20913 1.21059 0.856017 0.896989 0.856433 0.897425 0.896989 0.935799 0.897425 0.936255 0.856433 0.897425 0.856792 0.8978 0.897425 0.936255 0.8978 0.936646 0.935799 0.972356 0.936255 0.972829 0.972356 1.00657 0.972829 1.00706 0.936255 0.972829 0.936646 0.973235 0.972829 1.00706 0.973235 1.00748 0.856792 0.8978 0.857092 0.898115 0.8978 0.936646 0.898115 0.936975 0.857092 0.898115 0.857336 0.898371 0.898115 0.936975 0.898371 0.937242 0.936646 0.973235 0.936975 0.973577 0.973235 1.00748 0.973577 1.00783 0.936975 0.973577 0.937242 0.973854 0.973577 1.00783 0.973854 1.00812 1.00657 1.03836 1.00706 1.03886 1.03836 1.06765 1.03886 1.06817 1.00706 1.03886 1.00748 1.0393 1.03886 1.06817 1.0393 1.06861 1.06765 1.09436 1.06817 1.09489 1.09436 1.11844 1.09489 1.11898 1.06817 1.09489 1.06861 1.09535 1.09489 1.11898 1.09535 1.11945 1.00748 1.0393 1.00783 1.03966 1.0393 1.06861 1.03966 1.06899 1.00783 1.03966 1.00812 1.03996 1.03966 1.06899 1.03996 1.06929 1.06861 1.09535 1.06899 1.09574 1.09535 1.11945 1.09574 1.11984 1.06899 1.09574 1.06929 1.09605 1.09574 1.11984 1.09605 1.12016 0.857336 0.898371 0.857525 0.898568 0.898371 0.937242 0.898568 0.937447 0.857525 0.898568 0.857658 0.898708 0.898568 0.937447 0.898708 0.937593 0.937242 0.973854 0.937447 0.974068 0.973854 1.00812 0.974068 1.00834 0.937447 0.974068 0.937593 0.97422 0.974068 1.00834 0.97422 1.0085 0.857658 0.898708 0.857738 0.898792 0.898708 0.937593 0.898792 0.93768 0.857738 0.898792 0.857764 0.898819 0.898792 0.93768 0.898819 0.937709 0.937593 0.97422 0.93768 0.97431 0.97422 1.0085 0.97431 1.00859 0.93768 0.97431 0.937709 0.97434 0.97431 1.00859 0.97434 1.00862 1.00812 1.03996 1.00834 1.04019 1.03996 1.06929 1.04019 1.06953 1.00834 1.04019 1.0085 1.04035 1.04019 1.06953 1.04035 1.06969 1.06929 1.09605 1.06953 1.09629 1.09605 1.12016 1.09629 1.12041 1.06953 1.09629 1.06969 1.09646 1.09629 1.12041 1.09646 1.12058 1.0085 1.04035 1.00859 1.04045 1.04035 1.06969 1.04045 1.06979 1.00859 1.04045 1.00862 1.04048 1.04045 1.06979 1.04048 1.06982 1.06969 1.09646 1.06979 1.09656 1.09646 1.12058 1.09656 1.12069 1.06979 1.09656 1.06982 1.09659 1.09656 1.12069 1.09659 1.12072 1.11844 1.13982 1.11898 1.14038 1.13982 1.15846 1.14038 1.15903 1.11898 1.14038 1.11945 1.14086 1.14038 1.15903 1.14086 1.15951 1.15846 1.17431 1.15903 1.17488 1.17431 1.18733 1.17488 1.18791 1.15903 1.17488 1.15951 1.17537 1.17488 1.18791 1.17537 1.1884 1.11945 1.14086 1.11984 1.14126 1.14086 1.15951 1.14126 1.15992 1.11984 1.14126 1.12016 1.14158 1.14126 1.15992 1.14158 1.16025 1.15951 1.17537 1.15992 1.17579 1.17537 1.1884 1.17579 1.18882 1.15992 1.17579 1.16025 1.17612 1.17579 1.18882 1.17612 1.18916 1.18733 1.19749 1.18791 1.19807 1.19749 1.20476 1.19807 1.20535 1.18791 1.19807 1.1884 1.19857 1.19807 1.20535 1.19857 1.20585 1.20476 1.20913 1.20535 1.20972 1.20913 1.21059 1.20972 1.21118 1.20535 1.20972 1.20585 1.21023 1.20972 1.21118 1.21023 1.21169 1.1884 1.19857 1.18882 1.19899 1.19857 1.20585 1.19899 1.20627 1.18882 1.19899 1.18916 1.19933 1.19899 1.20627 1.19933 1.20662 1.20585 1.21023 1.20627 1.21065 1.21023 1.21169 1.21065 1.21211 1.20627 1.21065 1.20662 1.211 1.21065 1.21211 1.211 1.21246 1.12016 1.14158 1.12041 1.14183 1.14158 1.16025 1.14183 1.1605 1.12041 1.14183 1.12058 1.14201 1.14183 1.1605 1.14201 1.16068 1.16025 1.17612 1.1605 1.17638 1.17612 1.18916 1.17638 1.18942 1.1605 1.17638 1.16068 1.17656 1.17638 1.18942 1.17656 1.18961 1.12058 1.14201 1.12069 1.14212 1.14201 1.16068 1.14212 1.16079 1.12069 1.14212 1.12072 1.14215 1.14212 1.16079 1.14215 1.16083 1.16068 1.17656 1.16079 1.17667 1.17656 1.18961 1.17667 1.18972 1.16079 1.17667 1.16083 1.17671 1.17667 1.18972 1.17671 1.18975 1.18916 1.19933 1.18942 1.1996 1.19933 1.20662 1.1996 1.20688 1.18942 1.1996 1.18961 1.19978 1.1996 1.20688 1.19978 1.20707 1.20662 1.211 1.20688 1.21126 1.211 1.21246 1.21126 1.21272 1.20688 1.21126 1.20707 1.21145 1.21126 1.21272 1.21145 1.21291 1.18961 1.19978 1.18972 1.19989 1.19978 1.20707 1.19989 1.20718 1.18972 1.19989 1.18975 1.19993 1.19989 1.20718 1.19993 1.20722 1.20707 1.21145 1.20718 1.21156 1.21145 1.21291 1.21156 1.21302 1.20718 1.21156 1.20722 1.2116 1.21156 1.21302 1.2116 1.21306 1.1682 1.16679 1.17118 1.16977 1.16679 1.16258 1.16977 1.16554 1.17118 1.16977 1.17405 1.17264 1.16977 1.16554 1.17264 1.1684 1.16258 1.15556 1.16554 1.15851 1.15556 1.14575 1.15851 1.14868 1.16554 1.15851 1.1684 1.16134 1.15851 1.14868 1.16134 1.15149 1.17405 1.17264 1.1768 1.17538 1.17264 1.1684 1.17538 1.17113 1.1768 1.17538 1.17944 1.17802 1.17538 1.17113 1.17802 1.17376 1.1684 1.16134 1.17113 1.16406 1.16134 1.15149 1.16406 1.15419 1.17113 1.16406 1.17376 1.16667 1.16406 1.15419 1.16667 1.15677 1.14575 1.13319 1.14868 1.13609 1.13319 1.1179 1.13609 1.12075 1.14868 1.13609 1.15149 1.13887 1.13609 1.12075 1.13887 1.1235 1.1179 1.09991 1.12075 1.10272 1.09991 1.07928 1.10272 1.08203 1.12075 1.10272 1.1235 1.10542 1.10272 1.08203 1.10542 1.08468 1.15149 1.13887 1.15419 1.14153 1.13887 1.1235 1.14153 1.12613 1.15419 1.14153 1.15677 1.14409 1.14153 1.12613 1.14409 1.12865 1.1235 1.10542 1.12613 1.10801 1.10542 1.08468 1.10801 1.08722 1.12613 1.10801 1.12865 1.11049 1.10801 1.08722 1.11049 1.08966 1.17944 1.17802 1.18196 1.18054 1.17802 1.17376 1.18054 1.17627 1.18196 1.18054 1.18437 1.18295 1.18054 1.17627 1.18295 1.17867 1.17376 1.16667 1.17627 1.16917 1.16667 1.15677 1.16917 1.15925 1.17627 1.16917 1.17867 1.17156 1.16917 1.15925 1.17156 1.16162 1.18437 1.18295 1.18668 1.18525 1.18295 1.17867 1.18525 1.18096 1.18668 1.18525 1.18888 1.18744 1.18525 1.18096 1.18744 1.18315 1.17867 1.17156 1.18096 1.17383 1.17156 1.16162 1.17383 1.16388 1.18096 1.17383 1.18315 1.17601 1.17383 1.16388 1.17601 1.16603 1.15677 1.14409 1.15925 1.14654 1.14409 1.12865 1.14654 1.13107 1.15925 1.14654 1.16162 1.14888 1.14654 1.13107 1.14888 1.13338 1.12865 1.11049 1.13107 1.11287 1.11049 1.08966 1.11287 1.09199 1.13107 1.11287 1.13338 1.11514 1.11287 1.09199 1.11514 1.09422 1.16162 1.14888 1.16388 1.15112 1.14888 1.13338 1.15112 1.13558 1.16388 1.15112 1.16603 1.15325 1.15112 1.13558 1.15325 1.13768 1.13338 1.11514 1.13558 1.11731 1.11514 1.09422 1.11731 1.09635 1.13558 1.11731 1.13768 1.11938 1.11731 1.09635 1.11938 1.09838 1.07928 1.05604 1.08203 1.05874 1.05604 1.03026 1.05874 1.03289 1.08203 1.05874 1.08468 1.06133 1.05874 1.03289 1.06133 1.03542 1.03026 1.002 1.03289 1.00456 1.002 0.971324 1.00456 0.973804 1.03289 1.00456 1.03542 1.00702 1.00456 0.973804 1.00702 0.976187 1.08468 1.06133 1.08722 1.06381 1.06133 1.03542 1.06381 1.03785 1.08722 1.06381 1.08966 1.0662 1.06381 1.03785 1.0662 1.04017 1.03542 1.00702 1.03785 1.00938 1.00702 0.976187 1.00938 0.978474 1.03785 1.00938 1.04017 1.01164 1.00938 0.978474 1.01164 0.980666 0.971324 0.938308 0.973804 0.940704 0.938308 0.903032 0.940704 0.905338 0.973804 0.940704 0.976187 0.943006 0.940704 0.905338 0.943006 0.907553 0.903032 0.86558 0.905338 0.86779 0.86558 0.826043 0.86779 0.828152 0.905338 0.86779 0.907553 0.869914 0.86779 0.828152 0.869914 0.830179 0.976187 0.943006 0.978474 0.945215 0.943006 0.907553 0.945215 0.909679 0.978474 0.945215 0.980666 0.947333 0.945215 0.909679 0.947333 0.911717 0.907553 0.869914 0.909679 0.871952 0.869914 0.830179 0.871952 0.832124 0.909679 0.871952 0.911717 0.873905 0.871952 0.832124 0.873905 0.833988 1.08966 1.0662 1.09199 1.06848 1.0662 1.04017 1.06848 1.0424 1.09199 1.06848 1.09422 1.07066 1.06848 1.0424 1.07066 1.04453 1.04017 1.01164 1.0424 1.0138 1.01164 0.980666 1.0138 0.982765 1.0424 1.0138 1.04453 1.01587 1.0138 0.982765 1.01587 0.984771 1.09422 1.07066 1.09635 1.07274 1.07066 1.04453 1.07274 1.04656 1.09635 1.07274 1.09838 1.07473 1.07274 1.04656 1.07473 1.04849 1.04453 1.01587 1.04656 1.01785 1.01587 0.984771 1.01785 0.986687 1.04656 1.01785 1.04849 1.01973 1.01785 0.986687 1.01973 0.988514 0.980666 0.947333 0.982765 0.94936 0.947333 0.911717 0.94936 0.913668 0.982765 0.94936 0.984771 0.951298 0.94936 0.913668 0.951298 0.915534 0.911717 0.873905 0.913668 0.875775 0.873905 0.833988 0.875775 0.835773 0.913668 0.875775 0.915534 0.877564 0.875775 0.835773 0.877564 0.837479 0.984771 0.951298 0.986687 0.953149 0.951298 0.915534 0.953149 0.917315 0.986687 0.953149 0.988514 0.954914 0.953149 0.917315 0.954914 0.919013 0.915534 0.877564 0.917315 0.879271 0.877564 0.837479 0.879271 0.839109 0.917315 0.879271 0.919013 0.880899 0.879271 0.839109 0.880899 0.840662 1.18888 1.18744 1.19097 1.18953 1.18744 1.18315 1.18953 1.18523 1.19097 1.18953 1.19295 1.19152 1.18953 1.18523 1.19152 1.18721 1.18315 1.17601 1.18523 1.17808 1.17601 1.16603 1.17808 1.16808 1.18523 1.17808 1.18721 1.18004 1.17808 1.16808 1.18004 1.17003 1.19295 1.19152 1.19484 1.1934 1.19152 1.18721 1.1934 1.18908 1.19484 1.1934 1.19662 1.19518 1.1934 1.18908 1.19518 1.19085 1.18721 1.18004 1.18908 1.1819 1.18004 1.17003 1.1819 1.17188 1.18908 1.1819 1.19085 1.18367 1.1819 1.17188 1.18367 1.17362 1.16603 1.15325 1.16808 1.15527 1.15325 1.13768 1.15527 1.13968 1.16808 1.15527 1.17003 1.1572 1.15527 1.13968 1.1572 1.14158 1.13768 1.11938 1.13968 1.12135 1.11938 1.09838 1.12135 1.10031 1.13968 1.12135 1.14158 1.12322 1.12135 1.10031 1.12322 1.10214 1.17003 1.1572 1.17188 1.15903 1.1572 1.14158 1.15903 1.14339 1.17188 1.15903 1.17362 1.16076 1.15903 1.14339 1.16076 1.14509 1.14158 1.12322 1.14339 1.12499 1.12322 1.10214 1.12499 1.10388 1.14339 1.12499 1.14509 1.12667 1.12499 1.10388 1.12667 1.10553 1.19662 1.19518 1.1983 1.19685 1.19518 1.19085 1.19685 1.19253 1.1983 1.19685 1.19988 1.19844 1.19685 1.19253 1.19844 1.1941 1.19085 1.18367 1.19253 1.18533 1.18367 1.17362 1.18533 1.17527 1.19253 1.18533 1.1941 1.18689 1.18533 1.17527 1.18689 1.17683 1.19988 1.19844 1.20137 1.19992 1.19844 1.1941 1.19992 1.19558 1.20137 1.19992 1.20276 1.20131 1.19992 1.19558 1.20131 1.19696 1.1941 1.18689 1.19558 1.18836 1.18689 1.17683 1.18836 1.17828 1.19558 1.18836 1.19696 1.18974 1.18836 1.17828 1.18974 1.17965 1.17362 1.16076 1.17527 1.16239 1.16076 1.14509 1.16239 1.1467 1.17527 1.16239 1.17683 1.16392 1.16239 1.1467 1.16392 1.14821 1.14509 1.12667 1.1467 1.12825 1.12667 1.10553 1.12825 1.10708 1.1467 1.12825 1.14821 1.12974 1.12825 1.10708 1.12974 1.10855 1.17683 1.16392 1.17828 1.16536 1.16392 1.14821 1.16536 1.14964 1.17828 1.16536 1.17965 1.16671 1.16536 1.14964 1.16671 1.15097 1.14821 1.12974 1.14964 1.13114 1.12974 1.10855 1.13114 1.10992 1.14964 1.13114 1.15097 1.13245 1.13114 1.10992 1.13245 1.1112 1.09838 1.07473 1.10031 1.07662 1.07473 1.04849 1.07662 1.05034 1.10031 1.07662 1.10214 1.07842 1.07662 1.05034 1.07842 1.05209 1.04849 1.01973 1.05034 1.02153 1.01973 0.988514 1.02153 0.990252 1.05034 1.02153 1.05209 1.02323 1.02153 0.990252 1.02323 0.991903 1.10214 1.07842 1.10388 1.08012 1.07842 1.05209 1.08012 1.05375 1.10388 1.08012 1.10553 1.08173 1.08012 1.05375 1.08173 1.05532 1.05209 1.02323 1.05375 1.02484 1.02323 0.991903 1.02484 0.993469 1.05375 1.02484 1.05532 1.02637 1.02484 0.993469 1.02637 0.99495 0.988514 0.954914 0.990252 0.956593 0.954914 0.919013 0.956593 0.920629 0.990252 0.956593 0.991903 0.958188 0.956593 0.920629 0.958188 0.922164 0.919013 0.880899 0.920629 0.882448 0.880899 0.840662 0.882448 0.84214 0.920629 0.882448 0.922164 0.883919 0.882448 0.84214 0.883919 0.843545 0.991903 0.958188 0.993469 0.959701 0.958188 0.922164 0.959701 0.92362 0.993469 0.959701 0.99495 0.961132 0.959701 0.92362 0.961132 0.924997 0.922164 0.883919 0.92362 0.885314 0.883919 0.843545 0.885314 0.844876 0.92362 0.885314 0.924997 0.886634 0.885314 0.844876 0.886634 0.846136 1.10553 1.08173 1.10708 1.08325 1.08173 1.05532 1.08325 1.0568 1.10708 1.08325 1.10855 1.08468 1.08325 1.0568 1.08468 1.0582 1.05532 1.02637 1.0568 1.02781 1.02637 0.99495 1.02781 0.996348 1.0568 1.02781 1.0582 1.02917 1.02781 0.996348 1.02917 0.997665 1.10855 1.08468 1.10992 1.08602 1.08468 1.0582 1.08602 1.05951 1.10992 1.08602 1.1112 1.08728 1.08602 1.05951 1.08728 1.06074 1.0582 1.02917 1.05951 1.03045 1.02917 0.997665 1.03045 0.9989 1.05951 1.03045 1.06074 1.03164 1.03045 0.9989 1.03164 1.00006 0.99495 0.961132 0.996348 0.962482 0.961132 0.924997 0.962482 0.926297 0.996348 0.962482 0.997665 0.963753 0.962482 0.926297 0.963753 0.92752 0.924997 0.886634 0.926297 0.88788 0.886634 0.846136 0.88788 0.847325 0.926297 0.88788 0.92752 0.889053 0.88788 0.847325 0.889053 0.848444 0.997665 0.963753 0.9989 0.964947 0.963753 0.92752 0.964947 0.928669 0.9989 0.964947 1.00006 0.966063 0.964947 0.928669 0.966063 0.929743 0.92752 0.889053 0.928669 0.890154 0.889053 0.848444 0.890154 0.849494 0.928669 0.890154 0.929743 0.891184 0.890154 0.849494 0.891184 0.850477 0.826043 0.784516 0.828152 0.786519 0.784516 0.741099 0.786519 0.742991 0.828152 0.786519 0.830179 0.788444 0.786519 0.742991 0.788444 0.74481 0.741099 0.695897 0.742991 0.697674 0.695897 0.649018 0.697674 0.650675 0.742991 0.697674 0.74481 0.699381 0.697674 0.650675 0.699381 0.652267 0.830179 0.788444 0.832124 0.790291 0.788444 0.74481 0.790291 0.746554 0.832124 0.790291 0.833988 0.792061 0.790291 0.746554 0.792061 0.748227 0.74481 0.699381 0.746554 0.701019 0.699381 0.652267 0.701019 0.653795 0.746554 0.701019 0.748227 0.70259 0.701019 0.653795 0.70259 0.65526 0.649018 0.600575 0.650675 0.602109 0.600575 0.550686 0.602109 0.552092 0.650675 0.602109 0.652267 0.603582 0.602109 0.552092 0.603582 0.553443 0.550686 0.49947 0.552092 0.500746 0.49947 0.447051 0.500746 0.448193 0.552092 0.500746 0.553443 0.501971 0.500746 0.448193 0.501971 0.44929 0.652267 0.603582 0.653795 0.604996 0.603582 0.553443 0.604996 0.55474 0.653795 0.604996 0.65526 0.606352 0.604996 0.55474 0.606352 0.555983 0.553443 0.501971 0.55474 0.503147 0.501971 0.44929 0.503147 0.450342 0.55474 0.503147 0.555983 0.504274 0.503147 0.450342 0.504274 0.451351 0.833988 0.792061 0.835773 0.793756 0.792061 0.748227 0.793756 0.749828 0.835773 0.793756 0.837479 0.795377 0.793756 0.749828 0.795377 0.751359 0.748227 0.70259 0.749828 0.704093 0.70259 0.65526 0.704093 0.656662 0.749828 0.704093 0.751359 0.705531 0.704093 0.656662 0.705531 0.658003 0.837479 0.795377 0.839109 0.796925 0.795377 0.751359 0.796925 0.752821 0.839109 0.796925 0.840662 0.7984 0.796925 0.752821 0.7984 0.754215 0.751359 0.705531 0.752821 0.706904 0.705531 0.658003 0.706904 0.659283 0.752821 0.706904 0.754215 0.708212 0.706904 0.659283 0.708212 0.660504 0.65526 0.606352 0.656662 0.607649 0.606352 0.555983 0.607649 0.557173 0.656662 0.607649 0.658003 0.60889 0.607649 0.557173 0.60889 0.55831 0.555983 0.504274 0.557173 0.505353 0.504274 0.451351 0.505353 0.452317 0.557173 0.505353 0.55831 0.506385 0.505353 0.452317 0.506385 0.45324 0.658003 0.60889 0.659283 0.610075 0.60889 0.55831 0.610075 0.559396 0.659283 0.610075 0.660504 0.611204 0.610075 0.559396 0.611204 0.560432 0.55831 0.506385 0.559396 0.507371 0.506385 0.45324 0.507371 0.454122 0.559396 0.507371 0.560432 0.50831 0.507371 0.454122 0.50831 0.454963 0.447051 0.393555 0.448193 0.39456 0.393555 0.339111 0.39456 0.339977 0.448193 0.39456 0.44929 0.395526 0.39456 0.339977 0.395526 0.340809 0.339111 0.28385 0.339977 0.284575 0.28385 0.227905 0.284575 0.228487 0.339977 0.284575 0.340809 0.285271 0.284575 0.228487 0.285271 0.229046 0.44929 0.395526 0.450342 0.396452 0.395526 0.340809 0.396452 0.341607 0.450342 0.396452 0.451351 0.39734 0.396452 0.341607 0.39734 0.342372 0.340809 0.285271 0.341607 0.285939 0.285271 0.229046 0.285939 0.229582 0.341607 0.285939 0.342372 0.28658 0.285939 0.229582 0.28658 0.230097 0.227905 0.171411 0.228487 0.171848 0.171411 0.114504 0.171848 0.114796 0.228487 0.171848 0.229046 0.172269 0.171848 0.114796 0.172269 0.115077 0.114504 0.0573209 0.114796 0.0574673 0.0573209 1.43063e-16 0.0574673 1.43429e-16 0.114796 0.0574673 0.115077 0.0576079 0.0574673 1.43429e-16 0.0576079 1.4378e-16 0.229046 0.172269 0.229582 0.172672 0.172269 0.115077 0.172672 0.115347 0.229582 0.172672 0.230097 0.173059 0.172672 0.115347 0.173059 0.115605 0.115077 0.0576079 0.115347 0.0577429 0.0576079 1.4378e-16 0.0577429 1.44116e-16 0.115347 0.0577429 0.115605 0.0578722 0.0577429 1.44116e-16 0.0578722 1.44439e-16 0.451351 0.39734 0.452317 0.398191 0.39734 0.342372 0.398191 0.343105 0.452317 0.398191 0.45324 0.399004 0.398191 0.343105 0.399004 0.343806 0.342372 0.28658 0.343105 0.287193 0.28658 0.230097 0.287193 0.230589 0.343105 0.287193 0.343806 0.28778 0.287193 0.230589 0.28778 0.23106 0.45324 0.399004 0.454122 0.39978 0.399004 0.343806 0.39978 0.344475 0.454122 0.39978 0.454963 0.40052 0.39978 0.344475 0.40052 0.345112 0.343806 0.28778 0.344475 0.288339 0.28778 0.23106 0.288339 0.23151 0.344475 0.288339 0.345112 0.288873 0.288339 0.23151 0.288873 0.231938 0.230097 0.173059 0.230589 0.17343 0.173059 0.115605 0.17343 0.115852 0.230589 0.17343 0.23106 0.173784 0.17343 0.115852 0.173784 0.116089 0.115605 0.0578722 0.115852 0.0579961 0.0578722 1.44439e-16 0.0579961 1.44748e-16 0.115852 0.0579961 0.116089 0.0581145 0.0579961 1.44748e-16 0.0581145 1.45044e-16 0.23106 0.173784 0.23151 0.174122 0.173784 0.116089 0.174122 0.116315 0.23151 0.174122 0.231938 0.174444 0.174122 0.116315 0.174444 0.11653 0.116089 0.0581145 0.116315 0.0582276 0.0581145 1.45044e-16 0.0582276 1.45326e-16 0.116315 0.0582276 0.11653 0.0583353 0.0582276 1.45326e-16 0.0583353 1.45595e-16 0.840662 0.7984 0.84214 0.799804 0.7984 0.754215 0.799804 0.755541 0.84214 0.799804 0.843545 0.801138 0.799804 0.755541 0.801138 0.756801 0.754215 0.708212 0.755541 0.709458 0.708212 0.660504 0.709458 0.661665 0.755541 0.709458 0.756801 0.710641 0.709458 0.661665 0.710641 0.662769 0.843545 0.801138 0.844876 0.802402 0.801138 0.756801 0.802402 0.757995 0.844876 0.802402 0.846136 0.803599 0.802402 0.757995 0.803599 0.759126 0.756801 0.710641 0.757995 0.711762 0.710641 0.662769 0.711762 0.663815 0.757995 0.711762 0.759126 0.712824 0.711762 0.663815 0.712824 0.664805 0.660504 0.611204 0.661665 0.612279 0.611204 0.560432 0.612279 0.561418 0.661665 0.612279 0.662769 0.6133 0.612279 0.561418 0.6133 0.562354 0.560432 0.50831 0.561418 0.509204 0.50831 0.454963 0.509204 0.455763 0.561418 0.509204 0.562354 0.510053 0.509204 0.455763 0.510053 0.456523 0.662769 0.6133 0.663815 0.614268 0.6133 0.562354 0.614268 0.563241 0.663815 0.614268 0.664805 0.615184 0.614268 0.563241 0.615184 0.564081 0.562354 0.510053 0.563241 0.510858 0.510053 0.456523 0.510858 0.457244 0.563241 0.510858 0.564081 0.51162 0.510858 0.457244 0.51162 0.457925 0.846136 0.803599 0.847325 0.804728 0.803599 0.759126 0.804728 0.760192 0.847325 0.804728 0.848444 0.805791 0.804728 0.760192 0.805791 0.761196 0.759126 0.712824 0.760192 0.713825 0.712824 0.664805 0.713825 0.665739 0.760192 0.713825 0.761196 0.714768 0.713825 0.665739 0.714768 0.666618 0.848444 0.805791 0.849494 0.806788 0.805791 0.761196 0.806788 0.762139 0.849494 0.806788 0.850477 0.807722 0.806788 0.762139 0.807722 0.76302 0.761196 0.714768 0.762139 0.715653 0.714768 0.666618 0.715653 0.667443 0.762139 0.715653 0.76302 0.716481 0.715653 0.667443 0.716481 0.668216 0.664805 0.615184 0.665739 0.616048 0.615184 0.564081 0.616048 0.564874 0.665739 0.616048 0.666618 0.616862 0.616048 0.564874 0.616862 0.56562 0.564081 0.51162 0.564874 0.512338 0.51162 0.457925 0.512338 0.458569 0.564874 0.512338 0.56562 0.513015 0.512338 0.458569 0.513015 0.459175 0.666618 0.616862 0.667443 0.617626 0.616862 0.56562 0.617626 0.56632 0.667443 0.617626 0.668216 0.61834 0.617626 0.56632 0.61834 0.566975 0.56562 0.513015 0.56632 0.51365 0.513015 0.459175 0.51365 0.459743 0.56632 0.51365 0.566975 0.514245 0.51365 0.459743 0.514245 0.460275 0.454963 0.40052 0.455763 0.401224 0.40052 0.345112 0.401224 0.345719 0.455763 0.401224 0.456523 0.401893 0.401224 0.345719 0.401893 0.346296 0.345112 0.288873 0.345719 0.289381 0.288873 0.231938 0.289381 0.232346 0.345719 0.289381 0.346296 0.289864 0.289381 0.232346 0.289864 0.232733 0.456523 0.401893 0.457244 0.402528 0.401893 0.346296 0.402528 0.346842 0.457244 0.402528 0.457925 0.403128 0.402528 0.346842 0.403128 0.347359 0.346296 0.289864 0.346842 0.290321 0.289864 0.232733 0.290321 0.233101 0.346842 0.290321 0.347359 0.290754 0.290321 0.233101 0.290754 0.233448 0.231938 0.174444 0.232346 0.174751 0.174444 0.11653 0.174751 0.116735 0.232346 0.174751 0.232733 0.175042 0.174751 0.116735 0.175042 0.11693 0.11653 0.0583353 0.116735 0.0584379 0.0583353 1.45595e-16 0.0584379 1.45851e-16 0.116735 0.0584379 0.11693 0.0585354 0.0584379 1.45851e-16 0.0585354 1.46094e-16 0.232733 0.175042 0.233101 0.175319 0.175042 0.11693 0.175319 0.117114 0.233101 0.175319 0.233448 0.17558 0.175319 0.117114 0.17558 0.117289 0.11693 0.0585354 0.117114 0.0586278 0.0585354 1.46094e-16 0.0586278 1.46325e-16 0.117114 0.0586278 0.117289 0.0587152 0.0586278 1.46325e-16 0.0587152 1.46543e-16 0.457925 0.403128 0.458569 0.403694 0.403128 0.347359 0.403694 0.347848 0.458569 0.403694 0.459175 0.404228 0.403694 0.347848 0.404228 0.348307 0.347359 0.290754 0.347848 0.291163 0.290754 0.233448 0.291163 0.233776 0.347848 0.291163 0.348307 0.291547 0.291163 0.233776 0.291547 0.234085 0.459175 0.404228 0.459743 0.404728 0.404228 0.348307 0.404728 0.348738 0.459743 0.404728 0.460275 0.405196 0.404728 0.348738 0.405196 0.349142 0.348307 0.291547 0.348738 0.291908 0.291547 0.234085 0.291908 0.234375 0.348738 0.291908 0.349142 0.292246 0.291908 0.234375 0.292246 0.234646 0.233448 0.17558 0.233776 0.175827 0.17558 0.117289 0.175827 0.117454 0.233776 0.175827 0.234085 0.176059 0.175827 0.117454 0.176059 0.117609 0.117289 0.0587152 0.117454 0.0587977 0.0587152 1.46543e-16 0.0587977 1.46749e-16 0.117454 0.0587977 0.117609 0.0588754 0.0587977 1.46749e-16 0.0588754 1.46943e-16 0.234085 0.176059 0.234375 0.176277 0.176059 0.117609 0.176277 0.117755 0.234375 0.176277 0.234646 0.176481 0.176277 0.117755 0.176481 0.117891 0.117609 0.0588754 0.117755 0.0589483 0.0588754 1.46943e-16 0.0589483 1.47125e-16 0.117755 0.0589483 0.117891 0.0590165 0.0589483 1.47125e-16 0.0590165 1.47295e-16 1.20276 1.20131 1.20405 1.2026 1.20131 1.19696 1.2026 1.19825 1.20405 1.2026 1.20525 1.2038 1.2026 1.19825 1.2038 1.19945 1.19696 1.18974 1.19825 1.19102 1.18974 1.17965 1.19102 1.18092 1.19825 1.19102 1.19945 1.19221 1.19102 1.18092 1.19221 1.1821 1.20525 1.2038 1.20636 1.20491 1.2038 1.19945 1.20491 1.20056 1.20636 1.20491 1.20739 1.20593 1.20491 1.20056 1.20593 1.20157 1.19945 1.19221 1.20056 1.19331 1.19221 1.1821 1.19331 1.18318 1.20056 1.19331 1.20157 1.19432 1.19331 1.18318 1.19432 1.18419 1.17965 1.16671 1.18092 1.16797 1.16671 1.15097 1.16797 1.15221 1.18092 1.16797 1.1821 1.16913 1.16797 1.15221 1.16913 1.15336 1.15097 1.13245 1.15221 1.13367 1.13245 1.1112 1.13367 1.1124 1.15221 1.13367 1.15336 1.1348 1.13367 1.1124 1.1348 1.11351 1.1821 1.16913 1.18318 1.17021 1.16913 1.15336 1.17021 1.15442 1.18318 1.17021 1.18419 1.1712 1.17021 1.15442 1.1712 1.1554 1.15336 1.1348 1.15442 1.13585 1.1348 1.11351 1.13585 1.11454 1.15442 1.13585 1.1554 1.13681 1.13585 1.11454 1.13681 1.11548 1.20739 1.20593 1.20832 1.20686 1.20593 1.20157 1.20686 1.2025 1.20832 1.20686 1.20916 1.2077 1.20686 1.2025 1.2077 1.20334 1.20157 1.19432 1.2025 1.19524 1.19432 1.18419 1.19524 1.1851 1.2025 1.19524 1.20334 1.19607 1.19524 1.1851 1.19607 1.18593 1.20916 1.2077 1.20992 1.20846 1.2077 1.20334 1.20846 1.20409 1.20992 1.20846 1.21059 1.20913 1.20846 1.20409 1.20913 1.20476 1.20334 1.19607 1.20409 1.19682 1.19607 1.18593 1.19682 1.18667 1.20409 1.19682 1.20476 1.19749 1.19682 1.18667 1.19749 1.18733 1.18419 1.1712 1.1851 1.17211 1.1712 1.1554 1.17211 1.15629 1.1851 1.17211 1.18593 1.17292 1.17211 1.15629 1.17292 1.15709 1.1554 1.13681 1.15629 1.13768 1.13681 1.11548 1.13768 1.11634 1.15629 1.13768 1.15709 1.13848 1.13768 1.11634 1.13848 1.11712 1.18593 1.17292 1.18667 1.17366 1.17292 1.15709 1.17366 1.15782 1.18667 1.17366 1.18733 1.17431 1.17366 1.15782 1.17431 1.15846 1.15709 1.13848 1.15782 1.13919 1.13848 1.11712 1.13919 1.11782 1.15782 1.13919 1.15846 1.13982 1.13919 1.11782 1.13982 1.11844 1.1112 1.08728 1.1124 1.08845 1.08728 1.06074 1.08845 1.06188 1.1124 1.08845 1.11351 1.08954 1.08845 1.06188 1.08954 1.06294 1.06074 1.03164 1.06188 1.03275 1.03164 1.00006 1.03275 1.00113 1.06188 1.03275 1.06294 1.03378 1.03275 1.00113 1.03378 1.00213 1.11351 1.08954 1.11454 1.09054 1.08954 1.06294 1.09054 1.06392 1.11454 1.09054 1.11548 1.09146 1.09054 1.06392 1.09146 1.06482 1.06294 1.03378 1.06392 1.03473 1.03378 1.00213 1.03473 1.00306 1.06392 1.03473 1.06482 1.03561 1.03473 1.00306 1.03561 1.0039 1.00006 0.966063 1.00113 0.967103 0.966063 0.929743 0.967103 0.930745 1.00113 0.967103 1.00213 0.968069 0.967103 0.930745 0.968069 0.931674 0.929743 0.891184 0.930745 0.892143 0.891184 0.850477 0.892143 0.851393 0.930745 0.892143 0.931674 0.893034 0.892143 0.851393 0.893034 0.852243 1.00213 0.968069 1.00306 0.968961 0.968069 0.931674 0.968961 0.932533 1.00306 0.968961 1.0039 0.969781 0.968961 0.932533 0.969781 0.933321 0.931674 0.893034 0.932533 0.893857 0.893034 0.852243 0.893857 0.853029 0.932533 0.893857 0.933321 0.894614 0.893857 0.853029 0.894614 0.85375 1.11548 1.09146 1.11634 1.09231 1.09146 1.06482 1.09231 1.06564 1.11634 1.09231 1.11712 1.09307 1.09231 1.06564 1.09307 1.06638 1.06482 1.03561 1.06564 1.03641 1.03561 1.0039 1.03641 1.00468 1.06564 1.03641 1.06638 1.03713 1.03641 1.00468 1.03713 1.00538 1.11712 1.09307 1.11782 1.09375 1.09307 1.06638 1.09375 1.06705 1.11782 1.09375 1.11844 1.09436 1.09375 1.06705 1.09436 1.06765 1.06638 1.03713 1.06705 1.03778 1.03713 1.00538 1.03778 1.00601 1.06705 1.03778 1.06765 1.03836 1.03778 1.00601 1.03836 1.00657 1.0039 0.969781 1.00468 0.970529 0.969781 0.933321 0.970529 0.934042 1.00468 0.970529 1.00538 0.971207 0.970529 0.934042 0.971207 0.934694 0.933321 0.894614 0.934042 0.895304 0.894614 0.85375 0.895304 0.854409 0.934042 0.895304 0.934694 0.895929 0.895304 0.854409 0.895929 0.855006 1.00538 0.971207 1.00601 0.971816 0.971207 0.934694 0.971816 0.93528 1.00601 0.971816 1.00657 0.972356 0.971816 0.93528 0.972356 0.935799 0.934694 0.895929 0.93528 0.89649 0.895929 0.855006 0.89649 0.855541 0.93528 0.89649 0.935799 0.896989 0.89649 0.855541 0.896989 0.856017 1.21059 1.20913 1.21118 1.20972 1.20913 1.20476 1.20972 1.20535 1.21118 1.20972 1.21169 1.21023 1.20972 1.20535 1.21023 1.20585 1.20476 1.19749 1.20535 1.19807 1.19749 1.18733 1.19807 1.18791 1.20535 1.19807 1.20585 1.19857 1.19807 1.18791 1.19857 1.1884 1.21169 1.21023 1.21211 1.21065 1.21023 1.20585 1.21065 1.20627 1.21211 1.21065 1.21246 1.211 1.21065 1.20627 1.211 1.20662 1.20585 1.19857 1.20627 1.19899 1.19857 1.1884 1.19899 1.18882 1.20627 1.19899 1.20662 1.19933 1.19899 1.18882 1.19933 1.18916 1.18733 1.17431 1.18791 1.17488 1.17431 1.15846 1.17488 1.15903 1.18791 1.17488 1.1884 1.17537 1.17488 1.15903 1.17537 1.15951 1.15846 1.13982 1.15903 1.14038 1.13982 1.11844 1.14038 1.11898 1.15903 1.14038 1.15951 1.14086 1.14038 1.11898 1.14086 1.11945 1.1884 1.17537 1.18882 1.17579 1.17537 1.15951 1.17579 1.15992 1.18882 1.17579 1.18916 1.17612 1.17579 1.15992 1.17612 1.16025 1.15951 1.14086 1.15992 1.14126 1.14086 1.11945 1.14126 1.11984 1.15992 1.14126 1.16025 1.14158 1.14126 1.11984 1.14158 1.12016 1.21246 1.211 1.21272 1.21126 1.211 1.20662 1.21126 1.20688 1.21272 1.21126 1.21291 1.21145 1.21126 1.20688 1.21145 1.20707 1.20662 1.19933 1.20688 1.1996 1.19933 1.18916 1.1996 1.18942 1.20688 1.1996 1.20707 1.19978 1.1996 1.18942 1.19978 1.18961 1.21291 1.21145 1.21302 1.21156 1.21145 1.20707 1.21156 1.20718 1.21302 1.21156 1.21306 1.2116 1.21156 1.20718 1.2116 1.20722 1.20707 1.19978 1.20718 1.19989 1.19978 1.18961 1.19989 1.18972 1.20718 1.19989 1.20722 1.19993 1.19989 1.18972 1.19993 1.18975 1.18916 1.17612 1.18942 1.17638 1.17612 1.16025 1.17638 1.1605 1.18942 1.17638 1.18961 1.17656 1.17638 1.1605 1.17656 1.16068 1.16025 1.14158 1.1605 1.14183 1.14158 1.12016 1.14183 1.12041 1.1605 1.14183 1.16068 1.14201 1.14183 1.12041 1.14201 1.12058 1.18961 1.17656 1.18972 1.17667 1.17656 1.16068 1.17667 1.16079 1.18972 1.17667 1.18975 1.17671 1.17667 1.16079 1.17671 1.16083 1.16068 1.14201 1.16079 1.14212 1.14201 1.12058 1.14212 1.12069 1.16079 1.14212 1.16083 1.14215 1.14212 1.12069 1.14215 1.12072 1.11844 1.09436 1.11898 1.09489 1.09436 1.06765 1.09489 1.06817 1.11898 1.09489 1.11945 1.09535 1.09489 1.06817 1.09535 1.06861 1.06765 1.03836 1.06817 1.03886 1.03836 1.00657 1.03886 1.00706 1.06817 1.03886 1.06861 1.0393 1.03886 1.00706 1.0393 1.00748 1.11945 1.09535 1.11984 1.09574 1.09535 1.06861 1.09574 1.06899 1.11984 1.09574 1.12016 1.09605 1.09574 1.06899 1.09605 1.06929 1.06861 1.0393 1.06899 1.03966 1.0393 1.00748 1.03966 1.00783 1.06899 1.03966 1.06929 1.03996 1.03966 1.00783 1.03996 1.00812 1.00657 0.972356 1.00706 0.972829 0.972356 0.935799 0.972829 0.936255 1.00706 0.972829 1.00748 0.973235 0.972829 0.936255 0.973235 0.936646 0.935799 0.896989 0.936255 0.897425 0.896989 0.856017 0.897425 0.856433 0.936255 0.897425 0.936646 0.8978 0.897425 0.856433 0.8978 0.856792 1.00748 0.973235 1.00783 0.973577 0.973235 0.936646 0.973577 0.936975 1.00783 0.973577 1.00812 0.973854 0.973577 0.936975 0.973854 0.937242 0.936646 0.8978 0.936975 0.898115 0.8978 0.856792 0.898115 0.857092 0.936975 0.898115 0.937242 0.898371 0.898115 0.857092 0.898371 0.857336 1.12016 1.09605 1.12041 1.09629 1.09605 1.06929 1.09629 1.06953 1.12041 1.09629 1.12058 1.09646 1.09629 1.06953 1.09646 1.06969 1.06929 1.03996 1.06953 1.04019 1.03996 1.00812 1.04019 1.00834 1.06953 1.04019 1.06969 1.04035 1.04019 1.00834 1.04035 1.0085 1.12058 1.09646 1.12069 1.09656 1.09646 1.06969 1.09656 1.06979 1.12069 1.09656 1.12072 1.09659 1.09656 1.06979 1.09659 1.06982 1.06969 1.04035 1.06979 1.04045 1.04035 1.0085 1.04045 1.00859 1.06979 1.04045 1.06982 1.04048 1.04045 1.00859 1.04048 1.00862 1.00812 0.973854 1.00834 0.974068 0.973854 0.937242 0.974068 0.937447 1.00834 0.974068 1.0085 0.97422 0.974068 0.937447 0.97422 0.937593 0.937242 0.898371 0.937447 0.898568 0.898371 0.857336 0.898568 0.857525 0.937447 0.898568 0.937593 0.898708 0.898568 0.857525 0.898708 0.857658 1.0085 0.97422 1.00859 0.97431 0.97422 0.937593 0.97431 0.93768 1.00859 0.97431 1.00862 0.97434 0.97431 0.93768 0.97434 0.937709 0.937593 0.898708 0.93768 0.898792 0.898708 0.857658 0.898792 0.857738 0.93768 0.898792 0.937709 0.898819 0.898792 0.857738 0.898819 0.857764 0.850477 0.807722 0.851393 0.808592 0.807722 0.76302 0.808592 0.763842 0.851393 0.808592 0.852243 0.809399 0.808592 0.763842 0.809399 0.764605 0.76302 0.716481 0.763842 0.717253 0.716481 0.668216 0.717253 0.668935 0.763842 0.717253 0.764605 0.717969 0.717253 0.668935 0.717969 0.669603 0.852243 0.809399 0.853029 0.810145 0.809399 0.764605 0.810145 0.76531 0.853029 0.810145 0.85375 0.81083 0.810145 0.76531 0.81083 0.765957 0.764605 0.717969 0.76531 0.718631 0.717969 0.669603 0.718631 0.67022 0.76531 0.718631 0.765957 0.719239 0.718631 0.67022 0.719239 0.670787 0.668216 0.61834 0.668935 0.619006 0.61834 0.566975 0.619006 0.567586 0.668935 0.619006 0.669603 0.619624 0.619006 0.567586 0.619624 0.568153 0.566975 0.514245 0.567586 0.514798 0.514245 0.460275 0.514798 0.460771 0.567586 0.514798 0.568153 0.515312 0.514798 0.460771 0.515312 0.461231 0.669603 0.619624 0.67022 0.620195 0.619624 0.568153 0.620195 0.568676 0.67022 0.620195 0.670787 0.62072 0.620195 0.568676 0.62072 0.569157 0.568153 0.515312 0.568676 0.515787 0.515312 0.461231 0.515787 0.461656 0.568676 0.515787 0.569157 0.516224 0.515787 0.461656 0.516224 0.462046 0.85375 0.81083 0.854409 0.811456 0.81083 0.765957 0.811456 0.766548 0.854409 0.811456 0.855006 0.812023 0.811456 0.766548 0.812023 0.767083 0.765957 0.719239 0.766548 0.719793 0.719239 0.670787 0.719793 0.671305 0.766548 0.719793 0.767083 0.720296 0.719793 0.671305 0.720296 0.671774 0.855006 0.812023 0.855541 0.812532 0.812023 0.767083 0.812532 0.767564 0.855541 0.812532 0.856017 0.812983 0.812532 0.767564 0.812983 0.767991 0.767083 0.720296 0.767564 0.720748 0.720296 0.671774 0.720748 0.672195 0.767564 0.720748 0.767991 0.721148 0.720748 0.672195 0.721148 0.672568 0.670787 0.62072 0.671305 0.621199 0.62072 0.569157 0.621199 0.569597 0.671305 0.621199 0.671774 0.621633 0.621199 0.569597 0.621633 0.569994 0.569157 0.516224 0.569597 0.516622 0.516224 0.462046 0.516622 0.462403 0.569597 0.516622 0.569994 0.516983 0.516622 0.462403 0.516983 0.462726 0.671774 0.621633 0.672195 0.622022 0.621633 0.569994 0.622022 0.570352 0.672195 0.622022 0.672568 0.622368 0.622022 0.570352 0.622368 0.570669 0.569994 0.516983 0.570352 0.517307 0.516983 0.462726 0.517307 0.463016 0.570352 0.517307 0.570669 0.517594 0.517307 0.463016 0.517594 0.463273 0.460275 0.405196 0.460771 0.405633 0.405196 0.349142 0.405633 0.349518 0.460771 0.405633 0.461231 0.406038 0.405633 0.349518 0.406038 0.349867 0.349142 0.292246 0.349518 0.292561 0.292246 0.234646 0.292561 0.234899 0.349518 0.292561 0.349867 0.292853 0.292561 0.234899 0.292853 0.235133 0.461231 0.406038 0.461656 0.406412 0.406038 0.349867 0.406412 0.350189 0.461656 0.406412 0.462046 0.406756 0.406412 0.350189 0.406756 0.350485 0.349867 0.292853 0.350189 0.293123 0.292853 0.235133 0.293123 0.23535 0.350189 0.293123 0.350485 0.293371 0.293123 0.23535 0.293371 0.235549 0.234646 0.176481 0.234899 0.176671 0.176481 0.117891 0.176671 0.118018 0.234899 0.176671 0.235133 0.176848 0.176671 0.118018 0.176848 0.118136 0.117891 0.0590165 0.118018 0.05908 0.0590165 1.47295e-16 0.05908 1.47454e-16 0.118018 0.05908 0.118136 0.059139 0.05908 1.47454e-16 0.059139 1.47601e-16 0.235133 0.176848 0.23535 0.17701 0.176848 0.118136 0.17701 0.118244 0.23535 0.17701 0.235549 0.17716 0.17701 0.118244 0.17716 0.118344 0.118136 0.059139 0.118244 0.0591935 0.059139 1.47601e-16 0.0591935 1.47737e-16 0.118244 0.0591935 0.118344 0.0592436 0.0591935 1.47737e-16 0.0592436 1.47862e-16 0.462046 0.406756 0.462403 0.40707 0.406756 0.350485 0.40707 0.350756 0.462403 0.40707 0.462726 0.407354 0.40707 0.350756 0.407354 0.351001 0.350485 0.293371 0.350756 0.293597 0.293371 0.235549 0.293597 0.235731 0.350756 0.293597 0.351001 0.293802 0.293597 0.235731 0.293802 0.235896 0.462726 0.407354 0.463016 0.407609 0.407354 0.351001 0.407609 0.351221 0.463016 0.407609 0.463273 0.407836 0.407609 0.351221 0.407836 0.351416 0.351001 0.293802 0.351221 0.293986 0.293802 0.235896 0.293986 0.236043 0.351221 0.293986 0.351416 0.29415 0.293986 0.236043 0.29415 0.236175 0.235549 0.17716 0.235731 0.177297 0.17716 0.118344 0.177297 0.118436 0.235731 0.177297 0.235896 0.177421 0.177297 0.118436 0.177421 0.118518 0.118344 0.0592436 0.118436 0.0592893 0.0592436 1.47862e-16 0.0592893 1.47976e-16 0.118436 0.0592893 0.118518 0.0593307 0.0592893 1.47976e-16 0.0593307 1.48079e-16 0.235896 0.177421 0.236043 0.177532 0.177421 0.118518 0.177532 0.118593 0.236043 0.177532 0.236175 0.177631 0.177532 0.118593 0.177631 0.118659 0.118518 0.0593307 0.118593 0.0593679 0.0593307 1.48079e-16 0.0593679 1.48172e-16 0.118593 0.0593679 0.118659 0.0594009 0.0593679 1.48172e-16 0.0594009 1.48255e-16 0.856017 0.812983 0.856433 0.813379 0.812983 0.767991 0.813379 0.768364 0.856433 0.813379 0.856792 0.813719 0.813379 0.768364 0.813719 0.768686 0.767991 0.721148 0.768364 0.721499 0.721148 0.672568 0.721499 0.672895 0.768364 0.721499 0.768686 0.721801 0.721499 0.672895 0.721801 0.673177 0.856792 0.813719 0.857092 0.814004 0.813719 0.768686 0.814004 0.768955 0.857092 0.814004 0.857336 0.814236 0.814004 0.768955 0.814236 0.769174 0.768686 0.721801 0.768955 0.722054 0.721801 0.673177 0.722054 0.673413 0.768955 0.722054 0.769174 0.72226 0.722054 0.673413 0.72226 0.673605 0.672568 0.622368 0.672895 0.622671 0.622368 0.570669 0.622671 0.570946 0.672895 0.622671 0.673177 0.622931 0.622671 0.570946 0.622931 0.571185 0.570669 0.517594 0.570946 0.517846 0.517594 0.463273 0.517846 0.463498 0.570946 0.517846 0.571185 0.518063 0.517846 0.463498 0.518063 0.463692 0.673177 0.622931 0.673413 0.62315 0.622931 0.571185 0.62315 0.571385 0.673413 0.62315 0.673605 0.623327 0.62315 0.571385 0.623327 0.571548 0.571185 0.518063 0.571385 0.518244 0.518063 0.463692 0.518244 0.463855 0.571385 0.518244 0.571548 0.518392 0.518244 0.463855 0.518392 0.463987 0.857336 0.814236 0.857525 0.814415 0.814236 0.769174 0.814415 0.769343 0.857525 0.814415 0.857658 0.814542 0.814415 0.769343 0.814542 0.769463 0.769174 0.72226 0.769343 0.722418 0.72226 0.673605 0.722418 0.673753 0.769343 0.722418 0.769463 0.722531 0.722418 0.673753 0.722531 0.673858 0.857658 0.814542 0.857738 0.814617 0.814542 0.769463 0.814617 0.769534 0.857738 0.814617 0.857764 0.814642 0.814617 0.769534 0.814642 0.769558 0.769463 0.722531 0.769534 0.722598 0.722531 0.673858 0.722598 0.67392 0.769534 0.722598 0.769558 0.72262 0.722598 0.67392 0.72262 0.673941 0.673605 0.623327 0.673753 0.623464 0.623327 0.571548 0.623464 0.571674 0.673753 0.623464 0.673858 0.623561 0.623464 0.571674 0.623561 0.571763 0.571548 0.518392 0.571674 0.518506 0.518392 0.463987 0.518506 0.464089 0.571674 0.518506 0.571763 0.518587 0.518506 0.464089 0.518587 0.464161 0.673858 0.623561 0.67392 0.623619 0.623561 0.571763 0.623619 0.571816 0.67392 0.623619 0.673941 0.623638 0.623619 0.571816 0.623638 0.571833 0.571763 0.518587 0.571816 0.518635 0.518587 0.464161 0.518635 0.464204 0.571816 0.518635 0.571833 0.518651 0.518635 0.464204 0.518651 0.464218 0.463273 0.407836 0.463498 0.408034 0.407836 0.351416 0.408034 0.351587 0.463498 0.408034 0.463692 0.408205 0.408034 0.351587 0.408205 0.351734 0.351416 0.29415 0.351587 0.294293 0.29415 0.236175 0.294293 0.236289 0.351587 0.294293 0.351734 0.294416 0.294293 0.236289 0.294416 0.236388 0.463692 0.408205 0.463855 0.408348 0.408205 0.351734 0.408348 0.351857 0.463855 0.408348 0.463987 0.408464 0.408348 0.351857 0.408464 0.351958 0.351734 0.294416 0.351857 0.294519 0.294416 0.236388 0.294519 0.236471 0.351857 0.294519 0.351958 0.294603 0.294519 0.236471 0.294603 0.236539 0.236175 0.177631 0.236289 0.177717 0.177631 0.118659 0.177717 0.118716 0.236289 0.177717 0.236388 0.177791 0.177717 0.118716 0.177791 0.118766 0.118659 0.0594009 0.118716 0.0594298 0.0594009 1.48255e-16 0.0594298 1.48327e-16 0.118716 0.0594298 0.118766 0.0594546 0.0594298 1.48327e-16 0.0594546 1.48389e-16 0.236388 0.177791 0.236471 0.177854 0.177791 0.118766 0.177854 0.118808 0.236471 0.177854 0.236539 0.177904 0.177854 0.118808 0.177904 0.118842 0.118766 0.0594546 0.118808 0.0594755 0.0594546 1.48389e-16 0.0594755 1.48441e-16 0.118808 0.0594755 0.118842 0.0594924 0.0594755 1.48441e-16 0.0594924 1.48483e-16 0.463987 0.408464 0.464089 0.408554 0.408464 0.351958 0.408554 0.352035 0.464089 0.408554 0.464161 0.408618 0.408554 0.352035 0.408618 0.35209 0.351958 0.294603 0.352035 0.294668 0.294603 0.236539 0.294668 0.236591 0.352035 0.294668 0.35209 0.294713 0.294668 0.236591 0.294713 0.236627 0.464161 0.408618 0.464204 0.408656 0.408618 0.35209 0.408656 0.352122 0.464204 0.408656 0.464218 0.408668 0.408656 0.352122 0.408668 0.352133 0.35209 0.294713 0.352122 0.294741 0.294713 0.236627 0.294741 0.236649 0.352122 0.294741 0.352133 0.29475 0.294741 0.236649 0.29475 0.236657 0.236539 0.177904 0.236591 0.177943 0.177904 0.118842 0.177943 0.118868 0.236591 0.177943 0.236627 0.177971 0.177943 0.118868 0.177971 0.118886 0.118842 0.0594924 0.118868 0.0595055 0.0594924 1.48483e-16 0.0595055 1.48516e-16 0.118868 0.0595055 0.118886 0.0595148 0.0595055 1.48516e-16 0.0595148 1.48539e-16 0.236627 0.177971 0.236649 0.177988 0.177971 0.118886 0.177988 0.118897 0.236649 0.177988 0.236657 0.177993 0.177988 0.118897 0.177993 0.118901 0.118886 0.0595148 0.118897 0.0595203 0.0595148 1.48539e-16 0.0595203 1.48553e-16 0.118897 0.0595203 0.118901 0.0595221 0.0595203 1.48553e-16 0.0595221 1.48557e-16 
