# vtk DataFile Version 3.0
#This file was generated by the deal.II library on 2026/6/24 at 23:33:31
ASCII
DATASET UNSTRUCTURED_GRID

POINTS 4096 double
0 0 0
0.03125 0 0
0 0.03125 0
0.03125 0.03125 0
0.03125 0 0
0.0625 0 0
0.03125 0.03125 0
0.0625 0.03125 0
0 0.03125 0
0.03125 0.03125 0
0 0.0625 0
0.03125 0.0625 0
0.03125 0.03125 0
0.0625 0.03125 0
0.03125 0.0625 0
0.0625 0.0625 0
0.0625 0 0
0.09375 0 0
0.0625 0.03125 0
0.09375 0.03125 0
0.09375 0 0
0.125 0 0
0.09375 0.03125 0
0.125 0.03125 0
0.0625 0.03125 0
0.09375 0.03125 0
0.0625 0.0625 0
0.09375 0.0625 0
0.09375 0.03125 0
0.125 0.03125 0
0.09375 0.0625 0
0.125 0.0625 0
0 0.0625 0
0.03125 0.0625 0
0 0.09375 0
0.03125 0.09375 0
0.03125 0.0625 0
0.0625 0.0625 0
0.03125 0.09375 0
0.0625 0.09375 0
0 0.09375 0
0.03125 0.09375 0
0 0.125 0
0.03125 0.125 0
0.03125 0.09375 0
0.0625 0.09375 0
0.03125 0.125 0
0.0625 0.125 0
0.0625 0.0625 0
0.09375 0.0625 0
0.0625 0.09375 0
0.09375 0.09375 0
0.09375 0.0625 0
0.125 0.0625 0
0.09375 0.09375 0
0.125 0.09375 0
0.0625 0.09375 0
0.09375 0.09375 0
0.0625 0.125 0
0.09375 0.125 0
0.09375 0.09375 0
0.125 0.09375 0
0.09375 0.125 0
0.125 0.125 0
0.125 0 0
0.15625 0 0
0.125 0.03125 0
0.15625 0.03125 0
0.15625 0 0
0.1875 0 0
0.15625 0.03125 0
0.1875 0.03125 0
0.125 0.03125 0
0.15625 0.03125 0
0.125 0.0625 0
0.15625 0.0625 0
0.15625 0.03125 0
0.1875 0.03125 0
0.15625 0.0625 0
0.1875 0.0625 0
0.1875 0 0
0.21875 0 0
0.1875 0.03125 0
0.21875 0.03125 0
0.21875 0 0
0.25 0 0
0.21875 0.03125 0
0.25 0.03125 0
0.1875 0.03125 0
0.21875 0.03125 0
0.1875 0.0625 0
0.21875 0.0625 0
0.21875 0.03125 0
0.25 0.03125 0
0.21875 0.0625 0
0.25 0.0625 0
0.125 0.0625 0
0.15625 0.0625 0
0.125 0.09375 0
0.15625 0.09375 0
0.15625 0.0625 0
0.1875 0.0625 0
0.15625 0.09375 0
0.1875 0.09375 0
0.125 0.09375 0
0.15625 0.09375 0
0.125 0.125 0
0.15625 0.125 0
0.15625 0.09375 0
0.1875 0.09375 0
0.15625 0.125 0
0.1875 0.125 0
0.1875 0.0625 0
0.21875 0.0625 0
0.1875 0.09375 0
0.21875 0.09375 0
0.21875 0.0625 0
0.25 0.0625 0
0.21875 0.09375 0
0.25 0.09375 0
0.1875 0.09375 0
0.21875 0.09375 0
0.1875 0.125 0
0.21875 0.125 0
0.21875 0.09375 0
0.25 0.09375 0
0.21875 0.125 0
0.25 0.125 0
0 0.125 0
0.03125 0.125 0
0 0.15625 0
0.03125 0.15625 0
0.03125 0.125 0
0.0625 0.125 0
0.03125 0.15625 0
0.0625 0.15625 0
0 0.15625 0
0.03125 0.15625 0
0 0.1875 0
0.03125 0.1875 0
0.03125 0.15625 0
0.0625 0.15625 0
0.03125 0.1875 0
0.0625 0.1875 0
0.0625 0.125 0
0.09375 0.125 0
0.0625 0.15625 0
0.09375 0.15625 0
0.09375 0.125 0
0.125 0.125 0
0.09375 0.15625 0
0.125 0.15625 0
0.0625 0.15625 0
0.09375 0.15625 0
0.0625 0.1875 0
0.09375 0.1875 0
0.09375 0.15625 0
0.125 0.15625 0
0.09375 0.1875 0
0.125 0.1875 0
0 0.1875 0
0.03125 0.1875 0
0 0.21875 0
0.03125 0.21875 0
0.03125 0.1875 0
0.0625 0.1875 0
0.03125 0.21875 0
0.0625 0.21875 0
0 0.21875 0
0.03125 0.21875 0
0 0.25 0
0.03125 0.25 0
0.03125 0.21875 0
0.0625 0.21875 0
0.03125 0.25 0
0.0625 0.25 0
0.0625 0.1875 0
0.09375 0.1875 0
0.0625 0.21875 0
0.09375 0.21875 0
0.09375 0.1875 0
0.125 0.1875 0
0.09375 0.21875 0
0.125 0.21875 0
0.0625 0.21875 0
0.09375 0.21875 0
0.0625 0.25 0
0.09375 0.25 0
0.09375 0.21875 0
0.125 0.21875 0
0.09375 0.25 0
0.125 0.25 0
0.125 0.125 0
0.15625 0.125 0
0.125 0.15625 0
0.15625 0.15625 0
0.15625 0.125 0
0.1875 0.125 0
0.15625 0.15625 0
0.1875 0.15625 0
0.125 0.15625 0
0.15625 0.15625 0
0.125 0.1875 0
0.15625 0.1875 0
0.15625 0.15625 0
0.1875 0.15625 0
0.15625 0.1875 0
0.1875 0.1875 0
0.1875 0.125 0
0.21875 0.125 0
0.1875 0.15625 0
0.21875 0.15625 0
0.21875 0.125 0
0.25 0.125 0
0.21875 0.15625 0
0.25 0.15625 0
0.1875 0.15625 0
0.21875 0.15625 0
0.1875 0.1875 0
0.21875 0.1875 0
0.21875 0.15625 0
0.25 0.15625 0
0.21875 0.1875 0
0.25 0.1875 0
0.125 0.1875 0
0.15625 0.1875 0
0.125 0.21875 0
0.15625 0.21875 0
0.15625 0.1875 0
0.1875 0.1875 0
0.15625 0.21875 0
0.1875 0.21875 0
0.125 0.21875 0
0.15625 0.21875 0
0.125 0.25 0
0.15625 0.25 0
0.15625 0.21875 0
0.1875 0.21875 0
0.15625 0.25 0
0.1875 0.25 0
0.1875 0.1875 0
0.21875 0.1875 0
0.1875 0.21875 0
0.21875 0.21875 0
0.21875 0.1875 0
0.25 0.1875 0
0.21875 0.21875 0
0.25 0.21875 0
0.1875 0.21875 0
0.21875 0.21875 0
0.1875 0.25 0
0.21875 0.25 0
0.21875 0.21875 0
0.25 0.21875 0
0.21875 0.25 0
0.25 0.25 0
0.25 0 0
0.28125 0 0
0.25 0.03125 0
0.28125 0.03125 0
0.28125 0 0
0.3125 0 0
0.28125 0.03125 0
0.3125 0.03125 0
0.25 0.03125 0
0.28125 0.03125 0
0.25 0.0625 0
0.28125 0.0625 0
0.28125 0.03125 0
0.3125 0.03125 0
0.28125 0.0625 0
0.3125 0.0625 0
0.3125 0 0
0.34375 0 0
0.3125 0.03125 0
0.34375 0.03125 0
0.34375 0 0
0.375 0 0
0.34375 0.03125 0
0.375 0.03125 0
0.3125 0.03125 0
0.34375 0.03125 0
0.3125 0.0625 0
0.34375 0.0625 0
0.34375 0.03125 0
0.375 0.03125 0
0.34375 0.0625 0
0.375 0.0625 0
0.25 0.0625 0
0.28125 0.0625 0
0.25 0.09375 0
0.28125 0.09375 0
0.28125 0.0625 0
0.3125 0.0625 0
0.28125 0.09375 0
0.3125 0.09375 0
0.25 0.09375 0
0.28125 0.09375 0
0.25 0.125 0
0.28125 0.125 0
0.28125 0.09375 0
0.3125 0.09375 0
0.28125 0.125 0
0.3125 0.125 0
0.3125 0.0625 0
0.34375 0.0625 0
0.3125 0.09375 0
0.34375 0.09375 0
0.34375 0.0625 0
0.375 0.0625 0
0.34375 0.09375 0
0.375 0.09375 0
0.3125 0.09375 0
0.34375 0.09375 0
0.3125 0.125 0
0.34375 0.125 0
0.34375 0.09375 0
0.375 0.09375 0
0.34375 0.125 0
0.375 0.125 0
0.375 0 0
0.40625 0 0
0.375 0.03125 0
0.40625 0.03125 0
0.40625 0 0
0.4375 0 0
0.40625 0.03125 0
0.4375 0.03125 0
0.375 0.03125 0
0.40625 0.03125 0
0.375 0.0625 0
0.40625 0.0625 0
0.40625 0.03125 0
0.4375 0.03125 0
0.40625 0.0625 0
0.4375 0.0625 0
0.4375 0 0
0.46875 0 0
0.4375 0.03125 0
0.46875 0.03125 0
0.46875 0 0
0.5 0 0
0.46875 0.03125 0
0.5 0.03125 0
0.4375 0.03125 0
0.46875 0.03125 0
0.4375 0.0625 0
0.46875 0.0625 0
0.46875 0.03125 0
0.5 0.03125 0
0.46875 0.0625 0
0.5 0.0625 0
0.375 0.0625 0
0.40625 0.0625 0
0.375 0.09375 0
0.40625 0.09375 0
0.40625 0.0625 0
0.4375 0.0625 0
0.40625 0.09375 0
0.4375 0.09375 0
0.375 0.09375 0
0.40625 0.09375 0
0.375 0.125 0
0.40625 0.125 0
0.40625 0.09375 0
0.4375 0.09375 0
0.40625 0.125 0
0.4375 0.125 0
0.4375 0.0625 0
0.46875 0.0625 0
0.4375 0.09375 0
0.46875 0.09375 0
0.46875 0.0625 0
0.5 0.0625 0
0.46875 0.09375 0
0.5 0.09375 0
0.4375 0.09375 0
0.46875 0.09375 0
0.4375 0.125 0
0.46875 0.125 0
0.46875 0.09375 0
0.5 0.09375 0
0.46875 0.125 0
0.5 0.125 0
0.25 0.125 0
0.28125 0.125 0
0.25 0.15625 0
0.28125 0.15625 0
0.28125 0.125 0
0.3125 0.125 0
0.28125 0.15625 0
0.3125 0.15625 0
0.25 0.15625 0
0.28125 0.15625 0
0.25 0.1875 0
0.28125 0.1875 0
0.28125 0.15625 0
0.3125 0.15625 0
0.28125 0.1875 0
0.3125 0.1875 0
0.3125 0.125 0
0.34375 0.125 0
0.3125 0.15625 0
0.34375 0.15625 0
0.34375 0.125 0
0.375 0.125 0
0.34375 0.15625 0
0.375 0.15625 0
0.3125 0.15625 0
0.34375 0.15625 0
0.3125 0.1875 0
0.34375 0.1875 0
0.34375 0.15625 0
0.375 0.15625 0
0.34375 0.1875 0
0.375 0.1875 0
0.25 0.1875 0
0.28125 0.1875 0
0.25 0.21875 0
0.28125 0.21875 0
0.28125 0.1875 0
0.3125 0.1875 0
0.28125 0.21875 0
0.3125 0.21875 0
0.25 0.21875 0
0.28125 0.21875 0
0.25 0.25 0
0.28125 0.25 0
0.28125 0.21875 0
0.3125 0.21875 0
0.28125 0.25 0
0.3125 0.25 0
0.3125 0.1875 0
0.34375 0.1875 0
0.3125 0.21875 0
0.34375 0.21875 0
0.34375 0.1875 0
0.375 0.1875 0
0.34375 0.21875 0
0.375 0.21875 0
0.3125 0.21875 0
0.34375 0.21875 0
0.3125 0.25 0
0.34375 0.25 0
0.34375 0.21875 0
0.375 0.21875 0
0.34375 0.25 0
0.375 0.25 0
0.375 0.125 0
0.40625 0.125 0
0.375 0.15625 0
0.40625 0.15625 0
0.40625 0.125 0
0.4375 0.125 0
0.40625 0.15625 0
0.4375 0.15625 0
0.375 0.15625 0
0.40625 0.15625 0
0.375 0.1875 0
0.40625 0.1875 0
0.40625 0.15625 0
0.4375 0.15625 0
0.40625 0.1875 0
0.4375 0.1875 0
0.4375 0.125 0
0.46875 0.125 0
0.4375 0.15625 0
0.46875 0.15625 0
0.46875 0.125 0
0.5 0.125 0
0.46875 0.15625 0
0.5 0.15625 0
0.4375 0.15625 0
0.46875 0.15625 0
0.4375 0.1875 0
0.46875 0.1875 0
0.46875 0.15625 0
0.5 0.15625 0
0.46875 0.1875 0
0.5 0.1875 0
0.375 0.1875 0
0.40625 0.1875 0
0.375 0.21875 0
0.40625 0.21875 0
0.40625 0.1875 0
0.4375 0.1875 0
0.40625 0.21875 0
0.4375 0.21875 0
0.375 0.21875 0
0.40625 0.21875 0
0.375 0.25 0
0.40625 0.25 0
0.40625 0.21875 0
0.4375 0.21875 0
0.40625 0.25 0
0.4375 0.25 0
0.4375 0.1875 0
0.46875 0.1875 0
0.4375 0.21875 0
0.46875 0.21875 0
0.46875 0.1875 0
0.5 0.1875 0
0.46875 0.21875 0
0.5 0.21875 0
0.4375 0.21875 0
0.46875 0.21875 0
0.4375 0.25 0
0.46875 0.25 0
0.46875 0.21875 0
0.5 0.21875 0
0.46875 0.25 0
0.5 0.25 0
0 0.25 0
0.03125 0.25 0
0 0.28125 0
0.03125 0.28125 0
0.03125 0.25 0
0.0625 0.25 0
0.03125 0.28125 0
0.0625 0.28125 0
0 0.28125 0
0.03125 0.28125 0
0 0.3125 0
0.03125 0.3125 0
0.03125 0.28125 0
0.0625 0.28125 0
0.03125 0.3125 0
0.0625 0.3125 0
0.0625 0.25 0
0.09375 0.25 0
0.0625 0.28125 0
0.09375 0.28125 0
0.09375 0.25 0
0.125 0.25 0
0.09375 0.28125 0
0.125 0.28125 0
0.0625 0.28125 0
0.09375 0.28125 0
0.0625 0.3125 0
0.09375 0.3125 0
0.09375 0.28125 0
0.125 0.28125 0
0.09375 0.3125 0
0.125 0.3125 0
0 0.3125 0
0.03125 0.3125 0
0 0.34375 0
0.03125 0.34375 0
0.03125 0.3125 0
0.0625 0.3125 0
0.03125 0.34375 0
0.0625 0.34375 0
0 0.34375 0
0.03125 0.34375 0
0 0.375 0
0.03125 0.375 0
0.03125 0.34375 0
0.0625 0.34375 0
0.03125 0.375 0
0.0625 0.375 0
0.0625 0.3125 0
0.09375 0.3125 0
0.0625 0.34375 0
0.09375 0.34375 0
0.09375 0.3125 0
0.125 0.3125 0
0.09375 0.34375 0
0.125 0.34375 0
0.0625 0.34375 0
0.09375 0.34375 0
0.0625 0.375 0
0.09375 0.375 0
0.09375 0.34375 0
0.125 0.34375 0
0.09375 0.375 0
0.125 0.375 0
0.125 0.25 0
0.15625 0.25 0
0.125 0.28125 0
0.15625 0.28125 0
0.15625 0.25 0
0.1875 0.25 0
0.15625 0.28125 0
0.1875 0.28125 0
0.125 0.28125 0
0.15625 0.28125 0
0.125 0.3125 0
0.15625 0.3125 0
0.15625 0.28125 0
0.1875 0.28125 0
0.15625 0.3125 0
0.1875 0.3125 0
0.1875 0.25 0
0.21875 0.25 0
0.1875 0.28125 0
0.21875 0.28125 0
0.21875 0.25 0
0.25 0.25 0
0.21875 0.28125 0
0.25 0.28125 0
0.1875 0.28125 0
0.21875 0.28125 0
0.1875 0.3125 0
0.21875 0.3125 0
0.21875 0.28125 0
0.25 0.28125 0
0.21875 0.3125 0
0.25 0.3125 0
0.125 0.3125 0
0.15625 0.3125 0
0.125 0.34375 0
0.15625 0.34375 0
0.15625 0.3125 0
0.1875 0.3125 0
0.15625 0.34375 0
0.1875 0.34375 0
0.125 0.34375 0
0.15625 0.34375 0
0.125 0.375 0
0.15625 0.375 0
0.15625 0.34375 0
0.1875 0.34375 0
0.15625 0.375 0
0.1875 0.375 0
0.1875 0.3125 0
0.21875 0.3125 0
0.1875 0.34375 0
0.21875 0.34375 0
0.21875 0.3125 0
0.25 0.3125 0
0.21875 0.34375 0
0.25 0.34375 0
0.1875 0.34375 0
0.21875 0.34375 0
0.1875 0.375 0
0.21875 0.375 0
0.21875 0.34375 0
0.25 0.34375 0
0.21875 0.375 0
0.25 0.375 0
0 0.375 0
0.03125 0.375 0
0 0.40625 0
0.03125 0.40625 0
0.03125 0.375 0
0.0625 0.375 0
0.03125 0.40625 0
0.0625 0.40625 0
0 0.40625 0
0.03125 0.40625 0
0 0.4375 0
0.03125 0.4375 0
0.03125 0.40625 0
0.0625 0.40625 0
0.03125 0.4375 0
0.0625 0.4375 0
0.0625 0.375 0
0.09375 0.375 0
0.0625 0.40625 0
0.09375 0.40625 0
0.09375 0.375 0
0.125 0.375 0
0.09375 0.40625 0
0.125 0.40625 0
0.0625 0.40625 0
0.09375 0.40625 0
0.0625 0.4375 0
0.09375 0.4375 0
0.09375 0.40625 0
0.125 0.40625 0
0.09375 0.4375 0
0.125 0.4375 0
0 0.4375 0
0.03125 0.4375 0
0 0.46875 0
0.03125 0.46875 0
0.03125 0.4375 0
0.0625 0.4375 0
0.03125 0.46875 0
0.0625 0.46875 0
0 0.46875 0
0.03125 0.46875 0
0 0.5 0
0.03125 0.5 0
0.03125 0.46875 0
0.0625 0.46875 0
0.03125 0.5 0
0.0625 0.5 0
0.0625 0.4375 0
0.09375 0.4375 0
0.0625 0.46875 0
0.09375 0.46875 0
0.09375 0.4375 0
0.125 0.4375 0
0.09375 0.46875 0
0.125 0.46875 0
0.0625 0.46875 0
0.09375 0.46875 0
0.0625 0.5 0
0.09375 0.5 0
0.09375 0.46875 0
0.125 0.46875 0
0.09375 0.5 0
0.125 0.5 0
0.125 0.375 0
0.15625 0.375 0
0.125 0.40625 0
0.15625 0.40625 0
0.15625 0.375 0
0.1875 0.375 0
0.15625 0.40625 0
0.1875 0.40625 0
0.125 0.40625 0
0.15625 0.40625 0
0.125 0.4375 0
0.15625 0.4375 0
0.15625 0.40625 0
0.1875 0.40625 0
0.15625 0.4375 0
0.1875 0.4375 0
0.1875 0.375 0
0.21875 0.375 0
0.1875 0.40625 0
0.21875 0.40625 0
0.21875 0.375 0
0.25 0.375 0
0.21875 0.40625 0
0.25 0.40625 0
0.1875 0.40625 0
0.21875 0.40625 0
0.1875 0.4375 0
0.21875 0.4375 0
0.21875 0.40625 0
0.25 0.40625 0
0.21875 0.4375 0
0.25 0.4375 0
0.125 0.4375 0
0.15625 0.4375 0
0.125 0.46875 0
0.15625 0.46875 0
0.15625 0.4375 0
0.1875 0.4375 0
0.15625 0.46875 0
0.1875 0.46875 0
0.125 0.46875 0
0.15625 0.46875 0
0.125 0.5 0
0.15625 0.5 0
0.15625 0.46875 0
0.1875 0.46875 0
0.15625 0.5 0
0.1875 0.5 0
0.1875 0.4375 0
0.21875 0.4375 0
0.1875 0.46875 0
0.21875 0.46875 0
0.21875 0.4375 0
0.25 0.4375 0
0.21875 0.46875 0
0.25 0.46875 0
0.1875 0.46875 0
0.21875 0.46875 0
0.1875 0.5 0
0.21875 0.5 0
0.21875 0.46875 0
0.25 0.46875 0
0.21875 0.5 0
0.25 0.5 0
0.25 0.25 0
0.28125 0.25 0
0.25 0.28125 0
0.28125 0.28125 0
0.28125 0.25 0
0.3125 0.25 0
0.28125 0.28125 0
0.3125 0.28125 0
0.25 0.28125 0
0.28125 0.28125 0
0.25 0.3125 0
0.28125 0.3125 0
0.28125 0.28125 0
0.3125 0.28125 0
0.28125 0.3125 0
0.3125 0.3125 0
0.3125 0.25 0
0.34375 0.25 0
0.3125 0.28125 0
0.34375 0.28125 0
0.34375 0.25 0
0.375 0.25 0
0.34375 0.28125 0
0.375 0.28125 0
0.3125 0.28125 0
0.34375 0.28125 0
0.3125 0.3125 0
0.34375 0.3125 0
0.34375 0.28125 0
0.375 0.28125 0
0.34375 0.3125 0
0.375 0.3125 0
0.25 0.3125 0
0.28125 0.3125 0
0.25 0.34375 0
0.28125 0.34375 0
0.28125 0.3125 0
0.3125 0.3125 0
0.28125 0.34375 0
0.3125 0.34375 0
0.25 0.34375 0
0.28125 0.34375 0
0.25 0.375 0
0.28125 0.375 0
0.28125 0.34375 0
0.3125 0.34375 0
0.28125 0.375 0
0.3125 0.375 0
0.3125 0.3125 0
0.34375 0.3125 0
0.3125 0.34375 0
0.34375 0.34375 0
0.34375 0.3125 0
0.375 0.3125 0
0.34375 0.34375 0
0.375 0.34375 0
0.3125 0.34375 0
0.34375 0.34375 0
0.3125 0.375 0
0.34375 0.375 0
0.34375 0.34375 0
0.375 0.34375 0
0.34375 0.375 0
0.375 0.375 0
0.375 0.25 0
0.40625 0.25 0
0.375 0.28125 0
0.40625 0.28125 0
0.40625 0.25 0
0.4375 0.25 0
0.40625 0.28125 0
0.4375 0.28125 0
0.375 0.28125 0
0.40625 0.28125 0
0.375 0.3125 0
0.40625 0.3125 0
0.40625 0.28125 0
0.4375 0.28125 0
0.40625 0.3125 0
0.4375 0.3125 0
0.4375 0.25 0
0.46875 0.25 0
0.4375 0.28125 0
0.46875 0.28125 0
0.46875 0.25 0
0.5 0.25 0
0.46875 0.28125 0
0.5 0.28125 0
0.4375 0.28125 0
0.46875 0.28125 0
0.4375 0.3125 0
0.46875 0.3125 0
0.46875 0.28125 0
0.5 0.28125 0
0.46875 0.3125 0
0.5 0.3125 0
0.375 0.3125 0
0.40625 0.3125 0
0.375 0.34375 0
0.40625 0.34375 0
0.40625 0.3125 0
0.4375 0.3125 0
0.40625 0.34375 0
0.4375 0.34375 0
0.375 0.34375 0
0.40625 0.34375 0
0.375 0.375 0
0.40625 0.375 0
0.40625 0.34375 0
0.4375 0.34375 0
0.40625 0.375 0
0.4375 0.375 0
0.4375 0.3125 0
0.46875 0.3125 0
0.4375 0.34375 0
0.46875 0.34375 0
0.46875 0.3125 0
0.5 0.3125 0
0.46875 0.34375 0
0.5 0.34375 0
0.4375 0.34375 0
0.46875 0.34375 0
0.4375 0.375 0
0.46875 0.375 0
0.46875 0.34375 0
0.5 0.34375 0
0.46875 0.375 0
0.5 0.375 0
0.25 0.375 0
0.28125 0.375 0
0.25 0.40625 0
0.28125 0.40625 0
0.28125 0.375 0
0.3125 0.375 0
0.28125 0.40625 0
0.3125 0.40625 0
0.25 0.40625 0
0.28125 0.40625 0
0.25 0.4375 0
0.28125 0.4375 0
0.28125 0.40625 0
0.3125 0.40625 0
0.28125 0.4375 0
0.3125 0.4375 0
0.3125 0.375 0
0.34375 0.375 0
0.3125 0.40625 0
0.34375 0.40625 0
0.34375 0.375 0
0.375 0.375 0
0.34375 0.40625 0
0.375 0.40625 0
0.3125 0.40625 0
0.34375 0.40625 0
0.3125 0.4375 0
0.34375 0.4375 0
0.34375 0.40625 0
0.375 0.40625 0
0.34375 0.4375 0
0.375 0.4375 0
0.25 0.4375 0
0.28125 0.4375 0
0.25 0.46875 0
0.28125 0.46875 0
0.28125 0.4375 0
0.3125 0.4375 0
0.28125 0.46875 0
0.3125 0.46875 0
0.25 0.46875 0
0.28125 0.46875 0
0.25 0.5 0
0.28125 0.5 0
0.28125 0.46875 0
0.3125 0.46875 0
0.28125 0.5 0
0.3125 0.5 0
0.3125 0.4375 0
0.34375 0.4375 0
0.3125 0.46875 0
0.34375 0.46875 0
0.34375 0.4375 0
0.375 0.4375 0
0.34375 0.46875 0
0.375 0.46875 0
0.3125 0.46875 0
0.34375 0.46875 0
0.3125 0.5 0
0.34375 0.5 0
0.34375 0.46875 0
0.375 0.46875 0
0.34375 0.5 0
0.375 0.5 0
0.375 0.375 0
0.40625 0.375 0
0.375 0.40625 0
0.40625 0.40625 0
0.40625 0.375 0
0.4375 0.375 0
0.40625 0.40625 0
0.4375 0.40625 0
0.375 0.40625 0
0.40625 0.40625 0
0.375 0.4375 0
0.40625 0.4375 0
0.40625 0.40625 0
0.4375 0.40625 0
0.40625 0.4375 0
0.4375 0.4375 0
0.4375 0.375 0
0.46875 0.375 0
0.4375 0.40625 0
0.46875 0.40625 0
0.46875 0.375 0
0.5 0.375 0
0.46875 0.40625 0
0.5 0.40625 0
0.4375 0.40625 0
0.46875 0.40625 0
0.4375 0.4375 0
0.46875 0.4375 0
0.46875 0.40625 0
0.5 0.40625 0
0.46875 0.4375 0
0.5 0.4375 0
0.375 0.4375 0
0.40625 0.4375 0
0.375 0.46875 0
0.40625 0.46875 0
0.40625 0.4375 0
0.4375 0.4375 0
0.40625 0.46875 0
0.4375 0.46875 0
0.375 0.46875 0
0.40625 0.46875 0
0.375 0.5 0
0.40625 0.5 0
0.40625 0.46875 0
0.4375 0.46875 0
0.40625 0.5 0
0.4375 0.5 0
0.4375 0.4375 0
0.46875 0.4375 0
0.4375 0.46875 0
0.46875 0.46875 0
0.46875 0.4375 0
0.5 0.4375 0
0.46875 0.46875 0
0.5 0.46875 0
0.4375 0.46875 0
0.46875 0.46875 0
0.4375 0.5 0
0.46875 0.5 0
0.46875 0.46875 0
0.5 0.46875 0
0.46875 0.5 0
0.5 0.5 0
0.5 0 0
0.53125 0 0
0.5 0.03125 0
0.53125 0.03125 0
0.53125 0 0
0.5625 0 0
0.53125 0.03125 0
0.5625 0.03125 0
0.5 0.03125 0
0.53125 0.03125 0
0.5 0.0625 0
0.53125 0.0625 0
0.53125 0.03125 0
0.5625 0.03125 0
0.53125 0.0625 0
0.5625 0.0625 0
0.5625 0 0
0.59375 0 0
0.5625 0.03125 0
0.59375 0.03125 0
0.59375 0 0
0.625 0 0
0.59375 0.03125 0
0.625 0.03125 0
0.5625 0.03125 0
0.59375 0.03125 0
0.5625 0.0625 0
0.59375 0.0625 0
0.59375 0.03125 0
0.625 0.03125 0
0.59375 0.0625 0
0.625 0.0625 0
0.5 0.0625 0
0.53125 0.0625 0
0.5 0.09375 0
0.53125 0.09375 0
0.53125 0.0625 0
0.5625 0.0625 0
0.53125 0.09375 0
0.5625 0.09375 0
0.5 0.09375 0
0.53125 0.09375 0
0.5 0.125 0
0.53125 0.125 0
0.53125 0.09375 0
0.5625 0.09375 0
0.53125 0.125 0
0.5625 0.125 0
0.5625 0.0625 0
0.59375 0.0625 0
0.5625 0.09375 0
0.59375 0.09375 0
0.59375 0.0625 0
0.625 0.0625 0
0.59375 0.09375 0
0.625 0.09375 0
0.5625 0.09375 0
0.59375 0.09375 0
0.5625 0.125 0
0.59375 0.125 0
0.59375 0.09375 0
0.625 0.09375 0
0.59375 0.125 0
0.625 0.125 0
0.625 0 0
0.65625 0 0
0.625 0.03125 0
0.65625 0.03125 0
0.65625 0 0
0.6875 0 0
0.65625 0.03125 0
0.6875 0.03125 0
0.625 0.03125 0
0.65625 0.03125 0
0.625 0.0625 0
0.65625 0.0625 0
0.65625 0.03125 0
0.6875 0.03125 0
0.65625 0.0625 0
0.6875 0.0625 0
0.6875 0 0
0.71875 0 0
0.6875 0.03125 0
0.71875 0.03125 0
0.71875 0 0
0.75 0 0
0.71875 0.03125 0
0.75 0.03125 0
0.6875 0.03125 0
0.71875 0.03125 0
0.6875 0.0625 0
0.71875 0.0625 0
0.71875 0.03125 0
0.75 0.03125 0
0.71875 0.0625 0
0.75 0.0625 0
0.625 0.0625 0
0.65625 0.0625 0
0.625 0.09375 0
0.65625 0.09375 0
0.65625 0.0625 0
0.6875 0.0625 0
0.65625 0.09375 0
0.6875 0.09375 0
0.625 0.09375 0
0.65625 0.09375 0
0.625 0.125 0
0.65625 0.125 0
0.65625 0.09375 0
0.6875 0.09375 0
0.65625 0.125 0
0.6875 0.125 0
0.6875 0.0625 0
0.71875 0.0625 0
0.6875 0.09375 0
0.71875 0.09375 0
0.71875 0.0625 0
0.75 0.0625 0
0.71875 0.09375 0
0.75 0.09375 0
0.6875 0.09375 0
0.71875 0.09375 0
0.6875 0.125 0
0.71875 0.125 0
0.71875 0.09375 0
0.75 0.09375 0
0.71875 0.125 0
0.75 0.125 0
0.5 0.125 0
0.53125 0.125 0
0.5 0.15625 0
0.53125 0.15625 0
0.53125 0.125 0
0.5625 0.125 0
0.53125 0.15625 0
0.5625 0.15625 0
0.5 0.15625 0
0.53125 0.15625 0
0.5 0.1875 0
0.53125 0.1875 0
0.53125 0.15625 0
0.5625 0.15625 0
0.53125 0.1875 0
0.5625 0.1875 0
0.5625 0.125 0
0.59375 0.125 0
0.5625 0.15625 0
0.59375 0.15625 0
0.59375 0.125 0
0.625 0.125 0
0.59375 0.15625 0
0.625 0.15625 0
0.5625 0.15625 0
0.59375 0.15625 0
0.5625 0.1875 0
0.59375 0.1875 0
0.59375 0.15625 0
0.625 0.15625 0
0.59375 0.1875 0
0.625 0.1875 0
0.5 0.1875 0
0.53125 0.1875 0
0.5 0.21875 0
0.53125 0.21875 0
0.53125 0.1875 0
0.5625 0.1875 0
0.53125 0.21875 0
0.5625 0.21875 0
0.5 0.21875 0
0.53125 0.21875 0
0.5 0.25 0
0.53125 0.25 0
0.53125 0.21875 0
0.5625 0.21875 0
0.53125 0.25 0
0.5625 0.25 0
0.5625 0.1875 0
0.59375 0.1875 0
0.5625 0.21875 0
0.59375 0.21875 0
0.59375 0.1875 0
0.625 0.1875 0
0.59375 0.21875 0
0.625 0.21875 0
0.5625 0.21875 0
0.59375 0.21875 0
0.5625 0.25 0
0.59375 0.25 0
0.59375 0.21875 0
0.625 0.21875 0
0.59375 0.25 0
0.625 0.25 0
0.625 0.125 0
0.65625 0.125 0
0.625 0.15625 0
0.65625 0.15625 0
0.65625 0.125 0
0.6875 0.125 0
0.65625 0.15625 0
0.6875 0.15625 0
0.625 0.15625 0
0.65625 0.15625 0
0.625 0.1875 0
0.65625 0.1875 0
0.65625 0.15625 0
0.6875 0.15625 0
0.65625 0.1875 0
0.6875 0.1875 0
0.6875 0.125 0
0.71875 0.125 0
0.6875 0.15625 0
0.71875 0.15625 0
0.71875 0.125 0
0.75 0.125 0
0.71875 0.15625 0
0.75 0.15625 0
0.6875 0.15625 0
0.71875 0.15625 0
0.6875 0.1875 0
0.71875 0.1875 0
0.71875 0.15625 0
0.75 0.15625 0
0.71875 0.1875 0
0.75 0.1875 0
0.625 0.1875 0
0.65625 0.1875 0
0.625 0.21875 0
0.65625 0.21875 0
0.65625 0.1875 0
0.6875 0.1875 0
0.65625 0.21875 0
0.6875 0.21875 0
0.625 0.21875 0
0.65625 0.21875 0
0.625 0.25 0
0.65625 0.25 0
0.65625 0.21875 0
0.6875 0.21875 0
0.65625 0.25 0
0.6875 0.25 0
0.6875 0.1875 0
0.71875 0.1875 0
0.6875 0.21875 0
0.71875 0.21875 0
0.71875 0.1875 0
0.75 0.1875 0
0.71875 0.21875 0
0.75 0.21875 0
0.6875 0.21875 0
0.71875 0.21875 0
0.6875 0.25 0
0.71875 0.25 0
0.71875 0.21875 0
0.75 0.21875 0
0.71875 0.25 0
0.75 0.25 0
0.75 0 0
0.78125 0 0
0.75 0.03125 0
0.78125 0.03125 0
0.78125 0 0
0.8125 0 0
0.78125 0.03125 0
0.8125 0.03125 0
0.75 0.03125 0
0.78125 0.03125 0
0.75 0.0625 0
0.78125 0.0625 0
0.78125 0.03125 0
0.8125 0.03125 0
0.78125 0.0625 0
0.8125 0.0625 0
0.8125 0 0
0.84375 0 0
0.8125 0.03125 0
0.84375 0.03125 0
0.84375 0 0
0.875 0 0
0.84375 0.03125 0
0.875 0.03125 0
0.8125 0.03125 0
0.84375 0.03125 0
0.8125 0.0625 0
0.84375 0.0625 0
0.84375 0.03125 0
0.875 0.03125 0
0.84375 0.0625 0
0.875 0.0625 0
0.75 0.0625 0
0.78125 0.0625 0
0.75 0.09375 0
0.78125 0.09375 0
0.78125 0.0625 0
0.8125 0.0625 0
0.78125 0.09375 0
0.8125 0.09375 0
0.75 0.09375 0
0.78125 0.09375 0
0.75 0.125 0
0.78125 0.125 0
0.78125 0.09375 0
0.8125 0.09375 0
0.78125 0.125 0
0.8125 0.125 0
0.8125 0.0625 0
0.84375 0.0625 0
0.8125 0.09375 0
0.84375 0.09375 0
0.84375 0.0625 0
0.875 0.0625 0
0.84375 0.09375 0
0.875 0.09375 0
0.8125 0.09375 0
0.84375 0.09375 0
0.8125 0.125 0
0.84375 0.125 0
0.84375 0.09375 0
0.875 0.09375 0
0.84375 0.125 0
0.875 0.125 0
0.875 0 0
0.90625 0 0
0.875 0.03125 0
0.90625 0.03125 0
0.90625 0 0
0.9375 0 0
0.90625 0.03125 0
0.9375 0.03125 0
0.875 0.03125 0
0.90625 0.03125 0
0.875 0.0625 0
0.90625 0.0625 0
0.90625 0.03125 0
0.9375 0.03125 0
0.90625 0.0625 0
0.9375 0.0625 0
0.9375 0 0
0.96875 0 0
0.9375 0.03125 0
0.96875 0.03125 0
0.96875 0 0
1 0 0
0.96875 0.03125 0
1 0.03125 0
0.9375 0.03125 0
0.96875 0.03125 0
0.9375 0.0625 0
0.96875 0.0625 0
0.96875 0.03125 0
1 0.03125 0
0.96875 0.0625 0
1 0.0625 0
0.875 0.0625 0
0.90625 0.0625 0
0.875 0.09375 0
0.90625 0.09375 0
0.90625 0.0625 0
0.9375 0.0625 0
0.90625 0.09375 0
0.9375 0.09375 0
0.875 0.09375 0
0.90625 0.09375 0
0.875 0.125 0
0.90625 0.125 0
0.90625 0.09375 0
0.9375 0.09375 0
0.90625 0.125 0
0.9375 0.125 0
0.9375 0.0625 0
0.96875 0.0625 0
0.9375 0.09375 0
0.96875 0.09375 0
0.96875 0.0625 0
1 0.0625 0
0.96875 0.09375 0
1 0.09375 0
0.9375 0.09375 0
0.96875 0.09375 0
0.9375 0.125 0
0.96875 0.125 0
0.96875 0.09375 0
1 0.09375 0
0.96875 0.125 0
1 0.125 0
0.75 0.125 0
0.78125 0.125 0
0.75 0.15625 0
0.78125 0.15625 0
0.78125 0.125 0
0.8125 0.125 0
0.78125 0.15625 0
0.8125 0.15625 0
0.75 0.15625 0
0.78125 0.15625 0
0.75 0.1875 0
0.78125 0.1875 0
0.78125 0.15625 0
0.8125 0.15625 0
0.78125 0.1875 0
0.8125 0.1875 0
0.8125 0.125 0
0.84375 0.125 0
0.8125 0.15625 0
0.84375 0.15625 0
0.84375 0.125 0
0.875 0.125 0
0.84375 0.15625 0
0.875 0.15625 0
0.8125 0.15625 0
0.84375 0.15625 0
0.8125 0.1875 0
0.84375 0.1875 0
0.84375 0.15625 0
0.875 0.15625 0
0.84375 0.1875 0
0.875 0.1875 0
0.75 0.1875 0
0.78125 0.1875 0
0.75 0.21875 0
0.78125 0.21875 0
0.78125 0.1875 0
0.8125 0.1875 0
0.78125 0.21875 0
0.8125 0.21875 0
0.75 0.21875 0
0.78125 0.21875 0
0.75 0.25 0
0.78125 0.25 0
0.78125 0.21875 0
0.8125 0.21875 0
0.78125 0.25 0
0.8125 0.25 0
0.8125 0.1875 0
0.84375 0.1875 0
0.8125 0.21875 0
0.84375 0.21875 0
0.84375 0.1875 0
0.875 0.1875 0
0.84375 0.21875 0
0.875 0.21875 0
0.8125 0.21875 0
0.84375 0.21875 0
0.8125 0.25 0
0.84375 0.25 0
0.84375 0.21875 0
0.875 0.21875 0
0.84375 0.25 0
0.875 0.25 0
0.875 0.125 0
0.90625 0.125 0
0.875 0.15625 0
0.90625 0.15625 0
0.90625 0.125 0
0.9375 0.125 0
0.90625 0.15625 0
0.9375 0.15625 0
0.875 0.15625 0
0.90625 0.15625 0
0.875 0.1875 0
0.90625 0.1875 0
0.90625 0.15625 0
0.9375 0.15625 0
0.90625 0.1875 0
0.9375 0.1875 0
0.9375 0.125 0
0.96875 0.125 0
0.9375 0.15625 0
0.96875 0.15625 0
0.96875 0.125 0
1 0.125 0
0.96875 0.15625 0
1 0.15625 0
0.9375 0.15625 0
0.96875 0.15625 0
0.9375 0.1875 0
0.96875 0.1875 0
0.96875 0.15625 0
1 0.15625 0
0.96875 0.1875 0
1 0.1875 0
0.875 0.1875 0
0.90625 0.1875 0
0.875 0.21875 0
0.90625 0.21875 0
0.90625 0.1875 0
0.9375 0.1875 0
0.90625 0.21875 0
0.9375 0.21875 0
0.875 0.21875 0
0.90625 0.21875 0
0.875 0.25 0
0.90625 0.25 0
0.90625 0.21875 0
0.9375 0.21875 0
0.90625 0.25 0
0.9375 0.25 0
0.9375 0.1875 0
0.96875 0.1875 0
0.9375 0.21875 0
0.96875 0.21875 0
0.96875 0.1875 0
1 0.1875 0
0.96875 0.21875 0
1 0.21875 0
0.9375 0.21875 0
0.96875 0.21875 0
0.9375 0.25 0
0.96875 0.25 0
0.96875 0.21875 0
1 0.21875 0
0.96875 0.25 0
1 0.25 0
0.5 0.25 0
0.53125 0.25 0
0.5 0.28125 0
0.53125 0.28125 0
0.53125 0.25 0
0.5625 0.25 0
0.53125 0.28125 0
0.5625 0.28125 0
0.5 0.28125 0
0.53125 0.28125 0
0.5 0.3125 0
0.53125 0.3125 0
0.53125 0.28125 0
0.5625 0.28125 0
0.53125 0.3125 0
0.5625 0.3125 0
0.5625 0.25 0
0.59375 0.25 0
0.5625 0.28125 0
0.59375 0.28125 0
0.59375 0.25 0
0.625 0.25 0
0.59375 0.28125 0
0.625 0.28125 0
0.5625 0.28125 0
0.59375 0.28125 0
0.5625 0.3125 0
0.59375 0.3125 0
0.59375 0.28125 0
0.625 0.28125 0
0.59375 0.3125 0
0.625 0.3125 0
0.5 0.3125 0
0.53125 0.3125 0
0.5 0.34375 0
0.53125 0.34375 0
0.53125 0.3125 0
0.5625 0.3125 0
0.53125 0.34375 0
0.5625 0.34375 0
0.5 0.34375 0
0.53125 0.34375 0
0.5 0.375 0
0.53125 0.375 0
0.53125 0.34375 0
0.5625 0.34375 0
0.53125 0.375 0
0.5625 0.375 0
0.5625 0.3125 0
0.59375 0.3125 0
0.5625 0.34375 0
0.59375 0.34375 0
0.59375 0.3125 0
0.625 0.3125 0
0.59375 0.34375 0
0.625 0.34375 0
0.5625 0.34375 0
0.59375 0.34375 0
0.5625 0.375 0
0.59375 0.375 0
0.59375 0.34375 0
0.625 0.34375 0
0.59375 0.375 0
0.625 0.375 0
0.625 0.25 0
0.65625 0.25 0
0.625 0.28125 0
0.65625 0.28125 0
0.65625 0.25 0
0.6875 0.25 0
0.65625 0.28125 0
0.6875 0.28125 0
0.625 0.28125 0
0.65625 0.28125 0
0.625 0.3125 0
0.65625 0.3125 0
0.65625 0.28125 0
0.6875 0.28125 0
0.65625 0.3125 0
0.6875 0.3125 0
0.6875 0.25 0
0.71875 0.25 0
0.6875 0.28125 0
0.71875 0.28125 0
0.71875 0.25 0
0.75 0.25 0
0.71875 0.28125 0
0.75 0.28125 0
0.6875 0.28125 0
0.71875 0.28125 0
0.6875 0.3125 0
0.71875 0.3125 0
0.71875 0.28125 0
0.75 0.28125 0
0.71875 0.3125 0
0.75 0.3125 0
0.625 0.3125 0
0.65625 0.3125 0
0.625 0.34375 0
0.65625 0.34375 0
0.65625 0.3125 0
0.6875 0.3125 0
0.65625 0.34375 0
0.6875 0.34375 0
0.625 0.34375 0
0.65625 0.34375 0
0.625 0.375 0
0.65625 0.375 0
0.65625 0.34375 0
0.6875 0.34375 0
0.65625 0.375 0
0.6875 0.375 0
0.6875 0.3125 0
0.71875 0.3125 0
0.6875 0.34375 0
0.71875 0.34375 0
0.71875 0.3125 0
0.75 0.3125 0
0.71875 0.34375 0
0.75 0.34375 0
0.6875 0.34375 0
0.71875 0.34375 0
0.6875 0.375 0
0.71875 0.375 0
0.71875 0.34375 0
0.75 0.34375 0
0.71875 0.375 0
0.75 0.375 0
0.5 0.375 0
0.53125 0.375 0
0.5 0.40625 0
0.53125 0.40625 0
0.53125 0.375 0
0.5625 0.375 0
0.53125 0.40625 0
0.5625 0.40625 0
0.5 0.40625 0
0.53125 0.40625 0
0.5 0.4375 0
0.53125 0.4375 0
0.53125 0.40625 0
0.5625 0.40625 0
0.53125 0.4375 0
0.5625 0.4375 0
0.5625 0.375 0
0.59375 0.375 0
0.5625 0.40625 0
0.59375 0.40625 0
0.59375 0.375 0
0.625 0.375 0
0.59375 0.40625 0
0.625 0.40625 0
0.5625 0.40625 0
0.59375 0.40625 0
0.5625 0.4375 0
0.59375 0.4375 0
0.59375 0.40625 0
0.625 0.40625 0
0.59375 0.4375 0
0.625 0.4375 0
0.5 0.4375 0
0.53125 0.4375 0
0.5 0.46875 0
0.53125 0.46875 0
0.53125 0.4375 0
0.5625 0.4375 0
0.53125 0.46875 0
0.5625 0.46875 0
0.5 0.46875 0
0.53125 0.46875 0
0.5 0.5 0
0.53125 0.5 0
0.53125 0.46875 0
0.5625 0.46875 0
0.53125 0.5 0
0.5625 0.5 0
0.5625 0.4375 0
0.59375 0.4375 0
0.5625 0.46875 0
0.59375 0.46875 0
0.59375 0.4375 0
0.625 0.4375 0
0.59375 0.46875 0
0.625 0.46875 0
0.5625 0.46875 0
0.59375 0.46875 0
0.5625 0.5 0
0.59375 0.5 0
0.59375 0.46875 0
0.625 0.46875 0
0.59375 0.5 0
0.625 0.5 0
0.625 0.375 0
0.65625 0.375 0
0.625 0.40625 0
0.65625 0.40625 0
0.65625 0.375 0
0.6875 0.375 0
0.65625 0.40625 0
0.6875 0.40625 0
0.625 0.40625 0
0.65625 0.40625 0
0.625 0.4375 0
0.65625 0.4375 0
0.65625 0.40625 0
0.6875 0.40625 0
0.65625 0.4375 0
0.6875 0.4375 0
0.6875 0.375 0
0.71875 0.375 0
0.6875 0.40625 0
0.71875 0.40625 0
0.71875 0.375 0
0.75 0.375 0
0.71875 0.40625 0
0.75 0.40625 0
0.6875 0.40625 0
0.71875 0.40625 0
0.6875 0.4375 0
0.71875 0.4375 0
0.71875 0.40625 0
0.75 0.40625 0
0.71875 0.4375 0
0.75 0.4375 0
0.625 0.4375 0
0.65625 0.4375 0
0.625 0.46875 0
0.65625 0.46875 0
0.65625 0.4375 0
0.6875 0.4375 0
0.65625 0.46875 0
0.6875 0.46875 0
0.625 0.46875 0
0.65625 0.46875 0
0.625 0.5 0
0.65625 0.5 0
0.65625 0.46875 0
0.6875 0.46875 0
0.65625 0.5 0
0.6875 0.5 0
0.6875 0.4375 0
0.71875 0.4375 0
0.6875 0.46875 0
0.71875 0.46875 0
0.71875 0.4375 0
0.75 0.4375 0
0.71875 0.46875 0
0.75 0.46875 0
0.6875 0.46875 0
0.71875 0.46875 0
0.6875 0.5 0
0.71875 0.5 0
0.71875 0.46875 0
0.75 0.46875 0
0.71875 0.5 0
0.75 0.5 0
0.75 0.25 0
0.78125 0.25 0
0.75 0.28125 0
0.78125 0.28125 0
0.78125 0.25 0
0.8125 0.25 0
0.78125 0.28125 0
0.8125 0.28125 0
0.75 0.28125 0
0.78125 0.28125 0
0.75 0.3125 0
0.78125 0.3125 0
0.78125 0.28125 0
0.8125 0.28125 0
0.78125 0.3125 0
0.8125 0.3125 0
0.8125 0.25 0
0.84375 0.25 0
0.8125 0.28125 0
0.84375 0.28125 0
0.84375 0.25 0
0.875 0.25 0
0.84375 0.28125 0
0.875 0.28125 0
0.8125 0.28125 0
0.84375 0.28125 0
0.8125 0.3125 0
0.84375 0.3125 0
0.84375 0.28125 0
0.875 0.28125 0
0.84375 0.3125 0
0.875 0.3125 0
0.75 0.3125 0
0.78125 0.3125 0
0.75 0.34375 0
0.78125 0.34375 0
0.78125 0.3125 0
0.8125 0.3125 0
0.78125 0.34375 0
0.8125 0.34375 0
0.75 0.34375 0
0.78125 0.34375 0
0.75 0.375 0
0.78125 0.375 0
0.78125 0.34375 0
0.8125 0.34375 0
0.78125 0.375 0
0.8125 0.375 0
0.8125 0.3125 0
0.84375 0.3125 0
0.8125 0.34375 0
0.84375 0.34375 0
0.84375 0.3125 0
0.875 0.3125 0
0.84375 0.34375 0
0.875 0.34375 0
0.8125 0.34375 0
0.84375 0.34375 0
0.8125 0.375 0
0.84375 0.375 0
0.84375 0.34375 0
0.875 0.34375 0
0.84375 0.375 0
0.875 0.375 0
0.875 0.25 0
0.90625 0.25 0
0.875 0.28125 0
0.90625 0.28125 0
0.90625 0.25 0
0.9375 0.25 0
0.90625 0.28125 0
0.9375 0.28125 0
0.875 0.28125 0
0.90625 0.28125 0
0.875 0.3125 0
0.90625 0.3125 0
0.90625 0.28125 0
0.9375 0.28125 0
0.90625 0.3125 0
0.9375 0.3125 0
0.9375 0.25 0
0.96875 0.25 0
0.9375 0.28125 0
0.96875 0.28125 0
0.96875 0.25 0
1 0.25 0
0.96875 0.28125 0
1 0.28125 0
0.9375 0.28125 0
0.96875 0.28125 0
0.9375 0.3125 0
0.96875 0.3125 0
0.96875 0.28125 0
1 0.28125 0
0.96875 0.3125 0
1 0.3125 0
0.875 0.3125 0
0.90625 0.3125 0
0.875 0.34375 0
0.90625 0.34375 0
0.90625 0.3125 0
0.9375 0.3125 0
0.90625 0.34375 0
0.9375 0.34375 0
0.875 0.34375 0
0.90625 0.34375 0
0.875 0.375 0
0.90625 0.375 0
0.90625 0.34375 0
0.9375 0.34375 0
0.90625 0.375 0
0.9375 0.375 0
0.9375 0.3125 0
0.96875 0.3125 0
0.9375 0.34375 0
0.96875 0.34375 0
0.96875 0.3125 0
1 0.3125 0
0.96875 0.34375 0
1 0.34375 0
0.9375 0.34375 0
0.96875 0.34375 0
0.9375 0.375 0
0.96875 0.375 0
0.96875 0.34375 0
1 0.34375 0
0.96875 0.375 0
1 0.375 0
0.75 0.375 0
0.78125 0.375 0
0.75 0.40625 0
0.78125 0.40625 0
0.78125 0.375 0
0.8125 0.375 0
0.78125 0.40625 0
0.8125 0.40625 0
0.75 0.40625 0
0.78125 0.40625 0
0.75 0.4375 0
0.78125 0.4375 0
0.78125 0.40625 0
0.8125 0.40625 0
0.78125 0.4375 0
0.8125 0.4375 0
0.8125 0.375 0
0.84375 0.375 0
0.8125 0.40625 0
0.84375 0.40625 0
0.84375 0.375 0
0.875 0.375 0
0.84375 0.40625 0
0.875 0.40625 0
0.8125 0.40625 0
0.84375 0.40625 0
0.8125 0.4375 0
0.84375 0.4375 0
0.84375 0.40625 0
0.875 0.40625 0
0.84375 0.4375 0
0.875 0.4375 0
0.75 0.4375 0
0.78125 0.4375 0
0.75 0.46875 0
0.78125 0.46875 0
0.78125 0.4375 0
0.8125 0.4375 0
0.78125 0.46875 0
0.8125 0.46875 0
0.75 0.46875 0
0.78125 0.46875 0
0.75 0.5 0
0.78125 0.5 0
0.78125 0.46875 0
0.8125 0.46875 0
0.78125 0.5 0
0.8125 0.5 0
0.8125 0.4375 0
0.84375 0.4375 0
0.8125 0.46875 0
0.84375 0.46875 0
0.84375 0.4375 0
0.875 0.4375 0
0.84375 0.46875 0
0.875 0.46875 0
0.8125 0.46875 0
0.84375 0.46875 0
0.8125 0.5 0
0.84375 0.5 0
0.84375 0.46875 0
0.875 0.46875 0
0.84375 0.5 0
0.875 0.5 0
0.875 0.375 0
0.90625 0.375 0
0.875 0.40625 0
0.90625 0.40625 0
0.90625 0.375 0
0.9375 0.375 0
0.90625 0.40625 0
0.9375 0.40625 0
0.875 0.40625 0
0.90625 0.40625 0
0.875 0.4375 0
0.90625 0.4375 0
0.90625 0.40625 0
0.9375 0.40625 0
0.90625 0.4375 0
0.9375 0.4375 0
0.9375 0.375 0
0.96875 0.375 0
0.9375 0.40625 0
0.96875 0.40625 0
0.96875 0.375 0
1 0.375 0
0.96875 0.40625 0
1 0.40625 0
0.9375 0.40625 0
0.96875 0.40625 0
0.9375 0.4375 0
0.96875 0.4375 0
0.96875 0.40625 0
1 0.40625 0
0.96875 0.4375 0
1 0.4375 0
0.875 0.4375 0
0.90625 0.4375 0
0.875 0.46875 0
0.90625 0.46875 0
0.90625 0.4375 0
0.9375 0.4375 0
0.90625 0.46875 0
0.9375 0.46875 0
0.875 0.46875 0
0.90625 0.46875 0
0.875 0.5 0
0.90625 0.5 0
0.90625 0.46875 0
0.9375 0.46875 0
0.90625 0.5 0
0.9375 0.5 0
0.9375 0.4375 0
0.96875 0.4375 0
0.9375 0.46875 0
0.96875 0.46875 0
0.96875 0.4375 0
1 0.4375 0
0.96875 0.46875 0
1 0.46875 0
0.9375 0.46875 0
0.96875 0.46875 0
0.9375 0.5 0
0.96875 0.5 0
0.96875 0.46875 0
1 0.46875 0
0.96875 0.5 0
1 0.5 0
0 0.5 0
0.03125 0.5 0
0 0.53125 0
0.03125 0.53125 0
0.03125 0.5 0
0.0625 0.5 0
0.03125 0.53125 0
0.0625 0.53125 0
0 0.53125 0
0.03125 0.53125 0
0 0.5625 0
0.03125 0.5625 0
0.03125 0.53125 0
0.0625 0.53125 0
0.03125 0.5625 0
0.0625 0.5625 0
0.0625 0.5 0
0.09375 0.5 0
0.0625 0.53125 0
0.09375 0.53125 0
0.09375 0.5 0
0.125 0.5 0
0.09375 0.53125 0
0.125 0.53125 0
0.0625 0.53125 0
0.09375 0.53125 0
0.0625 0.5625 0
0.09375 0.5625 0
0.09375 0.53125 0
0.125 0.53125 0
0.09375 0.5625 0
0.125 0.5625 0
0 0.5625 0
0.03125 0.5625 0
0 0.59375 0
0.03125 0.59375 0
0.03125 0.5625 0
0.0625 0.5625 0
0.03125 0.59375 0
0.0625 0.59375 0
0 0.59375 0
0.03125 0.59375 0
0 0.625 0
0.03125 0.625 0
0.03125 0.59375 0
0.0625 0.59375 0
0.03125 0.625 0
0.0625 0.625 0
0.0625 0.5625 0
0.09375 0.5625 0
0.0625 0.59375 0
0.09375 0.59375 0
0.09375 0.5625 0
0.125 0.5625 0
0.09375 0.59375 0
0.125 0.59375 0
0.0625 0.59375 0
0.09375 0.59375 0
0.0625 0.625 0
0.09375 0.625 0
0.09375 0.59375 0
0.125 0.59375 0
0.09375 0.625 0
0.125 0.625 0
0.125 0.5 0
0.15625 0.5 0
0.125 0.53125 0
0.15625 0.53125 0
0.15625 0.5 0
0.1875 0.5 0
0.15625 0.53125 0
0.1875 0.53125 0
0.125 0.53125 0
0.15625 0.53125 0
0.125 0.5625 0
0.15625 0.5625 0
0.15625 0.53125 0
0.1875 0.53125 0
0.15625 0.5625 0
0.1875 0.5625 0
0.1875 0.5 0
0.21875 0.5 0
0.1875 0.53125 0
0.21875 0.53125 0
0.21875 0.5 0
0.25 0.5 0
0.21875 0.53125 0
0.25 0.53125 0
0.1875 0.53125 0
0.21875 0.53125 0
0.1875 0.5625 0
0.21875 0.5625 0
0.21875 0.53125 0
0.25 0.53125 0
0.21875 0.5625 0
0.25 0.5625 0
0.125 0.5625 0
0.15625 0.5625 0
0.125 0.59375 0
0.15625 0.59375 0
0.15625 0.5625 0
0.1875 0.5625 0
0.15625 0.59375 0
0.1875 0.59375 0
0.125 0.59375 0
0.15625 0.59375 0
0.125 0.625 0
0.15625 0.625 0
0.15625 0.59375 0
0.1875 0.59375 0
0.15625 0.625 0
0.1875 0.625 0
0.1875 0.5625 0
0.21875 0.5625 0
0.1875 0.59375 0
0.21875 0.59375 0
0.21875 0.5625 0
0.25 0.5625 0
0.21875 0.59375 0
0.25 0.59375 0
0.1875 0.59375 0
0.21875 0.59375 0
0.1875 0.625 0
0.21875 0.625 0
0.21875 0.59375 0
0.25 0.59375 0
0.21875 0.625 0
0.25 0.625 0
0 0.625 0
0.03125 0.625 0
0 0.65625 0
0.03125 0.65625 0
0.03125 0.625 0
0.0625 0.625 0
0.03125 0.65625 0
0.0625 0.65625 0
0 0.65625 0
0.03125 0.65625 0
0 0.6875 0
0.03125 0.6875 0
0.03125 0.65625 0
0.0625 0.65625 0
0.03125 0.6875 0
0.0625 0.6875 0
0.0625 0.625 0
0.09375 0.625 0
0.0625 0.65625 0
0.09375 0.65625 0
0.09375 0.625 0
0.125 0.625 0
0.09375 0.65625 0
0.125 0.65625 0
0.0625 0.65625 0
0.09375 0.65625 0
0.0625 0.6875 0
0.09375 0.6875 0
0.09375 0.65625 0
0.125 0.65625 0
0.09375 0.6875 0
0.125 0.6875 0
0 0.6875 0
0.03125 0.6875 0
0 0.71875 0
0.03125 0.71875 0
0.03125 0.6875 0
0.0625 0.6875 0
0.03125 0.71875 0
0.0625 0.71875 0
0 0.71875 0
0.03125 0.71875 0
0 0.75 0
0.03125 0.75 0
0.03125 0.71875 0
0.0625 0.71875 0
0.03125 0.75 0
0.0625 0.75 0
0.0625 0.6875 0
0.09375 0.6875 0
0.0625 0.71875 0
0.09375 0.71875 0
0.09375 0.6875 0
0.125 0.6875 0
0.09375 0.71875 0
0.125 0.71875 0
0.0625 0.71875 0
0.09375 0.71875 0
0.0625 0.75 0
0.09375 0.75 0
0.09375 0.71875 0
0.125 0.71875 0
0.09375 0.75 0
0.125 0.75 0
0.125 0.625 0
0.15625 0.625 0
0.125 0.65625 0
0.15625 0.65625 0
0.15625 0.625 0
0.1875 0.625 0
0.15625 0.65625 0
0.1875 0.65625 0
0.125 0.65625 0
0.15625 0.65625 0
0.125 0.6875 0
0.15625 0.6875 0
0.15625 0.65625 0
0.1875 0.65625 0
0.15625 0.6875 0
0.1875 0.6875 0
0.1875 0.625 0
0.21875 0.625 0
0.1875 0.65625 0
0.21875 0.65625 0
0.21875 0.625 0
0.25 0.625 0
0.21875 0.65625 0
0.25 0.65625 0
0.1875 0.65625 0
0.21875 0.65625 0
0.1875 0.6875 0
0.21875 0.6875 0
0.21875 0.65625 0
0.25 0.65625 0
0.21875 0.6875 0
0.25 0.6875 0
0.125 0.6875 0
0.15625 0.6875 0
0.125 0.71875 0
0.15625 0.71875 0
0.15625 0.6875 0
0.1875 0.6875 0
0.15625 0.71875 0
0.1875 0.71875 0
0.125 0.71875 0
0.15625 0.71875 0
0.125 0.75 0
0.15625 0.75 0
0.15625 0.71875 0
0.1875 0.71875 0
0.15625 0.75 0
0.1875 0.75 0
0.1875 0.6875 0
0.21875 0.6875 0
0.1875 0.71875 0
0.21875 0.71875 0
0.21875 0.6875 0
0.25 0.6875 0
0.21875 0.71875 0
0.25 0.71875 0
0.1875 0.71875 0
0.21875 0.71875 0
0.1875 0.75 0
0.21875 0.75 0
0.21875 0.71875 0
0.25 0.71875 0
0.21875 0.75 0
0.25 0.75 0
0.25 0.5 0
0.28125 0.5 0
0.25 0.53125 0
0.28125 0.53125 0
0.28125 0.5 0
0.3125 0.5 0
0.28125 0.53125 0
0.3125 0.53125 0
0.25 0.53125 0
0.28125 0.53125 0
0.25 0.5625 0
0.28125 0.5625 0
0.28125 0.53125 0
0.3125 0.53125 0
0.28125 0.5625 0
0.3125 0.5625 0
0.3125 0.5 0
0.34375 0.5 0
0.3125 0.53125 0
0.34375 0.53125 0
0.34375 0.5 0
0.375 0.5 0
0.34375 0.53125 0
0.375 0.53125 0
0.3125 0.53125 0
0.34375 0.53125 0
0.3125 0.5625 0
0.34375 0.5625 0
0.34375 0.53125 0
0.375 0.53125 0
0.34375 0.5625 0
0.375 0.5625 0
0.25 0.5625 0
0.28125 0.5625 0
0.25 0.59375 0
0.28125 0.59375 0
0.28125 0.5625 0
0.3125 0.5625 0
0.28125 0.59375 0
0.3125 0.59375 0
0.25 0.59375 0
0.28125 0.59375 0
0.25 0.625 0
0.28125 0.625 0
0.28125 0.59375 0
0.3125 0.59375 0
0.28125 0.625 0
0.3125 0.625 0
0.3125 0.5625 0
0.34375 0.5625 0
0.3125 0.59375 0
0.34375 0.59375 0
0.34375 0.5625 0
0.375 0.5625 0
0.34375 0.59375 0
0.375 0.59375 0
0.3125 0.59375 0
0.34375 0.59375 0
0.3125 0.625 0
0.34375 0.625 0
0.34375 0.59375 0
0.375 0.59375 0
0.34375 0.625 0
0.375 0.625 0
0.375 0.5 0
0.40625 0.5 0
0.375 0.53125 0
0.40625 0.53125 0
0.40625 0.5 0
0.4375 0.5 0
0.40625 0.53125 0
0.4375 0.53125 0
0.375 0.53125 0
0.40625 0.53125 0
0.375 0.5625 0
0.40625 0.5625 0
0.40625 0.53125 0
0.4375 0.53125 0
0.40625 0.5625 0
0.4375 0.5625 0
0.4375 0.5 0
0.46875 0.5 0
0.4375 0.53125 0
0.46875 0.53125 0
0.46875 0.5 0
0.5 0.5 0
0.46875 0.53125 0
0.5 0.53125 0
0.4375 0.53125 0
0.46875 0.53125 0
0.4375 0.5625 0
0.46875 0.5625 0
0.46875 0.53125 0
0.5 0.53125 0
0.46875 0.5625 0
0.5 0.5625 0
0.375 0.5625 0
0.40625 0.5625 0
0.375 0.59375 0
0.40625 0.59375 0
0.40625 0.5625 0
0.4375 0.5625 0
0.40625 0.59375 0
0.4375 0.59375 0
0.375 0.59375 0
0.40625 0.59375 0
0.375 0.625 0
0.40625 0.625 0
0.40625 0.59375 0
0.4375 0.59375 0
0.40625 0.625 0
0.4375 0.625 0
0.4375 0.5625 0
0.46875 0.5625 0
0.4375 0.59375 0
0.46875 0.59375 0
0.46875 0.5625 0
0.5 0.5625 0
0.46875 0.59375 0
0.5 0.59375 0
0.4375 0.59375 0
0.46875 0.59375 0
0.4375 0.625 0
0.46875 0.625 0
0.46875 0.59375 0
0.5 0.59375 0
0.46875 0.625 0
0.5 0.625 0
0.25 0.625 0
0.28125 0.625 0
0.25 0.65625 0
0.28125 0.65625 0
0.28125 0.625 0
0.3125 0.625 0
0.28125 0.65625 0
0.3125 0.65625 0
0.25 0.65625 0
0.28125 0.65625 0
0.25 0.6875 0
0.28125 0.6875 0
0.28125 0.65625 0
0.3125 0.65625 0
0.28125 0.6875 0
0.3125 0.6875 0
0.3125 0.625 0
0.34375 0.625 0
0.3125 0.65625 0
0.34375 0.65625 0
0.34375 0.625 0
0.375 0.625 0
0.34375 0.65625 0
0.375 0.65625 0
0.3125 0.65625 0
0.34375 0.65625 0
0.3125 0.6875 0
0.34375 0.6875 0
0.34375 0.65625 0
0.375 0.65625 0
0.34375 0.6875 0
0.375 0.6875 0
0.25 0.6875 0
0.28125 0.6875 0
0.25 0.71875 0
0.28125 0.71875 0
0.28125 0.6875 0
0.3125 0.6875 0
0.28125 0.71875 0
0.3125 0.71875 0
0.25 0.71875 0
0.28125 0.71875 0
0.25 0.75 0
0.28125 0.75 0
0.28125 0.71875 0
0.3125 0.71875 0
0.28125 0.75 0
0.3125 0.75 0
0.3125 0.6875 0
0.34375 0.6875 0
0.3125 0.71875 0
0.34375 0.71875 0
0.34375 0.6875 0
0.375 0.6875 0
0.34375 0.71875 0
0.375 0.71875 0
0.3125 0.71875 0
0.34375 0.71875 0
0.3125 0.75 0
0.34375 0.75 0
0.34375 0.71875 0
0.375 0.71875 0
0.34375 0.75 0
0.375 0.75 0
0.375 0.625 0
0.40625 0.625 0
0.375 0.65625 0
0.40625 0.65625 0
0.40625 0.625 0
0.4375 0.625 0
0.40625 0.65625 0
0.4375 0.65625 0
0.375 0.65625 0
0.40625 0.65625 0
0.375 0.6875 0
0.40625 0.6875 0
0.40625 0.65625 0
0.4375 0.65625 0
0.40625 0.6875 0
0.4375 0.6875 0
0.4375 0.625 0
0.46875 0.625 0
0.4375 0.65625 0
0.46875 0.65625 0
0.46875 0.625 0
0.5 0.625 0
0.46875 0.65625 0
0.5 0.65625 0
0.4375 0.65625 0
0.46875 0.65625 0
0.4375 0.6875 0
0.46875 0.6875 0
0.46875 0.65625 0
0.5 0.65625 0
0.46875 0.6875 0
0.5 0.6875 0
0.375 0.6875 0
0.40625 0.6875 0
0.375 0.71875 0
0.40625 0.71875 0
0.40625 0.6875 0
0.4375 0.6875 0
0.40625 0.71875 0
0.4375 0.71875 0
0.375 0.71875 0
0.40625 0.71875 0
0.375 0.75 0
0.40625 0.75 0
0.40625 0.71875 0
0.4375 0.71875 0
0.40625 0.75 0
0.4375 0.75 0
0.4375 0.6875 0
0.46875 0.6875 0
0.4375 0.71875 0
0.46875 0.71875 0
0.46875 0.6875 0
0.5 0.6875 0
0.46875 0.71875 0
0.5 0.71875 0
0.4375 0.71875 0
0.46875 0.71875 0
0.4375 0.75 0
0.46875 0.75 0
0.46875 0.71875 0
0.5 0.71875 0
0.46875 0.75 0
0.5 0.75 0
0 0.75 0
0.03125 0.75 0
0 0.78125 0
0.03125 0.78125 0
0.03125 0.75 0
0.0625 0.75 0
0.03125 0.78125 0
0.0625 0.78125 0
0 0.78125 0
0.03125 0.78125 0
0 0.8125 0
0.03125 0.8125 0
0.03125 0.78125 0
0.0625 0.78125 0
0.03125 0.8125 0
0.0625 0.8125 0
0.0625 0.75 0
0.09375 0.75 0
0.0625 0.78125 0
0.09375 0.78125 0
0.09375 0.75 0
0.125 0.75 0
0.09375 0.78125 0
0.125 0.78125 0
0.0625 0.78125 0
0.09375 0.78125 0
0.0625 0.8125 0
0.09375 0.8125 0
0.09375 0.78125 0
0.125 0.78125 0
0.09375 0.8125 0
0.125 0.8125 0
0 0.8125 0
0.03125 0.8125 0
0 0.84375 0
0.03125 0.84375 0
0.03125 0.8125 0
0.0625 0.8125 0
0.03125 0.84375 0
0.0625 0.84375 0
0 0.84375 0
0.03125 0.84375 0
0 0.875 0
0.03125 0.875 0
0.03125 0.84375 0
0.0625 0.84375 0
0.03125 0.875 0
0.0625 0.875 0
0.0625 0.8125 0
0.09375 0.8125 0
0.0625 0.84375 0
0.09375 0.84375 0
0.09375 0.8125 0
0.125 0.8125 0
0.09375 0.84375 0
0.125 0.84375 0
0.0625 0.84375 0
0.09375 0.84375 0
0.0625 0.875 0
0.09375 0.875 0
0.09375 0.84375 0
0.125 0.84375 0
0.09375 0.875 0
0.125 0.875 0
0.125 0.75 0
0.15625 0.75 0
0.125 0.78125 0
0.15625 0.78125 0
0.15625 0.75 0
0.1875 0.75 0
0.15625 0.78125 0
0.1875 0.78125 0
0.125 0.78125 0
0.15625 0.78125 0
0.125 0.8125 0
0.15625 0.8125 0
0.15625 0.78125 0
0.1875 0.78125 0
0.15625 0.8125 0
0.1875 0.8125 0
0.1875 0.75 0
0.21875 0.75 0
0.1875 0.78125 0
0.21875 0.78125 0
0.21875 0.75 0
0.25 0.75 0
0.21875 0.78125 0
0.25 0.78125 0
0.1875 0.78125 0
0.21875 0.78125 0
0.1875 0.8125 0
0.21875 0.8125 0
0.21875 0.78125 0
0.25 0.78125 0
0.21875 0.8125 0
0.25 0.8125 0
0.125 0.8125 0
0.15625 0.8125 0
0.125 0.84375 0
0.15625 0.84375 0
0.15625 0.8125 0
0.1875 0.8125 0
0.15625 0.84375 0
0.1875 0.84375 0
0.125 0.84375 0
0.15625 0.84375 0
0.125 0.875 0
0.15625 0.875 0
0.15625 0.84375 0
0.1875 0.84375 0
0.15625 0.875 0
0.1875 0.875 0
0.1875 0.8125 0
0.21875 0.8125 0
0.1875 0.84375 0
0.21875 0.84375 0
0.21875 0.8125 0
0.25 0.8125 0
0.21875 0.84375 0
0.25 0.84375 0
0.1875 0.84375 0
0.21875 0.84375 0
0.1875 0.875 0
0.21875 0.875 0
0.21875 0.84375 0
0.25 0.84375 0
0.21875 0.875 0
0.25 0.875 0
0 0.875 0
0.03125 0.875 0
0 0.90625 0
0.03125 0.90625 0
0.03125 0.875 0
0.0625 0.875 0
0.03125 0.90625 0
0.0625 0.90625 0
0 0.90625 0
0.03125 0.90625 0
0 0.9375 0
0.03125 0.9375 0
0.03125 0.90625 0
0.0625 0.90625 0
0.03125 0.9375 0
0.0625 0.9375 0
0.0625 0.875 0
0.09375 0.875 0
0.0625 0.90625 0
0.09375 0.90625 0
0.09375 0.875 0
0.125 0.875 0
0.09375 0.90625 0
0.125 0.90625 0
0.0625 0.90625 0
0.09375 0.90625 0
0.0625 0.9375 0
0.09375 0.9375 0
0.09375 0.90625 0
0.125 0.90625 0
0.09375 0.9375 0
0.125 0.9375 0
0 0.9375 0
0.03125 0.9375 0
0 0.96875 0
0.03125 0.96875 0
0.03125 0.9375 0
0.0625 0.9375 0
0.03125 0.96875 0
0.0625 0.96875 0
0 0.96875 0
0.03125 0.96875 0
0 1 0
0.03125 1 0
0.03125 0.96875 0
0.0625 0.96875 0
0.03125 1 0
0.0625 1 0
0.0625 0.9375 0
0.09375 0.9375 0
0.0625 0.96875 0
0.09375 0.96875 0
0.09375 0.9375 0
0.125 0.9375 0
0.09375 0.96875 0
0.125 0.96875 0
0.0625 0.96875 0
0.09375 0.96875 0
0.0625 1 0
0.09375 1 0
0.09375 0.96875 0
0.125 0.96875 0
0.09375 1 0
0.125 1 0
0.125 0.875 0
0.15625 0.875 0
0.125 0.90625 0
0.15625 0.90625 0
0.15625 0.875 0
0.1875 0.875 0
0.15625 0.90625 0
0.1875 0.90625 0
0.125 0.90625 0
0.15625 0.90625 0
0.125 0.9375 0
0.15625 0.9375 0
0.15625 0.90625 0
0.1875 0.90625 0
0.15625 0.9375 0
0.1875 0.9375 0
0.1875 0.875 0
0.21875 0.875 0
0.1875 0.90625 0
0.21875 0.90625 0
0.21875 0.875 0
0.25 0.875 0
0.21875 0.90625 0
0.25 0.90625 0
0.1875 0.90625 0
0.21875 0.90625 0
0.1875 0.9375 0
0.21875 0.9375 0
0.21875 0.90625 0
0.25 0.90625 0
0.21875 0.9375 0
0.25 0.9375 0
0.125 0.9375 0
0.15625 0.9375 0
0.125 0.96875 0
0.15625 0.96875 0
0.15625 0.9375 0
0.1875 0.9375 0
0.15625 0.96875 0
0.1875 0.96875 0
0.125 0.96875 0
0.15625 0.96875 0
0.125 1 0
0.15625 1 0
0.15625 0.96875 0
0.1875 0.96875 0
0.15625 1 0
0.1875 1 0
0.1875 0.9375 0
0.21875 0.9375 0
0.1875 0.96875 0
0.21875 0.96875 0
0.21875 0.9375 0
0.25 0.9375 0
0.21875 0.96875 0
0.25 0.96875 0
0.1875 0.96875 0
0.21875 0.96875 0
0.1875 1 0
0.21875 1 0
0.21875 0.96875 0
0.25 0.96875 0
0.21875 1 0
0.25 1 0
0.25 0.75 0
0.28125 0.75 0
0.25 0.78125 0
0.28125 0.78125 0
0.28125 0.75 0
0.3125 0.75 0
0.28125 0.78125 0
0.3125 0.78125 0
0.25 0.78125 0
0.28125 0.78125 0
0.25 0.8125 0
0.28125 0.8125 0
0.28125 0.78125 0
0.3125 0.78125 0
0.28125 0.8125 0
0.3125 0.8125 0
0.3125 0.75 0
0.34375 0.75 0
0.3125 0.78125 0
0.34375 0.78125 0
0.34375 0.75 0
0.375 0.75 0
0.34375 0.78125 0
0.375 0.78125 0
0.3125 0.78125 0
0.34375 0.78125 0
0.3125 0.8125 0
0.34375 0.8125 0
0.34375 0.78125 0
0.375 0.78125 0
0.34375 0.8125 0
0.375 0.8125 0
0.25 0.8125 0
0.28125 0.8125 0
0.25 0.84375 0
0.28125 0.84375 0
0.28125 0.8125 0
0.3125 0.8125 0
0.28125 0.84375 0
0.3125 0.84375 0
0.25 0.84375 0
0.28125 0.84375 0
0.25 0.875 0
0.28125 0.875 0
0.28125 0.84375 0
0.3125 0.84375 0
0.28125 0.875 0
0.3125 0.875 0
0.3125 0.8125 0
0.34375 0.8125 0
0.3125 0.84375 0
0.34375 0.84375 0
0.34375 0.8125 0
0.375 0.8125 0
0.34375 0.84375 0
0.375 0.84375 0
0.3125 0.84375 0
0.34375 0.84375 0
0.3125 0.875 0
0.34375 0.875 0
0.34375 0.84375 0
0.375 0.84375 0
0.34375 0.875 0
0.375 0.875 0
0.375 0.75 0
0.40625 0.75 0
0.375 0.78125 0
0.40625 0.78125 0
0.40625 0.75 0
0.4375 0.75 0
0.40625 0.78125 0
0.4375 0.78125 0
0.375 0.78125 0
0.40625 0.78125 0
0.375 0.8125 0
0.40625 0.8125 0
0.40625 0.78125 0
0.4375 0.78125 0
0.40625 0.8125 0
0.4375 0.8125 0
0.4375 0.75 0
0.46875 0.75 0
0.4375 0.78125 0
0.46875 0.78125 0
0.46875 0.75 0
0.5 0.75 0
0.46875 0.78125 0
0.5 0.78125 0
0.4375 0.78125 0
0.46875 0.78125 0
0.4375 0.8125 0
0.46875 0.8125 0
0.46875 0.78125 0
0.5 0.78125 0
0.46875 0.8125 0
0.5 0.8125 0
0.375 0.8125 0
0.40625 0.8125 0
0.375 0.84375 0
0.40625 0.84375 0
0.40625 0.8125 0
0.4375 0.8125 0
0.40625 0.84375 0
0.4375 0.84375 0
0.375 0.84375 0
0.40625 0.84375 0
0.375 0.875 0
0.40625 0.875 0
0.40625 0.84375 0
0.4375 0.84375 0
0.40625 0.875 0
0.4375 0.875 0
0.4375 0.8125 0
0.46875 0.8125 0
0.4375 0.84375 0
0.46875 0.84375 0
0.46875 0.8125 0
0.5 0.8125 0
0.46875 0.84375 0
0.5 0.84375 0
0.4375 0.84375 0
0.46875 0.84375 0
0.4375 0.875 0
0.46875 0.875 0
0.46875 0.84375 0
0.5 0.84375 0
0.46875 0.875 0
0.5 0.875 0
0.25 0.875 0
0.28125 0.875 0
0.25 0.90625 0
0.28125 0.90625 0
0.28125 0.875 0
0.3125 0.875 0
0.28125 0.90625 0
0.3125 0.90625 0
0.25 0.90625 0
0.28125 0.90625 0
0.25 0.9375 0
0.28125 0.9375 0
0.28125 0.90625 0
0.3125 0.90625 0
0.28125 0.9375 0
0.3125 0.9375 0
0.3125 0.875 0
0.34375 0.875 0
0.3125 0.90625 0
0.34375 0.90625 0
0.34375 0.875 0
0.375 0.875 0
0.34375 0.90625 0
0.375 0.90625 0
0.3125 0.90625 0
0.34375 0.90625 0
0.3125 0.9375 0
0.34375 0.9375 0
0.34375 0.90625 0
0.375 0.90625 0
0.34375 0.9375 0
0.375 0.9375 0
0.25 0.9375 0
0.28125 0.9375 0
0.25 0.96875 0
0.28125 0.96875 0
0.28125 0.9375 0
0.3125 0.9375 0
0.28125 0.96875 0
0.3125 0.96875 0
0.25 0.96875 0
0.28125 0.96875 0
0.25 1 0
0.28125 1 0
0.28125 0.96875 0
0.3125 0.96875 0
0.28125 1 0
0.3125 1 0
0.3125 0.9375 0
0.34375 0.9375 0
0.3125 0.96875 0
0.34375 0.96875 0
0.34375 0.9375 0
0.375 0.9375 0
0.34375 0.96875 0
0.375 0.96875 0
0.3125 0.96875 0
0.34375 0.96875 0
0.3125 1 0
0.34375 1 0
0.34375 0.96875 0
0.375 0.96875 0
0.34375 1 0
0.375 1 0
0.375 0.875 0
0.40625 0.875 0
0.375 0.90625 0
0.40625 0.90625 0
0.40625 0.875 0
0.4375 0.875 0
0.40625 0.90625 0
0.4375 0.90625 0
0.375 0.90625 0
0.40625 0.90625 0
0.375 0.9375 0
0.40625 0.9375 0
0.40625 0.90625 0
0.4375 0.90625 0
0.40625 0.9375 0
0.4375 0.9375 0
0.4375 0.875 0
0.46875 0.875 0
0.4375 0.90625 0
0.46875 0.90625 0
0.46875 0.875 0
0.5 0.875 0
0.46875 0.90625 0
0.5 0.90625 0
0.4375 0.90625 0
0.46875 0.90625 0
0.4375 0.9375 0
0.46875 0.9375 0
0.46875 0.90625 0
0.5 0.90625 0
0.46875 0.9375 0
0.5 0.9375 0
0.375 0.9375 0
0.40625 0.9375 0
0.375 0.96875 0
0.40625 0.96875 0
0.40625 0.9375 0
0.4375 0.9375 0
0.40625 0.96875 0
0.4375 0.96875 0
0.375 0.96875 0
0.40625 0.96875 0
0.375 1 0
0.40625 1 0
0.40625 0.96875 0
0.4375 0.96875 0
0.40625 1 0
0.4375 1 0
0.4375 0.9375 0
0.46875 0.9375 0
0.4375 0.96875 0
0.46875 0.96875 0
0.46875 0.9375 0
0.5 0.9375 0
0.46875 0.96875 0
0.5 0.96875 0
0.4375 0.96875 0
0.46875 0.96875 0
0.4375 1 0
0.46875 1 0
0.46875 0.96875 0
0.5 0.96875 0
0.46875 1 0
0.5 1 0
0.5 0.5 0
0.53125 0.5 0
0.5 0.53125 0
0.53125 0.53125 0
0.53125 0.5 0
0.5625 0.5 0
0.53125 0.53125 0
0.5625 0.53125 0
0.5 0.53125 0
0.53125 0.53125 0
0.5 0.5625 0
0.53125 0.5625 0
0.53125 0.53125 0
0.5625 0.53125 0
0.53125 0.5625 0
0.5625 0.5625 0
0.5625 0.5 0
0.59375 0.5 0
0.5625 0.53125 0
0.59375 0.53125 0
0.59375 0.5 0
0.625 0.5 0
0.59375 0.53125 0
0.625 0.53125 0
0.5625 0.53125 0
0.59375 0.53125 0
0.5625 0.5625 0
0.59375 0.5625 0
0.59375 0.53125 0
0.625 0.53125 0
0.59375 0.5625 0
0.625 0.5625 0
0.5 0.5625 0
0.53125 0.5625 0
0.5 0.59375 0
0.53125 0.59375 0
0.53125 0.5625 0
0.5625 0.5625 0
0.53125 0.59375 0
0.5625 0.59375 0
0.5 0.59375 0
0.53125 0.59375 0
0.5 0.625 0
0.53125 0.625 0
0.53125 0.59375 0
0.5625 0.59375 0
0.53125 0.625 0
0.5625 0.625 0
0.5625 0.5625 0
0.59375 0.5625 0
0.5625 0.59375 0
0.59375 0.59375 0
0.59375 0.5625 0
0.625 0.5625 0
0.59375 0.59375 0
0.625 0.59375 0
0.5625 0.59375 0
0.59375 0.59375 0
0.5625 0.625 0
0.59375 0.625 0
0.59375 0.59375 0
0.625 0.59375 0
0.59375 0.625 0
0.625 0.625 0
0.625 0.5 0
0.65625 0.5 0
0.625 0.53125 0
0.65625 0.53125 0
0.65625 0.5 0
0.6875 0.5 0
0.65625 0.53125 0
0.6875 0.53125 0
0.625 0.53125 0
0.65625 0.53125 0
0.625 0.5625 0
0.65625 0.5625 0
0.65625 0.53125 0
0.6875 0.53125 0
0.65625 0.5625 0
0.6875 0.5625 0
0.6875 0.5 0
0.71875 0.5 0
0.6875 0.53125 0
0.71875 0.53125 0
0.71875 0.5 0
0.75 0.5 0
0.71875 0.53125 0
0.75 0.53125 0
0.6875 0.53125 0
0.71875 0.53125 0
0.6875 0.5625 0
0.71875 0.5625 0
0.71875 0.53125 0
0.75 0.53125 0
0.71875 0.5625 0
0.75 0.5625 0
0.625 0.5625 0
0.65625 0.5625 0
0.625 0.59375 0
0.65625 0.59375 0
0.65625 0.5625 0
0.6875 0.5625 0
0.65625 0.59375 0
0.6875 0.59375 0
0.625 0.59375 0
0.65625 0.59375 0
0.625 0.625 0
0.65625 0.625 0
0.65625 0.59375 0
0.6875 0.59375 0
0.65625 0.625 0
0.6875 0.625 0
0.6875 0.5625 0
0.71875 0.5625 0
0.6875 0.59375 0
0.71875 0.59375 0
0.71875 0.5625 0
0.75 0.5625 0
0.71875 0.59375 0
0.75 0.59375 0
0.6875 0.59375 0
0.71875 0.59375 0
0.6875 0.625 0
0.71875 0.625 0
0.71875 0.59375 0
0.75 0.59375 0
0.71875 0.625 0
0.75 0.625 0
0.5 0.625 0
0.53125 0.625 0
0.5 0.65625 0
0.53125 0.65625 0
0.53125 0.625 0
0.5625 0.625 0
0.53125 0.65625 0
0.5625 0.65625 0
0.5 0.65625 0
0.53125 0.65625 0
0.5 0.6875 0
0.53125 0.6875 0
0.53125 0.65625 0
0.5625 0.65625 0
0.53125 0.6875 0
0.5625 0.6875 0
0.5625 0.625 0
0.59375 0.625 0
0.5625 0.65625 0
0.59375 0.65625 0
0.59375 0.625 0
0.625 0.625 0
0.59375 0.65625 0
0.625 0.65625 0
0.5625 0.65625 0
0.59375 0.65625 0
0.5625 0.6875 0
0.59375 0.6875 0
0.59375 0.65625 0
0.625 0.65625 0
0.59375 0.6875 0
0.625 0.6875 0
0.5 0.6875 0
0.53125 0.6875 0
0.5 0.71875 0
0.53125 0.71875 0
0.53125 0.6875 0
0.5625 0.6875 0
0.53125 0.71875 0
0.5625 0.71875 0
0.5 0.71875 0
0.53125 0.71875 0
0.5 0.75 0
0.53125 0.75 0
0.53125 0.71875 0
0.5625 0.71875 0
0.53125 0.75 0
0.5625 0.75 0
0.5625 0.6875 0
0.59375 0.6875 0
0.5625 0.71875 0
0.59375 0.71875 0
0.59375 0.6875 0
0.625 0.6875 0
0.59375 0.71875 0
0.625 0.71875 0
0.5625 0.71875 0
0.59375 0.71875 0
0.5625 0.75 0
0.59375 0.75 0
0.59375 0.71875 0
0.625 0.71875 0
0.59375 0.75 0
0.625 0.75 0
0.625 0.625 0
0.65625 0.625 0
0.625 0.65625 0
0.65625 0.65625 0
0.65625 0.625 0
0.6875 0.625 0
0.65625 0.65625 0
0.6875 0.65625 0
0.625 0.65625 0
0.65625 0.65625 0
0.625 0.6875 0
0.65625 0.6875 0
0.65625 0.65625 0
0.6875 0.65625 0
0.65625 0.6875 0
0.6875 0.6875 0
0.6875 0.625 0
0.71875 0.625 0
0.6875 0.65625 0
0.71875 0.65625 0
0.71875 0.625 0
0.75 0.625 0
0.71875 0.65625 0
0.75 0.65625 0
0.6875 0.65625 0
0.71875 0.65625 0
0.6875 0.6875 0
0.71875 0.6875 0
0.71875 0.65625 0
0.75 0.65625 0
0.71875 0.6875 0
0.75 0.6875 0
0.625 0.6875 0
0.65625 0.6875 0
0.625 0.71875 0
0.65625 0.71875 0
0.65625 0.6875 0
0.6875 0.6875 0
0.65625 0.71875 0
0.6875 0.71875 0
0.625 0.71875 0
0.65625 0.71875 0
0.625 0.75 0
0.65625 0.75 0
0.65625 0.71875 0
0.6875 0.71875 0
0.65625 0.75 0
0.6875 0.75 0
0.6875 0.6875 0
0.71875 0.6875 0
0.6875 0.71875 0
0.71875 0.71875 0
0.71875 0.6875 0
0.75 0.6875 0
0.71875 0.71875 0
0.75 0.71875 0
0.6875 0.71875 0
0.71875 0.71875 0
0.6875 0.75 0
0.71875 0.75 0
0.71875 0.71875 0
0.75 0.71875 0
0.71875 0.75 0
0.75 0.75 0
0.75 0.5 0
0.78125 0.5 0
0.75 0.53125 0
0.78125 0.53125 0
0.78125 0.5 0
0.8125 0.5 0
0.78125 0.53125 0
0.8125 0.53125 0
0.75 0.53125 0
0.78125 0.53125 0
0.75 0.5625 0
0.78125 0.5625 0
0.78125 0.53125 0
0.8125 0.53125 0
0.78125 0.5625 0
0.8125 0.5625 0
0.8125 0.5 0
0.84375 0.5 0
0.8125 0.53125 0
0.84375 0.53125 0
0.84375 0.5 0
0.875 0.5 0
0.84375 0.53125 0
0.875 0.53125 0
0.8125 0.53125 0
0.84375 0.53125 0
0.8125 0.5625 0
0.84375 0.5625 0
0.84375 0.53125 0
0.875 0.53125 0
0.84375 0.5625 0
0.875 0.5625 0
0.75 0.5625 0
0.78125 0.5625 0
0.75 0.59375 0
0.78125 0.59375 0
0.78125 0.5625 0
0.8125 0.5625 0
0.78125 0.59375 0
0.8125 0.59375 0
0.75 0.59375 0
0.78125 0.59375 0
0.75 0.625 0
0.78125 0.625 0
0.78125 0.59375 0
0.8125 0.59375 0
0.78125 0.625 0
0.8125 0.625 0
0.8125 0.5625 0
0.84375 0.5625 0
0.8125 0.59375 0
0.84375 0.59375 0
0.84375 0.5625 0
0.875 0.5625 0
0.84375 0.59375 0
0.875 0.59375 0
0.8125 0.59375 0
0.84375 0.59375 0
0.8125 0.625 0
0.84375 0.625 0
0.84375 0.59375 0
0.875 0.59375 0
0.84375 0.625 0
0.875 0.625 0
0.875 0.5 0
0.90625 0.5 0
0.875 0.53125 0
0.90625 0.53125 0
0.90625 0.5 0
0.9375 0.5 0
0.90625 0.53125 0
0.9375 0.53125 0
0.875 0.53125 0
0.90625 0.53125 0
0.875 0.5625 0
0.90625 0.5625 0
0.90625 0.53125 0
0.9375 0.53125 0
0.90625 0.5625 0
0.9375 0.5625 0
0.9375 0.5 0
0.96875 0.5 0
0.9375 0.53125 0
0.96875 0.53125 0
0.96875 0.5 0
1 0.5 0
0.96875 0.53125 0
1 0.53125 0
0.9375 0.53125 0
0.96875 0.53125 0
0.9375 0.5625 0
0.96875 0.5625 0
0.96875 0.53125 0
1 0.53125 0
0.96875 0.5625 0
1 0.5625 0
0.875 0.5625 0
0.90625 0.5625 0
0.875 0.59375 0
0.90625 0.59375 0
0.90625 0.5625 0
0.9375 0.5625 0
0.90625 0.59375 0
0.9375 0.59375 0
0.875 0.59375 0
0.90625 0.59375 0
0.875 0.625 0
0.90625 0.625 0
0.90625 0.59375 0
0.9375 0.59375 0
0.90625 0.625 0
0.9375 0.625 0
0.9375 0.5625 0
0.96875 0.5625 0
0.9375 0.59375 0
0.96875 0.59375 0
0.96875 0.5625 0
1 0.5625 0
0.96875 0.59375 0
1 0.59375 0
0.9375 0.59375 0
0.96875 0.59375 0
0.9375 0.625 0
0.96875 0.625 0
0.96875 0.59375 0
1 0.59375 0
0.96875 0.625 0
1 0.625 0
0.75 0.625 0
0.78125 0.625 0
0.75 0.65625 0
0.78125 0.65625 0
0.78125 0.625 0
0.8125 0.625 0
0.78125 0.65625 0
0.8125 0.65625 0
0.75 0.65625 0
0.78125 0.65625 0
0.75 0.6875 0
0.78125 0.6875 0
0.78125 0.65625 0
0.8125 0.65625 0
0.78125 0.6875 0
0.8125 0.6875 0
0.8125 0.625 0
0.84375 0.625 0
0.8125 0.65625 0
0.84375 0.65625 0
0.84375 0.625 0
0.875 0.625 0
0.84375 0.65625 0
0.875 0.65625 0
0.8125 0.65625 0
0.84375 0.65625 0
0.8125 0.6875 0
0.84375 0.6875 0
0.84375 0.65625 0
0.875 0.65625 0
0.84375 0.6875 0
0.875 0.6875 0
0.75 0.6875 0
0.78125 0.6875 0
0.75 0.71875 0
0.78125 0.71875 0
0.78125 0.6875 0
0.8125 0.6875 0
0.78125 0.71875 0
0.8125 0.71875 0
0.75 0.71875 0
0.78125 0.71875 0
0.75 0.75 0
0.78125 0.75 0
0.78125 0.71875 0
0.8125 0.71875 0
0.78125 0.75 0
0.8125 0.75 0
0.8125 0.6875 0
0.84375 0.6875 0
0.8125 0.71875 0
0.84375 0.71875 0
0.84375 0.6875 0
0.875 0.6875 0
0.84375 0.71875 0
0.875 0.71875 0
0.8125 0.71875 0
0.84375 0.71875 0
0.8125 0.75 0
0.84375 0.75 0
0.84375 0.71875 0
0.875 0.71875 0
0.84375 0.75 0
0.875 0.75 0
0.875 0.625 0
0.90625 0.625 0
0.875 0.65625 0
0.90625 0.65625 0
0.90625 0.625 0
0.9375 0.625 0
0.90625 0.65625 0
0.9375 0.65625 0
0.875 0.65625 0
0.90625 0.65625 0
0.875 0.6875 0
0.90625 0.6875 0
0.90625 0.65625 0
0.9375 0.65625 0
0.90625 0.6875 0
0.9375 0.6875 0
0.9375 0.625 0
0.96875 0.625 0
0.9375 0.65625 0
0.96875 0.65625 0
0.96875 0.625 0
1 0.625 0
0.96875 0.65625 0
1 0.65625 0
0.9375 0.65625 0
0.96875 0.65625 0
0.9375 0.6875 0
0.96875 0.6875 0
0.96875 0.65625 0
1 0.65625 0
0.96875 0.6875 0
1 0.6875 0
0.875 0.6875 0
0.90625 0.6875 0
0.875 0.71875 0
0.90625 0.71875 0
0.90625 0.6875 0
0.9375 0.6875 0
0.90625 0.71875 0
0.9375 0.71875 0
0.875 0.71875 0
0.90625 0.71875 0
0.875 0.75 0
0.90625 0.75 0
0.90625 0.71875 0
0.9375 0.71875 0
0.90625 0.75 0
0.9375 0.75 0
0.9375 0.6875 0
0.96875 0.6875 0
0.9375 0.71875 0
0.96875 0.71875 0
0.96875 0.6875 0
1 0.6875 0
0.96875 0.71875 0
1 0.71875 0
0.9375 0.71875 0
0.96875 0.71875 0
0.9375 0.75 0
0.96875 0.75 0
0.96875 0.71875 0
1 0.71875 0
0.96875 0.75 0
1 0.75 0
0.5 0.75 0
0.53125 0.75 0
0.5 0.78125 0
0.53125 0.78125 0
0.53125 0.75 0
0.5625 0.75 0
0.53125 0.78125 0
0.5625 0.78125 0
0.5 0.78125 0
0.53125 0.78125 0
0.5 0.8125 0
0.53125 0.8125 0
0.53125 0.78125 0
0.5625 0.78125 0
0.53125 0.8125 0
0.5625 0.8125 0
0.5625 0.75 0
0.59375 0.75 0
0.5625 0.78125 0
0.59375 0.78125 0
0.59375 0.75 0
0.625 0.75 0
0.59375 0.78125 0
0.625 0.78125 0
0.5625 0.78125 0
0.59375 0.78125 0
0.5625 0.8125 0
0.59375 0.8125 0
0.59375 0.78125 0
0.625 0.78125 0
0.59375 0.8125 0
0.625 0.8125 0
0.5 0.8125 0
0.53125 0.8125 0
0.5 0.84375 0
0.53125 0.84375 0
0.53125 0.8125 0
0.5625 0.8125 0
0.53125 0.84375 0
0.5625 0.84375 0
0.5 0.84375 0
0.53125 0.84375 0
0.5 0.875 0
0.53125 0.875 0
0.53125 0.84375 0
0.5625 0.84375 0
0.53125 0.875 0
0.5625 0.875 0
0.5625 0.8125 0
0.59375 0.8125 0
0.5625 0.84375 0
0.59375 0.84375 0
0.59375 0.8125 0
0.625 0.8125 0
0.59375 0.84375 0
0.625 0.84375 0
0.5625 0.84375 0
0.59375 0.84375 0
0.5625 0.875 0
0.59375 0.875 0
0.59375 0.84375 0
0.625 0.84375 0
0.59375 0.875 0
0.625 0.875 0
0.625 0.75 0
0.65625 0.75 0
0.625 0.78125 0
0.65625 0.78125 0
0.65625 0.75 0
0.6875 0.75 0
0.65625 0.78125 0
0.6875 0.78125 0
0.625 0.78125 0
0.65625 0.78125 0
0.625 0.8125 0
0.65625 0.8125 0
0.65625 0.78125 0
0.6875 0.78125 0
0.65625 0.8125 0
0.6875 0.8125 0
0.6875 0.75 0
0.71875 0.75 0
0.6875 0.78125 0
0.71875 0.78125 0
0.71875 0.75 0
0.75 0.75 0
0.71875 0.78125 0
0.75 0.78125 0
0.6875 0.78125 0
0.71875 0.78125 0
0.6875 0.8125 0
0.71875 0.8125 0
0.71875 0.78125 0
0.75 0.78125 0
0.71875 0.8125 0
0.75 0.8125 0
0.625 0.8125 0
0.65625 0.8125 0
0.625 0.84375 0
0.65625 0.84375 0
0.65625 0.8125 0
0.6875 0.8125 0
0.65625 0.84375 0
0.6875 0.84375 0
0.625 0.84375 0
0.65625 0.84375 0
0.625 0.875 0
0.65625 0.875 0
0.65625 0.84375 0
0.6875 0.84375 0
0.65625 0.875 0
0.6875 0.875 0
0.6875 0.8125 0
0.71875 0.8125 0
0.6875 0.84375 0
0.71875 0.84375 0
0.71875 0.8125 0
0.75 0.8125 0
0.71875 0.84375 0
0.75 0.84375 0
0.6875 0.84375 0
0.71875 0.84375 0
0.6875 0.875 0
0.71875 0.875 0
0.71875 0.84375 0
0.75 0.84375 0
0.71875 0.875 0
0.75 0.875 0
0.5 0.875 0
0.53125 0.875 0
0.5 0.90625 0
0.53125 0.90625 0
0.53125 0.875 0
0.5625 0.875 0
0.53125 0.90625 0
0.5625 0.90625 0
0.5 0.90625 0
0.53125 0.90625 0
0.5 0.9375 0
0.53125 0.9375 0
0.53125 0.90625 0
0.5625 0.90625 0
0.53125 0.9375 0
0.5625 0.9375 0
0.5625 0.875 0
0.59375 0.875 0
0.5625 0.90625 0
0.59375 0.90625 0
0.59375 0.875 0
0.625 0.875 0
0.59375 0.90625 0
0.625 0.90625 0
0.5625 0.90625 0
0.59375 0.90625 0
0.5625 0.9375 0
0.59375 0.9375 0
0.59375 0.90625 0
0.625 0.90625 0
0.59375 0.9375 0
0.625 0.9375 0
0.5 0.9375 0
0.53125 0.9375 0
0.5 0.96875 0
0.53125 0.96875 0
0.53125 0.9375 0
0.5625 0.9375 0
0.53125 0.96875 0
0.5625 0.96875 0
0.5 0.96875 0
0.53125 0.96875 0
0.5 1 0
0.53125 1 0
0.53125 0.96875 0
0.5625 0.96875 0
0.53125 1 0
0.5625 1 0
0.5625 0.9375 0
0.59375 0.9375 0
0.5625 0.96875 0
0.59375 0.96875 0
0.59375 0.9375 0
0.625 0.9375 0
0.59375 0.96875 0
0.625 0.96875 0
0.5625 0.96875 0
0.59375 0.96875 0
0.5625 1 0
0.59375 1 0
0.59375 0.96875 0
0.625 0.96875 0
0.59375 1 0
0.625 1 0
0.625 0.875 0
0.65625 0.875 0
0.625 0.90625 0
0.65625 0.90625 0
0.65625 0.875 0
0.6875 0.875 0
0.65625 0.90625 0
0.6875 0.90625 0
0.625 0.90625 0
0.65625 0.90625 0
0.625 0.9375 0
0.65625 0.9375 0
0.65625 0.90625 0
0.6875 0.90625 0
0.65625 0.9375 0
0.6875 0.9375 0
0.6875 0.875 0
0.71875 0.875 0
0.6875 0.90625 0
0.71875 0.90625 0
0.71875 0.875 0
0.75 0.875 0
0.71875 0.90625 0
0.75 0.90625 0
0.6875 0.90625 0
0.71875 0.90625 0
0.6875 0.9375 0
0.71875 0.9375 0
0.71875 0.90625 0
0.75 0.90625 0
0.71875 0.9375 0
0.75 0.9375 0
0.625 0.9375 0
0.65625 0.9375 0
0.625 0.96875 0
0.65625 0.96875 0
0.65625 0.9375 0
0.6875 0.9375 0
0.65625 0.96875 0
0.6875 0.96875 0
0.625 0.96875 0
0.65625 0.96875 0
0.625 1 0
0.65625 1 0
0.65625 0.96875 0
0.6875 0.96875 0
0.65625 1 0
0.6875 1 0
0.6875 0.9375 0
0.71875 0.9375 0
0.6875 0.96875 0
0.71875 0.96875 0
0.71875 0.9375 0
0.75 0.9375 0
0.71875 0.96875 0
0.75 0.96875 0
0.6875 0.96875 0
0.71875 0.96875 0
0.6875 1 0
0.71875 1 0
0.71875 0.96875 0
0.75 0.96875 0
0.71875 1 0
0.75 1 0
0.75 0.75 0
0.78125 0.75 0
0.75 0.78125 0
0.78125 0.78125 0
0.78125 0.75 0
0.8125 0.75 0
0.78125 0.78125 0
0.8125 0.78125 0
0.75 0.78125 0
0.78125 0.78125 0
0.75 0.8125 0
0.78125 0.8125 0
0.78125 0.78125 0
0.8125 0.78125 0
0.78125 0.8125 0
0.8125 0.8125 0
0.8125 0.75 0
0.84375 0.75 0
0.8125 0.78125 0
0.84375 0.78125 0
0.84375 0.75 0
0.875 0.75 0
0.84375 0.78125 0
0.875 0.78125 0
0.8125 0.78125 0
0.84375 0.78125 0
0.8125 0.8125 0
0.84375 0.8125 0
0.84375 0.78125 0
0.875 0.78125 0
0.84375 0.8125 0
0.875 0.8125 0
0.75 0.8125 0
0.78125 0.8125 0
0.75 0.84375 0
0.78125 0.84375 0
0.78125 0.8125 0
0.8125 0.8125 0
0.78125 0.84375 0
0.8125 0.84375 0
0.75 0.84375 0
0.78125 0.84375 0
0.75 0.875 0
0.78125 0.875 0
0.78125 0.84375 0
0.8125 0.84375 0
0.78125 0.875 0
0.8125 0.875 0
0.8125 0.8125 0
0.84375 0.8125 0
0.8125 0.84375 0
0.84375 0.84375 0
0.84375 0.8125 0
0.875 0.8125 0
0.84375 0.84375 0
0.875 0.84375 0
0.8125 0.84375 0
0.84375 0.84375 0
0.8125 0.875 0
0.84375 0.875 0
0.84375 0.84375 0
0.875 0.84375 0
0.84375 0.875 0
0.875 0.875 0
0.875 0.75 0
0.90625 0.75 0
0.875 0.78125 0
0.90625 0.78125 0
0.90625 0.75 0
0.9375 0.75 0
0.90625 0.78125 0
0.9375 0.78125 0
0.875 0.78125 0
0.90625 0.78125 0
0.875 0.8125 0
0.90625 0.8125 0
0.90625 0.78125 0
0.9375 0.78125 0
0.90625 0.8125 0
0.9375 0.8125 0
0.9375 0.75 0
0.96875 0.75 0
0.9375 0.78125 0
0.96875 0.78125 0
0.96875 0.75 0
1 0.75 0
0.96875 0.78125 0
1 0.78125 0
0.9375 0.78125 0
0.96875 0.78125 0
0.9375 0.8125 0
0.96875 0.8125 0
0.96875 0.78125 0
1 0.78125 0
0.96875 0.8125 0
1 0.8125 0
0.875 0.8125 0
0.90625 0.8125 0
0.875 0.84375 0
0.90625 0.84375 0
0.90625 0.8125 0
0.9375 0.8125 0
0.90625 0.84375 0
0.9375 0.84375 0
0.875 0.84375 0
0.90625 0.84375 0
0.875 0.875 0
0.90625 0.875 0
0.90625 0.84375 0
0.9375 0.84375 0
0.90625 0.875 0
0.9375 0.875 0
0.9375 0.8125 0
0.96875 0.8125 0
0.9375 0.84375 0
0.96875 0.84375 0
0.96875 0.8125 0
1 0.8125 0
0.96875 0.84375 0
1 0.84375 0
0.9375 0.84375 0
0.96875 0.84375 0
0.9375 0.875 0
0.96875 0.875 0
0.96875 0.84375 0
1 0.84375 0
0.96875 0.875 0
1 0.875 0
0.75 0.875 0
0.78125 0.875 0
0.75 0.90625 0
0.78125 0.90625 0
0.78125 0.875 0
0.8125 0.875 0
0.78125 0.90625 0
0.8125 0.90625 0
0.75 0.90625 0
0.78125 0.90625 0
0.75 0.9375 0
0.78125 0.9375 0
0.78125 0.90625 0
0.8125 0.90625 0
0.78125 0.9375 0
0.8125 0.9375 0
0.8125 0.875 0
0.84375 0.875 0
0.8125 0.90625 0
0.84375 0.90625 0
0.84375 0.875 0
0.875 0.875 0
0.84375 0.90625 0
0.875 0.90625 0
0.8125 0.90625 0
0.84375 0.90625 0
0.8125 0.9375 0
0.84375 0.9375 0
0.84375 0.90625 0
0.875 0.90625 0
0.84375 0.9375 0
0.875 0.9375 0
0.75 0.9375 0
0.78125 0.9375 0
0.75 0.96875 0
0.78125 0.96875 0
0.78125 0.9375 0
0.8125 0.9375 0
0.78125 0.96875 0
0.8125 0.96875 0
0.75 0.96875 0
0.78125 0.96875 0
0.75 1 0
0.78125 1 0
0.78125 0.96875 0
0.8125 0.96875 0
0.78125 1 0
0.8125 1 0
0.8125 0.9375 0
0.84375 0.9375 0
0.8125 0.96875 0
0.84375 0.96875 0
0.84375 0.9375 0
0.875 0.9375 0
0.84375 0.96875 0
0.875 0.96875 0
0.8125 0.96875 0
0.84375 0.96875 0
0.8125 1 0
0.84375 1 0
0.84375 0.96875 0
0.875 0.96875 0
0.84375 1 0
0.875 1 0
0.875 0.875 0
0.90625 0.875 0
0.875 0.90625 0
0.90625 0.90625 0
0.90625 0.875 0
0.9375 0.875 0
0.90625 0.90625 0
0.9375 0.90625 0
0.875 0.90625 0
0.90625 0.90625 0
0.875 0.9375 0
0.90625 0.9375 0
0.90625 0.90625 0
0.9375 0.90625 0
0.90625 0.9375 0
0.9375 0.9375 0
0.9375 0.875 0
0.96875 0.875 0
0.9375 0.90625 0
0.96875 0.90625 0
0.96875 0.875 0
1 0.875 0
0.96875 0.90625 0
1 0.90625 0
0.9375 0.90625 0
0.96875 0.90625 0
0.9375 0.9375 0
0.96875 0.9375 0
0.96875 0.90625 0
1 0.90625 0
0.96875 0.9375 0
1 0.9375 0
0.875 0.9375 0
0.90625 0.9375 0
0.875 0.96875 0
0.90625 0.96875 0
0.90625 0.9375 0
0.9375 0.9375 0
0.90625 0.96875 0
0.9375 0.96875 0
0.875 0.96875 0
0.90625 0.96875 0
0.875 1 0
0.90625 1 0
0.90625 0.96875 0
0.9375 0.96875 0
0.90625 1 0
0.9375 1 0
0.9375 0.9375 0
0.96875 0.9375 0
0.9375 0.96875 0
0.96875 0.96875 0
0.96875 0.9375 0
1 0.9375 0
0.96875 0.96875 0
1 0.96875 0
0.9375 0.96875 0
0.96875 0.96875 0
0.9375 1 0
0.96875 1 0
0.96875 0.96875 0
1 0.96875 0
0.96875 1 0
1 1 0

CELLS 1024 5120
4	0	1	3	2
4	4	5	7	6
4	8	9	11	10
4	12	13	15	14
4	16	17	19	18
4	20	21	23	22
4	24	25	27	26
4	28	29	31	30
4	32	33	35	34
4	36	37	39	38
4	40	41	43	42
4	44	45	47	46
4	48	49	51	50
4	52	53	55	54
4	56	57	59	58
4	60	61	63	62
4	64	65	67	66
4	68	69	71	70
4	72	73	75	74
4	76	77	79	78
4	80	81	83	82
4	84	85	87	86
4	88	89	91	90
4	92	93	95	94
4	96	97	99	98
4	100	101	103	102
4	104	105	107	106
4	108	109	111	110
4	112	113	115	114
4	116	117	119	118
4	120	121	123	122
4	124	125	127	126
4	128	129	131	130
4	132	133	135	134
4	136	137	139	138
4	140	141	143	142
4	144	145	147	146
4	148	149	151	150
4	152	153	155	154
4	156	157	159	158
4	160	161	163	162
4	164	165	167	166
4	168	169	171	170
4	172	173	175	174
4	176	177	179	178
4	180	181	183	182
4	184	185	187	186
4	188	189	191	190
4	192	193	195	194
4	196	197	199	198
4	200	201	203	202
4	204	205	207	206
4	208	209	211	210
4	212	213	215	214
4	216	217	219	218
4	220	221	223	222
4	224	225	227	226
4	228	229	231	230
4	232	233	235	234
4	236	237	239	238
4	240	241	243	242
4	244	245	247	246
4	248	249	251	250
4	252	253	255	254
4	256	257	259	258
4	260	261	263	262
4	264	265	267	266
4	268	269	271	270
4	272	273	275	274
4	276	277	279	278
4	280	281	283	282
4	284	285	287	286
4	288	289	291	290
4	292	293	295	294
4	296	297	299	298
4	300	301	303	302
4	304	305	307	306
4	308	309	311	310
4	312	313	315	314
4	316	317	319	318
4	320	321	323	322
4	324	325	327	326
4	328	329	331	330
4	332	333	335	334
4	336	337	339	338
4	340	341	343	342
4	344	345	347	346
4	348	349	351	350
4	352	353	355	354
4	356	357	359	358
4	360	361	363	362
4	364	365	367	366
4	368	369	371	370
4	372	373	375	374
4	376	377	379	378
4	380	381	383	382
4	384	385	387	386
4	388	389	391	390
4	392	393	395	394
4	396	397	399	398
4	400	401	403	402
4	404	405	407	406
4	408	409	411	410
4	412	413	415	414
4	416	417	419	418
4	420	421	423	422
4	424	425	427	426
4	428	429	431	430
4	432	433	435	434
4	436	437	439	438
4	440	441	443	442
4	444	445	447	446
4	448	449	451	450
4	452	453	455	454
4	456	457	459	458
4	460	461	463	462
4	464	465	467	466
4	468	469	471	470
4	472	473	475	474
4	476	477	479	478
4	480	481	483	482
4	484	485	487	486
4	488	489	491	490
4	492	493	495	494
4	496	497	499	498
4	500	501	503	502
4	504	505	507	506
4	508	509	511	510
4	512	513	515	514
4	516	517	519	518
4	520	521	523	522
4	524	525	527	526
4	528	529	531	530
4	532	533	535	534
4	536	537	539	538
4	540	541	543	542
4	544	545	547	546
4	548	549	551	550
4	552	553	555	554
4	556	557	559	558
4	560	561	563	562
4	564	565	567	566
4	568	569	571	570
4	572	573	575	574
4	576	577	579	578
4	580	581	583	582
4	584	585	587	586
4	588	589	591	590
4	592	593	595	594
4	596	597	599	598
4	600	601	603	602
4	604	605	607	606
4	608	609	611	610
4	612	613	615	614
4	616	617	619	618
4	620	621	623	622
4	624	625	627	626
4	628	629	631	630
4	632	633	635	634
4	636	637	639	638
4	640	641	643	642
4	644	645	647	646
4	648	649	651	650
4	652	653	655	654
4	656	657	659	658
4	660	661	663	662
4	664	665	667	666
4	668	669	671	670
4	672	673	675	674
4	676	677	679	678
4	680	681	683	682
4	684	685	687	686
4	688	689	691	690
4	692	693	695	694
4	696	697	699	698
4	700	701	703	702
4	704	705	707	706
4	708	709	711	710
4	712	713	715	714
4	716	717	719	718
4	720	721	723	722
4	724	725	727	726
4	728	729	731	730
4	732	733	735	734
4	736	737	739	738
4	740	741	743	742
4	744	745	747	746
4	748	749	751	750
4	752	753	755	754
4	756	757	759	758
4	760	761	763	762
4	764	765	767	766
4	768	769	771	770
4	772	773	775	774
4	776	777	779	778
4	780	781	783	782
4	784	785	787	786
4	788	789	791	790
4	792	793	795	794
4	796	797	799	798
4	800	801	803	802
4	804	805	807	806
4	808	809	811	810
4	812	813	815	814
4	816	817	819	818
4	820	821	823	822
4	824	825	827	826
4	828	829	831	830
4	832	833	835	834
4	836	837	839	838
4	840	841	843	842
4	844	845	847	846
4	848	849	851	850
4	852	853	855	854
4	856	857	859	858
4	860	861	863	862
4	864	865	867	866
4	868	869	871	870
4	872	873	875	874
4	876	877	879	878
4	880	881	883	882
4	884	885	887	886
4	888	889	891	890
4	892	893	895	894
4	896	897	899	898
4	900	901	903	902
4	904	905	907	906
4	908	909	911	910
4	912	913	915	914
4	916	917	919	918
4	920	921	923	922
4	924	925	927	926
4	928	929	931	930
4	932	933	935	934
4	936	937	939	938
4	940	941	943	942
4	944	945	947	946
4	948	949	951	950
4	952	953	955	954
4	956	957	959	958
4	960	961	963	962
4	964	965	967	966
4	968	969	971	970
4	972	973	975	974
4	976	977	979	978
4	980	981	983	982
4	984	985	987	986
4	988	989	991	990
4	992	993	995	994
4	996	997	999	998
4	1000	1001	1003	1002
4	1004	1005	1007	1006
4	1008	1009	1011	1010
4	1012	1013	1015	1014
4	1016	1017	1019	1018
4	1020	1021	1023	1022
4	1024	1025	1027	1026
4	1028	1029	1031	1030
4	1032	1033	1035	1034
4	1036	1037	1039	1038
4	1040	1041	1043	1042
4	1044	1045	1047	1046
4	1048	1049	1051	1050
4	1052	1053	1055	1054
4	1056	1057	1059	1058
4	1060	1061	1063	1062
4	1064	1065	1067	1066
4	1068	1069	1071	1070
4	1072	1073	1075	1074
4	1076	1077	1079	1078
4	1080	1081	1083	1082
4	1084	1085	1087	1086
4	1088	1089	1091	1090
4	1092	1093	1095	1094
4	1096	1097	1099	1098
4	1100	1101	1103	1102
4	1104	1105	1107	1106
4	1108	1109	1111	1110
4	1112	1113	1115	1114
4	1116	1117	1119	1118
4	1120	1121	1123	1122
4	1124	1125	1127	1126
4	1128	1129	1131	1130
4	1132	1133	1135	1134
4	1136	1137	1139	1138
4	1140	1141	1143	1142
4	1144	1145	1147	1146
4	1148	1149	1151	1150
4	1152	1153	1155	1154
4	1156	1157	1159	1158
4	1160	1161	1163	1162
4	1164	1165	1167	1166
4	1168	1169	1171	1170
4	1172	1173	1175	1174
4	1176	1177	1179	1178
4	1180	1181	1183	1182
4	1184	1185	1187	1186
4	1188	1189	1191	1190
4	1192	1193	1195	1194
4	1196	1197	1199	1198
4	1200	1201	1203	1202
4	1204	1205	1207	1206
4	1208	1209	1211	1210
4	1212	1213	1215	1214
4	1216	1217	1219	1218
4	1220	1221	1223	1222
4	1224	1225	1227	1226
4	1228	1229	1231	1230
4	1232	1233	1235	1234
4	1236	1237	1239	1238
4	1240	1241	1243	1242
4	1244	1245	1247	1246
4	1248	1249	1251	1250
4	1252	1253	1255	1254
4	1256	1257	1259	1258
4	1260	1261	1263	1262
4	1264	1265	1267	1266
4	1268	1269	1271	1270
4	1272	1273	1275	1274
4	1276	1277	1279	1278
4	1280	1281	1283	1282
4	1284	1285	1287	1286
4	1288	1289	1291	1290
4	1292	1293	1295	1294
4	1296	1297	1299	1298
4	1300	1301	1303	1302
4	1304	1305	1307	1306
4	1308	1309	1311	1310
4	1312	1313	1315	1314
4	1316	1317	1319	1318
4	1320	1321	1323	1322
4	1324	1325	1327	1326
4	1328	1329	1331	1330
4	1332	1333	1335	1334
4	1336	1337	1339	1338
4	1340	1341	1343	1342
4	1344	1345	1347	1346
4	1348	1349	1351	1350
4	1352	1353	1355	1354
4	1356	1357	1359	1358
4	1360	1361	1363	1362
4	1364	1365	1367	1366
4	1368	1369	1371	1370
4	1372	1373	1375	1374
4	1376	1377	1379	1378
4	1380	1381	1383	1382
4	1384	1385	1387	1386
4	1388	1389	1391	1390
4	1392	1393	1395	1394
4	1396	1397	1399	1398
4	1400	1401	1403	1402
4	1404	1405	1407	1406
4	1408	1409	1411	1410
4	1412	1413	1415	1414
4	1416	1417	1419	1418
4	1420	1421	1423	1422
4	1424	1425	1427	1426
4	1428	1429	1431	1430
4	1432	1433	1435	1434
4	1436	1437	1439	1438
4	1440	1441	1443	1442
4	1444	1445	1447	1446
4	1448	1449	1451	1450
4	1452	1453	1455	1454
4	1456	1457	1459	1458
4	1460	1461	1463	1462
4	1464	1465	1467	1466
4	1468	1469	1471	1470
4	1472	1473	1475	1474
4	1476	1477	1479	1478
4	1480	1481	1483	1482
4	1484	1485	1487	1486
4	1488	1489	1491	1490
4	1492	1493	1495	1494
4	1496	1497	1499	1498
4	1500	1501	1503	1502
4	1504	1505	1507	1506
4	1508	1509	1511	1510
4	1512	1513	1515	1514
4	1516	1517	1519	1518
4	1520	1521	1523	1522
4	1524	1525	1527	1526
4	1528	1529	1531	1530
4	1532	1533	1535	1534
4	1536	1537	1539	1538
4	1540	1541	1543	1542
4	1544	1545	1547	1546
4	1548	1549	1551	1550
4	1552	1553	1555	1554
4	1556	1557	1559	1558
4	1560	1561	1563	1562
4	1564	1565	1567	1566
4	1568	1569	1571	1570
4	1572	1573	1575	1574
4	1576	1577	1579	1578
4	1580	1581	1583	1582
4	1584	1585	1587	1586
4	1588	1589	1591	1590
4	1592	1593	1595	1594
4	1596	1597	1599	1598
4	1600	1601	1603	1602
4	1604	1605	1607	1606
4	1608	1609	1611	1610
4	1612	1613	1615	1614
4	1616	1617	1619	1618
4	1620	1621	1623	1622
4	1624	1625	1627	1626
4	1628	1629	1631	1630
4	1632	1633	1635	1634
4	1636	1637	1639	1638
4	1640	1641	1643	1642
4	1644	1645	1647	1646
4	1648	1649	1651	1650
4	1652	1653	1655	1654
4	1656	1657	1659	1658
4	1660	1661	1663	1662
4	1664	1665	1667	1666
4	1668	1669	1671	1670
4	1672	1673	1675	1674
4	1676	1677	1679	1678
4	1680	1681	1683	1682
4	1684	1685	1687	1686
4	1688	1689	1691	1690
4	1692	1693	1695	1694
4	1696	1697	1699	1698
4	1700	1701	1703	1702
4	1704	1705	1707	1706
4	1708	1709	1711	1710
4	1712	1713	1715	1714
4	1716	1717	1719	1718
4	1720	1721	1723	1722
4	1724	1725	1727	1726
4	1728	1729	1731	1730
4	1732	1733	1735	1734
4	1736	1737	1739	1738
4	1740	1741	1743	1742
4	1744	1745	1747	1746
4	1748	1749	1751	1750
4	1752	1753	1755	1754
4	1756	1757	1759	1758
4	1760	1761	1763	1762
4	1764	1765	1767	1766
4	1768	1769	1771	1770
4	1772	1773	1775	1774
4	1776	1777	1779	1778
4	1780	1781	1783	1782
4	1784	1785	1787	1786
4	1788	1789	1791	1790
4	1792	1793	1795	1794
4	1796	1797	1799	1798
4	1800	1801	1803	1802
4	1804	1805	1807	1806
4	1808	1809	1811	1810
4	1812	1813	1815	1814
4	1816	1817	1819	1818
4	1820	1821	1823	1822
4	1824	1825	1827	1826
4	1828	1829	1831	1830
4	1832	1833	1835	1834
4	1836	1837	1839	1838
4	1840	1841	1843	1842
4	1844	1845	1847	1846
4	1848	1849	1851	1850
4	1852	1853	1855	1854
4	1856	1857	1859	1858
4	1860	1861	1863	1862
4	1864	1865	1867	1866
4	1868	1869	1871	1870
4	1872	1873	1875	1874
4	1876	1877	1879	1878
4	1880	1881	1883	1882
4	1884	1885	1887	1886
4	1888	1889	1891	1890
4	1892	1893	1895	1894
4	1896	1897	1899	1898
4	1900	1901	1903	1902
4	1904	1905	1907	1906
4	1908	1909	1911	1910
4	1912	1913	1915	1914
4	1916	1917	1919	1918
4	1920	1921	1923	1922
4	1924	1925	1927	1926
4	1928	1929	1931	1930
4	1932	1933	1935	1934
4	1936	1937	1939	1938
4	1940	1941	1943	1942
4	1944	1945	1947	1946
4	1948	1949	1951	1950
4	1952	1953	1955	1954
4	1956	1957	1959	1958
4	1960	1961	1963	1962
4	1964	1965	1967	1966
4	1968	1969	1971	1970
4	1972	1973	1975	1974
4	1976	1977	1979	1978
4	1980	1981	1983	1982
4	1984	1985	1987	1986
4	1988	1989	1991	1990
4	1992	1993	1995	1994
4	1996	1997	1999	1998
4	2000	2001	2003	2002
4	2004	2005	2007	2006
4	2008	2009	2011	2010
4	2012	2013	2015	2014
4	2016	2017	2019	2018
4	2020	2021	2023	2022
4	2024	2025	2027	2026
4	2028	2029	2031	2030
4	2032	2033	2035	2034
4	2036	2037	2039	2038
4	2040	2041	2043	2042
4	2044	2045	2047	2046
4	2048	2049	2051	2050
4	2052	2053	2055	2054
4	2056	2057	2059	2058
4	2060	2061	2063	2062
4	2064	2065	2067	2066
4	2068	2069	2071	2070
4	2072	2073	2075	2074
4	2076	2077	2079	2078
4	2080	2081	2083	2082
4	2084	2085	2087	2086
4	2088	2089	2091	2090
4	2092	2093	2095	2094
4	2096	2097	2099	2098
4	2100	2101	2103	2102
4	2104	2105	2107	2106
4	2108	2109	2111	2110
4	2112	2113	2115	2114
4	2116	2117	2119	2118
4	2120	2121	2123	2122
4	2124	2125	2127	2126
4	2128	2129	2131	2130
4	2132	2133	2135	2134
4	2136	2137	2139	2138
4	2140	2141	2143	2142
4	2144	2145	2147	2146
4	2148	2149	2151	2150
4	2152	2153	2155	2154
4	2156	2157	2159	2158
4	2160	2161	2163	2162
4	2164	2165	2167	2166
4	2168	2169	2171	2170
4	2172	2173	2175	2174
4	2176	2177	2179	2178
4	2180	2181	2183	2182
4	2184	2185	2187	2186
4	2188	2189	2191	2190
4	2192	2193	2195	2194
4	2196	2197	2199	2198
4	2200	2201	2203	2202
4	2204	2205	2207	2206
4	2208	2209	2211	2210
4	2212	2213	2215	2214
4	2216	2217	2219	2218
4	2220	2221	2223	2222
4	2224	2225	2227	2226
4	2228	2229	2231	2230
4	2232	2233	2235	2234
4	2236	2237	2239	2238
4	2240	2241	2243	2242
4	2244	2245	2247	2246
4	2248	2249	2251	2250
4	2252	2253	2255	2254
4	2256	2257	2259	2258
4	2260	2261	2263	2262
4	2264	2265	2267	2266
4	2268	2269	2271	2270
4	2272	2273	2275	2274
4	2276	2277	2279	2278
4	2280	2281	2283	2282
4	2284	2285	2287	2286
4	2288	2289	2291	2290
4	2292	2293	2295	2294
4	2296	2297	2299	2298
4	2300	2301	2303	2302
4	2304	2305	2307	2306
4	2308	2309	2311	2310
4	2312	2313	2315	2314
4	2316	2317	2319	2318
4	2320	2321	2323	2322
4	2324	2325	2327	2326
4	2328	2329	2331	2330
4	2332	2333	2335	2334
4	2336	2337	2339	2338
4	2340	2341	2343	2342
4	2344	2345	2347	2346
4	2348	2349	2351	2350
4	2352	2353	2355	2354
4	2356	2357	2359	2358
4	2360	2361	2363	2362
4	2364	2365	2367	2366
4	2368	2369	2371	2370
4	2372	2373	2375	2374
4	2376	2377	2379	2378
4	2380	2381	2383	2382
4	2384	2385	2387	2386
4	2388	2389	2391	2390
4	2392	2393	2395	2394
4	2396	2397	2399	2398
4	2400	2401	2403	2402
4	2404	2405	2407	2406
4	2408	2409	2411	2410
4	2412	2413	2415	2414
4	2416	2417	2419	2418
4	2420	2421	2423	2422
4	2424	2425	2427	2426
4	2428	2429	2431	2430
4	2432	2433	2435	2434
4	2436	2437	2439	2438
4	2440	2441	2443	2442
4	2444	2445	2447	2446
4	2448	2449	2451	2450
4	2452	2453	2455	2454
4	2456	2457	2459	2458
4	2460	2461	2463	2462
4	2464	2465	2467	2466
4	2468	2469	2471	2470
4	2472	2473	2475	2474
4	2476	2477	2479	2478
4	2480	2481	2483	2482
4	2484	2485	2487	2486
4	2488	2489	2491	2490
4	2492	2493	2495	2494
4	2496	2497	2499	2498
4	2500	2501	2503	2502
4	2504	2505	2507	2506
4	2508	2509	2511	2510
4	2512	2513	2515	2514
4	2516	2517	2519	2518
4	2520	2521	2523	2522
4	2524	2525	2527	2526
4	2528	2529	2531	2530
4	2532	2533	2535	2534
4	2536	2537	2539	2538
4	2540	2541	2543	2542
4	2544	2545	2547	2546
4	2548	2549	2551	2550
4	2552	2553	2555	2554
4	2556	2557	2559	2558
4	2560	2561	2563	2562
4	2564	2565	2567	2566
4	2568	2569	2571	2570
4	2572	2573	2575	2574
4	2576	2577	2579	2578
4	2580	2581	2583	2582
4	2584	2585	2587	2586
4	2588	2589	2591	2590
4	2592	2593	2595	2594
4	2596	2597	2599	2598
4	2600	2601	2603	2602
4	2604	2605	2607	2606
4	2608	2609	2611	2610
4	2612	2613	2615	2614
4	2616	2617	2619	2618
4	2620	2621	2623	2622
4	2624	2625	2627	2626
4	2628	2629	2631	2630
4	2632	2633	2635	2634
4	2636	2637	2639	2638
4	2640	2641	2643	2642
4	2644	2645	2647	2646
4	2648	2649	2651	2650
4	2652	2653	2655	2654
4	2656	2657	2659	2658
4	2660	2661	2663	2662
4	2664	2665	2667	2666
4	2668	2669	2671	2670
4	2672	2673	2675	2674
4	2676	2677	2679	2678
4	2680	2681	2683	2682
4	2684	2685	2687	2686
4	2688	2689	2691	2690
4	2692	2693	2695	2694
4	2696	2697	2699	2698
4	2700	2701	2703	2702
4	2704	2705	2707	2706
4	2708	2709	2711	2710
4	2712	2713	2715	2714
4	2716	2717	2719	2718
4	2720	2721	2723	2722
4	2724	2725	2727	2726
4	2728	2729	2731	2730
4	2732	2733	2735	2734
4	2736	2737	2739	2738
4	2740	2741	2743	2742
4	2744	2745	2747	2746
4	2748	2749	2751	2750
4	2752	2753	2755	2754
4	2756	2757	2759	2758
4	2760	2761	2763	2762
4	2764	2765	2767	2766
4	2768	2769	2771	2770
4	2772	2773	2775	2774
4	2776	2777	2779	2778
4	2780	2781	2783	2782
4	2784	2785	2787	2786
4	2788	2789	2791	2790
4	2792	2793	2795	2794
4	2796	2797	2799	2798
4	2800	2801	2803	2802
4	2804	2805	2807	2806
4	2808	2809	2811	2810
4	2812	2813	2815	2814
4	2816	2817	2819	2818
4	2820	2821	2823	2822
4	2824	2825	2827	2826
4	2828	2829	2831	2830
4	2832	2833	2835	2834
4	2836	2837	2839	2838
4	2840	2841	2843	2842
4	2844	2845	2847	2846
4	2848	2849	2851	2850
4	2852	2853	2855	2854
4	2856	2857	2859	2858
4	2860	2861	2863	2862
4	2864	2865	2867	2866
4	2868	2869	2871	2870
4	2872	2873	2875	2874
4	2876	2877	2879	2878
4	2880	2881	2883	2882
4	2884	2885	2887	2886
4	2888	2889	2891	2890
4	2892	2893	2895	2894
4	2896	2897	2899	2898
4	2900	2901	2903	2902
4	2904	2905	2907	2906
4	2908	2909	2911	2910
4	2912	2913	2915	2914
4	2916	2917	2919	2918
4	2920	2921	2923	2922
4	2924	2925	2927	2926
4	2928	2929	2931	2930
4	2932	2933	2935	2934
4	2936	2937	2939	2938
4	2940	2941	2943	2942
4	2944	2945	2947	2946
4	2948	2949	2951	2950
4	2952	2953	2955	2954
4	2956	2957	2959	2958
4	2960	2961	2963	2962
4	2964	2965	2967	2966
4	2968	2969	2971	2970
4	2972	2973	2975	2974
4	2976	2977	2979	2978
4	2980	2981	2983	2982
4	2984	2985	2987	2986
4	2988	2989	2991	2990
4	2992	2993	2995	2994
4	2996	2997	2999	2998
4	3000	3001	3003	3002
4	3004	3005	3007	3006
4	3008	3009	3011	3010
4	3012	3013	3015	3014
4	3016	3017	3019	3018
4	3020	3021	3023	3022
4	3024	3025	3027	3026
4	3028	3029	3031	3030
4	3032	3033	3035	3034
4	3036	3037	3039	3038
4	3040	3041	3043	3042
4	3044	3045	3047	3046
4	3048	3049	3051	3050
4	3052	3053	3055	3054
4	3056	3057	3059	3058
4	3060	3061	3063	3062
4	3064	3065	3067	3066
4	3068	3069	3071	3070
4	3072	3073	3075	3074
4	3076	3077	3079	3078
4	3080	3081	3083	3082
4	3084	3085	3087	3086
4	3088	3089	3091	3090
4	3092	3093	3095	3094
4	3096	3097	3099	3098
4	3100	3101	3103	3102
4	3104	3105	3107	3106
4	3108	3109	3111	3110
4	3112	3113	3115	3114
4	3116	3117	3119	3118
4	3120	3121	3123	3122
4	3124	3125	3127	3126
4	3128	3129	3131	3130
4	3132	3133	3135	3134
4	3136	3137	3139	3138
4	3140	3141	3143	3142
4	3144	3145	3147	3146
4	3148	3149	3151	3150
4	3152	3153	3155	3154
4	3156	3157	3159	3158
4	3160	3161	3163	3162
4	3164	3165	3167	3166
4	3168	3169	3171	3170
4	3172	3173	3175	3174
4	3176	3177	3179	3178
4	3180	3181	3183	3182
4	3184	3185	3187	3186
4	3188	3189	3191	3190
4	3192	3193	3195	3194
4	3196	3197	3199	3198
4	3200	3201	3203	3202
4	3204	3205	3207	3206
4	3208	3209	3211	3210
4	3212	3213	3215	3214
4	3216	3217	3219	3218
4	3220	3221	3223	3222
4	3224	3225	3227	3226
4	3228	3229	3231	3230
4	3232	3233	3235	3234
4	3236	3237	3239	3238
4	3240	3241	3243	3242
4	3244	3245	3247	3246
4	3248	3249	3251	3250
4	3252	3253	3255	3254
4	3256	3257	3259	3258
4	3260	3261	3263	3262
4	3264	3265	3267	3266
4	3268	3269	3271	3270
4	3272	3273	3275	3274
4	3276	3277	3279	3278
4	3280	3281	3283	3282
4	3284	3285	3287	3286
4	3288	3289	3291	3290
4	3292	3293	3295	3294
4	3296	3297	3299	3298
4	3300	3301	3303	3302
4	3304	3305	3307	3306
4	3308	3309	3311	3310
4	3312	3313	3315	3314
4	3316	3317	3319	3318
4	3320	3321	3323	3322
4	3324	3325	3327	3326
4	3328	3329	3331	3330
4	3332	3333	3335	3334
4	3336	3337	3339	3338
4	3340	3341	3343	3342
4	3344	3345	3347	3346
4	3348	3349	3351	3350
4	3352	3353	3355	3354
4	3356	3357	3359	3358
4	3360	3361	3363	3362
4	3364	3365	3367	3366
4	3368	3369	3371	3370
4	3372	3373	3375	3374
4	3376	3377	3379	3378
4	3380	3381	3383	3382
4	3384	3385	3387	3386
4	3388	3389	3391	3390
4	3392	3393	3395	3394
4	3396	3397	3399	3398
4	3400	3401	3403	3402
4	3404	3405	3407	3406
4	3408	3409	3411	3410
4	3412	3413	3415	3414
4	3416	3417	3419	3418
4	3420	3421	3423	3422
4	3424	3425	3427	3426
4	3428	3429	3431	3430
4	3432	3433	3435	3434
4	3436	3437	3439	3438
4	3440	3441	3443	3442
4	3444	3445	3447	3446
4	3448	3449	3451	3450
4	3452	3453	3455	3454
4	3456	3457	3459	3458
4	3460	3461	3463	3462
4	3464	3465	3467	3466
4	3468	3469	3471	3470
4	3472	3473	3475	3474
4	3476	3477	3479	3478
4	3480	3481	3483	3482
4	3484	3485	3487	3486
4	3488	3489	3491	3490
4	3492	3493	3495	3494
4	3496	3497	3499	3498
4	3500	3501	3503	3502
4	3504	3505	3507	3506
4	3508	3509	3511	3510
4	3512	3513	3515	3514
4	3516	3517	3519	3518
4	3520	3521	3523	3522
4	3524	3525	3527	3526
4	3528	3529	3531	3530
4	3532	3533	3535	3534
4	3536	3537	3539	3538
4	3540	3541	3543	3542
4	3544	3545	3547	3546
4	3548	3549	3551	3550
4	3552	3553	3555	3554
4	3556	3557	3559	3558
4	3560	3561	3563	3562
4	3564	3565	3567	3566
4	3568	3569	3571	3570
4	3572	3573	3575	3574
4	3576	3577	3579	3578
4	3580	3581	3583	3582
4	3584	3585	3587	3586
4	3588	3589	3591	3590
4	3592	3593	3595	3594
4	3596	3597	3599	3598
4	3600	3601	3603	3602
4	3604	3605	3607	3606
4	3608	3609	3611	3610
4	3612	3613	3615	3614
4	3616	3617	3619	3618
4	3620	3621	3623	3622
4	3624	3625	3627	3626
4	3628	3629	3631	3630
4	3632	3633	3635	3634
4	3636	3637	3639	3638
4	3640	3641	3643	3642
4	3644	3645	3647	3646
4	3648	3649	3651	3650
4	3652	3653	3655	3654
4	3656	3657	3659	3658
4	3660	3661	3663	3662
4	3664	3665	3667	3666
4	3668	3669	3671	3670
4	3672	3673	3675	3674
4	3676	3677	3679	3678
4	3680	3681	3683	3682
4	3684	3685	3687	3686
4	3688	3689	3691	3690
4	3692	3693	3695	3694
4	3696	3697	3699	3698
4	3700	3701	3703	3702
4	3704	3705	3707	3706
4	3708	3709	3711	3710
4	3712	3713	3715	3714
4	3716	3717	3719	3718
4	3720	3721	3723	3722
4	3724	3725	3727	3726
4	3728	3729	3731	3730
4	3732	3733	3735	3734
4	3736	3737	3739	3738
4	3740	3741	3743	3742
4	3744	3745	3747	3746
4	3748	3749	3751	3750
4	3752	3753	3755	3754
4	3756	3757	3759	3758
4	3760	3761	3763	3762
4	3764	3765	3767	3766
4	3768	3769	3771	3770
4	3772	3773	3775	3774
4	3776	3777	3779	3778
4	3780	3781	3783	3782
4	3784	3785	3787	3786
4	3788	3789	3791	3790
4	3792	3793	3795	3794
4	3796	3797	3799	3798
4	3800	3801	3803	3802
4	3804	3805	3807	3806
4	3808	3809	3811	3810
4	3812	3813	3815	3814
4	3816	3817	3819	3818
4	3820	3821	3823	3822
4	3824	3825	3827	3826
4	3828	3829	3831	3830
4	3832	3833	3835	3834
4	3836	3837	3839	3838
4	3840	3841	3843	3842
4	3844	3845	3847	3846
4	3848	3849	3851	3850
4	3852	3853	3855	3854
4	3856	3857	3859	3858
4	3860	3861	3863	3862
4	3864	3865	3867	3866
4	3868	3869	3871	3870
4	3872	3873	3875	3874
4	3876	3877	3879	3878
4	3880	3881	3883	3882
4	3884	3885	3887	3886
4	3888	3889	3891	3890
4	3892	3893	3895	3894
4	3896	3897	3899	3898
4	3900	3901	3903	3902
4	3904	3905	3907	3906
4	3908	3909	3911	3910
4	3912	3913	3915	3914
4	3916	3917	3919	3918
4	3920	3921	3923	3922
4	3924	3925	3927	3926
4	3928	3929	3931	3930
4	3932	3933	3935	3934
4	3936	3937	3939	3938
4	3940	3941	3943	3942
4	3944	3945	3947	3946
4	3948	3949	3951	3950
4	3952	3953	3955	3954
4	3956	3957	3959	3958
4	3960	3961	3963	3962
4	3964	3965	3967	3966
4	3968	3969	3971	3970
4	3972	3973	3975	3974
4	3976	3977	3979	3978
4	3980	3981	3983	3982
4	3984	3985	3987	3986
4	3988	3989	3991	3990
4	3992	3993	3995	3994
4	3996	3997	3999	3998
4	4000	4001	4003	4002
4	4004	4005	4007	4006
4	4008	4009	4011	4010
4	4012	4013	4015	4014
4	4016	4017	4019	4018
4	4020	4021	4023	4022
4	4024	4025	4027	4026
4	4028	4029	4031	4030
4	4032	4033	4035	4034
4	4036	4037	4039	4038
4	4040	4041	4043	4042
4	4044	4045	4047	4046
4	4048	4049	4051	4050
4	4052	4053	4055	4054
4	4056	4057	4059	4058
4	4060	4061	4063	4062
4	4064	4065	4067	4066
4	4068	4069	4071	4070
4	4072	4073	4075	4074
4	4076	4077	4079	4078
4	4080	4081	4083	4082
4	4084	4085	4087	4086
4	4088	4089	4091	4090
4	4092	4093	4095	4094

CELL_TYPES 1024
 9 9 9 9 9 9 9 9 9 9 9 9 9 9 9 9 9 9 9 9 9 9 9 9 9 9 9 9 9 9 9 9 9 9 9 9 9 9 9 9 9 9 9 9 9 9 9 9 9 9 9 9 9 9 9 9 9 9 9 9 9 9 9 9 9 9 9 9 9 9 9 9 9 9 9 9 9 9 9 9 9 9 9 9 9 9 9 9 9 9 9 9 9 9 9 9 9 9 9 9 9 9 9 9 9 9 9 9 9 9 9 9 9 9 9 9 9 9 9 9 9 9 9 9 9 9 9 9 9 9 9 9 9 9 9 9 9 9 9 9 9 9 9 9 9 9 9 9 9 9 9 9 9 9 9 9 9 9 9 9 9 9 9 9 9 9 9 9 9 9 9 9 9 9 9 9 9 9 9 9 9 9 9 9 9 9 9 9 9 9 9 9 9 9 9 9 9 9 9 9 9 9 9 9 9 9 9 9 9 9 9 9 9 9 9 9 9 9 9 9 9 9 9 9 9 9 9 9 9 9 9 9 9 9 9 9 9 9 9 9 9 9 9 9 9 9 9 9 9 9 9 9 9 9 9 9 9 9 9 9 9 9 9 9 9 9 9 9 9 9 9 9 9 9 9 9 9 9 9 9 9 9 9 9 9 9 9 9 9 9 9 9 9 9 9 9 9 9 9 9 9 9 9 9 9 9 9 9 9 9 9 9 9 9 9 9 9 9 9 9 9 9 9 9 9 9 9 9 9 9 9 9 9 9 9 9 9 9 9 9 9 9 9 9 9 9 9 9 9 9 9 9 9 9 9 9 9 9 9 9 9 9 9 9 9 9 9 9 9 9 9 9 9 9 9 9 9 9 9 9 9 9 9 9 9 9 9 9 9 9 9 9 9 9 9 9 9 9 9 9 9 9 9 9 9 9 9 9 9 9 9 9 9 9 9 9 9 9 9 9 9 9 9 9 9 9 9 9 9 9 9 9 9 9 9 9 9 9 9 9 9 9 9 9 9 9 9 9 9 9 9 9 9 9 9 9 9 9 9 9 9 9 9 9 9 9 9 9 9 9 9 9 9 9 9 9 9 9 9 9 9 9 9 9 9 9 9 9 9 9 9 9 9 9 9 9 9 9 9 9 9 9 9 9 9 9 9 9 9 9 9 9 9 9 9 9 9 9 9 9 9 9 9 9 9 9 9 9 9 9 9 9 9 9 9 9 9 9 9 9 9 9 9 9 9 9 9 9 9 9 9 9 9 9 9 9 9 9 9 9 9 9 9 9 9 9 9 9 9 9 9 9 9 9 9 9 9 9 9 9 9 9 9 9 9 9 9 9 9 9 9 9 9 9 9 9 9 9 9 9 9 9 9 9 9 9 9 9 9 9 9 9 9 9 9 9 9 9 9 9 9 9 9 9 9 9 9 9 9 9 9 9 9 9 9 9 9 9 9 9 9 9 9 9 9 9 9 9 9 9 9 9 9 9 9 9 9 9 9 9 9 9 9 9 9 9 9 9 9 9 9 9 9 9 9 9 9 9 9 9 9 9 9 9 9 9 9 9 9 9 9 9 9 9 9 9 9 9 9 9 9 9 9 9 9 9 9 9 9 9 9 9 9 9 9 9 9 9 9 9 9 9 9 9 9 9 9 9 9 9 9 9 9 9 9 9 9 9 9 9 9 9 9 9 9 9 9 9 9 9 9 9 9 9 9 9 9 9 9 9 9 9 9 9 9 9 9 9 9 9 9 9 9 9 9 9 9 9 9 9 9 9 9 9 9 9 9 9 9 9 9 9 9 9 9 9 9 9 9 9 9 9 9 9 9 9 9 9 9 9 9 9 9 9 9 9 9 9 9 9 9 9 9 9 9 9 9 9 9 9 9 9 9 9 9 9 9 9 9 9 9 9 9 9 9 9 9 9 9 9 9 9 9 9 9 9 9 9 9 9 9 9 9 9 9 9 9 9 9 9 9 9 9 9 9 9 9 9 9 9 9 9 9 9 9 9 9 9 9 9 9 9 9 9 9 9 9 9 9 9 9 9 9 9 9 9 9 9 9 9 9 9 9 9 9 9 9 9 9 9 9 9 9 9 9 9 9 9 9 9 9 9 9 9 9 9 9 9 9 9 9 9 9 9 9 9 9 9 9 9 9 9 9 9 9 9 9 9 9 9 9 9 9 9 9 9 9 9 9 9 9 9 9 9 9 9 9 9 9 9 9 9 9 9 9 9 9 9 9 9 9 9 9 9 9 9 9 9 9 9 9 9 9 9 9 9 9 9 9 9 9 9 9 9 9 9 9 9 9 9 9 9 9 9
POINT_DATA 4096
SCALARS solution double 1
LOOKUP_TABLE default
0 0.0980171 0 0.0995157 0.0980171 0.19509 0.0995157 0.198073 0 0.0995157 0 0.100943 0.0995157 0.198073 0.100943 0.200914 0.19509 0.290285 0.198073 0.294723 0.290285 0.382683 0.294723 0.388534 0.198073 0.294723 0.200914 0.29895 0.294723 0.388534 0.29895 0.394107 0 0.100943 0 0.102302 0.100943 0.200914 0.102302 0.20362 0 0.102302 0 0.103594 0.102302 0.20362 0.103594 0.206191 0.200914 0.29895 0.20362 0.302976 0.29895 0.394107 0.302976 0.399414 0.20362 0.302976 0.206191 0.306802 0.302976 0.399414 0.306802 0.404459 0.382683 0.471397 0.388534 0.478604 0.471397 0.55557 0.478604 0.564064 0.388534 0.478604 0.394107 0.485469 0.478604 0.564064 0.485469 0.572155 0.55557 0.634393 0.564064 0.644092 0.634393 0.707107 0.644092 0.717918 0.564064 0.644092 0.572155 0.653332 0.644092 0.717918 0.653332 0.728216 0.394107 0.485469 0.399414 0.492006 0.485469 0.572155 0.492006 0.57986 0.399414 0.492006 0.404459 0.49822 0.492006 0.57986 0.49822 0.587183 0.572155 0.653332 0.57986 0.662129 0.653332 0.728216 0.662129 0.738022 0.57986 0.662129 0.587183 0.670491 0.662129 0.738022 0.670491 0.747342 0 0.103594 0 0.104822 0.103594 0.206191 0.104822 0.208635 0 0.104822 0 0.105986 0.104822 0.208635 0.105986 0.210951 0.206191 0.306802 0.208635 0.310438 0.306802 0.404459 0.310438 0.409252 0.208635 0.310438 0.210951 0.313885 0.310438 0.409252 0.313885 0.413796 0 0.105986 0 0.107089 0.105986 0.210951 0.107089 0.213147 0 0.107089 0 0.108132 0.107089 0.213147 0.108132 0.215222 0.210951 0.313885 0.213147 0.317152 0.313885 0.413796 0.317152 0.418103 0.213147 0.317152 0.215222 0.32024 0.317152 0.418103 0.32024 0.422173 0.404459 0.49822 0.409252 0.504124 0.49822 0.587183 0.504124 0.594141 0.409252 0.504124 0.413796 0.509722 0.504124 0.594141 0.509722 0.600738 0.587183 0.670491 0.594141 0.678437 0.670491 0.747342 0.678437 0.756199 0.594141 0.678437 0.600738 0.68597 0.678437 0.756199 0.68597 0.764595 0.413796 0.509722 0.418103 0.515027 0.509722 0.600738 0.515027 0.606991 0.418103 0.515027 0.422173 0.520041 0.515027 0.606991 0.520041 0.6129 0.600738 0.68597 0.606991 0.693109 0.68597 0.764595 0.693109 0.772553 0.606991 0.693109 0.6129 0.699857 0.693109 0.772553 0.699857 0.780074 0.707107 0.77301 0.717918 0.784829 0.77301 0.83147 0.784829 0.844182 0.717918 0.784829 0.728216 0.796087 0.784829 0.844182 0.796087 0.856291 0.83147 0.881921 0.844182 0.895405 0.881921 0.92388 0.895405 0.938005 0.844182 0.895405 0.856291 0.908249 0.895405 0.938005 0.908249 0.95146 0.728216 0.796087 0.738022 0.806807 0.796087 0.856291 0.806807 0.867822 0.738022 0.806807 0.747342 0.816996 0.806807 0.867822 0.816996 0.878781 0.856291 0.908249 0.867822 0.920479 0.908249 0.95146 0.920479 0.964272 0.867822 0.920479 0.878781 0.932104 0.920479 0.964272 0.932104 0.97645 0.92388 0.95694 0.938005 0.971571 0.95694 0.980785 0.971571 0.99578 0.938005 0.971571 0.95146 0.985507 0.971571 0.99578 0.985507 1.01006 0.980785 0.995185 0.99578 1.0104 0.995185 1 1.0104 1.01529 0.99578 1.0104 1.01006 1.02489 1.0104 1.01529 1.02489 1.02985 0.95146 0.985507 0.964272 0.998778 0.985507 1.01006 0.998778 1.02367 0.964272 0.998778 0.97645 1.01139 0.998778 1.02367 1.01139 1.03659 1.01006 1.02489 1.02367 1.03869 1.02489 1.02985 1.03869 1.04372 1.02367 1.03869 1.03659 1.05181 1.03869 1.04372 1.05181 1.0569 0.747342 0.816996 0.756199 0.826678 0.816996 0.878781 0.826678 0.889195 0.756199 0.826678 0.764595 0.835857 0.826678 0.889195 0.835857 0.899068 0.878781 0.932104 0.889195 0.94315 0.932104 0.97645 0.94315 0.988021 0.889195 0.94315 0.899068 0.953622 0.94315 0.988021 0.953622 0.998991 0.764595 0.835857 0.772553 0.844556 0.835857 0.899068 0.844556 0.908426 0.772553 0.844556 0.780074 0.852779 0.844556 0.908426 0.852779 0.91727 0.899068 0.953622 0.908426 0.963547 0.953622 0.998991 0.963547 1.00939 0.908426 0.963547 0.91727 0.972928 0.963547 1.00939 0.972928 1.01922 0.97645 1.01139 0.988021 1.02338 1.01139 1.03659 1.02338 1.04888 0.988021 1.02338 0.998991 1.03474 1.02338 1.04888 1.03474 1.06052 1.03659 1.05181 1.04888 1.06428 1.05181 1.0569 1.06428 1.06943 1.04888 1.06428 1.06052 1.07609 1.06428 1.06943 1.07609 1.0813 0.998991 1.03474 1.00939 1.04551 1.03474 1.06052 1.04551 1.07156 1.00939 1.04551 1.01922 1.05569 1.04551 1.07156 1.05569 1.08199 1.06052 1.07609 1.07156 1.08729 1.07609 1.0813 1.08729 1.09255 1.07156 1.08729 1.08199 1.09788 1.08729 1.09255 1.09788 1.10319 0 0.108132 0 0.109117 0.108132 0.215222 0.109117 0.217183 0 0.109117 0 0.110045 0.109117 0.217183 0.110045 0.21903 0.215222 0.32024 0.217183 0.323158 0.32024 0.422173 0.323158 0.42602 0.217183 0.323158 0.21903 0.325905 0.323158 0.42602 0.325905 0.429642 0 0.110045 0 0.110918 0.110045 0.21903 0.110918 0.220769 0 0.110918 0 0.111738 0.110918 0.220769 0.111738 0.222399 0.21903 0.325905 0.220769 0.328493 0.325905 0.429642 0.328493 0.433053 0.220769 0.328493 0.222399 0.330919 0.328493 0.433053 0.330919 0.436251 0.422173 0.520041 0.42602 0.524779 0.520041 0.6129 0.524779 0.618485 0.42602 0.524779 0.429642 0.529241 0.524779 0.618485 0.529241 0.623744 0.6129 0.699857 0.618485 0.706234 0.699857 0.780074 0.706234 0.787182 0.618485 0.706234 0.623744 0.712239 0.706234 0.787182 0.712239 0.793875 0.429642 0.529241 0.433053 0.533444 0.529241 0.623744 0.533444 0.628696 0.433053 0.533444 0.436251 0.537383 0.533444 0.628696 0.537383 0.633339 0.623744 0.712239 0.628696 0.717894 0.712239 0.793875 0.717894 0.800179 0.628696 0.717894 0.633339 0.723195 0.717894 0.800179 0.723195 0.806087 0 0.111738 0 0.112506 0.111738 0.222399 0.112506 0.223928 0 0.112506 0 0.113222 0.112506 0.223928 0.113222 0.225353 0.222399 0.330919 0.223928 0.333194 0.330919 0.436251 0.333194 0.439251 0.223928 0.333194 0.225353 0.335315 0.333194 0.439251 0.335315 0.442047 0 0.113222 0 0.11389 0.113222 0.225353 0.11389 0.226684 0 0.11389 0 0.114509 0.11389 0.226684 0.114509 0.227915 0.225353 0.335315 0.226684 0.337294 0.335315 0.442047 0.337294 0.444656 0.226684 0.337294 0.227915 0.339127 0.337294 0.444656 0.339127 0.447072 0.436251 0.537383 0.439251 0.541077 0.537383 0.633339 0.541077 0.637693 0.439251 0.541077 0.442047 0.544521 0.541077 0.637693 0.544521 0.641752 0.633339 0.723195 0.637693 0.728167 0.723195 0.806087 0.728167 0.811629 0.637693 0.728167 0.641752 0.732803 0.728167 0.811629 0.732803 0.816796 0.442047 0.544521 0.444656 0.547736 0.544521 0.641752 0.547736 0.645541 0.444656 0.547736 0.447072 0.550712 0.547736 0.645541 0.550712 0.649048 0.641752 0.732803 0.645541 0.737129 0.732803 0.816796 0.737129 0.821617 0.645541 0.737129 0.649048 0.741133 0.737129 0.821617 0.741133 0.826081 0.780074 0.852779 0.787182 0.860549 0.852779 0.91727 0.860549 0.925628 0.787182 0.860549 0.793875 0.867866 0.860549 0.925628 0.867866 0.933499 0.91727 0.972928 0.925628 0.981793 0.972928 1.01922 0.981793 1.0285 0.925628 0.981793 0.933499 0.990141 0.981793 1.0285 0.990141 1.03725 0.793875 0.867866 0.800179 0.874757 0.867866 0.933499 0.874757 0.94091 0.800179 0.874757 0.806087 0.881216 0.874757 0.94091 0.881216 0.947858 0.933499 0.990141 0.94091 0.998003 0.990141 1.03725 0.998003 1.04548 0.94091 0.998003 0.947858 1.00537 0.998003 1.04548 1.00537 1.0532 1.01922 1.05569 1.0285 1.06531 1.05569 1.08199 1.06531 1.09185 1.0285 1.06531 1.03725 1.07437 1.06531 1.09185 1.07437 1.10114 1.08199 1.09788 1.09185 1.10788 1.09788 1.10319 1.10788 1.11324 1.09185 1.10788 1.10114 1.1173 1.10788 1.11324 1.1173 1.12271 1.03725 1.07437 1.04548 1.0829 1.07437 1.10114 1.0829 1.10988 1.04548 1.0829 1.0532 1.09089 1.0829 1.10988 1.09089 1.11808 1.10114 1.1173 1.10988 1.12617 1.1173 1.12271 1.12617 1.13162 1.10988 1.12617 1.11808 1.13449 1.12617 1.13162 1.13449 1.13998 0.806087 0.881216 0.811629 0.887275 0.881216 0.947858 0.887275 0.954375 0.811629 0.887275 0.816796 0.892922 0.887275 0.954375 0.892922 0.96045 0.947858 1.00537 0.954375 1.01228 1.00537 1.0532 1.01228 1.06044 0.954375 1.01228 0.96045 1.01873 1.01228 1.06044 1.01873 1.06719 0.816796 0.892922 0.821617 0.898194 0.892922 0.96045 0.898194 0.96612 0.821617 0.898194 0.826081 0.903074 0.898194 0.96612 0.903074 0.971369 0.96045 1.01873 0.96612 1.02474 1.01873 1.06719 1.02474 1.07349 0.96612 1.02474 0.971369 1.03031 1.02474 1.07349 1.03031 1.07933 1.0532 1.09089 1.06044 1.09839 1.09089 1.11808 1.09839 1.12576 1.06044 1.09839 1.06719 1.10538 1.09839 1.12576 1.10538 1.13293 1.11808 1.13449 1.12576 1.14229 1.13449 1.13998 1.14229 1.14782 1.12576 1.14229 1.13293 1.14956 1.14229 1.14782 1.14956 1.15512 1.06719 1.10538 1.07349 1.11191 1.10538 1.13293 1.11191 1.13962 1.07349 1.11191 1.07933 1.11795 1.11191 1.13962 1.11795 1.14581 1.13293 1.14956 1.13962 1.15635 1.14956 1.15512 1.15635 1.16194 1.13962 1.15635 1.14581 1.16263 1.15635 1.16194 1.16263 1.16826 1 0.995185 1.01529 1.0104 0.995185 0.980785 1.0104 0.99578 1.01529 1.0104 1.02985 1.02489 1.0104 0.99578 1.02489 1.01006 0.980785 0.95694 0.99578 0.971571 0.95694 0.92388 0.971571 0.938005 0.99578 0.971571 1.01006 0.985507 0.971571 0.938005 0.985507 0.95146 1.02985 1.02489 1.04372 1.03869 1.02489 1.01006 1.03869 1.02367 1.04372 1.03869 1.0569 1.05181 1.03869 1.02367 1.05181 1.03659 1.01006 0.985507 1.02367 0.998778 0.985507 0.95146 0.998778 0.964272 1.02367 0.998778 1.03659 1.01139 0.998778 0.964272 1.01139 0.97645 0.92388 0.881921 0.938005 0.895405 0.881921 0.83147 0.895405 0.844182 0.938005 0.895405 0.95146 0.908249 0.895405 0.844182 0.908249 0.856291 0.83147 0.77301 0.844182 0.784829 0.77301 0.707107 0.784829 0.717918 0.844182 0.784829 0.856291 0.796087 0.784829 0.717918 0.796087 0.728216 0.95146 0.908249 0.964272 0.920479 0.908249 0.856291 0.920479 0.867822 0.964272 0.920479 0.97645 0.932104 0.920479 0.867822 0.932104 0.878781 0.856291 0.796087 0.867822 0.806807 0.796087 0.728216 0.806807 0.738022 0.867822 0.806807 0.878781 0.816996 0.806807 0.738022 0.816996 0.747342 1.0569 1.05181 1.06943 1.06428 1.05181 1.03659 1.06428 1.04888 1.06943 1.06428 1.0813 1.07609 1.06428 1.04888 1.07609 1.06052 1.03659 1.01139 1.04888 1.02338 1.01139 0.97645 1.02338 0.988021 1.04888 1.02338 1.06052 1.03474 1.02338 0.988021 1.03474 0.998991 1.0813 1.07609 1.09255 1.08729 1.07609 1.06052 1.08729 1.07156 1.09255 1.08729 1.10319 1.09788 1.08729 1.07156 1.09788 1.08199 1.06052 1.03474 1.07156 1.04551 1.03474 0.998991 1.04551 1.00939 1.07156 1.04551 1.08199 1.05569 1.04551 1.00939 1.05569 1.01922 0.97645 0.932104 0.988021 0.94315 0.932104 0.878781 0.94315 0.889195 0.988021 0.94315 0.998991 0.953622 0.94315 0.889195 0.953622 0.899068 0.878781 0.816996 0.889195 0.826678 0.816996 0.747342 0.826678 0.756199 0.889195 0.826678 0.899068 0.835857 0.826678 0.756199 0.835857 0.764595 0.998991 0.953622 1.00939 0.963547 0.953622 0.899068 0.963547 0.908426 1.00939 0.963547 1.01922 0.972928 0.963547 0.908426 0.972928 0.91727 0.899068 0.835857 0.908426 0.844556 0.835857 0.764595 0.844556 0.772553 0.908426 0.844556 0.91727 0.852779 0.844556 0.772553 0.852779 0.780074 0.707107 0.634393 0.717918 0.644092 0.634393 0.55557 0.644092 0.564064 0.717918 0.644092 0.728216 0.653332 0.644092 0.564064 0.653332 0.572155 0.55557 0.471397 0.564064 0.478604 0.471397 0.382683 0.478604 0.388534 0.564064 0.478604 0.572155 0.485469 0.478604 0.388534 0.485469 0.394107 0.728216 0.653332 0.738022 0.662129 0.653332 0.572155 0.662129 0.57986 0.738022 0.662129 0.747342 0.670491 0.662129 0.57986 0.670491 0.587183 0.572155 0.485469 0.57986 0.492006 0.485469 0.394107 0.492006 0.399414 0.57986 0.492006 0.587183 0.49822 0.492006 0.399414 0.49822 0.404459 0.382683 0.290285 0.388534 0.294723 0.290285 0.19509 0.294723 0.198073 0.388534 0.294723 0.394107 0.29895 0.294723 0.198073 0.29895 0.200914 0.19509 0.0980171 0.198073 0.0995157 0.0980171 1.22465e-16 0.0995157 1.24334e-16 0.198073 0.0995157 0.200914 0.100943 0.0995157 1.24334e-16 0.100943 1.26115e-16 0.394107 0.29895 0.399414 0.302976 0.29895 0.200914 0.302976 0.20362 0.399414 0.302976 0.404459 0.306802 0.302976 0.20362 0.306802 0.206191 0.200914 0.100943 0.20362 0.102302 0.100943 1.26115e-16 0.102302 1.27812e-16 0.20362 0.102302 0.206191 0.103594 0.102302 1.27812e-16 0.103594 1.29426e-16 0.747342 0.670491 0.756199 0.678437 0.670491 0.587183 0.678437 0.594141 0.756199 0.678437 0.764595 0.68597 0.678437 0.594141 0.68597 0.600738 0.587183 0.49822 0.594141 0.504124 0.49822 0.404459 0.504124 0.409252 0.594141 0.504124 0.600738 0.509722 0.504124 0.409252 0.509722 0.413796 0.764595 0.68597 0.772553 0.693109 0.68597 0.600738 0.693109 0.606991 0.772553 0.693109 0.780074 0.699857 0.693109 0.606991 0.699857 0.6129 0.600738 0.509722 0.606991 0.515027 0.509722 0.413796 0.515027 0.418103 0.606991 0.515027 0.6129 0.520041 0.515027 0.418103 0.520041 0.422173 0.404459 0.306802 0.409252 0.310438 0.306802 0.206191 0.310438 0.208635 0.409252 0.310438 0.413796 0.313885 0.310438 0.208635 0.313885 0.210951 0.206191 0.103594 0.208635 0.104822 0.103594 1.29426e-16 0.104822 1.30958e-16 0.208635 0.104822 0.210951 0.105986 0.104822 1.30958e-16 0.105986 1.32413e-16 0.413796 0.313885 0.418103 0.317152 0.313885 0.210951 0.317152 0.213147 0.418103 0.317152 0.422173 0.32024 0.317152 0.213147 0.32024 0.215222 0.210951 0.105986 0.213147 0.107089 0.105986 1.32413e-16 0.107089 1.3379e-16 0.213147 0.107089 0.215222 0.108132 0.107089 1.3379e-16 0.108132 1.35093e-16 1.10319 1.09788 1.11324 1.10788 1.09788 1.08199 1.10788 1.09185 1.11324 1.10788 1.12271 1.1173 1.10788 1.09185 1.1173 1.10114 1.08199 1.05569 1.09185 1.06531 1.05569 1.01922 1.06531 1.0285 1.09185 1.06531 1.10114 1.07437 1.06531 1.0285 1.07437 1.03725 1.12271 1.1173 1.13162 1.12617 1.1173 1.10114 1.12617 1.10988 1.13162 1.12617 1.13998 1.13449 1.12617 1.10988 1.13449 1.11808 1.10114 1.07437 1.10988 1.0829 1.07437 1.03725 1.0829 1.04548 1.10988 1.0829 1.11808 1.09089 1.0829 1.04548 1.09089 1.0532 1.01922 0.972928 1.0285 0.981793 0.972928 0.91727 0.981793 0.925628 1.0285 0.981793 1.03725 0.990141 0.981793 0.925628 0.990141 0.933499 0.91727 0.852779 0.925628 0.860549 0.852779 0.780074 0.860549 0.787182 0.925628 0.860549 0.933499 0.867866 0.860549 0.787182 0.867866 0.793875 1.03725 0.990141 1.04548 0.998003 0.990141 0.933499 0.998003 0.94091 1.04548 0.998003 1.0532 1.00537 0.998003 0.94091 1.00537 0.947858 0.933499 0.867866 0.94091 0.874757 0.867866 0.793875 0.874757 0.800179 0.94091 0.874757 0.947858 0.881216 0.874757 0.800179 0.881216 0.806087 1.13998 1.13449 1.14782 1.14229 1.13449 1.11808 1.14229 1.12576 1.14782 1.14229 1.15512 1.14956 1.14229 1.12576 1.14956 1.13293 1.11808 1.09089 1.12576 1.09839 1.09089 1.0532 1.09839 1.06044 1.12576 1.09839 1.13293 1.10538 1.09839 1.06044 1.10538 1.06719 1.15512 1.14956 1.16194 1.15635 1.14956 1.13293 1.15635 1.13962 1.16194 1.15635 1.16826 1.16263 1.15635 1.13962 1.16263 1.14581 1.13293 1.10538 1.13962 1.11191 1.10538 1.06719 1.11191 1.07349 1.13962 1.11191 1.14581 1.11795 1.11191 1.07349 1.11795 1.07933 1.0532 1.00537 1.06044 1.01228 1.00537 0.947858 1.01228 0.954375 1.06044 1.01228 1.06719 1.01873 1.01228 0.954375 1.01873 0.96045 0.947858 0.881216 0.954375 0.887275 0.881216 0.806087 0.887275 0.811629 0.954375 0.887275 0.96045 0.892922 0.887275 0.811629 0.892922 0.816796 1.06719 1.01873 1.07349 1.02474 1.01873 0.96045 1.02474 0.96612 1.07349 1.02474 1.07933 1.03031 1.02474 0.96612 1.03031 0.971369 0.96045 0.892922 0.96612 0.898194 0.892922 0.816796 0.898194 0.821617 0.96612 0.898194 0.971369 0.903074 0.898194 0.821617 0.903074 0.826081 0.780074 0.699857 0.787182 0.706234 0.699857 0.6129 0.706234 0.618485 0.787182 0.706234 0.793875 0.712239 0.706234 0.618485 0.712239 0.623744 0.6129 0.520041 0.618485 0.524779 0.520041 0.422173 0.524779 0.42602 0.618485 0.524779 0.623744 0.529241 0.524779 0.42602 0.529241 0.429642 0.793875 0.712239 0.800179 0.717894 0.712239 0.623744 0.717894 0.628696 0.800179 0.717894 0.806087 0.723195 0.717894 0.628696 0.723195 0.633339 0.623744 0.529241 0.628696 0.533444 0.529241 0.429642 0.533444 0.433053 0.628696 0.533444 0.633339 0.537383 0.533444 0.433053 0.537383 0.436251 0.422173 0.32024 0.42602 0.323158 0.32024 0.215222 0.323158 0.217183 0.42602 0.323158 0.429642 0.325905 0.323158 0.217183 0.325905 0.21903 0.215222 0.108132 0.217183 0.109117 0.108132 1.35093e-16 0.109117 1.36324e-16 0.217183 0.109117 0.21903 0.110045 0.109117 1.36324e-16 0.110045 1.37484e-16 0.429642 0.325905 0.433053 0.328493 0.325905 0.21903 0.328493 0.220769 0.433053 0.328493 0.436251 0.330919 0.328493 0.220769 0.330919 0.222399 0.21903 0.110045 0.220769 0.110918 0.110045 1.37484e-16 0.110918 1.38575e-16 0.220769 0.110918 0.222399 0.111738 0.110918 1.38575e-16 0.111738 1.39599e-16 0.806087 0.723195 0.811629 0.728167 0.723195 0.633339 0.728167 0.637693 0.811629 0.728167 0.816796 0.732803 0.728167 0.637693 0.732803 0.641752 0.633339 0.537383 0.637693 0.541077 0.537383 0.436251 0.541077 0.439251 0.637693 0.541077 0.641752 0.544521 0.541077 0.439251 0.544521 0.442047 0.816796 0.732803 0.821617 0.737129 0.732803 0.641752 0.737129 0.645541 0.821617 0.737129 0.826081 0.741133 0.737129 0.645541 0.741133 0.649048 0.641752 0.544521 0.645541 0.547736 0.544521 0.442047 0.547736 0.444656 0.645541 0.547736 0.649048 0.550712 0.547736 0.444656 0.550712 0.447072 0.436251 0.330919 0.439251 0.333194 0.330919 0.222399 0.333194 0.223928 0.439251 0.333194 0.442047 0.335315 0.333194 0.223928 0.335315 0.225353 0.222399 0.111738 0.223928 0.112506 0.111738 1.39599e-16 0.112506 1.40559e-16 0.223928 0.112506 0.225353 0.113222 0.112506 1.40559e-16 0.113222 1.41455e-16 0.442047 0.335315 0.444656 0.337294 0.335315 0.225353 0.337294 0.226684 0.444656 0.337294 0.447072 0.339127 0.337294 0.226684 0.339127 0.227915 0.225353 0.113222 0.226684 0.11389 0.113222 1.41455e-16 0.11389 1.42289e-16 0.226684 0.11389 0.227915 0.114509 0.11389 1.42289e-16 0.114509 1.43063e-16 0 0.114509 0 0.115083 0.114509 0.227915 0.115083 0.229058 0 0.115083 0 0.11561 0.115083 0.229058 0.11561 0.230106 0.227915 0.339127 0.229058 0.340827 0.339127 0.447072 0.340827 0.449313 0.229058 0.340827 0.230106 0.342387 0.340827 0.449313 0.342387 0.45137 0 0.11561 0 0.116095 0.11561 0.230106 0.116095 0.231071 0 0.116095 0 0.116534 0.116095 0.231071 0.116534 0.231946 0.230106 0.342387 0.231071 0.343823 0.342387 0.45137 0.343823 0.453263 0.231071 0.343823 0.231946 0.345125 0.343823 0.453263 0.345125 0.454979 0.447072 0.550712 0.449313 0.553473 0.550712 0.649048 0.553473 0.652302 0.449313 0.553473 0.45137 0.556006 0.553473 0.652302 0.556006 0.655287 0.649048 0.741133 0.652302 0.744849 0.741133 0.826081 0.744849 0.830223 0.652302 0.744849 0.655287 0.748258 0.744849 0.830223 0.748258 0.834022 0.45137 0.556006 0.453263 0.558338 0.556006 0.655287 0.558338 0.658036 0.453263 0.558338 0.454979 0.560452 0.558338 0.658036 0.560452 0.660528 0.655287 0.748258 0.658036 0.751397 0.748258 0.834022 0.751397 0.837521 0.658036 0.751397 0.660528 0.754242 0.751397 0.837521 0.754242 0.840692 0 0.116534 0 0.116935 0.116534 0.231946 0.116935 0.232744 0 0.116935 0 0.117293 0.116935 0.232744 0.117293 0.233456 0.231946 0.345125 0.232744 0.346312 0.345125 0.454979 0.346312 0.456544 0.232744 0.346312 0.233456 0.34737 0.346312 0.456544 0.34737 0.45794 0 0.117293 0 0.117614 0.117293 0.233456 0.117614 0.234096 0 0.117614 0 0.117894 0.117614 0.234096 0.117894 0.234652 0.233456 0.34737 0.234096 0.348323 0.34737 0.45794 0.348323 0.459195 0.234096 0.348323 0.234652 0.349151 0.348323 0.459195 0.349151 0.460287 0.454979 0.560452 0.456544 0.56238 0.560452 0.660528 0.56238 0.6628 0.456544 0.56238 0.45794 0.564099 0.56238 0.6628 0.564099 0.664825 0.660528 0.754242 0.6628 0.756836 0.754242 0.840692 0.756836 0.843584 0.6628 0.756836 0.664825 0.759149 0.756836 0.843584 0.759149 0.846162 0.45794 0.564099 0.459195 0.565645 0.564099 0.664825 0.565645 0.666648 0.459195 0.565645 0.460287 0.56699 0.565645 0.666648 0.56699 0.668233 0.664825 0.759149 0.666648 0.76123 0.759149 0.846162 0.76123 0.848482 0.666648 0.76123 0.668233 0.76304 0.76123 0.848482 0.76304 0.850499 0.826081 0.903074 0.830223 0.907601 0.903074 0.971369 0.907601 0.976239 0.830223 0.907601 0.834022 0.911755 0.907601 0.976239 0.911755 0.980707 0.971369 1.03031 0.976239 1.03547 1.03031 1.07933 1.03547 1.08474 0.976239 1.03547 0.980707 1.04021 1.03547 1.08474 1.04021 1.0897 0.834022 0.911755 0.837521 0.915579 0.911755 0.980707 0.915579 0.98482 0.837521 0.915579 0.840692 0.919046 0.915579 0.98482 0.919046 0.98855 0.980707 1.04021 0.98482 1.04458 1.04021 1.0897 1.04458 1.09427 0.98482 1.04458 0.98855 1.04853 1.04458 1.09427 1.04853 1.09842 1.07933 1.11795 1.08474 1.12356 1.11795 1.14581 1.12356 1.15155 1.08474 1.12356 1.0897 1.1287 1.12356 1.15155 1.1287 1.15682 1.14581 1.16263 1.15155 1.16846 1.16263 1.16826 1.16846 1.17411 1.15155 1.16846 1.15682 1.17381 1.16846 1.17411 1.17381 1.17949 1.0897 1.1287 1.09427 1.13343 1.1287 1.15682 1.13343 1.16167 1.09427 1.13343 1.09842 1.13772 1.13343 1.16167 1.13772 1.16607 1.15682 1.17381 1.16167 1.17873 1.17381 1.17949 1.17873 1.18443 1.16167 1.17873 1.16607 1.18319 1.17873 1.18443 1.18319 1.18892 0.840692 0.919046 0.843584 0.922208 0.919046 0.98855 0.922208 0.99195 0.843584 0.922208 0.846162 0.925026 0.922208 0.99195 0.925026 0.994981 0.98855 1.04853 0.99195 1.05214 1.04853 1.09842 1.05214 1.1022 0.99195 1.05214 0.994981 1.05535 1.05214 1.1022 1.05535 1.10556 0.846162 0.925026 0.848482 0.927562 0.925026 0.994981 0.927562 0.997709 0.848482 0.927562 0.850499 0.929767 0.927562 0.997709 0.929767 1.00008 0.994981 1.05535 0.997709 1.05825 1.05535 1.10556 1.05825 1.1086 0.997709 1.05825 1.00008 1.06076 1.05825 1.1086 1.06076 1.11123 1.09842 1.13772 1.1022 1.14164 1.13772 1.16607 1.14164 1.17008 1.1022 1.14164 1.10556 1.14513 1.14164 1.17008 1.14513 1.17366 1.16607 1.18319 1.17008 1.18726 1.18319 1.18892 1.18726 1.19301 1.17008 1.18726 1.17366 1.19089 1.18726 1.19301 1.19089 1.19665 1.10556 1.14513 1.1086 1.14827 1.14513 1.17366 1.14827 1.17688 1.1086 1.14827 1.11123 1.151 1.14827 1.17688 1.151 1.17968 1.17366 1.19089 1.17688 1.19416 1.19089 1.19665 1.19416 1.19993 1.17688 1.19416 1.17968 1.197 1.19416 1.19993 1.197 1.20279 0 0.117894 0 0.118141 0.117894 0.234652 0.118141 0.235144 0 0.118141 0 0.118347 0.118141 0.235144 0.118347 0.235554 0.234652 0.349151 0.235144 0.349882 0.349151 0.460287 0.349882 0.461251 0.235144 0.349882 0.235554 0.350493 0.349882 0.461251 0.350493 0.462056 0 0.118347 0 0.118523 0.118347 0.235554 0.118523 0.235905 0 0.118523 0 0.11866 0.118523 0.235905 0.11866 0.236178 0.235554 0.350493 0.235905 0.351016 0.350493 0.462056 0.351016 0.462745 0.235905 0.351016 0.236178 0.351421 0.351016 0.462745 0.351421 0.46328 0.460287 0.56699 0.461251 0.568177 0.56699 0.668233 0.568177 0.669632 0.461251 0.568177 0.462056 0.569169 0.568177 0.669632 0.569169 0.670801 0.668233 0.76304 0.669632 0.764638 0.76304 0.850499 0.764638 0.85228 0.669632 0.764638 0.670801 0.765973 0.764638 0.85228 0.765973 0.853768 0.462056 0.569169 0.462745 0.570018 0.569169 0.670801 0.570018 0.671802 0.462745 0.570018 0.46328 0.570677 0.570018 0.671802 0.570677 0.672578 0.670801 0.765973 0.671802 0.767116 0.765973 0.853768 0.767116 0.855042 0.671802 0.767116 0.672578 0.768002 0.767116 0.855042 0.768002 0.85603 0 0.11866 0 0.118771 0.11866 0.236178 0.118771 0.236398 0 0.118771 0 0.118843 0.118771 0.236398 0.118843 0.236541 0.236178 0.351421 0.236398 0.351749 0.351421 0.46328 0.351749 0.463712 0.236398 0.351749 0.236541 0.351961 0.351749 0.463712 0.351961 0.463991 0 0.118843 0 0.118891 0.118843 0.236541 0.118891 0.236637 0 0.118891 0 0.118901 0.118891 0.236637 0.118901 0.236657 0.236541 0.351961 0.236637 0.352105 0.351961 0.463991 0.352105 0.464181 0.236637 0.352105 0.236657 0.352134 0.352105 0.464181 0.352134 0.46422 0.46328 0.570677 0.463712 0.571209 0.570677 0.672578 0.571209 0.673205 0.463712 0.571209 0.463991 0.571553 0.571209 0.673205 0.571553 0.673611 0.672578 0.768002 0.673205 0.768718 0.768002 0.85603 0.768718 0.856827 0.673205 0.768718 0.673611 0.769181 0.768718 0.856827 0.769181 0.857344 0.463991 0.571553 0.464181 0.571787 0.571553 0.673611 0.571787 0.673886 0.464181 0.571787 0.46422 0.571835 0.571787 0.673886 0.571835 0.673942 0.673611 0.769181 0.673886 0.769496 0.769181 0.857344 0.769496 0.857694 0.673886 0.769496 0.673942 0.76956 0.769496 0.857694 0.76956 0.857766 0.850499 0.929767 0.85228 0.931714 0.929767 1.00008 0.931714 1.00218 0.85228 0.931714 0.853768 0.933341 0.931714 1.00218 0.933341 1.00392 1.00008 1.06076 1.00218 1.06298 1.06076 1.11123 1.06298 1.11356 1.00218 1.06298 1.00392 1.06484 1.06298 1.11356 1.06484 1.1155 0.853768 0.933341 0.855042 0.934733 0.933341 1.00392 0.934733 1.00542 0.855042 0.934733 0.85603 0.935813 0.934733 1.00542 0.935813 1.00658 1.00392 1.06484 1.00542 1.06643 1.06484 1.1155 1.06643 1.11717 1.00542 1.06643 1.00658 1.06766 1.06643 1.11717 1.06766 1.11846 1.11123 1.151 1.11356 1.15341 1.151 1.17968 1.15341 1.18215 1.11356 1.15341 1.1155 1.15542 1.15341 1.18215 1.15542 1.18421 1.17968 1.197 1.18215 1.1995 1.197 1.20279 1.1995 1.20531 1.18215 1.1995 1.18421 1.2016 1.1995 1.20531 1.2016 1.20741 1.1155 1.15542 1.11717 1.15714 1.15542 1.18421 1.15714 1.18598 1.11717 1.15714 1.11846 1.15848 1.15714 1.18598 1.15848 1.18735 1.18421 1.2016 1.18598 1.20339 1.2016 1.20741 1.20339 1.20921 1.18598 1.20339 1.18735 1.20478 1.20339 1.20921 1.20478 1.21061 0.85603 0.935813 0.856827 0.936685 0.935813 1.00658 0.936685 1.00752 0.856827 0.936685 0.857344 0.93725 0.936685 1.00752 0.93725 1.00813 1.00658 1.06766 1.00752 1.06866 1.06766 1.11846 1.06866 1.1195 1.00752 1.06866 1.00813 1.0693 1.06866 1.1195 1.0693 1.12017 0.857344 0.93725 0.857694 0.937633 0.93725 1.00813 0.937633 1.00854 0.857694 0.937633 0.857766 0.937711 0.937633 1.00854 0.937711 1.00863 1.00813 1.0693 1.00854 1.06974 1.0693 1.12017 1.06974 1.12063 1.00854 1.06974 1.00863 1.06983 1.06974 1.12063 1.06983 1.12073 1.11846 1.15848 1.1195 1.15956 1.15848 1.18735 1.15956 1.18845 1.1195 1.15956 1.12017 1.16026 1.15956 1.18845 1.16026 1.18917 1.18735 1.20478 1.18845 1.2059 1.20478 1.21061 1.2059 1.21174 1.18845 1.2059 1.18917 1.20663 1.2059 1.21174 1.20663 1.21247 1.12017 1.16026 1.12063 1.16073 1.16026 1.18917 1.16073 1.18966 1.12063 1.16073 1.12073 1.16083 1.16073 1.18966 1.16083 1.18976 1.18917 1.20663 1.18966 1.20712 1.20663 1.21247 1.20712 1.21296 1.18966 1.20712 1.18976 1.20722 1.20712 1.21296 1.20722 1.21306 1.16826 1.16263 1.17411 1.16846 1.16263 1.14581 1.16846 1.15155 1.17411 1.16846 1.17949 1.17381 1.16846 1.15155 1.17381 1.15682 1.14581 1.11795 1.15155 1.12356 1.11795 1.07933 1.12356 1.08474 1.15155 1.12356 1.15682 1.1287 1.12356 1.08474 1.1287 1.0897 1.17949 1.17381 1.18443 1.17873 1.17381 1.15682 1.17873 1.16167 1.18443 1.17873 1.18892 1.18319 1.17873 1.16167 1.18319 1.16607 1.15682 1.1287 1.16167 1.13343 1.1287 1.0897 1.13343 1.09427 1.16167 1.13343 1.16607 1.13772 1.13343 1.09427 1.13772 1.09842 1.07933 1.03031 1.08474 1.03547 1.03031 0.971369 1.03547 0.976239 1.08474 1.03547 1.0897 1.04021 1.03547 0.976239 1.04021 0.980707 0.971369 0.903074 0.976239 0.907601 0.903074 0.826081 0.907601 0.830223 0.976239 0.907601 0.980707 0.911755 0.907601 0.830223 0.911755 0.834022 1.0897 1.04021 1.09427 1.04458 1.04021 0.980707 1.04458 0.98482 1.09427 1.04458 1.09842 1.04853 1.04458 0.98482 1.04853 0.98855 0.980707 0.911755 0.98482 0.915579 0.911755 0.834022 0.915579 0.837521 0.98482 0.915579 0.98855 0.919046 0.915579 0.837521 0.919046 0.840692 1.18892 1.18319 1.19301 1.18726 1.18319 1.16607 1.18726 1.17008 1.19301 1.18726 1.19665 1.19089 1.18726 1.17008 1.19089 1.17366 1.16607 1.13772 1.17008 1.14164 1.13772 1.09842 1.14164 1.1022 1.17008 1.14164 1.17366 1.14513 1.14164 1.1022 1.14513 1.10556 1.19665 1.19089 1.19993 1.19416 1.19089 1.17366 1.19416 1.17688 1.19993 1.19416 1.20279 1.197 1.19416 1.17688 1.197 1.17968 1.17366 1.14513 1.17688 1.14827 1.14513 1.10556 1.14827 1.1086 1.17688 1.14827 1.17968 1.151 1.14827 1.1086 1.151 1.11123 1.09842 1.04853 1.1022 1.05214 1.04853 0.98855 1.05214 0.99195 1.1022 1.05214 1.10556 1.05535 1.05214 0.99195 1.05535 0.994981 0.98855 0.919046 0.99195 0.922208 0.919046 0.840692 0.922208 0.843584 0.99195 0.922208 0.994981 0.925026 0.922208 0.843584 0.925026 0.846162 1.10556 1.05535 1.1086 1.05825 1.05535 0.994981 1.05825 0.997709 1.1086 1.05825 1.11123 1.06076 1.05825 0.997709 1.06076 1.00008 0.994981 0.925026 0.997709 0.927562 0.925026 0.846162 0.927562 0.848482 0.997709 0.927562 1.00008 0.929767 0.927562 0.848482 0.929767 0.850499 0.826081 0.741133 0.830223 0.744849 0.741133 0.649048 0.744849 0.652302 0.830223 0.744849 0.834022 0.748258 0.744849 0.652302 0.748258 0.655287 0.649048 0.550712 0.652302 0.553473 0.550712 0.447072 0.553473 0.449313 0.652302 0.553473 0.655287 0.556006 0.553473 0.449313 0.556006 0.45137 0.834022 0.748258 0.837521 0.751397 0.748258 0.655287 0.751397 0.658036 0.837521 0.751397 0.840692 0.754242 0.751397 0.658036 0.754242 0.660528 0.655287 0.556006 0.658036 0.558338 0.556006 0.45137 0.558338 0.453263 0.658036 0.558338 0.660528 0.560452 0.558338 0.453263 0.560452 0.454979 0.447072 0.339127 0.449313 0.340827 0.339127 0.227915 0.340827 0.229058 0.449313 0.340827 0.45137 0.342387 0.340827 0.229058 0.342387 0.230106 0.227915 0.114509 0.229058 0.115083 0.114509 1.43063e-16 0.115083 1.4378e-16 0.229058 0.115083 0.230106 0.11561 0.115083 1.4378e-16 0.11561 1.44439e-16 0.45137 0.342387 0.453263 0.343823 0.342387 0.230106 0.343823 0.231071 0.453263 0.343823 0.454979 0.345125 0.343823 0.231071 0.345125 0.231946 0.230106 0.11561 0.231071 0.116095 0.11561 1.44439e-16 0.116095 1.45044e-16 0.231071 0.116095 0.231946 0.116534 0.116095 1.45044e-16 0.116534 1.45595e-16 0.840692 0.754242 0.843584 0.756836 0.754242 0.660528 0.756836 0.6628 0.843584 0.756836 0.846162 0.759149 0.756836 0.6628 0.759149 0.664825 0.660528 0.560452 0.6628 0.56238 0.560452 0.454979 0.56238 0.456544 0.6628 0.56238 0.664825 0.564099 0.56238 0.456544 0.564099 0.45794 0.846162 0.759149 0.848482 0.76123 0.759149 0.664825 0.76123 0.666648 0.848482 0.76123 0.850499 0.76304 0.76123 0.666648 0.76304 0.668233 0.664825 0.564099 0.666648 0.565645 0.564099 0.45794 0.565645 0.459195 0.666648 0.565645 0.668233 0.56699 0.565645 0.459195 0.56699 0.460287 0.454979 0.345125 0.456544 0.346312 0.345125 0.231946 0.346312 0.232744 0.456544 0.346312 0.45794 0.34737 0.346312 0.232744 0.34737 0.233456 0.231946 0.116534 0.232744 0.116935 0.116534 1.45595e-16 0.116935 1.46094e-16 0.232744 0.116935 0.233456 0.117293 0.116935 1.46094e-16 0.117293 1.46543e-16 0.45794 0.34737 0.459195 0.348323 0.34737 0.233456 0.348323 0.234096 0.459195 0.348323 0.460287 0.349151 0.348323 0.234096 0.349151 0.234652 0.233456 0.117293 0.234096 0.117614 0.117293 1.46543e-16 0.117614 1.46943e-16 0.234096 0.117614 0.234652 0.117894 0.117614 1.46943e-16 0.117894 1.47295e-16 1.20279 1.197 1.20531 1.1995 1.197 1.17968 1.1995 1.18215 1.20531 1.1995 1.20741 1.2016 1.1995 1.18215 1.2016 1.18421 1.17968 1.151 1.18215 1.15341 1.151 1.11123 1.15341 1.11356 1.18215 1.15341 1.18421 1.15542 1.15341 1.11356 1.15542 1.1155 1.20741 1.2016 1.20921 1.20339 1.2016 1.18421 1.20339 1.18598 1.20921 1.20339 1.21061 1.20478 1.20339 1.18598 1.20478 1.18735 1.18421 1.15542 1.18598 1.15714 1.15542 1.1155 1.15714 1.11717 1.18598 1.15714 1.18735 1.15848 1.15714 1.11717 1.15848 1.11846 1.11123 1.06076 1.11356 1.06298 1.06076 1.00008 1.06298 1.00218 1.11356 1.06298 1.1155 1.06484 1.06298 1.00218 1.06484 1.00392 1.00008 0.929767 1.00218 0.931714 0.929767 0.850499 0.931714 0.85228 1.00218 0.931714 1.00392 0.933341 0.931714 0.85228 0.933341 0.853768 1.1155 1.06484 1.11717 1.06643 1.06484 1.00392 1.06643 1.00542 1.11717 1.06643 1.11846 1.06766 1.06643 1.00542 1.06766 1.00658 1.00392 0.933341 1.00542 0.934733 0.933341 0.853768 0.934733 0.855042 1.00542 0.934733 1.00658 0.935813 0.934733 0.855042 0.935813 0.85603 1.21061 1.20478 1.21174 1.2059 1.20478 1.18735 1.2059 1.18845 1.21174 1.2059 1.21247 1.20663 1.2059 1.18845 1.20663 1.18917 1.18735 1.15848 1.18845 1.15956 1.15848 1.11846 1.15956 1.1195 1.18845 1.15956 1.18917 1.16026 1.15956 1.1195 1.16026 1.12017 1.21247 1.20663 1.21296 1.20712 1.20663 1.18917 1.20712 1.18966 1.21296 1.20712 1.21306 1.20722 1.20712 1.18966 1.20722 1.18976 1.18917 1.16026 1.18966 1.16073 1.16026 1.12017 1.16073 1.12063 1.18966 1.16073 1.18976 1.16083 1.16073 1.12063 1.16083 1.12073 1.11846 1.06766 1.1195 1.06866 1.06766 1.00658 1.06866 1.00752 1.1195 1.06866 1.12017 1.0693 1.06866 1.00752 1.0693 1.00813 1.00658 0.935813 1.00752 0.936685 0.935813 0.85603 0.936685 0.856827 1.00752 0.936685 1.00813 0.93725 0.936685 0.856827 0.93725 0.857344 1.12017 1.0693 1.12063 1.06974 1.0693 1.00813 1.06974 1.00854 1.12063 1.06974 1.12073 1.06983 1.06974 1.00854 1.06983 1.00863 1.00813 0.93725 1.00854 0.937633 0.93725 0.857344 0.937633 0.857694 1.00854 0.937633 1.00863 0.937711 0.937633 0.857694 0.937711 0.857766 0.850499 0.76304 0.85228 0.764638 0.76304 0.668233 0.764638 0.669632 0.85228 0.764638 0.853768 0.765973 0.764638 0.669632 0.765973 0.670801 0.668233 0.56699 0.669632 0.568177 0.56699 0.460287 0.568177 0.461251 0.669632 0.568177 0.670801 0.569169 0.568177 0.461251 0.569169 0.462056 0.853768 0.765973 0.855042 0.767116 0.765973 0.670801 0.767116 0.671802 0.855042 0.767116 0.85603 0.768002 0.767116 0.671802 0.768002 0.672578 0.670801 0.569169 0.671802 0.570018 0.569169 0.462056 0.570018 0.462745 0.671802 0.570018 0.672578 0.570677 0.570018 0.462745 0.570677 0.46328 0.460287 0.349151 0.461251 0.349882 0.349151 0.234652 0.349882 0.235144 0.461251 0.349882 0.462056 0.350493 0.349882 0.235144 0.350493 0.235554 0.234652 0.117894 0.235144 0.118141 0.117894 1.47295e-16 0.118141 1.47601e-16 0.235144 0.118141 0.235554 0.118347 0.118141 1.47601e-16 0.118347 1.47862e-16 0.462056 0.350493 0.462745 0.351016 0.350493 0.235554 0.351016 0.235905 0.462745 0.351016 0.46328 0.351421 0.351016 0.235905 0.351421 0.236178 0.235554 0.118347 0.235905 0.118523 0.118347 1.47862e-16 0.118523 1.48079e-16 0.235905 0.118523 0.236178 0.11866 0.118523 1.48079e-16 0.11866 1.48255e-16 0.85603 0.768002 0.856827 0.768718 0.768002 0.672578 0.768718 0.673205 0.856827 0.768718 0.857344 0.769181 0.768718 0.673205 0.769181 0.673611 0.672578 0.570677 0.673205 0.571209 0.570677 0.46328 0.571209 0.463712 0.673205 0.571209 0.673611 0.571553 0.571209 0.463712 0.571553 0.463991 0.857344 0.769181 0.857694 0.769496 0.769181 0.673611 0.769496 0.673886 0.857694 0.769496 0.857766 0.76956 0.769496 0.673886 0.76956 0.673942 0.673611 0.571553 0.673886 0.571787 0.571553 0.463991 0.571787 0.464181 0.673886 0.571787 0.673942 0.571835 0.571787 0.464181 0.571835 0.46422 0.46328 0.351421 0.463712 0.351749 0.351421 0.236178 0.351749 0.236398 0.463712 0.351749 0.463991 0.351961 0.351749 0.236398 0.351961 0.236541 0.236178 0.11866 0.236398 0.118771 0.11866 1.48255e-16 0.118771 1.48389e-16 0.236398 0.118771 0.236541 0.118843 0.118771 1.48389e-16 0.118843 1.48483e-16 0.463991 0.351961 0.464181 0.352105 0.351961 0.236541 0.352105 0.236637 0.464181 0.352105 0.46422 0.352134 0.352105 0.236637 0.352134 0.236657 0.236541 0.118843 0.236637 0.118891 0.118843 1.48483e-16 0.118891 1.48539e-16 0.236637 0.118891 0.236657 0.118901 0.118891 1.48539e-16 0.118901 1.48557e-16 
SCALARS exact_solution double 1
LOOKUP_TABLE default
0 0.0980171 0 0.0995131 0.0980171 0.19509 0.0995131 0.198068 0 0.0995131 0 0.100939 0.0995131 0.198068 0.100939 0.200906 0.19509 0.290285 0.198068 0.294715 0.290285 0.382683 0.294715 0.388524 0.198068 0.294715 0.200906 0.298938 0.294715 0.388524 0.298938 0.394091 0 0.100939 0 0.102297 0.100939 0.200906 0.102297 0.203609 0 0.102297 0 0.103588 0.102297 0.203609 0.103588 0.206179 0.200906 0.298938 0.203609 0.30296 0.298938 0.394091 0.30296 0.399393 0.203609 0.30296 0.206179 0.306784 0.30296 0.399393 0.306784 0.404435 0.382683 0.471397 0.388524 0.478591 0.471397 0.55557 0.478591 0.564049 0.388524 0.478591 0.394091 0.485449 0.478591 0.564049 0.485449 0.572132 0.55557 0.634393 0.564049 0.644075 0.634393 0.707107 0.644075 0.717899 0.564049 0.644075 0.572132 0.653305 0.644075 0.717899 0.653305 0.728186 0.394091 0.485449 0.399393 0.49198 0.485449 0.572132 0.49198 0.579828 0.399393 0.49198 0.404435 0.498191 0.49198 0.579828 0.498191 0.587149 0.572132 0.653305 0.579828 0.662093 0.653305 0.728186 0.662093 0.737982 0.579828 0.662093 0.587149 0.670452 0.662093 0.737982 0.670452 0.747299 0 0.103588 0 0.104815 0.103588 0.206179 0.104815 0.208621 0 0.104815 0 0.105979 0.104815 0.208621 0.105979 0.210938 0.206179 0.306784 0.208621 0.310418 0.306784 0.404435 0.310418 0.409225 0.208621 0.310418 0.210938 0.313865 0.310418 0.409225 0.313865 0.413769 0 0.105979 0 0.107082 0.105979 0.210938 0.107082 0.213132 0 0.107082 0 0.108125 0.107082 0.213132 0.108125 0.215208 0.210938 0.313865 0.213132 0.31713 0.313865 0.413769 0.31713 0.418074 0.213132 0.31713 0.215208 0.320219 0.31713 0.418074 0.320219 0.422146 0.404435 0.498191 0.409225 0.504091 0.498191 0.587149 0.504091 0.594103 0.409225 0.504091 0.413769 0.509689 0.504091 0.594103 0.509689 0.6007 0.587149 0.670452 0.594103 0.678393 0.670452 0.747299 0.678393 0.756149 0.594103 0.678393 0.6007 0.685926 0.678393 0.756149 0.685926 0.764546 0.413769 0.509689 0.418074 0.514992 0.509689 0.6007 0.514992 0.60695 0.418074 0.514992 0.422146 0.520008 0.514992 0.60695 0.520008 0.612861 0.6007 0.685926 0.60695 0.693062 0.685926 0.764546 0.693062 0.7725 0.60695 0.693062 0.612861 0.699813 0.693062 0.7725 0.699813 0.780024 0.707107 0.77301 0.717899 0.784808 0.77301 0.83147 0.784808 0.844159 0.717899 0.784808 0.728186 0.796054 0.784808 0.844159 0.796054 0.856256 0.83147 0.881921 0.844159 0.895381 0.881921 0.92388 0.895381 0.93798 0.844159 0.895381 0.856256 0.908212 0.895381 0.93798 0.908212 0.951421 0.728186 0.796054 0.737982 0.806763 0.796054 0.856256 0.806763 0.867775 0.737982 0.806763 0.747299 0.816948 0.806763 0.867775 0.816948 0.87873 0.856256 0.908212 0.867775 0.920429 0.908212 0.951421 0.920429 0.964219 0.867775 0.920429 0.87873 0.932049 0.920429 0.964219 0.932049 0.976393 0.92388 0.95694 0.93798 0.971545 0.95694 0.980785 0.971545 0.995754 0.93798 0.971545 0.951421 0.985467 0.971545 0.995754 0.985467 1.01002 0.980785 0.995185 0.995754 1.01037 0.995185 1 1.01037 1.01526 0.995754 1.01037 1.01002 1.02485 1.01037 1.01526 1.02485 1.02981 0.951421 0.985467 0.964219 0.998724 0.985467 1.01002 0.998724 1.02361 0.964219 0.998724 0.976393 1.01133 0.998724 1.02361 1.01133 1.03653 1.01002 1.02485 1.02361 1.03864 1.02485 1.02981 1.03864 1.04366 1.02361 1.03864 1.03653 1.05175 1.03864 1.04366 1.05175 1.05684 0.747299 0.816948 0.756149 0.826624 0.816948 0.87873 0.826624 0.889137 0.756149 0.826624 0.764546 0.835803 0.826624 0.889137 0.835803 0.899011 0.87873 0.932049 0.889137 0.943088 0.932049 0.976393 0.943088 0.987957 0.889137 0.943088 0.899011 0.953561 0.943088 0.987957 0.953561 0.998927 0.764546 0.835803 0.7725 0.844499 0.835803 0.899011 0.844499 0.908364 0.7725 0.844499 0.780024 0.852724 0.844499 0.908364 0.852724 0.917212 0.899011 0.953561 0.908364 0.963482 0.953561 0.998927 0.963482 1.00932 0.908364 0.963482 0.917212 0.972866 0.963482 1.00932 0.972866 1.01915 0.976393 1.01133 0.987957 1.02331 1.01133 1.03653 1.02331 1.04881 0.987957 1.02331 0.998927 1.03467 1.02331 1.04881 1.03467 1.06046 1.03653 1.05175 1.04881 1.06421 1.05175 1.05684 1.06421 1.06936 1.04881 1.06421 1.06046 1.07602 1.06421 1.06936 1.07602 1.08123 0.998927 1.03467 1.00932 1.04544 1.03467 1.06046 1.04544 1.07149 1.00932 1.04544 1.01915 1.05562 1.04544 1.07149 1.05562 1.08192 1.06046 1.07602 1.07149 1.08722 1.07602 1.08123 1.08722 1.09248 1.07149 1.08722 1.08192 1.09781 1.08722 1.09248 1.09781 1.10312 0 0.108125 0 0.10911 0.108125 0.215208 0.10911 0.217169 0 0.10911 0 0.110038 0.10911 0.217169 0.110038 0.219016 0.215208 0.320219 0.217169 0.323136 0.320219 0.422146 0.323136 0.425991 0.217169 0.323136 0.219016 0.325885 0.323136 0.425991 0.325885 0.429616 0 0.110038 0 0.110911 0.110038 0.219016 0.110911 0.220755 0 0.110911 0 0.111731 0.110911 0.220755 0.111731 0.222386 0.219016 0.325885 0.220755 0.328472 0.325885 0.429616 0.328472 0.433026 0.220755 0.328472 0.222386 0.3309 0.328472 0.433026 0.3309 0.436227 0.422146 0.520008 0.425991 0.524744 0.520008 0.612861 0.524744 0.618444 0.425991 0.524744 0.429616 0.529209 0.524744 0.618444 0.529209 0.623706 0.612861 0.699813 0.618444 0.706187 0.699813 0.780024 0.706187 0.78713 0.618444 0.706187 0.623706 0.712196 0.706187 0.78713 0.712196 0.793827 0.429616 0.529209 0.433026 0.533409 0.529209 0.623706 0.533409 0.628656 0.433026 0.533409 0.436227 0.537352 0.533409 0.628656 0.537352 0.633303 0.623706 0.712196 0.628656 0.717848 0.712196 0.793827 0.717848 0.800127 0.628656 0.717848 0.633303 0.723154 0.717848 0.800127 0.723154 0.806042 0 0.111731 0 0.112499 0.111731 0.222386 0.112499 0.223914 0 0.112499 0 0.113216 0.112499 0.223914 0.113216 0.225342 0.222386 0.3309 0.223914 0.333174 0.3309 0.436227 0.333174 0.439224 0.223914 0.333174 0.225342 0.335297 0.333174 0.439224 0.335297 0.442024 0 0.113216 0 0.113884 0.113216 0.225342 0.113884 0.226671 0 0.113884 0 0.114504 0.113884 0.226671 0.114504 0.227905 0.225342 0.335297 0.226671 0.337275 0.335297 0.442024 0.337275 0.444631 0.226671 0.337275 0.227905 0.339111 0.337275 0.444631 0.339111 0.447051 0.436227 0.537352 0.439224 0.541045 0.537352 0.633303 0.541045 0.637654 0.439224 0.541045 0.442024 0.544493 0.541045 0.637654 0.544493 0.641719 0.633303 0.723154 0.637654 0.728123 0.723154 0.806042 0.728123 0.81158 0.637654 0.728123 0.641719 0.732765 0.728123 0.81158 0.732765 0.816753 0.442024 0.544493 0.444631 0.547705 0.544493 0.641719 0.547705 0.645504 0.444631 0.547705 0.447051 0.550686 0.547705 0.645504 0.550686 0.649018 0.641719 0.732765 0.645504 0.737087 0.732765 0.816753 0.737087 0.821571 0.645504 0.737087 0.649018 0.741099 0.737087 0.821571 0.741099 0.826043 0.780024 0.852724 0.78713 0.860492 0.852724 0.917212 0.860492 0.925566 0.78713 0.860492 0.793827 0.867813 0.860492 0.925566 0.867813 0.933442 0.917212 0.972866 0.925566 0.981728 0.972866 1.01915 0.981728 1.02843 0.925566 0.981728 0.933442 0.990081 0.981728 1.02843 0.990081 1.03718 0.793827 0.867813 0.800127 0.874701 0.867813 0.933442 0.874701 0.94085 0.800127 0.874701 0.806042 0.881166 0.874701 0.94085 0.881166 0.947805 0.933442 0.990081 0.94085 0.997939 0.990081 1.03718 0.997939 1.04542 0.94085 0.997939 0.947805 1.00532 0.997939 1.04542 1.00532 1.05314 1.01915 1.05562 1.02843 1.06524 1.05562 1.08192 1.06524 1.09178 1.02843 1.06524 1.03718 1.0743 1.06524 1.09178 1.0743 1.10107 1.08192 1.09781 1.09178 1.10781 1.09781 1.10312 1.10781 1.11317 1.09178 1.10781 1.10107 1.11723 1.10781 1.11317 1.11723 1.12264 1.03718 1.0743 1.04542 1.08283 1.0743 1.10107 1.08283 1.10981 1.04542 1.08283 1.05314 1.09083 1.08283 1.10981 1.09083 1.11801 1.10107 1.11723 1.10981 1.1261 1.11723 1.12264 1.1261 1.13155 1.10981 1.1261 1.11801 1.13443 1.1261 1.13155 1.13443 1.13991 0.806042 0.881166 0.81158 0.887221 0.881166 0.947805 0.887221 0.954317 0.81158 0.887221 0.816753 0.892876 0.887221 0.954317 0.892876 0.9604 0.947805 1.00532 0.954317 1.01222 1.00532 1.05314 1.01222 1.06038 0.954317 1.01222 0.9604 1.01868 1.01222 1.06038 1.01868 1.06714 0.816753 0.892876 0.821571 0.898143 0.892876 0.9604 0.898143 0.966065 0.821571 0.898143 0.826043 0.903032 0.898143 0.966065 0.903032 0.971324 0.9604 1.01868 0.966065 1.02468 1.01868 1.06714 1.02468 1.07343 0.966065 1.02468 0.971324 1.03026 1.02468 1.07343 1.03026 1.07928 1.05314 1.09083 1.06038 1.09833 1.09083 1.11801 1.09833 1.12569 1.06038 1.09833 1.06714 1.10533 1.09833 1.12569 1.10533 1.13287 1.11801 1.13443 1.12569 1.14222 1.13443 1.13991 1.14222 1.14775 1.12569 1.14222 1.13287 1.1495 1.14222 1.14775 1.1495 1.15506 1.06714 1.10533 1.07343 1.11185 1.10533 1.13287 1.11185 1.13955 1.07343 1.11185 1.07928 1.1179 1.11185 1.13955 1.1179 1.14575 1.13287 1.1495 1.13955 1.15628 1.1495 1.15506 1.15628 1.16188 1.13955 1.15628 1.14575 1.16258 1.15628 1.16188 1.16258 1.1682 1 0.995185 1.01526 1.01037 0.995185 0.980785 1.01037 0.995754 1.01526 1.01037 1.02981 1.02485 1.01037 0.995754 1.02485 1.01002 0.980785 0.95694 0.995754 0.971545 0.95694 0.92388 0.971545 0.93798 0.995754 0.971545 1.01002 0.985467 0.971545 0.93798 0.985467 0.951421 1.02981 1.02485 1.04366 1.03864 1.02485 1.01002 1.03864 1.02361 1.04366 1.03864 1.05684 1.05175 1.03864 1.02361 1.05175 1.03653 1.01002 0.985467 1.02361 0.998724 0.985467 0.951421 0.998724 0.964219 1.02361 0.998724 1.03653 1.01133 0.998724 0.964219 1.01133 0.976393 0.92388 0.881921 0.93798 0.895381 0.881921 0.83147 0.895381 0.844159 0.93798 0.895381 0.951421 0.908212 0.895381 0.844159 0.908212 0.856256 0.83147 0.77301 0.844159 0.784808 0.77301 0.707107 0.784808 0.717899 0.844159 0.784808 0.856256 0.796054 0.784808 0.717899 0.796054 0.728186 0.951421 0.908212 0.964219 0.920429 0.908212 0.856256 0.920429 0.867775 0.964219 0.920429 0.976393 0.932049 0.920429 0.867775 0.932049 0.87873 0.856256 0.796054 0.867775 0.806763 0.796054 0.728186 0.806763 0.737982 0.867775 0.806763 0.87873 0.816948 0.806763 0.737982 0.816948 0.747299 1.05684 1.05175 1.06936 1.06421 1.05175 1.03653 1.06421 1.04881 1.06936 1.06421 1.08123 1.07602 1.06421 1.04881 1.07602 1.06046 1.03653 1.01133 1.04881 1.02331 1.01133 0.976393 1.02331 0.987957 1.04881 1.02331 1.06046 1.03467 1.02331 0.987957 1.03467 0.998927 1.08123 1.07602 1.09248 1.08722 1.07602 1.06046 1.08722 1.07149 1.09248 1.08722 1.10312 1.09781 1.08722 1.07149 1.09781 1.08192 1.06046 1.03467 1.07149 1.04544 1.03467 0.998927 1.04544 1.00932 1.07149 1.04544 1.08192 1.05562 1.04544 1.00932 1.05562 1.01915 0.976393 0.932049 0.987957 0.943088 0.932049 0.87873 0.943088 0.889137 0.987957 0.943088 0.998927 0.953561 0.943088 0.889137 0.953561 0.899011 0.87873 0.816948 0.889137 0.826624 0.816948 0.747299 0.826624 0.756149 0.889137 0.826624 0.899011 0.835803 0.826624 0.756149 0.835803 0.764546 0.998927 0.953561 1.00932 0.963482 0.953561 0.899011 0.963482 0.908364 1.00932 0.963482 1.01915 0.972866 0.963482 0.908364 0.972866 0.917212 0.899011 0.835803 0.908364 0.844499 0.835803 0.764546 0.844499 0.7725 0.908364 0.844499 0.917212 0.852724 0.844499 0.7725 0.852724 0.780024 0.707107 0.634393 0.717899 0.644075 0.634393 0.55557 0.644075 0.564049 0.717899 0.644075 0.728186 0.653305 0.644075 0.564049 0.653305 0.572132 0.55557 0.471397 0.564049 0.478591 0.471397 0.382683 0.478591 0.388524 0.564049 0.478591 0.572132 0.485449 0.478591 0.388524 0.485449 0.394091 0.728186 0.653305 0.737982 0.662093 0.653305 0.572132 0.662093 0.579828 0.737982 0.662093 0.747299 0.670452 0.662093 0.579828 0.670452 0.587149 0.572132 0.485449 0.579828 0.49198 0.485449 0.394091 0.49198 0.399393 0.579828 0.49198 0.587149 0.498191 0.49198 0.399393 0.498191 0.404435 0.382683 0.290285 0.388524 0.294715 0.290285 0.19509 0.294715 0.198068 0.388524 0.294715 0.394091 0.298938 0.294715 0.198068 0.298938 0.200906 0.19509 0.0980171 0.198068 0.0995131 0.0980171 1.22465e-16 0.0995131 1.24334e-16 0.198068 0.0995131 0.200906 0.100939 0.0995131 1.24334e-16 0.100939 1.26115e-16 0.394091 0.298938 0.399393 0.30296 0.298938 0.200906 0.30296 0.203609 0.399393 0.30296 0.404435 0.306784 0.30296 0.203609 0.306784 0.206179 0.200906 0.100939 0.203609 0.102297 0.100939 1.26115e-16 0.102297 1.27812e-16 0.203609 0.102297 0.206179 0.103588 0.102297 1.27812e-16 0.103588 1.29426e-16 0.747299 0.670452 0.756149 0.678393 0.670452 0.587149 0.678393 0.594103 0.756149 0.678393 0.764546 0.685926 0.678393 0.594103 0.685926 0.6007 0.587149 0.498191 0.594103 0.504091 0.498191 0.404435 0.504091 0.409225 0.594103 0.504091 0.6007 0.509689 0.504091 0.409225 0.509689 0.413769 0.764546 0.685926 0.7725 0.693062 0.685926 0.6007 0.693062 0.60695 0.7725 0.693062 0.780024 0.699813 0.693062 0.60695 0.699813 0.612861 0.6007 0.509689 0.60695 0.514992 0.509689 0.413769 0.514992 0.418074 0.60695 0.514992 0.612861 0.520008 0.514992 0.418074 0.520008 0.422146 0.404435 0.306784 0.409225 0.310418 0.306784 0.206179 0.310418 0.208621 0.409225 0.310418 0.413769 0.313865 0.310418 0.208621 0.313865 0.210938 0.206179 0.103588 0.208621 0.104815 0.103588 1.29426e-16 0.104815 1.30958e-16 0.208621 0.104815 0.210938 0.105979 0.104815 1.30958e-16 0.105979 1.32413e-16 0.413769 0.313865 0.418074 0.31713 0.313865 0.210938 0.31713 0.213132 0.418074 0.31713 0.422146 0.320219 0.31713 0.213132 0.320219 0.215208 0.210938 0.105979 0.213132 0.107082 0.105979 1.32413e-16 0.107082 1.3379e-16 0.213132 0.107082 0.215208 0.108125 0.107082 1.3379e-16 0.108125 1.35093e-16 1.10312 1.09781 1.11317 1.10781 1.09781 1.08192 1.10781 1.09178 1.11317 1.10781 1.12264 1.11723 1.10781 1.09178 1.11723 1.10107 1.08192 1.05562 1.09178 1.06524 1.05562 1.01915 1.06524 1.02843 1.09178 1.06524 1.10107 1.0743 1.06524 1.02843 1.0743 1.03718 1.12264 1.11723 1.13155 1.1261 1.11723 1.10107 1.1261 1.10981 1.13155 1.1261 1.13991 1.13443 1.1261 1.10981 1.13443 1.11801 1.10107 1.0743 1.10981 1.08283 1.0743 1.03718 1.08283 1.04542 1.10981 1.08283 1.11801 1.09083 1.08283 1.04542 1.09083 1.05314 1.01915 0.972866 1.02843 0.981728 0.972866 0.917212 0.981728 0.925566 1.02843 0.981728 1.03718 0.990081 0.981728 0.925566 0.990081 0.933442 0.917212 0.852724 0.925566 0.860492 0.852724 0.780024 0.860492 0.78713 0.925566 0.860492 0.933442 0.867813 0.860492 0.78713 0.867813 0.793827 1.03718 0.990081 1.04542 0.997939 0.990081 0.933442 0.997939 0.94085 1.04542 0.997939 1.05314 1.00532 0.997939 0.94085 1.00532 0.947805 0.933442 0.867813 0.94085 0.874701 0.867813 0.793827 0.874701 0.800127 0.94085 0.874701 0.947805 0.881166 0.874701 0.800127 0.881166 0.806042 1.13991 1.13443 1.14775 1.14222 1.13443 1.11801 1.14222 1.12569 1.14775 1.14222 1.15506 1.1495 1.14222 1.12569 1.1495 1.13287 1.11801 1.09083 1.12569 1.09833 1.09083 1.05314 1.09833 1.06038 1.12569 1.09833 1.13287 1.10533 1.09833 1.06038 1.10533 1.06714 1.15506 1.1495 1.16188 1.15628 1.1495 1.13287 1.15628 1.13955 1.16188 1.15628 1.1682 1.16258 1.15628 1.13955 1.16258 1.14575 1.13287 1.10533 1.13955 1.11185 1.10533 1.06714 1.11185 1.07343 1.13955 1.11185 1.14575 1.1179 1.11185 1.07343 1.1179 1.07928 1.05314 1.00532 1.06038 1.01222 1.00532 0.947805 1.01222 0.954317 1.06038 1.01222 1.06714 1.01868 1.01222 0.954317 1.01868 0.9604 0.947805 0.881166 0.954317 0.887221 0.881166 0.806042 0.887221 0.81158 0.954317 0.887221 0.9604 0.892876 0.887221 0.81158 0.892876 0.816753 1.06714 1.01868 1.07343 1.02468 1.01868 0.9604 1.02468 0.966065 1.07343 1.02468 1.07928 1.03026 1.02468 0.966065 1.03026 0.971324 0.9604 0.892876 0.966065 0.898143 0.892876 0.816753 0.898143 0.821571 0.966065 0.898143 0.971324 0.903032 0.898143 0.821571 0.903032 0.826043 0.780024 0.699813 0.78713 0.706187 0.699813 0.612861 0.706187 0.618444 0.78713 0.706187 0.793827 0.712196 0.706187 0.618444 0.712196 0.623706 0.612861 0.520008 0.618444 0.524744 0.520008 0.422146 0.524744 0.425991 0.618444 0.524744 0.623706 0.529209 0.524744 0.425991 0.529209 0.429616 0.793827 0.712196 0.800127 0.717848 0.712196 0.623706 0.717848 0.628656 0.800127 0.717848 0.806042 0.723154 0.717848 0.628656 0.723154 0.633303 0.623706 0.529209 0.628656 0.533409 0.529209 0.429616 0.533409 0.433026 0.628656 0.533409 0.633303 0.537352 0.533409 0.433026 0.537352 0.436227 0.422146 0.320219 0.425991 0.323136 0.320219 0.215208 0.323136 0.217169 0.425991 0.323136 0.429616 0.325885 0.323136 0.217169 0.325885 0.219016 0.215208 0.108125 0.217169 0.10911 0.108125 1.35093e-16 0.10911 1.36324e-16 0.217169 0.10911 0.219016 0.110038 0.10911 1.36324e-16 0.110038 1.37484e-16 0.429616 0.325885 0.433026 0.328472 0.325885 0.219016 0.328472 0.220755 0.433026 0.328472 0.436227 0.3309 0.328472 0.220755 0.3309 0.222386 0.219016 0.110038 0.220755 0.110911 0.110038 1.37484e-16 0.110911 1.38575e-16 0.220755 0.110911 0.222386 0.111731 0.110911 1.38575e-16 0.111731 1.39599e-16 0.806042 0.723154 0.81158 0.728123 0.723154 0.633303 0.728123 0.637654 0.81158 0.728123 0.816753 0.732765 0.728123 0.637654 0.732765 0.641719 0.633303 0.537352 0.637654 0.541045 0.537352 0.436227 0.541045 0.439224 0.637654 0.541045 0.641719 0.544493 0.541045 0.439224 0.544493 0.442024 0.816753 0.732765 0.821571 0.737087 0.732765 0.641719 0.737087 0.645504 0.821571 0.737087 0.826043 0.741099 0.737087 0.645504 0.741099 0.649018 0.641719 0.544493 0.645504 0.547705 0.544493 0.442024 0.547705 0.444631 0.645504 0.547705 0.649018 0.550686 0.547705 0.444631 0.550686 0.447051 0.436227 0.3309 0.439224 0.333174 0.3309 0.222386 0.333174 0.223914 0.439224 0.333174 0.442024 0.335297 0.333174 0.223914 0.335297 0.225342 0.222386 0.111731 0.223914 0.112499 0.111731 1.39599e-16 0.112499 1.40559e-16 0.223914 0.112499 0.225342 0.113216 0.112499 1.40559e-16 0.113216 1.41455e-16 0.442024 0.335297 0.444631 0.337275 0.335297 0.225342 0.337275 0.226671 0.444631 0.337275 0.447051 0.339111 0.337275 0.226671 0.339111 0.227905 0.225342 0.113216 0.226671 0.113884 0.113216 1.41455e-16 0.113884 1.42289e-16 0.226671 0.113884 0.227905 0.114504 0.113884 1.42289e-16 0.114504 1.43063e-16 0 0.114504 0 0.115077 0.114504 0.227905 0.115077 0.229046 0 0.115077 0 0.115605 0.115077 0.229046 0.115605 0.230097 0.227905 0.339111 0.229046 0.340809 0.339111 0.447051 0.340809 0.44929 0.229046 0.340809 0.230097 0.342372 0.340809 0.44929 0.342372 0.451351 0 0.115605 0 0.116089 0.115605 0.230097 0.116089 0.23106 0 0.116089 0 0.11653 0.116089 0.23106 0.11653 0.231938 0.230097 0.342372 0.23106 0.343806 0.342372 0.451351 0.343806 0.45324 0.23106 0.343806 0.231938 0.345112 0.343806 0.45324 0.345112 0.454963 0.447051 0.550686 0.44929 0.553443 0.550686 0.649018 0.553443 0.652267 0.44929 0.553443 0.451351 0.555983 0.553443 0.652267 0.555983 0.65526 0.649018 0.741099 0.652267 0.74481 0.741099 0.826043 0.74481 0.830179 0.652267 0.74481 0.65526 0.748227 0.74481 0.830179 0.748227 0.833988 0.451351 0.555983 0.45324 0.55831 0.555983 0.65526 0.55831 0.658003 0.45324 0.55831 0.454963 0.560432 0.55831 0.658003 0.560432 0.660504 0.65526 0.748227 0.658003 0.751359 0.748227 0.833988 0.751359 0.837479 0.658003 0.751359 0.660504 0.754215 0.751359 0.837479 0.754215 0.840662 0 0.11653 0 0.11693 0.11653 0.231938 0.11693 0.232733 0 0.11693 0 0.117289 0.11693 0.232733 0.117289 0.233448 0.231938 0.345112 0.232733 0.346296 0.345112 0.454963 0.346296 0.456523 0.232733 0.346296 0.233448 0.347359 0.346296 0.456523 0.347359 0.457925 0 0.117289 0 0.117609 0.117289 0.233448 0.117609 0.234085 0 0.117609 0 0.117891 0.117609 0.234085 0.117891 0.234646 0.233448 0.347359 0.234085 0.348307 0.347359 0.457925 0.348307 0.459175 0.234085 0.348307 0.234646 0.349142 0.348307 0.459175 0.349142 0.460275 0.454963 0.560432 0.456523 0.562354 0.560432 0.660504 0.562354 0.662769 0.456523 0.562354 0.457925 0.564081 0.562354 0.662769 0.564081 0.664805 0.660504 0.754215 0.662769 0.756801 0.754215 0.840662 0.756801 0.843545 0.662769 0.756801 0.664805 0.759126 0.756801 0.843545 0.759126 0.846136 0.457925 0.564081 0.459175 0.56562 0.564081 0.664805 0.56562 0.666618 0.459175 0.56562 0.460275 0.566975 0.56562 0.666618 0.566975 0.668216 0.664805 0.759126 0.666618 0.761196 0.759126 0.846136 0.761196 0.848444 0.666618 0.761196 0.668216 0.76302 0.761196 0.848444 0.76302 0.850477 0.826043 0.903032 0.830179 0.907553 0.903032 0.971324 0.907553 0.976187 0.830179 0.907553 0.833988 0.911717 0.907553 0.976187 0.911717 0.980666 0.971324 1.03026 0.976187 1.03542 1.03026 1.07928 1.03542 1.08468 0.976187 1.03542 0.980666 1.04017 1.03542 1.08468 1.04017 1.08966 0.833988 0.911717 0.837479 0.915534 0.911717 0.980666 0.915534 0.984771 0.837479 0.915534 0.840662 0.919013 0.915534 0.984771 0.919013 0.988514 0.980666 1.04017 0.984771 1.04453 1.04017 1.08966 1.04453 1.09422 0.984771 1.04453 0.988514 1.04849 1.04453 1.09422 1.04849 1.09838 1.07928 1.1179 1.08468 1.1235 1.1179 1.14575 1.1235 1.15149 1.08468 1.1235 1.08966 1.12865 1.1235 1.15149 1.12865 1.15677 1.14575 1.16258 1.15149 1.1684 1.16258 1.1682 1.1684 1.17405 1.15149 1.1684 1.15677 1.17376 1.1684 1.17405 1.17376 1.17944 1.08966 1.12865 1.09422 1.13338 1.12865 1.15677 1.13338 1.16162 1.09422 1.13338 1.09838 1.13768 1.13338 1.16162 1.13768 1.16603 1.15677 1.17376 1.16162 1.17867 1.17376 1.17944 1.17867 1.18437 1.16162 1.17867 1.16603 1.18315 1.17867 1.18437 1.18315 1.18888 0.840662 0.919013 0.843545 0.922164 0.919013 0.988514 0.922164 0.991903 0.843545 0.922164 0.846136 0.924997 0.922164 0.991903 0.924997 0.99495 0.988514 1.04849 0.991903 1.05209 1.04849 1.09838 1.05209 1.10214 0.991903 1.05209 0.99495 1.05532 1.05209 1.10214 1.05532 1.10553 0.846136 0.924997 0.848444 0.92752 0.924997 0.99495 0.92752 0.997665 0.848444 0.92752 0.850477 0.929743 0.92752 0.997665 0.929743 1.00006 0.99495 1.05532 0.997665 1.0582 1.05532 1.10553 1.0582 1.10855 0.997665 1.0582 1.00006 1.06074 1.0582 1.10855 1.06074 1.1112 1.09838 1.13768 1.10214 1.14158 1.13768 1.16603 1.14158 1.17003 1.10214 1.14158 1.10553 1.14509 1.14158 1.17003 1.14509 1.17362 1.16603 1.18315 1.17003 1.18721 1.18315 1.18888 1.18721 1.19295 1.17003 1.18721 1.17362 1.19085 1.18721 1.19295 1.19085 1.19662 1.10553 1.14509 1.10855 1.14821 1.14509 1.17362 1.14821 1.17683 1.10855 1.14821 1.1112 1.15097 1.14821 1.17683 1.15097 1.17965 1.17362 1.19085 1.17683 1.1941 1.19085 1.19662 1.1941 1.19988 1.17683 1.1941 1.17965 1.19696 1.1941 1.19988 1.19696 1.20276 0 0.117891 0 0.118136 0.117891 0.234646 0.118136 0.235133 0 0.118136 0 0.118344 0.118136 0.235133 0.118344 0.235549 0.234646 0.349142 0.235133 0.349867 0.349142 0.460275 0.349867 0.461231 0.235133 0.349867 0.235549 0.350485 0.349867 0.461231 0.350485 0.462046 0 0.118344 0 0.118518 0.118344 0.235549 0.118518 0.235896 0 0.118518 0 0.118659 0.118518 0.235896 0.118659 0.236175 0.235549 0.350485 0.235896 0.351001 0.350485 0.462046 0.351001 0.462726 0.235896 0.351001 0.236175 0.351416 0.351001 0.462726 0.351416 0.463273 0.460275 0.566975 0.461231 0.568153 0.566975 0.668216 0.568153 0.669603 0.461231 0.568153 0.462046 0.569157 0.568153 0.669603 0.569157 0.670787 0.668216 0.76302 0.669603 0.764605 0.76302 0.850477 0.764605 0.852243 0.669603 0.764605 0.670787 0.765957 0.764605 0.852243 0.765957 0.85375 0.462046 0.569157 0.462726 0.569994 0.569157 0.670787 0.569994 0.671774 0.462726 0.569994 0.463273 0.570669 0.569994 0.671774 0.570669 0.672568 0.670787 0.765957 0.671774 0.767083 0.765957 0.85375 0.767083 0.855006 0.671774 0.767083 0.672568 0.767991 0.767083 0.855006 0.767991 0.856017 0 0.118659 0 0.118766 0.118659 0.236175 0.118766 0.236388 0 0.118766 0 0.118842 0.118766 0.236388 0.118842 0.236539 0.236175 0.351416 0.236388 0.351734 0.351416 0.463273 0.351734 0.463692 0.236388 0.351734 0.236539 0.351958 0.351734 0.463692 0.351958 0.463987 0 0.118842 0 0.118886 0.118842 0.236539 0.118886 0.236627 0 0.118886 0 0.118901 0.118886 0.236627 0.118901 0.236657 0.236539 0.351958 0.236627 0.35209 0.351958 0.463987 0.35209 0.464161 0.236627 0.35209 0.236657 0.352133 0.35209 0.464161 0.352133 0.464218 0.463273 0.570669 0.463692 0.571185 0.570669 0.672568 0.571185 0.673177 0.463692 0.571185 0.463987 0.571548 0.571185 0.673177 0.571548 0.673605 0.672568 0.767991 0.673177 0.768686 0.767991 0.856017 0.768686 0.856792 0.673177 0.768686 0.673605 0.769174 0.768686 0.856792 0.769174 0.857336 0.463987 0.571548 0.464161 0.571763 0.571548 0.673605 0.571763 0.673858 0.464161 0.571763 0.464218 0.571833 0.571763 0.673858 0.571833 0.673941 0.673605 0.769174 0.673858 0.769463 0.769174 0.857336 0.769463 0.857658 0.673858 0.769463 0.673941 0.769558 0.769463 0.857658 0.769558 0.857764 0.850477 0.929743 0.852243 0.931674 0.929743 1.00006 0.931674 1.00213 0.852243 0.931674 0.85375 0.933321 0.931674 1.00213 0.933321 1.0039 1.00006 1.06074 1.00213 1.06294 1.06074 1.1112 1.06294 1.11351 1.00213 1.06294 1.0039 1.06482 1.06294 1.11351 1.06482 1.11548 0.85375 0.933321 0.855006 0.934694 0.933321 1.0039 0.934694 1.00538 0.855006 0.934694 0.856017 0.935799 0.934694 1.00538 0.935799 1.00657 1.0039 1.06482 1.00538 1.06638 1.06482 1.11548 1.06638 1.11712 1.00538 1.06638 1.00657 1.06765 1.06638 1.11712 1.06765 1.11844 1.1112 1.15097 1.11351 1.15336 1.15097 1.17965 1.15336 1.1821 1.11351 1.15336 1.11548 1.1554 1.15336 1.1821 1.1554 1.18419 1.17965 1.19696 1.1821 1.19945 1.19696 1.20276 1.19945 1.20525 1.1821 1.19945 1.18419 1.20157 1.19945 1.20525 1.20157 1.20739 1.11548 1.1554 1.11712 1.15709 1.1554 1.18419 1.15709 1.18593 1.11712 1.15709 1.11844 1.15846 1.15709 1.18593 1.15846 1.18733 1.18419 1.20157 1.18593 1.20334 1.20157 1.20739 1.20334 1.20916 1.18593 1.20334 1.18733 1.20476 1.20334 1.20916 1.20476 1.21059 0.856017 0.935799 0.856792 0.936646 0.935799 1.00657 0.936646 1.00748 0.856792 0.936646 0.857336 0.937242 0.936646 1.00748 0.937242 1.00812 1.00657 1.06765 1.00748 1.06861 1.06765 1.11844 1.06861 1.11945 1.00748 1.06861 1.00812 1.06929 1.06861 1.11945 1.06929 1.12016 0.857336 0.937242 0.857658 0.937593 0.937242 1.00812 0.937593 1.0085 0.857658 0.937593 0.857764 0.937709 0.937593 1.0085 0.937709 1.00862 1.00812 1.06929 1.0085 1.06969 1.06929 1.12016 1.06969 1.12058 1.0085 1.06969 1.00862 1.06982 1.06969 1.12058 1.06982 1.12072 1.11844 1.15846 1.11945 1.15951 1.15846 1.18733 1.15951 1.1884 1.11945 1.15951 1.12016 1.16025 1.15951 1.1884 1.16025 1.18916 1.18733 1.20476 1.1884 1.20585 1.20476 1.21059 1.20585 1.21169 1.1884 1.20585 1.18916 1.20662 1.20585 1.21169 1.20662 1.21246 1.12016 1.16025 1.12058 1.16068 1.16025 1.18916 1.16068 1.18961 1.12058 1.16068 1.12072 1.16083 1.16068 1.18961 1.16083 1.18975 1.18916 1.20662 1.18961 1.20707 1.20662 1.21246 1.20707 1.21291 1.18961 1.20707 1.18975 1.20722 1.20707 1.21291 1.20722 1.21306 1.1682 1.16258 1.17405 1.1684 1.16258 1.14575 1.1684 1.15149 1.17405 1.1684 1.17944 1.17376 1.1684 1.15149 1.17376 1.15677 1.14575 1.1179 1.15149 1.1235 1.1179 1.07928 1.1235 1.08468 1.15149 1.1235 1.15677 1.12865 1.1235 1.08468 1.12865 1.08966 1.17944 1.17376 1.18437 1.17867 1.17376 1.15677 1.17867 1.16162 1.18437 1.17867 1.18888 1.18315 1.17867 1.16162 1.18315 1.16603 1.15677 1.12865 1.16162 1.13338 1.12865 1.08966 1.13338 1.09422 1.16162 1.13338 1.16603 1.13768 1.13338 1.09422 1.13768 1.09838 1.07928 1.03026 1.08468 1.03542 1.03026 0.971324 1.03542 0.976187 1.08468 1.03542 1.08966 1.04017 1.03542 0.976187 1.04017 0.980666 0.971324 0.903032 0.976187 0.907553 0.903032 0.826043 0.907553 0.830179 0.976187 0.907553 0.980666 0.911717 0.907553 0.830179 0.911717 0.833988 1.08966 1.04017 1.09422 1.04453 1.04017 0.980666 1.04453 0.984771 1.09422 1.04453 1.09838 1.04849 1.04453 0.984771 1.04849 0.988514 0.980666 0.911717 0.984771 0.915534 0.911717 0.833988 0.915534 0.837479 0.984771 0.915534 0.988514 0.919013 0.915534 0.837479 0.919013 0.840662 1.18888 1.18315 1.19295 1.18721 1.18315 1.16603 1.18721 1.17003 1.19295 1.18721 1.19662 1.19085 1.18721 1.17003 1.19085 1.17362 1.16603 1.13768 1.17003 1.14158 1.13768 1.09838 1.14158 1.10214 1.17003 1.14158 1.17362 1.14509 1.14158 1.10214 1.14509 1.10553 1.19662 1.19085 1.19988 1.1941 1.19085 1.17362 1.1941 1.17683 1.19988 1.1941 1.20276 1.19696 1.1941 1.17683 1.19696 1.17965 1.17362 1.14509 1.17683 1.14821 1.14509 1.10553 1.14821 1.10855 1.17683 1.14821 1.17965 1.15097 1.14821 1.10855 1.15097 1.1112 1.09838 1.04849 1.10214 1.05209 1.04849 0.988514 1.05209 0.991903 1.10214 1.05209 1.10553 1.05532 1.05209 0.991903 1.05532 0.99495 0.988514 0.919013 0.991903 0.922164 0.919013 0.840662 0.922164 0.843545 0.991903 0.922164 0.99495 0.924997 0.922164 0.843545 0.924997 0.846136 1.10553 1.05532 1.10855 1.0582 1.05532 0.99495 1.0582 0.997665 1.10855 1.0582 1.1112 1.06074 1.0582 0.997665 1.06074 1.00006 0.99495 0.924997 0.997665 0.92752 0.924997 0.846136 0.92752 0.848444 0.997665 0.92752 1.00006 0.929743 0.92752 0.848444 0.929743 0.850477 0.826043 0.741099 0.830179 0.74481 0.741099 0.649018 0.74481 0.652267 0.830179 0.74481 0.833988 0.748227 0.74481 0.652267 0.748227 0.65526 0.649018 0.550686 0.652267 0.553443 0.550686 0.447051 0.553443 0.44929 0.652267 0.553443 0.65526 0.555983 0.553443 0.44929 0.555983 0.451351 0.833988 0.748227 0.837479 0.751359 0.748227 0.65526 0.751359 0.658003 0.837479 0.751359 0.840662 0.754215 0.751359 0.658003 0.754215 0.660504 0.65526 0.555983 0.658003 0.55831 0.555983 0.451351 0.55831 0.45324 0.658003 0.55831 0.660504 0.560432 0.55831 0.45324 0.560432 0.454963 0.447051 0.339111 0.44929 0.340809 0.339111 0.227905 0.340809 0.229046 0.44929 0.340809 0.451351 0.342372 0.340809 0.229046 0.342372 0.230097 0.227905 0.114504 0.229046 0.115077 0.114504 1.43063e-16 0.115077 1.4378e-16 0.229046 0.115077 0.230097 0.115605 0.115077 1.4378e-16 0.115605 1.44439e-16 0.451351 0.342372 0.45324 0.343806 0.342372 0.230097 0.343806 0.23106 0.45324 0.343806 0.454963 0.345112 0.343806 0.23106 0.345112 0.231938 0.230097 0.115605 0.23106 0.116089 0.115605 1.44439e-16 0.116089 1.45044e-16 0.23106 0.116089 0.231938 0.11653 0.116089 1.45044e-16 0.11653 1.45595e-16 0.840662 0.754215 0.843545 0.756801 0.754215 0.660504 0.756801 0.662769 0.843545 0.756801 0.846136 0.759126 0.756801 0.662769 0.759126 0.664805 0.660504 0.560432 0.662769 0.562354 0.560432 0.454963 0.562354 0.456523 0.662769 0.562354 0.664805 0.564081 0.562354 0.456523 0.564081 0.457925 0.846136 0.759126 0.848444 0.761196 0.759126 0.664805 0.761196 0.666618 0.848444 0.761196 0.850477 0.76302 0.761196 0.666618 0.76302 0.668216 0.664805 0.564081 0.666618 0.56562 0.564081 0.457925 0.56562 0.459175 0.666618 0.56562 0.668216 0.566975 0.56562 0.459175 0.566975 0.460275 0.454963 0.345112 0.456523 0.346296 0.345112 0.231938 0.346296 0.232733 0.456523 0.346296 0.457925 0.347359 0.346296 0.232733 0.347359 0.233448 0.231938 0.11653 0.232733 0.11693 0.11653 1.45595e-16 0.11693 1.46094e-16 0.232733 0.11693 0.233448 0.117289 0.11693 1.46094e-16 0.117289 1.46543e-16 0.457925 0.347359 0.459175 0.348307 0.347359 0.233448 0.348307 0.234085 0.459175 0.348307 0.460275 0.349142 0.348307 0.234085 0.349142 0.234646 0.233448 0.117289 0.234085 0.117609 0.117289 1.46543e-16 0.117609 1.46943e-16 0.234085 0.117609 0.234646 0.117891 0.117609 1.46943e-16 0.117891 1.47295e-16 1.20276 1.19696 1.20525 1.19945 1.19696 1.17965 1.19945 1.1821 1.20525 1.19945 1.20739 1.20157 1.19945 1.1821 1.20157 1.18419 1.17965 1.15097 1.1821 1.15336 1.15097 1.1112 1.15336 1.11351 1.1821 1.15336 1.18419 1.1554 1.15336 1.11351 1.1554 1.11548 1.20739 1.20157 1.20916 1.20334 1.20157 1.18419 1.20334 1.18593 1.20916 1.20334 1.21059 1.20476 1.20334 1.18593 1.20476 1.18733 1.18419 1.1554 1.18593 1.15709 1.1554 1.11548 1.15709 1.11712 1.18593 1.15709 1.18733 1.15846 1.15709 1.11712 1.15846 1.11844 1.1112 1.06074 1.11351 1.06294 1.06074 1.00006 1.06294 1.00213 1.11351 1.06294 1.11548 1.06482 1.06294 1.00213 1.06482 1.0039 1.00006 0.929743 1.00213 0.931674 0.929743 0.850477 0.931674 0.852243 1.00213 0.931674 1.0039 0.933321 0.931674 0.852243 0.933321 0.85375 1.11548 1.06482 1.11712 1.06638 1.06482 1.0039 1.06638 1.00538 1.11712 1.06638 1.11844 1.06765 1.06638 1.00538 1.06765 1.00657 1.0039 0.933321 1.00538 0.934694 0.933321 0.85375 0.934694 0.855006 1.00538 0.934694 1.00657 0.935799 0.934694 0.855006 0.935799 0.856017 1.21059 1.20476 1.21169 1.20585 1.20476 1.18733 1.20585 1.1884 1.21169 1.20585 1.21246 1.20662 1.20585 1.1884 1.20662 1.18916 1.18733 1.15846 1.1884 1.15951 1.15846 1.11844 1.15951 1.11945 1.1884 1.15951 1.18916 1.16025 1.15951 1.11945 1.16025 1.12016 1.21246 1.20662 1.21291 1.20707 1.20662 1.18916 1.20707 1.18961 1.21291 1.20707 1.21306 1.20722 1.20707 1.18961 1.20722 1.18975 1.18916 1.16025 1.18961 1.16068 1.16025 1.12016 1.16068 1.12058 1.18961 1.16068 1.18975 1.16083 1.16068 1.12058 1.16083 1.12072 1.11844 1.06765 1.11945 1.06861 1.06765 1.00657 1.06861 1.00748 1.11945 1.06861 1.12016 1.06929 1.06861 1.00748 1.06929 1.00812 1.00657 0.935799 1.00748 0.936646 0.935799 0.856017 0.936646 0.856792 1.00748 0.936646 1.00812 0.937242 0.936646 0.856792 0.937242 0.857336 1.12016 1.06929 1.12058 1.06969 1.06929 1.00812 1.06969 1.0085 1.12058 1.06969 1.12072 1.06982 1.06969 1.0085 1.06982 1.00862 1.00812 0.937242 1.0085 0.937593 0.937242 0.857336 0.937593 0.857658 1.0085 0.937593 1.00862 0.937709 0.937593 0.857658 0.937709 0.857764 0.850477 0.76302 0.852243 0.764605 0.76302 0.668216 0.764605 0.669603 0.852243 0.764605 0.85375 0.765957 0.764605 0.669603 0.765957 0.670787 0.668216 0.566975 0.669603 0.568153 0.566975 0.460275 0.568153 0.461231 0.669603 0.568153 0.670787 0.569157 0.568153 0.461231 0.569157 0.462046 0.85375 0.765957 0.855006 0.767083 0.765957 0.670787 0.767083 0.671774 0.855006 0.767083 0.856017 0.767991 0.767083 0.671774 0.767991 0.672568 0.670787 0.569157 0.671774 0.569994 0.569157 0.462046 0.569994 0.462726 0.671774 0.569994 0.672568 0.570669 0.569994 0.462726 0.570669 0.463273 0.460275 0.349142 0.461231 0.349867 0.349142 0.234646 0.349867 0.235133 0.461231 0.349867 0.462046 0.350485 0.349867 0.235133 0.350485 0.235549 0.234646 0.117891 0.235133 0.118136 0.117891 1.47295e-16 0.118136 1.47601e-16 0.235133 0.118136 0.235549 0.118344 0.118136 1.47601e-16 0.118344 1.47862e-16 0.462046 0.350485 0.462726 0.351001 0.350485 0.235549 0.351001 0.235896 0.462726 0.351001 0.463273 0.351416 0.351001 0.235896 0.351416 0.236175 0.235549 0.118344 0.235896 0.118518 0.118344 1.47862e-16 0.118518 1.48079e-16 0.235896 0.118518 0.236175 0.118659 0.118518 1.48079e-16 0.118659 1.48255e-16 0.856017 0.767991 0.856792 0.768686 0.767991 0.672568 0.768686 0.673177 0.856792 0.768686 0.857336 0.769174 0.768686 0.673177 0.769174 0.673605 0.672568 0.570669 0.673177 0.571185 0.570669 0.463273 0.571185 0.463692 0.673177 0.571185 0.673605 0.571548 0.571185 0.463692 0.571548 0.463987 0.857336 0.769174 0.857658 0.769463 0.769174 0.673605 0.769463 0.673858 0.857658 0.769463 0.857764 0.769558 0.769463 0.673858 0.769558 0.673941 0.673605 0.571548 0.673858 0.571763 0.571548 0.463987 0.571763 0.464161 0.673858 0.571763 0.673941 0.571833 0.571763 0.464161 0.571833 0.464218 0.463273 0.351416 0.463692 0.351734 0.351416 0.236175 0.351734 0.236388 0.463692 0.351734 0.463987 0.351958 0.351734 0.236388 0.351958 0.236539 0.236175 0.118659 0.236388 0.118766 0.118659 1.48255e-16 0.118766 1.48389e-16 0.236388 0.118766 0.236539 0.118842 0.118766 1.48389e-16 0.118842 1.48483e-16 0.463987 0.351958 0.464161 0.35209 0.351958 0.236539 0.35209 0.236627 0.464161 0.35209 0.464218 0.352133 0.35209 0.236627 0.352133 0.236657 0.236539 0.118842 0.236627 0.118886 0.118842 1.48483e-16 0.118886 1.48539e-16 0.236627 0.118886 0.236657 0.118901 0.118886 1.48539e-16 0.118901 1.48557e-16 
